style_color,style,color,familia,gender,srp,whs,pares_grid,PA01,PA02,PA03,PA04,NICK1,total_tiendas,orden_2026_1,orden_2026_2
150537-BKNT,150537,BKNT,D'LITES,WOMEN,72990.0,40550.0,0.0,0.0,0.0,0.0,0.0,0.0,0.0,1316.0,0.0
150537-NTGY,150537,NTGY,D'LITES,WOMEN,72990.0,40550.0,0.0,0.0,0.0,0.0,0.0,0.0,0.0,1699.0,0.0
150703-BBK,150703,BBK,D'LITES 6.0,WOMEN,69990.0,38900.0,0.0,0.0,0.0,0.0,0.0,0.0,0.0,0.0,1452.0
150703-GRY,150703,GRY,D'LITES 6.0,WOMEN,69990.0,38900.0,0.0,0.0,0.0,0.0,0.0,0.0,0.0,0.0,1706.0
150703-NAT,150703,NAT,D'LITES 6.0,WOMEN,69990.0,38900.0,0.0,0.0,0.0,0.0,0.0,0.0,0.0,0.0,1204.0
11930-BKW,11930,BKW,D'LITES,WOMEN,64990.0,36100.0,0.0,0.0,0.0,0.0,0.0,15.0,15.0,8963.0,4621.0
11930-NVW,11930,NVW,D'LITES,WOMEN,64990.0,36100.0,0.0,0.0,0.0,0.0,0.0,0.0,0.0,0,0
11949-BBK,11949,BBK,D'LITES,WOMEN,64990.0,36100.0,0.0,0.0,0.0,0.0,0.0,0.0,0.0,12245.0,7691.0
11949-WSL,11949,WSL,D'LITES,WOMEN,64990.0,36100.0,0.0,0.0,0.0,0.0,0.0,15.0,15.0,11942.0,6439.0
149807-NAT,149807,NAT,D'LITES,WOMEN,64990.0,36100.0,0.0,0.0,0.0,0.0,0.0,0.0,0.0,0,0
149807-WHT,149807,WHT,D'LITES,WOMEN,64990.0,36100.0,0.0,0.0,0.0,0.0,0.0,0.0,0.0,0.0,1604.0
150241-OWBR,150241,OWBR,D'LITES,WOMEN,59990.0,33350.0,0.0,0.0,0.0,0.0,0.0,0.0,0.0,0.0,2791.0
150241-WLPK,150241,WLPK,D'LITES,WOMEN,59990.0,33350.0,0.0,0.0,0.0,0.0,0.0,0.0,0.0,0.0,7643.0
150725-NTBR,150725,NTBR,D'LITES,WOMEN,59990.0,33350.0,0.0,0.0,0.0,0.0,0.0,0.0,0.0,5300.0,0.0
150725-NTGR,150725,NTGR,D'LITES,WOMEN,59990.0,33350.0,0.0,0.0,0.0,0.0,0.0,0.0,0.0,3110.0,0.0
150877-BLK,150877,BLK,D'LITES,WOMEN,59990.0,33350.0,0.0,0.0,0.0,0.0,0.0,15.0,15.0,0.0,6719.0
150877-WHT,150877,WHT,D'LITES,WOMEN,59990.0,33350.0,0.0,0.0,0.0,0.0,0.0,15.0,15.0,0.0,5694.0
150965-LTPK,150965,LTPK,D'LITES,WOMEN,59990.0,33350.0,0.0,0.0,0.0,0.0,0.0,0.0,0.0,0,0
150965-NAT,150965,NAT,D'LITES,WOMEN,59990.0,33350.0,0.0,0.0,0.0,0.0,0.0,0.0,0.0,0,0
150965-WHT,150965,WHT,D'LITES,WOMEN,59990.0,33350.0,0.0,0.0,0.0,0.0,0.0,0.0,0.0,0,0
150520-NTMT,150520,NTMT,D'LITES 5.0,WOMEN,59990.0,33350.0,0.0,0.0,0.0,0.0,0.0,0.0,0.0,0.0,389.0
150520-NTBL,150520,NTBL,D'LITES 5.0,WOMEN,59990.0,33350.0,0.0,0.0,0.0,0.0,0.0,0.0,0.0,3528.0,2817.0
150520-OWBR,150520,OWBR,D'LITES 5.0,WOMEN,59990.0,33350.0,0.0,0.0,0.0,0.0,0.0,0.0,0.0,4752.0,3488.0
150833-BLK,150833,BLK,GLIDE-STEP STRIDE,WOMEN,69990.0,38900.0,0.0,0.0,0.0,0.0,0.0,0.0,0.0,0,0
150833-NTPR,150833,NTPR,GLIDE-STEP STRIDE,WOMEN,69990.0,38900.0,0.0,0.0,0.0,0.0,0.0,0.0,0.0,0,0
177606-LTGY,177606,LTGY,UNO RYZE,WOMEN,69990.0,38900.0,0.0,0.0,0.0,0.0,0.0,0.0,0.0,2358.0,0.0
177606-BLK,177606,BLK,UNO RYZE,WOMEN,69990.0,38900.0,0.0,0.0,0.0,0.0,0.0,0.0,0.0,0,0
177606-NTTP,177606,NTTP,UNO RYZE,WOMEN,69990.0,38900.0,0.0,0.0,0.0,0.0,0.0,0.0,0.0,0,0
177606-NTBK,177606,NTBK,UNO RYZE,WOMEN,69990.0,38900.0,0.0,0.0,0.0,0.0,0.0,0.0,0.0,2687.0,0.0
177629-BBK,177629,BBK,UNO RYZE,WOMEN,67990.0,37750.0,0.0,0.0,0.0,0.0,0.0,0.0,0.0,0,0
177629-LIL,177629,LIL,UNO RYZE,WOMEN,67990.0,37750.0,0.0,0.0,0.0,0.0,0.0,0.0,0.0,0,0
177629-OFWT,177629,OFWT,UNO RYZE,WOMEN,67990.0,37750.0,0.0,0.0,0.0,0.0,0.0,0.0,0.0,0,0
190245-BBK,190245,BBK,E'CLYPSE LUXE,WOMEN,64990.0,36100.0,0.0,0.0,0.0,0.0,0.0,0.0,0.0,0.0,1645.0
190245-MVE,190245,MVE,E'CLYPSE LUXE,WOMEN,64990.0,36100.0,0.0,0.0,0.0,0.0,0.0,0.0,0.0,0,0
190250-BLK,190250,BLK,E'CLYPSE LUXE,WOMEN,64990.0,36100.0,0.0,0.0,0.0,0.0,0.0,0.0,0.0,0,0
190250-NTPK,190250,NTPK,E'CLYPSE LUXE,WOMEN,64990.0,36100.0,0.0,0.0,0.0,0.0,0.0,0.0,0.0,0,0
190250-OFWT,190250,OFWT,E'CLYPSE LUXE,WOMEN,64990.0,36100.0,0.0,0.0,0.0,0.0,0.0,0.0,0.0,0,0
117683-BBK,117683,BBK,BOBS DIEGO,WOMEN,59990.0,33350.0,0.0,0.0,0.0,0.0,0.0,0.0,0.0,0.0,1612.0
117683-OFWT,117683,OFWT,BOBS DIEGO,WOMEN,59990.0,33350.0,0.0,0.0,0.0,0.0,0.0,0.0,0.0,0.0,1510.0
117688-BLK,117688,BLK,BOBS DIEGO,WOMEN,57990.0,32200.0,0.0,0.0,0.0,0.0,0.0,0.0,0.0,0.0,1226.0
117688-NAT,117688,NAT,BOBS DIEGO,WOMEN,57990.0,32200.0,0.0,0.0,0.0,0.0,0.0,0.0,0.0,0,0
117688-NTGY,117688,NTGY,BOBS DIEGO,WOMEN,57990.0,32200.0,0.0,0.0,0.0,0.0,0.0,0.0,0.0,0,0
117685-CHOC,117685,CHOC,BOBS DIEGO,WOMEN,49990.0,27750.0,0.0,0.0,0.0,0.0,0.0,0.0,0.0,0,0
117685-CSNT,117685,CSNT,BOBS DIEGO,WOMEN,49990.0,27750.0,0.0,0.0,0.0,0.0,0.0,0.0,0.0,0,0
117685-BBK,117685,BBK,BOBS DIEGO,WOMEN,49990.0,27750.0,0.0,0.0,0.0,0.0,0.0,0.0,0.0,0.0,11198.0
117685-NAT,117685,NAT,BOBS DIEGO,WOMEN,49990.0,27750.0,0.0,0.0,0.0,0.0,0.0,0.0,0.0,0.0,11222.0
190515-TPE,190515,TPE,TERRA-LO,WOMEN,54990.0,30550.0,0.0,0.0,0.0,0.0,0.0,0.0,0.0,0,0
190515-BBK,190515,BBK,TERRA-LO,WOMEN,54990.0,30550.0,0.0,0.0,0.0,0.0,0.0,0.0,0.0,0,0
190225-BLK,190225,BLK,E'CLYPSE LITE,WOMEN,52990.0,29450.0,0.0,0.0,0.0,0.0,0.0,12.0,12.0,0.0,3017.0
190225-NTGD,190225,NTGD,E'CLYPSE LITE,WOMEN,52990.0,29450.0,0.0,0.0,0.0,0.0,0.0,12.0,12.0,0,0
190225-BBK,190225,BBK,E'CLYPSE LITE,WOMEN,52990.0,29450.0,0.0,0.0,0.0,0.0,0.0,12.0,12.0,0,0
190225-NTMT,190225,NTMT,E'CLYPSE LITE,WOMEN,52990.0,29450.0,0.0,0.0,0.0,0.0,0.0,0.0,0.0,0.0,1111.0
150960-NTBR,150960,NTBR,STEADY RIDE,WOMEN,49990.0,27750.0,0.0,0.0,0.0,0.0,0.0,0.0,0.0,0,0
150960-WHT,150960,WHT,STEADY RIDE,WOMEN,49990.0,27750.0,0.0,0.0,0.0,0.0,0.0,0.0,0.0,0,0
150960-BBK,150960,BBK,STEADY RIDE,WOMEN,49990.0,27750.0,0.0,0.0,0.0,0.0,0.0,0.0,0.0,0,0
190113-BBK,190113,BBK,UNO GLIDE-STEP,WOMEN,72990.0,40550.0,0.0,0.0,0.0,0.0,0.0,0.0,0.0,1792.0,0.0
190113-BLK,190113,BLK,UNO GLIDE-STEP,WOMEN,72990.0,40550.0,0.0,0.0,0.0,0.0,0.0,0.0,0.0,1509.0,0.0
190113-WHT,190113,WHT,UNO GLIDE-STEP,WOMEN,72990.0,40550.0,0.0,0.0,0.0,0.0,0.0,0.0,0.0,1636.0,0.0
190115-GYLP,190115,GYLP,UNO GLIDE-STEP,WOMEN,72990.0,40550.0,0.0,0.0,0.0,0.0,0.0,0.0,0.0,0,0
190115-BBK,190115,BBK,UNO GLIDE-STEP,WOMEN,72990.0,40550.0,0.0,0.0,0.0,0.0,0.0,0.0,0.0,0,0
190115-NTPR,190115,NTPR,UNO GLIDE-STEP,WOMEN,72990.0,40550.0,0.0,0.0,0.0,0.0,0.0,0.0,0.0,0,0
190446-BBK,190446,BBK,UNO GLIDE-STEP LITE,WOMEN,59990.0,33350.0,0.0,0.0,0.0,15.0,0.0,15.0,30.0,0,0
190446-TPE,190446,TPE,UNO GLIDE-STEP LITE,WOMEN,59990.0,33350.0,0.0,0.0,0.0,0.0,0.0,15.0,15.0,0,0
190446-WHT,190446,WHT,UNO GLIDE-STEP LITE,WOMEN,59990.0,33350.0,0.0,0.0,0.0,15.0,0.0,15.0,30.0,0,0
190177-BLK,190177,BLK,ARCH FIT UNO,WOMEN,67990.0,37750.0,0.0,0.0,0.0,0.0,0.0,0.0,0.0,0.0,1270.0
190177-BBK,190177,BBK,ARCH FIT UNO,WOMEN,67990.0,37750.0,0.0,0.0,0.0,0.0,0.0,0.0,0.0,0.0,1372.0
190177-WHT,190177,WHT,ARCH FIT UNO,WOMEN,67990.0,37750.0,0.0,0.0,0.0,0.0,0.0,0.0,0.0,0.0,1300.0
73690-BBK,73690,BBK,UNO,WOMEN,59990.0,33350.0,0.0,0.0,0.0,0.0,0.0,0.0,0.0,12598.0,681.0
73690-BLK,73690,BLK,UNO,WOMEN,59990.0,33350.0,0.0,0.0,0.0,0.0,0.0,0.0,0.0,9702.0,5968.0
73690-RDS,73690,RDS,UNO,WOMEN,59990.0,33350.0,0.0,0.0,0.0,0.0,0.0,0.0,0.0,1174.0,0.0
73690-WHT,73690,WHT,UNO,WOMEN,59990.0,33350.0,0.0,0.0,0.0,0.0,0.0,0.0,0.0,3500.0,3840.0
155196-BBK,155196,BBK,UNO,WOMEN,59990.0,33350.0,0.0,0.0,0.0,0.0,0.0,0.0,0.0,7132.0,3434.0
155196-BLK,155196,BLK,UNO,WOMEN,59990.0,33350.0,0.0,0.0,0.0,0.0,0.0,0.0,0.0,6524.0,5457.0
155196-NUDE,155196,NUDE,UNO,WOMEN,59990.0,33350.0,0.0,0.0,0.0,0.0,0.0,0.0,0.0,3271.0,0.0
177094-BBK,177094,BBK,UNO,WOMEN,59990.0,33350.0,0.0,0.0,0.0,0.0,0.0,0.0,0.0,0.0,2487.0
177094-BLK,177094,BLK,UNO,WOMEN,59990.0,33350.0,0.0,0.0,0.0,0.0,0.0,0.0,0.0,0.0,132.0
177094-WHT,177094,WHT,UNO,WOMEN,59990.0,33350.0,0.0,0.0,0.0,0.0,0.0,0.0,0.0,0.0,2272.0
190546-BBK,190546,BBK,UNO AIRY,WOMEN,54990.0,30550.0,0.0,0.0,0.0,0.0,0.0,0.0,0.0,0,0
190546-NTTP,190546,NTTP,UNO AIRY,WOMEN,54990.0,30550.0,0.0,0.0,0.0,0.0,0.0,0.0,0.0,0,0
177867-BLK,177867,BLK,UNO SAVVY,WOMEN,49990.0,27750.0,0.0,0.0,0.0,0.0,0.0,0.0,0.0,0.0,237.0
177867-TPE,177867,TPE,UNO SAVVY,WOMEN,49990.0,27750.0,0.0,0.0,0.0,0.0,0.0,0.0,0.0,0.0,300.0
177867-W,177867,W,UNO SAVVY,WOMEN,49990.0,27750.0,0.0,0.0,0.0,0.0,0.0,0.0,0.0,0.0,561.0
177291-BBK,177291,BBK,UNO LITE,WOMEN,52990.0,29450.0,0.0,0.0,0.0,0.0,0.0,0.0,0.0,8244.0,0.0
177291-BLK,177291,BLK,UNO LITE,WOMEN,52990.0,29450.0,0.0,0.0,0.0,0.0,0.0,0.0,0.0,6623.0,0.0
177291-NAT,177291,NAT,UNO LITE,WOMEN,52990.0,29450.0,0.0,0.0,0.0,0.0,0.0,0.0,0.0,2519.0,0.0
177291-WHT,177291,WHT,UNO LITE,WOMEN,52990.0,29450.0,0.0,0.0,0.0,0.0,0.0,0.0,0.0,6622.0,0.0
190270-BBK,190270,BBK,UNO LITE 2,WOMEN,54990.0,30550.0,0.0,0.0,0.0,0.0,0.0,0.0,0.0,0.0,4281.0
190270-OFWT,190270,OFWT,UNO LITE 2,WOMEN,54990.0,30550.0,0.0,0.0,0.0,0.0,0.0,0.0,0.0,0.0,3196.0
190265-BLK,190265,BLK,UNO LITE 2,WOMEN,47990.0,26650.0,0.0,0.0,0.0,0.0,0.0,0.0,0.0,0.0,11031.0
190265-LAV,190265,LAV,UNO LITE 2,WOMEN,47990.0,26650.0,0.0,0.0,0.0,0.0,0.0,0.0,0.0,0.0,1063.0
190265-OFWT,190265,OFWT,UNO LITE 2,WOMEN,47990.0,26650.0,0.0,0.0,0.0,0.0,0.0,0.0,0.0,0,0
190265-BBK,190265,BBK,UNO LITE 2,WOMEN,47990.0,26650.0,0.0,0.0,0.0,0.0,0.0,0.0,0.0,0.0,5208.0
190265-NAT,190265,NAT,UNO LITE 2,WOMEN,47990.0,26650.0,0.0,0.0,0.0,0.0,0.0,0.0,0.0,0.0,6382.0
190265-WLV,190265,WLV,UNO LITE 2,WOMEN,47990.0,26650.0,0.0,0.0,0.0,0.0,0.0,0.0,0.0,0.0,10151.0
190266-BKLD,190266,BKLD,UNO LITE 2,WOMEN,49990.0,27750.0,0.0,0.0,0.0,0.0,0.0,0.0,0.0,0,0
190266-WPK,190266,WPK,UNO LITE 2,WOMEN,49990.0,27750.0,0.0,0.0,0.0,0.0,0.0,0.0,0.0,0,0
185222-BLK,185222,BLK,JADE,WOMEN,69990.0,38900.0,0.0,0.0,0.0,0.0,0.0,0.0,0.0,1756.0,0.0
185222-WHT,185222,WHT,JADE,WOMEN,69990.0,38900.0,0.0,0.0,0.0,0.0,0.0,0.0,0.0,1942.0,0.0
177209-BLK,177209,BLK,ARCH FIT ARCADE,WOMEN,64990.0,36100.0,0.0,0.0,0.0,0.0,0.0,0.0,0.0,960.0,1588.0
177209-OFWT,177209,OFWT,ARCH FIT ARCADE,WOMEN,64990.0,36100.0,0.0,0.0,0.0,0.0,0.0,0.0,0.0,1062.0,1630.0
177209-WLV,177209,WLV,ARCH FIT ARCADE,WOMEN,64990.0,36100.0,0.0,0.0,0.0,0.0,0.0,0.0,0.0,0,0
177209-BBK,177209,BBK,ARCH FIT ARCADE,WOMEN,64990.0,36100.0,0.0,0.0,0.0,0.0,0.0,0.0,0.0,0,0
177209-DKNV,177209,DKNV,ARCH FIT ARCADE,WOMEN,64990.0,36100.0,0.0,0.0,0.0,0.0,0.0,0.0,0.0,0.0,1174.0
177209-TPE,177209,TPE,ARCH FIT ARCADE,WOMEN,64990.0,36100.0,0.0,0.0,0.0,0.0,0.0,0.0,0.0,0,0
190215-OFWT,190215,OFWT,ARCH FIT ARCADE,WOMEN,64990.0,36100.0,0.0,0.0,0.0,0.0,0.0,0.0,0.0,0,0
190215-WHT,190215,WHT,ARCH FIT ARCADE,WOMEN,64990.0,36100.0,0.0,0.0,0.0,0.0,0.0,0.0,0.0,0,0
177189-BLK,177189,BLK,ARCH FIT ARCADE,WOMEN,57990.0,32200.0,0.0,0.0,0.0,0.0,0.0,0.0,0.0,3398.0,2208.0
177189-WHT,177189,WHT,ARCH FIT ARCADE,WOMEN,57990.0,32200.0,0.0,0.0,0.0,0.0,0.0,0.0,0.0,3114.0,4087.0
190099-NAT,190099,NAT,ARCH FIT ARCADE HI,WOMEN,57990.0,32200.0,0.0,0.0,0.0,0.0,0.0,0.0,0.0,0,0
190099-BLK,190099,BLK,ARCH FIT ARCADE HI,WOMEN,57990.0,32200.0,0.0,0.0,0.0,0.0,0.0,0.0,0.0,0.0,2769.0
190099-QUAL,190099,QUAL,ARCH FIT ARCADE HI,WOMEN,57990.0,32200.0,0.0,0.0,0.0,0.0,0.0,0.0,0.0,0,0
185430-GRN,185430,GRN,ACADEMY HI,WOMEN,57990.0,32200.0,0.0,0.0,0.0,0.0,0.0,0.0,0.0,2419.0,1601.0
185430-NVPK,185430,NVPK,ACADEMY HI,WOMEN,57990.0,32200.0,0.0,0.0,0.0,0.0,0.0,0.0,0.0,2157.0,1112.0
185160-BLK,185160,BLK,SPORT COURT 2.0,WOMEN,54990.0,30550.0,0.0,0.0,0.0,0.0,0.0,0.0,0.0,6043.0,1576.0
185160-OFWT,185160,OFWT,SPORT COURT 2.0,WOMEN,54990.0,30550.0,0.0,0.0,0.0,0.0,0.0,0.0,0.0,5785.0,3053.0
114918-BLK,114918,BLK,BOBS SUNWAVE,WOMEN,52990.0,29450.0,0.0,0.0,0.0,0.0,0.0,0.0,0.0,0.0,2371.0
114918-TAN,114918,TAN,BOBS SUNWAVE,WOMEN,52990.0,29450.0,0.0,0.0,0.0,0.0,0.0,0.0,0.0,0.0,1104.0
114918-WHT,114918,WHT,BOBS SUNWAVE,WOMEN,52990.0,29450.0,0.0,0.0,0.0,0.0,0.0,0.0,0.0,0.0,2610.0
185550-BLK,185550,BLK,CENTRAL,WOMEN,49990.0,27750.0,0.0,0.0,0.0,0.0,0.0,0.0,0.0,0.0,1280.0
185550-BRN,185550,BRN,CENTRAL,WOMEN,49990.0,27750.0,0.0,0.0,0.0,0.0,0.0,0.0,0.0,0.0,1262.0
185550-NAT,185550,NAT,CENTRAL,WOMEN,49990.0,27750.0,0.0,0.0,0.0,0.0,0.0,0.0,0.0,0.0,1352.0
185530-BKNT,185530,BKNT,BELMONT,WOMEN,49990.0,27750.0,0.0,0.0,0.0,0.0,0.0,0.0,0.0,0,0
185530-WHT,185530,WHT,BELMONT,WOMEN,49990.0,27750.0,0.0,0.0,0.0,0.0,0.0,0.0,0.0,0.0,2420.0
185530-NTBR,185530,NTBR,BELMONT,WOMEN,49990.0,27750.0,0.0,0.0,0.0,0.0,0.0,0.0,0.0,0,0
185535-BLK,185535,BLK,BELMONT,WOMEN,44990.0,25000.0,0.0,0.0,0.0,0.0,0.0,0.0,0.0,0.0,2394.0
185535-LTBR,185535,LTBR,BELMONT,WOMEN,44990.0,25000.0,0.0,0.0,0.0,0.0,0.0,0.0,0.0,0,0
185535-WHT,185535,WHT,BELMONT,WOMEN,44990.0,25000.0,0.0,0.0,0.0,0.0,0.0,0.0,0.0,0.0,3391.0
185535-NTPK,185535,NTPK,BELMONT,WOMEN,44990.0,25000.0,0.0,0.0,0.0,0.0,0.0,0.0,0.0,0.0,680.0
188091-BKW,188091,BKW,ENTOURAGE,WOMEN,64990.0,36100.0,0.0,0.0,0.0,0.0,0.0,0.0,0.0,0,0
188091-OLV,188091,OLV,ENTOURAGE,WOMEN,64990.0,36100.0,0.0,0.0,0.0,0.0,0.0,0.0,0.0,0,0
177341-BBK,177341,BBK,BILLION 2,WOMEN,59990.0,33350.0,0.0,0.0,0.0,0.0,0.0,0.0,0.0,3384.0,0.0
177341-BLK,177341,BLK,BILLION 2,WOMEN,59990.0,33350.0,0.0,0.0,0.0,0.0,0.0,0.0,0.0,7053.0,0.0
177341-NAT,177341,NAT,BILLION 2,WOMEN,59990.0,33350.0,0.0,0.0,0.0,0.0,0.0,0.0,0.0,5827.0,0.0
177342-BKRG,177342,BKRG,BILLION 2,WOMEN,54990.0,30550.0,0.0,0.0,0.0,0.0,0.0,0.0,0.0,0.0,5159.0
177342-BKSL,177342,BKSL,BILLION 2,WOMEN,54990.0,30550.0,0.0,0.0,0.0,0.0,0.0,0.0,0.0,0,0
177342-NTGD,177342,NTGD,BILLION 2,WOMEN,54990.0,30550.0,0.0,0.0,0.0,0.0,0.0,0.0,0.0,0.0,5254.0
190370-BLK,190370,BLK,BILLION FLEX,WOMEN,59990.0,33350.0,0.0,0.0,0.0,0.0,0.0,0.0,0.0,0.0,1881.0
190370-CHOC,190370,CHOC,BILLION FLEX,WOMEN,59990.0,33350.0,0.0,0.0,0.0,0.0,0.0,0.0,0.0,0,0
190370-NAT,190370,NAT,BILLION FLEX,WOMEN,59990.0,33350.0,0.0,0.0,0.0,0.0,0.0,0.0,0.0,0.0,1803.0
190373-BBK,190373,BBK,BILLION FLEX,WOMEN,54990.0,30550.0,0.0,0.0,0.0,0.0,0.0,0.0,0.0,0,0
190373-OFWT,190373,OFWT,BILLION FLEX,WOMEN,54990.0,30550.0,0.0,0.0,0.0,0.0,0.0,0.0,0.0,0,0
190373-TPE,190373,TPE,BILLION FLEX,WOMEN,54990.0,30550.0,0.0,0.0,0.0,0.0,0.0,0.0,0.0,0,0
190373-BLK,190373,BLK,BILLION FLEX,WOMEN,54990.0,30550.0,0.0,0.0,0.0,0.0,0.0,0.0,0.0,0,0
150894-WSL,150894,WSL,RELAXED FIT FLEX,WOMEN,57990.0,32200.0,0.0,0.0,0.0,0.0,0.0,0.0,0.0,0,0
150894-BKRG,150894,BKRG,RELAXED FIT FLEX,WOMEN,57990.0,32200.0,0.0,0.0,0.0,0.0,0.0,0.0,0.0,0,0
117560-BLK,117560,BLK,BOBS ARCH COMFORT B SWEET,WOMEN,49990.0,27750.0,0.0,0.0,0.0,0.0,0.0,0.0,0.0,0.0,3830.0
117560-WHT,117560,WHT,BOBS ARCH COMFORT B SWEET,WOMEN,49990.0,27750.0,0.0,0.0,0.0,0.0,0.0,0.0,0.0,1849.0,4234.0
159459-WNV,159459,WNV,MONTECITO,WOMEN,64990.0,36100.0,0.0,0.0,0.0,0.0,0.0,0.0,0.0,0,0
159459-WTP,159459,WTP,MONTECITO,WOMEN,64990.0,36100.0,0.0,0.0,0.0,0.0,0.0,0.0,0.0,0,0
190153-BKLD,190153,BKLD,ZINGER EVO,WOMEN,54990.0,30550.0,0.0,0.0,0.0,0.0,0.0,0.0,0.0,0.0,2058.0
190153-LPD,190153,LPD,ZINGER EVO,WOMEN,54990.0,30550.0,0.0,0.0,0.0,0.0,0.0,0.0,0.0,0.0,1873.0
185503-NTMT,185503,NTMT,TOPNOTCH,WOMEN,57990.0,32200.0,0.0,0.0,0.0,0.0,0.0,0.0,0.0,0,0
185503-BKMT,185503,BKMT,TOPNOTCH,WOMEN,57990.0,32200.0,0.0,0.0,0.0,0.0,0.0,0.0,0.0,0,0
185502-NTMT,185502,NTMT,TOPNOTCH,WOMEN,52990.0,29450.0,0.0,0.0,0.0,0.0,0.0,0.0,0.0,0,0
185500-NTBG,185500,NTBG,TOPNOTCH,WOMEN,49990.0,27750.0,0.0,0.0,0.0,0.0,0.0,0.0,0.0,0,0
185500-LTBR,185500,LTBR,TOPNOTCH,WOMEN,49990.0,27750.0,0.0,0.0,0.0,0.0,0.0,0.0,0.0,0,0
185500-NTBK,185500,NTBK,TOPNOTCH,WOMEN,49990.0,27750.0,0.0,0.0,0.0,0.0,0.0,0.0,0.0,0,0
185232-BKW,185232,BKW,HOTSHOT,WOMEN,59990.0,33350.0,0.0,0.0,0.0,0.0,0.0,0.0,0.0,5383.0,611.0
185232-WBK,185232,WBK,HOTSHOT,WOMEN,59990.0,33350.0,0.0,0.0,0.0,0.0,0.0,0.0,0.0,6799.0,775.0
185236-BKSL,185236,BKSL,HOTSHOT,WOMEN,59990.0,33350.0,0.0,0.0,0.0,0.0,0.0,0.0,0.0,1452.0,0.0
185236-WTRG,185236,WTRG,HOTSHOT,WOMEN,59990.0,33350.0,0.0,0.0,0.0,0.0,0.0,0.0,0.0,1903.0,0.0
185405-BRPK,185405,BRPK,HOTSHOT,WOMEN,59990.0,33350.0,0.0,0.0,0.0,0.0,0.0,0.0,0.0,2229.0,0.0
185323-BKBR,185323,BKBR,HOTSHOT,WOMEN,49990.0,27750.0,0.0,0.0,0.0,0.0,0.0,0.0,0.0,0.0,36.0
185323-WBK,185323,WBK,HOTSHOT,WOMEN,49990.0,27750.0,0.0,0.0,0.0,0.0,0.0,0.0,0.0,0,0
185329-NTBK,185329,NTBK,HOTSHOT,WOMEN,49990.0,27750.0,0.0,0.0,0.0,0.0,0.0,0.0,0.0,0,0
185329-SAGE,185329,SAGE,HOTSHOT,WOMEN,49990.0,27750.0,0.0,0.0,0.0,0.0,0.0,0.0,0.0,0.0,1861.0
185407-BKBR,185407,BKBR,HOTSHOT,WOMEN,49990.0,27750.0,0.0,0.0,0.0,0.0,0.0,0.0,0.0,0,0
185407-TPE,185407,TPE,HOTSHOT,WOMEN,49990.0,27750.0,0.0,0.0,0.0,0.0,0.0,0.0,0.0,0,0
114930-TAN,114930,TAN,BOBS SKIP CLOUD,WOMEN,49990.0,27750.0,0.0,0.0,0.0,0.0,0.0,0.0,0.0,0,0
114930-BLK,114930,BLK,BOBS SKIP CLOUD,WOMEN,49990.0,27750.0,0.0,0.0,0.0,0.0,0.0,0.0,0.0,0,0
104829-BKW,104829,BKW,VIRTUE,WOMEN,59990.0,33350.0,0.0,0.0,0.0,0.0,0.0,0.0,0.0,0,0
104829-BRN,104829,BRN,VIRTUE,WOMEN,59990.0,33350.0,0.0,0.0,0.0,0.0,0.0,0.0,0.0,0,0
104829-TPE,104829,TPE,VIRTUE,WOMEN,59990.0,33350.0,0.0,0.0,0.0,0.0,0.0,0.0,0.0,0,0
159547-BBK,159547,BBK,GLIDE-STEP COMFORT,WOMEN,64990.0,36100.0,0.0,0.0,0.0,0.0,0.0,0.0,0.0,0,0
159547-TPE,159547,TPE,GLIDE-STEP COMFORT,WOMEN,64990.0,36100.0,0.0,0.0,0.0,0.0,0.0,0.0,0.0,0,0
159506-BBK,159506,BBK,BREATHE-EASY,WOMEN,59990.0,33350.0,0.0,0.0,0.0,0.0,0.0,0.0,0.0,0,0
159506-DKTP,159506,DKTP,BREATHE-EASY,WOMEN,59990.0,33350.0,0.0,0.0,0.0,0.0,0.0,0.0,0.0,0,0
159415-BBK,159415,BBK,EASY GOING,WOMEN,49990.0,27750.0,0.0,0.0,0.0,0.0,0.0,0.0,0.0,0,0
159415-NVY,159415,NVY,EASY GOING,WOMEN,49990.0,27750.0,0.0,0.0,0.0,0.0,0.0,0.0,0.0,0,0
159415-TPE,159415,TPE,EASY GOING,WOMEN,49990.0,27750.0,0.0,0.0,0.0,0.0,0.0,0.0,0.0,0,0
100888-BBK,100888,BBK,GRACEFUL,WOMEN,49990.0,27750.0,0.0,0.0,0.0,0.0,0.0,0.0,0.0,4796.0,0.0
100888-TPGD,100888,TPGD,GRACEFUL,WOMEN,49990.0,27750.0,0.0,0.0,0.0,0.0,0.0,0.0,0.0,2931.0,0.0
159651-BBK,159651,BBK,NEW COOL,WOMEN,44990.0,25000.0,0.0,0.0,0.0,0.0,0.0,0.0,0.0,0,0
159651-TPE,159651,TPE,NEW COOL,WOMEN,44990.0,25000.0,0.0,0.0,0.0,0.0,0.0,0.0,0.0,0,0
117252-BBK,117252,BBK,BOBS SQUAD CHAOS,WOMEN,57990.0,32200.0,0.0,0.0,0.0,0.0,0.0,0.0,0.0,0.0,5344.0
117252-TPE,117252,TPE,BOBS SQUAD CHAOS,WOMEN,57990.0,32200.0,0.0,0.0,0.0,0.0,0.0,0.0,0.0,0.0,4876.0
159713-BBK,159713,BBK,ARCH FIT MC D'LUX,WOMEN,59990.0,33350.0,0.0,0.0,0.0,0.0,0.0,0.0,0.0,0,0
159713-TPE,159713,TPE,ARCH FIT MC D'LUX,WOMEN,59990.0,33350.0,0.0,0.0,0.0,0.0,0.0,0.0,0.0,0,0
138422-BBK,138422,BBK,ON-THE-GO FLEX RADIANT,WOMEN,59990.0,33350.0,0.0,0.0,0.0,0.0,0.0,0.0,0.0,0,0
138422-CHOC,138422,CHOC,ON-THE-GO FLEX RADIANT,WOMEN,59990.0,33350.0,0.0,0.0,0.0,0.0,0.0,0.0,0.0,0,0
138422-DKTP,138422,DKTP,ON-THE-GO FLEX RADIANT,WOMEN,59990.0,33350.0,0.0,0.0,0.0,0.0,0.0,0.0,0.0,0,0
139166-BBK,139166,BBK,GLIDE-STEP SERENE,WOMEN,54990.0,30550.0,0.0,0.0,0.0,0.0,0.0,0.0,0.0,0,0
139166-TPE,139166,TPE,GLIDE-STEP SERENE,WOMEN,54990.0,30550.0,0.0,0.0,0.0,0.0,0.0,0.0,0.0,0,0
188171-BBK,188171,BBK,PARALLEL-LITE,WOMEN,49990.0,27750.0,0.0,0.0,0.0,0.0,0.0,0.0,0.0,0,0
188171-TPE,188171,TPE,PARALLEL-LITE,WOMEN,49990.0,27750.0,0.0,0.0,0.0,0.0,0.0,0.0,0.0,0,0
124637-BBK,124637,BBK,GO WALK JOY,WOMEN,49990.0,27750.0,0.0,0.0,0.0,0.0,0.0,0.0,0.0,0,0
124637-NAT,124637,NAT,GO WALK JOY,WOMEN,49990.0,27750.0,0.0,0.0,0.0,0.0,0.0,0.0,0.0,0,0
124637-NVW,124637,NVW,GO WALK JOY,WOMEN,49990.0,27750.0,0.0,0.0,0.0,0.0,0.0,0.0,0.0,0,0
139783-BBK,139783,BBK,ARCH FIT N-JOY LITE,WOMEN,49990.0,27750.0,0.0,0.0,0.0,0.0,0.0,0.0,0.0,0,0
139783-CHOC,139783,CHOC,ARCH FIT N-JOY LITE,WOMEN,49990.0,27750.0,0.0,0.0,0.0,0.0,0.0,0.0,0.0,0,0
139783-TPE,139783,TPE,ARCH FIT N-JOY LITE,WOMEN,49990.0,27750.0,0.0,0.0,0.0,0.0,0.0,0.0,0.0,0,0
139459-BBK,139459,BBK,FLEX ADAPT,WOMEN,49990.0,27750.0,0.0,0.0,0.0,0.0,0.0,0.0,0.0,0,0
139459-TPE,139459,TPE,FLEX ADAPT,WOMEN,49990.0,27750.0,0.0,0.0,0.0,0.0,0.0,0.0,0.0,0,0
100518-BBK,100518,BBK,COMMUTE TIME,WOMEN,49990.0,27750.0,0.0,0.0,0.0,0.0,0.0,0.0,0.0,0.0,3086.0
100518-DKTP,100518,DKTP,COMMUTE TIME,WOMEN,49990.0,27750.0,0.0,0.0,0.0,0.0,0.0,0.0,0.0,0.0,2748.0
117391-BBK,117391,BBK,BOBS B FLEX HI,WOMEN,64990.0,36100.0,0.0,0.0,0.0,0.0,0.0,0.0,0.0,3476.0,0.0
117391-BLK,117391,BLK,BOBS B FLEX HI,WOMEN,64990.0,36100.0,0.0,0.0,0.0,0.0,0.0,0.0,0.0,1842.0,0.0
117624-BLK,117624,BLK,BOBS SQUAD 4,WOMEN,64990.0,36100.0,0.0,0.0,0.0,0.0,0.0,0.0,0.0,3129.0,0.0
117624-MOC,117624,MOC,BOBS SQUAD 4,WOMEN,64990.0,36100.0,0.0,0.0,0.0,0.0,0.0,0.0,0.0,0,0
117624-WHT,117624,WHT,BOBS SQUAD 4,WOMEN,64990.0,36100.0,0.0,0.0,0.0,0.0,0.0,0.0,0.0,2341.0,0.0
117624-TPE,117624,TPE,BOBS SQUAD 4,WOMEN,64990.0,36100.0,0.0,0.0,0.0,0.0,0.0,0.0,0.0,2317.0,0.0
117740-BBK,117740,BBK,BOBS SQUAD 4,WOMEN,59990.0,33350.0,0.0,0.0,0.0,15.0,0.0,0.0,15.0,2654.0,0.0
117740-WHT,117740,WHT,BOBS SQUAD 4,WOMEN,59990.0,33350.0,0.0,0.0,0.0,15.0,0.0,15.0,30.0,2043.0,0.0
117497-BKGD,117497,BKGD,BOBS SQUAD CHAOS,WOMEN,59990.0,33350.0,0.0,0.0,0.0,0.0,0.0,0.0,0.0,8637.0,0.0
117497-NTGD,117497,NTGD,BOBS SQUAD CHAOS,WOMEN,59990.0,33350.0,0.0,0.0,0.0,0.0,0.0,0.0,0.0,4103.0,996.0
117497-BBK,117497,BBK,BOBS SQUAD CHAOS,WOMEN,59990.0,33350.0,0.0,0.0,0.0,0.0,0.0,0.0,0.0,7526.0,6645.0
117497-NVY,117497,NVY,BOBS SQUAD CHAOS,WOMEN,59990.0,33350.0,0.0,0.0,0.0,0.0,0.0,0.0,0.0,5201.0,2679.0
117497-TPE,117497,TPE,BOBS SQUAD CHAOS,WOMEN,59990.0,33350.0,0.0,0.0,0.0,0.0,0.0,0.0,0.0,1418.0,3746.0
117842-BKLV,117842,BKLV,BOBS WONDER LITE,WOMEN,57990.0,32200.0,0.0,0.0,0.0,0.0,0.0,0.0,0.0,0,0
117842-TPPK,117842,TPPK,BOBS WONDER LITE,WOMEN,57990.0,32200.0,0.0,0.0,0.0,0.0,0.0,0.0,0.0,0,0
117385-TPGD,117385,TPGD,BOBS B FLEX HI,WOMEN,54990.0,30550.0,0.0,0.0,0.0,0.0,0.0,0.0,0.0,0,0
117385-BBK,117385,BBK,BOBS B FLEX HI,WOMEN,54990.0,30550.0,0.0,0.0,0.0,0.0,0.0,0.0,0.0,856.0,2962.0
117385-BLK,117385,BLK,BOBS B FLEX HI,WOMEN,54990.0,30550.0,0.0,0.0,0.0,0.0,0.0,0.0,0.0,604.0,1742.0
117385-NVY,117385,NVY,BOBS B FLEX HI,WOMEN,54990.0,30550.0,0.0,0.0,0.0,0.0,0.0,0.0,0.0,710.0,2468.0
117738-BBK,117738,BBK,BOBS MODA FLEX,WOMEN,52990.0,29450.0,0.0,0.0,0.0,0.0,0.0,0.0,0.0,0,0
117738-DKNV,117738,DKNV,BOBS MODA FLEX,WOMEN,52990.0,29450.0,0.0,0.0,0.0,0.0,0.0,0.0,0.0,0,0
117861-BBK,117861,BBK,BOBS ARC WAVES REMIX,WOMEN,49990.0,27750.0,0.0,0.0,0.0,0.0,0.0,0.0,0.0,0.0,4163.0
117861-BLK,117861,BLK,BOBS ARC WAVES REMIX,WOMEN,49990.0,27750.0,0.0,0.0,0.0,0.0,0.0,0.0,0.0,0.0,4224.0
117861-NAT,117861,NAT,BOBS ARC WAVES REMIX,WOMEN,49990.0,27750.0,0.0,0.0,0.0,0.0,0.0,0.0,0.0,0,0
117720-BLK,117720,BLK,BOBS ARCH FIT ELEV8,WOMEN,49990.0,27750.0,0.0,0.0,15.0,0.0,0.0,0.0,15.0,0.0,3899.0
117720-DKTP,117720,DKTP,BOBS ARCH FIT ELEV8,WOMEN,49990.0,27750.0,0.0,0.0,0.0,15.0,0.0,0.0,15.0,0.0,2283.0
117720-BBK,117720,BBK,BOBS ARCH FIT ELEV8,WOMEN,49990.0,27750.0,0.0,0.0,0.0,15.0,0.0,15.0,30.0,0.0,8270.0
117872-BKLP,117872,BKLP,BOBS B FLEX HI,WOMEN,49990.0,27750.0,0.0,0.0,0.0,15.0,0.0,15.0,30.0,0,0
117872-MOC,117872,MOC,BOBS B FLEX HI,WOMEN,49990.0,27750.0,0.0,0.0,0.0,15.0,0.0,15.0,30.0,0,0
117755-BKTP,117755,BKTP,BOBS SKILLZ,WOMEN,49990.0,27750.0,0.0,0.0,0.0,0.0,0.0,0.0,0.0,0,0
117755-BLSH,117755,BLSH,BOBS SKILLZ,WOMEN,49990.0,27750.0,0.0,0.0,0.0,0.0,0.0,0.0,0.0,0,0
117755-WLPK,117755,WLPK,BOBS SKILLZ,WOMEN,49990.0,27750.0,0.0,0.0,0.0,0.0,0.0,0.0,0.0,0,0
117268-BBK,117268,BBK,BOBS SPARROW 2.0,WOMEN,49990.0,27750.0,0.0,0.0,0.0,0.0,0.0,0.0,0.0,1095.0,3276.0
117268-TPMT,117268,TPMT,BOBS SPARROW 2.0,WOMEN,49990.0,27750.0,0.0,0.0,0.0,0.0,0.0,0.0,0.0,800.0,2059.0
117648-BBK,117648,BBK,BOBS VISION AIR,WOMEN,49990.0,27750.0,0.0,0.0,0.0,0.0,0.0,0.0,0.0,7744.0,3137.0
117648-MVE,117648,MVE,BOBS VISION AIR,WOMEN,49990.0,27750.0,0.0,0.0,0.0,0.0,0.0,0.0,0.0,3318.0,786.0
117648-WHT,117648,WHT,BOBS VISION AIR,WOMEN,49990.0,27750.0,0.0,0.0,0.0,0.0,0.0,0.0,0.0,5893.0,3880.0
117483-NVY,117483,NVY,BOBS SQUAD WAVES,WOMEN,47990.0,26650.0,0.0,0.0,0.0,0.0,0.0,0.0,0.0,0.0,1780.0
117483-BBK,117483,BBK,BOBS SQUAD WAVES,WOMEN,47990.0,26650.0,0.0,0.0,0.0,0.0,0.0,0.0,0.0,10281.0,2991.0
117483-BLK,117483,BLK,BOBS SQUAD WAVES,WOMEN,47990.0,26650.0,0.0,0.0,0.0,0.0,0.0,0.0,0.0,8713.0,0.0
117679-BBK,117679,BBK,BOBS SQUAD WAVES,WOMEN,47990.0,26650.0,0.0,0.0,0.0,0.0,0.0,0.0,0.0,3117.0,0.0
117679-TPE,117679,TPE,BOBS SQUAD WAVES,WOMEN,47990.0,26650.0,0.0,0.0,0.0,0.0,0.0,0.0,0.0,2028.0,0.0
117681-BBK,117681,BBK,BOBS SQUAD WAVES,WOMEN,44990.0,25000.0,0.0,0.0,0.0,0.0,0.0,0.0,0.0,0.0,1758.0
117681-BLK,117681,BLK,BOBS SQUAD WAVES,WOMEN,44990.0,25000.0,0.0,0.0,0.0,0.0,0.0,0.0,0.0,0.0,2767.0
117700-BBK,117700,BBK,BOBS B LITE,WOMEN,44990.0,25000.0,0.0,0.0,0.0,0.0,0.0,0.0,0.0,0.0,3694.0
117700-DKNV,117700,DKNV,BOBS B LITE,WOMEN,44990.0,25000.0,0.0,0.0,0.0,0.0,0.0,0.0,0.0,0.0,1610.0
117700-TPE,117700,TPE,BOBS B LITE,WOMEN,44990.0,25000.0,0.0,0.0,0.0,0.0,0.0,0.0,0.0,0.0,2537.0
117733-BBK,117733,BBK,BOBS MODA FLEX,WOMEN,44990.0,25000.0,0.0,0.0,0.0,0.0,0.0,15.0,15.0,0.0,2406.0
117733-BLK,117733,BLK,BOBS MODA FLEX,WOMEN,44990.0,25000.0,0.0,0.0,0.0,0.0,0.0,0.0,0.0,0.0,406.0
117733-LAV,117733,LAV,BOBS MODA FLEX,WOMEN,44990.0,25000.0,0.0,0.0,0.0,0.0,0.0,0.0,0.0,0.0,2419.0
117896-BLK,117896,BLK,BOBS SQUAD WAVES ELITE,WOMEN,44990.0,25000.0,0.0,0.0,15.0,15.0,0.0,0.0,30.0,0,0
117896-DKNV,117896,DKNV,BOBS SQUAD WAVES ELITE,WOMEN,44990.0,25000.0,0.0,0.0,15.0,15.0,0.0,0.0,30.0,0,0
117896-DKRS,117896,DKRS,BOBS SQUAD WAVES ELITE,WOMEN,44990.0,25000.0,0.0,0.0,0.0,0.0,0.0,0.0,0.0,0,0
117896-BBK,117896,BBK,BOBS SQUAD WAVES ELITE,WOMEN,44990.0,25000.0,0.0,0.0,0.0,0.0,0.0,0.0,0.0,0,0
117485-BBK,117485,BBK,BOBS SQUAD WAVES,WOMEN,42990.0,23900.0,0.0,0.0,0.0,0.0,0.0,0.0,0.0,0.0,3873.0
117485-BLSH,117485,BLSH,BOBS SQUAD WAVES,WOMEN,42990.0,23900.0,0.0,0.0,0.0,0.0,0.0,0.0,0.0,0.0,267.0
150884-GRY,150884,GRY,ARCH FIT 3.0,WOMEN,69990.0,38900.0,0.0,0.0,0.0,0.0,0.0,0.0,0.0,0,0
150884-NVY,150884,NVY,ARCH FIT 3.0,WOMEN,69990.0,38900.0,0.0,0.0,0.0,0.0,0.0,0.0,0.0,0,0
150885-BBK,150885,BBK,ARCH FIT 3.0,WOMEN,69990.0,38900.0,0.0,0.0,0.0,0.0,0.0,0.0,0.0,0,0
150885-BLK,150885,BLK,ARCH FIT 3.0,WOMEN,69990.0,38900.0,0.0,0.0,0.0,0.0,0.0,0.0,0.0,0,0
150885-TPE,150885,TPE,ARCH FIT 3.0,WOMEN,69990.0,38900.0,0.0,0.0,0.0,0.0,0.0,0.0,0.0,0,0
104547-BBK,104547,BBK,GLIDE-STEP,WOMEN,64990.0,36100.0,0.0,0.0,0.0,0.0,0.0,0.0,0.0,1473.0,1464.0
104547-NVY,104547,NVY,GLIDE-STEP,WOMEN,64990.0,36100.0,0.0,0.0,0.0,0.0,0.0,0.0,0.0,1238.0,1266.0
150759-BBK,150759,BBK,ARCH FIT SUMMITS,WOMEN,54990.0,30550.0,0.0,0.0,0.0,0.0,0.0,0.0,0.0,0,0
150759-CHOC,150759,CHOC,ARCH FIT SUMMITS,WOMEN,54990.0,30550.0,0.0,0.0,0.0,0.0,0.0,0.0,0.0,0,0
150759-BKW,150759,BKW,ARCH FIT SUMMITS,WOMEN,54990.0,30550.0,0.0,0.0,0.0,0.0,0.0,0.0,0.0,0,0
150384-BKRG,150384,BKRG,FASHION FIT 2.0,WOMEN,54990.0,30550.0,0.0,0.0,0.0,0.0,15.0,0.0,15.0,5417.0,1858.0
150384-NVSL,150384,NVSL,FASHION FIT 2.0,WOMEN,54990.0,30550.0,0.0,0.0,0.0,0.0,15.0,0.0,15.0,4451.0,1596.0
150384-TPGD,150384,TPGD,FASHION FIT 2.0,WOMEN,54990.0,30550.0,0.0,0.0,0.0,0.0,0.0,0.0,0.0,2819.0,1354.0
104715-BKW,104715,BKW,FLEX STEP,WOMEN,52990.0,29450.0,0.0,0.0,0.0,0.0,0.0,0.0,0.0,0.0,1612.0
104715-NAT,104715,NAT,FLEX STEP,WOMEN,52990.0,29450.0,0.0,0.0,0.0,0.0,0.0,0.0,0.0,0.0,1406.0
104715-NVY,104715,NVY,FLEX STEP,WOMEN,52990.0,29450.0,0.0,0.0,0.0,0.0,0.0,0.0,0.0,0.0,1479.0
150654-BBK,150654,BBK,GLIDE-STEP SUMMITS,WOMEN,49990.0,27750.0,0.0,0.0,0.0,0.0,0.0,0.0,0.0,0,0
150654-BKW,150654,BKW,GLIDE-STEP SUMMITS,WOMEN,49990.0,27750.0,0.0,0.0,0.0,0.0,0.0,0.0,0.0,0,0
150654-NVY,150654,NVY,GLIDE-STEP SUMMITS,WOMEN,49990.0,27750.0,0.0,0.0,0.0,0.0,0.0,0.0,0.0,0,0
150344-BBK,150344,BBK,SUMMITS,WOMEN,49990.0,27750.0,0.0,0.0,0.0,0.0,0.0,0.0,0.0,0,0
150344-CHOC,150344,CHOC,SUMMITS,WOMEN,49990.0,27750.0,0.0,0.0,0.0,0.0,0.0,0.0,0.0,0,0
150344-TPE,150344,TPE,SUMMITS,WOMEN,49990.0,27750.0,0.0,0.0,0.0,0.0,0.0,0.0,0.0,0,0
150344-NVY,150344,NVY,SUMMITS,WOMEN,49990.0,27750.0,0.0,0.0,0.0,0.0,0.0,0.0,0.0,0,0
126476-BKRG,126476,BKRG,GO WALK GLIDE-STEP 3.0,WOMEN,74990.0,41650.0,0.0,0.0,0.0,0.0,0.0,0.0,0.0,0,0
126476-CHTP,126476,CHTP,GO WALK GLIDE-STEP 3.0,WOMEN,74990.0,41650.0,0.0,0.0,0.0,0.0,0.0,0.0,0.0,0,0
125959-BKW,125959,BKW,GO WALK 8,WOMEN,74990.0,41650.0,0.0,0.0,0.0,0.0,0.0,0.0,0.0,0,0
125959-TPLV,125959,TPLV,GO WALK 8,WOMEN,74990.0,41650.0,0.0,0.0,0.0,0.0,0.0,0.0,0.0,0,0
125959-BBK,125959,BBK,GO WALK 8,WOMEN,74990.0,41650.0,0.0,0.0,0.0,0.0,0.0,0.0,0.0,0,0
125949-BLK,125949,BLK,GO WALK 8,WOMEN,64990.0,36100.0,0.0,0.0,0.0,0.0,0.0,0.0,0.0,0.0,954.0
125949-MVE,125949,MVE,GO WALK 8,WOMEN,64990.0,36100.0,0.0,0.0,0.0,0.0,0.0,0.0,0.0,0,0
125859-BBK,125859,BBK,GO WALK ARCH FIT N-JOY,WOMEN,74990.0,41650.0,0.0,0.0,0.0,0.0,0.0,0.0,0.0,0,0
125859-NVY,125859,NVY,GO WALK ARCH FIT N-JOY,WOMEN,74990.0,41650.0,0.0,0.0,0.0,0.0,0.0,0.0,0.0,0,0
125859-LTGY,125859,LTGY,GO WALK ARCH FIT N-JOY,WOMEN,74990.0,41650.0,0.0,0.0,0.0,0.0,0.0,0.0,0.0,0,0
125843-BLK,125843,BLK,GO WALK ARCH FIT N-JOY,WOMEN,69990.0,38900.0,0.0,0.0,0.0,0.0,0.0,0.0,0.0,0.0,1309.0
125843-MVE,125843,MVE,GO WALK ARCH FIT N-JOY,WOMEN,69990.0,38900.0,0.0,0.0,0.0,0.0,0.0,0.0,0.0,0.0,1114.0
125843-NVW,125843,NVW,GO WALK ARCH FIT N-JOY,WOMEN,69990.0,38900.0,0.0,0.0,0.0,0.0,0.0,0.0,0.0,0.0,1174.0
125861-BKW,125861,BKW,GO WALK ARCH FIT N-JOY,WOMEN,59990.0,33350.0,0.0,0.0,0.0,0.0,0.0,0.0,0.0,0,0
125861-BBK,125861,BBK,GO WALK ARCH FIT N-JOY,WOMEN,59990.0,33350.0,0.0,0.0,0.0,0.0,0.0,0.0,0.0,0,0
125861-TPE,125861,TPE,GO WALK ARCH FIT N-JOY,WOMEN,59990.0,33350.0,0.0,0.0,0.0,0.0,0.0,0.0,0.0,0,0
125662-BLK,125662,BLK,GO WALK NOW,WOMEN,67990.0,37750.0,0.0,0.0,0.0,0.0,0.0,0.0,0.0,0.0,1388.0
125662-RSGD,125662,RSGD,GO WALK NOW,WOMEN,67990.0,37750.0,0.0,0.0,0.0,0.0,0.0,0.0,0.0,1056.0,1280.0
125662-SIL,125662,SIL,GO WALK NOW,WOMEN,67990.0,37750.0,0.0,0.0,0.0,0.0,0.0,0.0,0.0,1056.0,1280.0
125523-BBK,125523,BBK,GO WALK FLEX,WOMEN,64990.0,36100.0,0.0,0.0,0.0,0.0,0.0,0.0,0.0,0.0,1368.0
125523-BKW,125523,BKW,GO WALK FLEX,WOMEN,64990.0,36100.0,0.0,0.0,0.0,0.0,0.0,0.0,0.0,0.0,1518.0
125523-CHOC,125523,CHOC,GO WALK FLEX,WOMEN,64990.0,36100.0,0.0,0.0,0.0,0.0,0.0,0.0,0.0,0,0
125523-NVPK,125523,NVPK,GO WALK FLEX,WOMEN,64990.0,36100.0,0.0,0.0,0.0,0.0,0.0,0.0,0.0,0.0,1340.0
125526-BBK,125526,BBK,GO WALK FLEX,WOMEN,54990.0,30550.0,0.0,0.0,0.0,0.0,0.0,0.0,0.0,3769.0,1964.0
125526-BLK,125526,BLK,GO WALK FLEX,WOMEN,54990.0,30550.0,0.0,0.0,0.0,0.0,0.0,0.0,0.0,3022.0,1951.0
125526-NTPK,125526,NTPK,GO WALK FLEX,WOMEN,54990.0,30550.0,0.0,0.0,0.0,0.0,0.0,0.0,0.0,1206.0,0.0
125526-NVBL,125526,NVBL,GO WALK FLEX,WOMEN,54990.0,30550.0,0.0,0.0,0.0,0.0,0.0,0.0,0.0,1435.0,2734.0
125527-BBK,125527,BBK,GO WALK FLEX,WOMEN,54990.0,30550.0,0.0,0.0,0.0,0.0,0.0,0.0,0.0,814.0,1742.0
125527-NVY,125527,NVY,GO WALK FLEX,WOMEN,54990.0,30550.0,0.0,0.0,0.0,0.0,0.0,0.0,0.0,2867.0,1288.0
125735-BKBL,125735,BKBL,GO WALK JOY,WOMEN,64990.0,36100.0,0.0,0.0,0.0,0.0,0.0,0.0,0.0,0,0
125735-BLPK,125735,BLPK,GO WALK JOY,WOMEN,64990.0,36100.0,0.0,0.0,0.0,0.0,0.0,0.0,0.0,0,0
125735-DKTP,125735,DKTP,GO WALK JOY,WOMEN,64990.0,36100.0,0.0,0.0,0.0,0.0,0.0,0.0,0.0,0,0
124640-BBK,124640,BBK,GO WALK JOY,WOMEN,54990.0,30550.0,0.0,0.0,0.0,0.0,0.0,0.0,0.0,2541.0,0.0
124640-GYBL,124640,GYBL,GO WALK JOY,WOMEN,54990.0,30550.0,0.0,0.0,0.0,0.0,0.0,0.0,0.0,1738.0,11.0
124640-NVPK,124640,NVPK,GO WALK JOY,WOMEN,54990.0,30550.0,0.0,0.0,0.0,0.0,0.0,0.0,0.0,2191.0,12.0
126673-BKW,126673,BKW,GO WALK TRAVEL LITE,WOMEN,59990.0,33350.0,0.0,0.0,0.0,0.0,0.0,0.0,0.0,0,0
126673-NVY,126673,NVY,GO WALK TRAVEL LITE,WOMEN,59990.0,33350.0,0.0,0.0,0.0,0.0,0.0,0.0,0.0,0,0
126671-BKLV,126671,BKLV,GO WALK TRAVEL LITE,WOMEN,44990.0,25000.0,0.0,0.0,0.0,0.0,0.0,0.0,0.0,0,0
126671-NVLV,126671,NVLV,GO WALK TRAVEL LITE,WOMEN,44990.0,25000.0,0.0,0.0,0.0,0.0,0.0,0.0,0.0,0,0
126671-NAT,126671,NAT,GO WALK TRAVEL LITE,WOMEN,44990.0,25000.0,0.0,0.0,0.0,0.0,0.0,0.0,0.0,0,0
125156-BBK,125156,BBK,GO WALK GLIDE-STEP 2.0,WOMEN,79990.0,44450.0,0.0,0.0,0.0,0.0,0.0,0.0,0.0,0,0
125156-LTMV,125156,LTMV,GO WALK GLIDE-STEP 2.0,WOMEN,79990.0,44450.0,0.0,0.0,0.0,0.0,0.0,0.0,0.0,0,0
150412-NTBR,150412,NTBR,CONTOUR FOAM,WOMEN,69990.0,38900.0,0.0,0.0,0.0,0.0,0.0,0.0,0.0,0,0
150412-BKW,150412,BKW,CONTOUR FOAM,WOMEN,69990.0,38900.0,0.0,0.0,0.0,0.0,0.0,0.0,0.0,329.0,1512.0
150412-NTGR,150412,NTGR,CONTOUR FOAM,WOMEN,69990.0,38900.0,0.0,0.0,0.0,0.0,0.0,0.0,0.0,382.0,1662.0
150416-WSL,150416,WSL,CONTOUR FOAM,WOMEN,67990.0,37750.0,0.0,0.0,0.0,0.0,0.0,0.0,0.0,1308.0,0.0
150419-OFWT,150419,OFWT,CONTOUR FOAM,WOMEN,67990.0,37750.0,0.0,0.0,0.0,0.0,0.0,0.0,0.0,0.0,1428.0
150419-BLK,150419,BLK,CONTOUR FOAM,WOMEN,67990.0,37750.0,0.0,0.0,0.0,0.0,0.0,0.0,0.0,1158.0,1695.0
150419-BRN,150419,BRN,CONTOUR FOAM,WOMEN,67990.0,37750.0,0.0,0.0,0.0,0.0,0.0,0.0,0.0,1062.0,3201.0
150404-BBK,150404,BBK,CONTOUR FOAM,WOMEN,64990.0,36100.0,0.0,0.0,0.0,0.0,0.0,0.0,0.0,2006.0,4514.0
150404-WNV,150404,WNV,CONTOUR FOAM,WOMEN,64990.0,36100.0,0.0,0.0,0.0,0.0,0.0,0.0,0.0,1248.0,1266.0
150404-BKW,150404,BKW,CONTOUR FOAM,WOMEN,64990.0,36100.0,0.0,0.0,0.0,0.0,0.0,0.0,0.0,0.0,1924.0
150404-LAV,150404,LAV,CONTOUR FOAM,WOMEN,64990.0,36100.0,0.0,0.0,0.0,0.0,0.0,0.0,0.0,282.0,1587.0
150404-NTTP,150404,NTTP,CONTOUR FOAM,WOMEN,64990.0,36100.0,0.0,0.0,0.0,0.0,0.0,0.0,0.0,194.0,2611.0
150413-CHOC,150413,CHOC,CONTOUR FOAM,WOMEN,64990.0,36100.0,0.0,0.0,0.0,0.0,0.0,0.0,0.0,0,0
150413-TPE,150413,TPE,CONTOUR FOAM,WOMEN,64990.0,36100.0,0.0,0.0,0.0,0.0,0.0,0.0,0.0,0.0,2472.0
150413-BKRG,150413,BKRG,CONTOUR FOAM,WOMEN,64990.0,36100.0,0.0,0.0,0.0,0.0,0.0,12.0,12.0,2914.0,5590.0
150413-WTRG,150413,WTRG,CONTOUR FOAM,WOMEN,64990.0,36100.0,0.0,0.0,0.0,0.0,0.0,12.0,12.0,1712.0,5826.0
159420-BLK,159420,BLK,EASY GOING,WOMEN,64990.0,36100.0,0.0,0.0,0.0,0.0,0.0,0.0,0.0,0,0
159420-DKTP,159420,DKTP,EASY GOING,WOMEN,64990.0,36100.0,0.0,0.0,0.0,0.0,0.0,0.0,0.0,0,0
104556-BKNT,104556,BKNT,GLIDE-STEP,WOMEN,64990.0,36100.0,0.0,0.0,0.0,0.0,0.0,0.0,0.0,0,0
104556-CSNT,104556,CSNT,GLIDE-STEP,WOMEN,64990.0,36100.0,0.0,0.0,0.0,0.0,0.0,0.0,0.0,0,0
104556-TPE,104556,TPE,GLIDE-STEP,WOMEN,64990.0,36100.0,0.0,0.0,0.0,0.0,0.0,0.0,0.0,0,0
150505-BBK,150505,BBK,SUMMITS CONTOUR FOAM,WOMEN,49990.0,27750.0,0.0,0.0,0.0,0.0,0.0,0.0,0.0,0,0
150505-NTTP,150505,NTTP,SUMMITS CONTOUR FOAM,WOMEN,49990.0,27750.0,0.0,0.0,0.0,0.0,0.0,0.0,0.0,0,0
150505-BKW,150505,BKW,SUMMITS CONTOUR FOAM,WOMEN,49990.0,27750.0,0.0,0.0,0.0,0.0,0.0,0.0,0.0,0.0,3516.0
150505-WNV,150505,WNV,SUMMITS CONTOUR FOAM,WOMEN,49990.0,27750.0,0.0,0.0,0.0,0.0,0.0,0.0,0.0,0.0,1418.0
150852-BLK,150852,BLK,SUMMITS CONTOUR FOAM,WOMEN,49990.0,27750.0,0.0,0.0,0.0,0.0,0.0,0.0,0.0,0,0
150852-NTTP,150852,NTTP,SUMMITS CONTOUR FOAM,WOMEN,49990.0,27750.0,0.0,0.0,0.0,0.0,0.0,0.0,0.0,0,0
114303-BLK,114303,BLK,B CUTE 2.0,WOMEN,44990.0,25000.0,0.0,0.0,0.0,0.0,0.0,0.0,0.0,0,0
114303-DKMV,114303,DKMV,B CUTE 2.0,WOMEN,44990.0,25000.0,0.0,0.0,0.0,0.0,0.0,0.0,0.0,0,0
150409-BBK,150409,BBK,CONTOUR FOAM,WOMEN,49990.0,27750.0,0.0,0.0,0.0,0.0,0.0,0.0,0.0,0,0
150409-LAV,150409,LAV,CONTOUR FOAM,WOMEN,49990.0,27750.0,0.0,0.0,0.0,0.0,0.0,0.0,0.0,0,0
150509-WTRG,150509,WTRG,CONTOUR FOAM,WOMEN,49990.0,27750.0,0.0,0.0,0.0,0.0,0.0,0.0,0.0,0.0,1422.0
167894-BLK,167894,BLK,TREGO,WOMEN,89990.0,50000.0,0.0,0.0,0.0,0.0,0.0,0.0,0.0,1166.0,0.0
167894-CSNT,167894,CSNT,TREGO,WOMEN,89990.0,50000.0,0.0,0.0,0.0,0.0,0.0,0.0,0.0,1126.0,0.0
168051-BLK,168051,BLK,EASY GOING,WOMEN,79990.0,44450.0,0.0,0.0,0.0,0.0,0.0,0.0,0.0,1318.0,0.0
168051-CHOC,168051,CHOC,EASY GOING,WOMEN,79990.0,44450.0,0.0,0.0,0.0,0.0,0.0,0.0,0.0,1124.0,0.0
168185-BLK,168185,BLK,EASY GOING,WOMEN,74990.0,41650.0,0.0,0.0,0.0,0.0,0.0,0.0,0.0,0,0
168185-CHOC,168185,CHOC,EASY GOING,WOMEN,74990.0,41650.0,0.0,0.0,0.0,0.0,0.0,0.0,0.0,0,0
168185-MUSH,168185,MUSH,EASY GOING,WOMEN,74990.0,41650.0,0.0,0.0,0.0,0.0,0.0,0.0,0.0,0,0
169109-BBK,169109,BBK,EASY GOING,WOMEN,74990.0,41650.0,0.0,0.0,0.0,0.0,0.0,0.0,0.0,1236.0,0.0
169109-TAN,169109,TAN,EASY GOING,WOMEN,74990.0,41650.0,0.0,0.0,0.0,0.0,0.0,0.0,0.0,1200.0,0.0
167862-BLK,167862,BLK,EASY GOING,WOMEN,62990.0,35000.0,0.0,0.0,0.0,0.0,0.0,0.0,0.0,0,0
167862-CHOC,167862,CHOC,EASY GOING,WOMEN,62990.0,35000.0,0.0,0.0,0.0,0.0,0.0,0.0,0.0,0,0
167862-TPE,167862,TPE,EASY GOING,WOMEN,62990.0,35000.0,0.0,0.0,0.0,0.0,0.0,0.0,0.0,0,0
168206-BBK,168206,BBK,EASY GOING,WOMEN,59990.0,33350.0,0.0,0.0,0.0,0.0,15.0,0.0,15.0,4310.0,0.0
168206-CHOC,168206,CHOC,EASY GOING,WOMEN,59990.0,33350.0,0.0,0.0,0.0,0.0,15.0,0.0,15.0,2156.0,0.0
168206-CSNT,168206,CSNT,EASY GOING,WOMEN,59990.0,33350.0,0.0,0.0,0.0,0.0,0.0,0.0,0.0,4022.0,0.0
168206-TPE,168206,TPE,EASY GOING,WOMEN,59990.0,33350.0,0.0,0.0,0.0,0.0,0.0,0.0,0.0,2078.0,0.0
144746-BBK,144746,BBK,ON-THE-GO STELLAR,WOMEN,74990.0,41650.0,0.0,0.0,0.0,0.0,0.0,0.0,0.0,0,0
144746-CSNT,144746,CSNT,ON-THE-GO STELLAR,WOMEN,74990.0,41650.0,0.0,0.0,0.0,0.0,0.0,0.0,0.0,0,0
144746-OLV,144746,OLV,ON-THE-GO STELLAR,WOMEN,74990.0,41650.0,0.0,0.0,0.0,0.0,0.0,0.0,0.0,0,0
168175-BBK,168175,BBK,CONTOUR FOAM BOOT,WOMEN,69990.0,38900.0,0.0,0.0,0.0,0.0,0.0,0.0,0.0,0,0
168175-CSNT,168175,CSNT,CONTOUR FOAM BOOT,WOMEN,69990.0,38900.0,0.0,0.0,0.0,0.0,0.0,0.0,0.0,0,0
168175-DKTP,168175,DKTP,CONTOUR FOAM BOOT,WOMEN,69990.0,38900.0,0.0,0.0,0.0,0.0,0.0,0.0,0.0,0,0
144842-BBK,144842,BBK,ON-THE-GO ENCORE,WOMEN,69990.0,38900.0,0.0,0.0,0.0,0.0,0.0,0.0,0.0,3130.0,0.0
144842-COFF,144842,COFF,ON-THE-GO ENCORE,WOMEN,69990.0,38900.0,0.0,0.0,0.0,0.0,0.0,0.0,0.0,0,0
144844-BBK,144844,BBK,ON-THE-GO ENCORE,WOMEN,69990.0,38900.0,0.0,0.0,0.0,0.0,0.0,0.0,0.0,0,0
144844-DBRN,144844,DBRN,ON-THE-GO ENCORE,WOMEN,69990.0,38900.0,0.0,0.0,0.0,0.0,0.0,0.0,0.0,0,0
144071-BBK,144071,BBK,GLACIAL ULTIMATE,WOMEN,64990.0,36100.0,0.0,0.0,0.0,0.0,0.0,0.0,0.0,0,0
144071-CSNT,144071,CSNT,GLACIAL ULTIMATE,WOMEN,64990.0,36100.0,0.0,0.0,0.0,0.0,0.0,0.0,0.0,0,0
144071-TPE,144071,TPE,GLACIAL ULTIMATE,WOMEN,64990.0,36100.0,0.0,0.0,0.0,0.0,0.0,0.0,0.0,0,0
144067-OLV,144067,OLV,GLACIAL ULTIMATE,WOMEN,59990.0,33350.0,0.0,0.0,0.0,0.0,0.0,0.0,0.0,0,0
144067-BRBK,144067,BRBK,GLACIAL ULTIMATE,WOMEN,59990.0,33350.0,0.0,0.0,0.0,0.0,0.0,0.0,0.0,0,0
167274-BBK,167274,BBK,UNO RUGGED,WOMEN,69990.0,38900.0,0.0,0.0,0.0,0.0,0.0,0.0,0.0,2061.0,0.0
167274-MOC,167274,MOC,UNO RUGGED,WOMEN,69990.0,38900.0,0.0,0.0,0.0,0.0,0.0,0.0,0.0,1620.0,0.0
168197-BBK,168197,BBK,WILSHIRE BLVD,WOMEN,69990.0,38900.0,0.0,0.0,0.0,0.0,0.0,0.0,0.0,0,0
168197-CSNT,168197,CSNT,WILSHIRE BLVD,WOMEN,69990.0,38900.0,0.0,0.0,0.0,0.0,0.0,0.0,0.0,0,0
168197-WINE,168197,WINE,WILSHIRE BLVD,WOMEN,69990.0,38900.0,0.0,0.0,0.0,0.0,0.0,0.0,0.0,0,0
168108-BBK,168108,BBK,WILSHIRE BLVD,WOMEN,64990.0,36100.0,0.0,0.0,0.0,0.0,0.0,0.0,0.0,5571.0,0.0
168108-DKBR,168108,DKBR,WILSHIRE BLVD,WOMEN,64990.0,36100.0,0.0,0.0,0.0,0.0,0.0,0.0,0.0,5101.0,0.0
168108-TPE,168108,TPE,WILSHIRE BLVD,WOMEN,64990.0,36100.0,0.0,0.0,0.0,0.0,0.0,0.0,0.0,2503.0,0.0
144211-BBK,144211,BBK,GLACIAL ULTRA,WOMEN,64990.0,36100.0,0.0,0.0,0.0,0.0,0.0,0.0,0.0,1377.0,0.0
144211-DKTP,144211,DKTP,GLACIAL ULTRA,WOMEN,64990.0,36100.0,0.0,0.0,0.0,0.0,0.0,0.0,0.0,1110.0,0.0
169119-BLK,169119,BLK,EASY GOING,WOMEN,67990.0,37750.0,0.0,0.0,0.0,0.0,0.0,0.0,0.0,5755.0,0.0
169119-CHOC,169119,CHOC,EASY GOING,WOMEN,67990.0,37750.0,0.0,0.0,0.0,0.0,0.0,0.0,0.0,5655.0,0.0
169119-TPE,169119,TPE,EASY GOING,WOMEN,67990.0,37750.0,0.0,0.0,0.0,0.0,0.0,0.0,0.0,1446.0,0.0
168368-BBK,168368,BBK,EASY GOING,WOMEN,64990.0,36100.0,0.0,0.0,0.0,0.0,0.0,0.0,0.0,0,0
168368-CHOC,168368,CHOC,EASY GOING,WOMEN,64990.0,36100.0,0.0,0.0,0.0,0.0,0.0,0.0,0.0,0,0
168191-BBK,168191,BBK,EASY GOING,WOMEN,59990.0,33350.0,0.0,0.0,0.0,0.0,0.0,0.0,0.0,0,0
168191-CHOC,168191,CHOC,EASY GOING,WOMEN,59990.0,33350.0,0.0,0.0,0.0,0.0,0.0,0.0,0.0,0,0
168191-TPE,168191,TPE,EASY GOING,WOMEN,59990.0,33350.0,0.0,0.0,0.0,0.0,0.0,0.0,0.0,0,0
144845-BBK,144845,BBK,ON-THE-GO ENCORE,WOMEN,59990.0,33350.0,0.0,0.0,0.0,0.0,0.0,0.0,0.0,0,0
144845-CSNT,144845,CSNT,ON-THE-GO ENCORE,WOMEN,59990.0,33350.0,0.0,0.0,0.0,0.0,0.0,0.0,0.0,0,0
144845-OLV,144845,OLV,ON-THE-GO ENCORE,WOMEN,59990.0,33350.0,0.0,0.0,0.0,0.0,0.0,0.0,0.0,0,0
169171-BBK,169171,BBK,PARALLEL LITE,WOMEN,67990.0,37750.0,0.0,0.0,0.0,0.0,0.0,0.0,0.0,1530.0,0.0
169171-CHOC,169171,CHOC,PARALLEL LITE,WOMEN,67990.0,37750.0,0.0,0.0,0.0,0.0,0.0,0.0,0.0,1436.0,0.0
167960-BBK,167960,BBK,ARCH FIT MARLIE,WOMEN,64990.0,36100.0,0.0,0.0,0.0,0.0,0.0,0.0,0.0,1524.0,0.0
167960-CHOC,167960,CHOC,ARCH FIT MARLIE,WOMEN,64990.0,36100.0,0.0,0.0,0.0,0.0,0.0,0.0,0.0,1434.0,0.0
168303-BBK,168303,BBK,COZY CITY,WOMEN,64990.0,36100.0,0.0,0.0,0.0,0.0,0.0,0.0,0.0,0,0
168303-CHOC,168303,CHOC,COZY CITY,WOMEN,64990.0,36100.0,0.0,0.0,0.0,0.0,0.0,0.0,0.0,0,0
114625-BBK,114625,BBK,BOBS TANGO,WOMEN,54990.0,30550.0,0.0,0.0,0.0,0.0,0.0,0.0,0.0,3748.0,0.0
114625-CCL,114625,CCL,BOBS TANGO,WOMEN,54990.0,30550.0,0.0,0.0,0.0,0.0,0.0,0.0,0.0,2617.0,0.0
114625-TAN,114625,TAN,BOBS TANGO,WOMEN,54990.0,30550.0,0.0,0.0,0.0,0.0,0.0,0.0,0.0,1854.0,0.0
114255-BBK,114255,BBK,BOBS WANDER LUXE,WOMEN,44990.0,25000.0,0.0,0.0,0.0,0.0,0.0,0.0,0.0,0,0
114255-BRN,114255,BRN,BOBS WANDER LUXE,WOMEN,44990.0,25000.0,0.0,0.0,0.0,0.0,0.0,0.0,0.0,0,0
190209-CSNT,190209,CSNT,KEEPSAKES COZY,WOMEN,72990.0,40550.0,0.0,0.0,0.0,0.0,0.0,0.0,0.0,0,0
190209-SND,190209,SND,KEEPSAKES COZY,WOMEN,72990.0,40550.0,0.0,0.0,0.0,0.0,0.0,0.0,0.0,0,0
190196-BBK,190196,BBK,KEEPSAKES COZY,WOMEN,69990.0,38900.0,0.0,0.0,0.0,0.0,0.0,0.0,0.0,474.0,0.0
190196-CSNT,190196,CSNT,KEEPSAKES COZY,WOMEN,69990.0,38900.0,0.0,0.0,0.0,0.0,0.0,0.0,0.0,474.0,0.0
190196-SND,190196,SND,KEEPSAKES COZY,WOMEN,69990.0,38900.0,0.0,0.0,0.0,0.0,0.0,0.0,0.0,0,0
177237-BLK,177237,BLK,HI-RYZE,WOMEN,64990.0,36100.0,0.0,0.0,0.0,0.0,0.0,0.0,0.0,8998.0,0.0
177237-OFWT,177237,OFWT,HI-RYZE,WOMEN,64990.0,36100.0,0.0,0.0,0.0,0.0,0.0,0.0,0.0,7356.0,0.0
169144-BBK,169144,BBK,KEEP COZY,WOMEN,54990.0,30550.0,0.0,0.0,0.0,0.0,0.0,0.0,0.0,0,0
169144-CHOC,169144,CHOC,KEEP COZY,WOMEN,54990.0,30550.0,0.0,0.0,0.0,0.0,0.0,0.0,0.0,0,0
169144-LPD,169144,LPD,KEEP COZY,WOMEN,54990.0,30550.0,0.0,0.0,0.0,0.0,0.0,0.0,0.0,0,0
168245-BBK,168245,BBK,COZY CHATEAU,WOMEN,49990.0,27750.0,0.0,0.0,0.0,0.0,0.0,0.0,0.0,0,0
168245-CSNT,168245,CSNT,COZY CHATEAU,WOMEN,49990.0,27750.0,0.0,0.0,0.0,0.0,0.0,0.0,0.0,0,0
168246-BBK,168246,BBK,COZY CHATEAU,WOMEN,44990.0,25000.0,0.0,0.0,0.0,0.0,0.0,0.0,0.0,0,0
168246-CHOC,168246,CHOC,COZY CHATEAU,WOMEN,44990.0,25000.0,0.0,0.0,0.0,0.0,0.0,0.0,0.0,0,0
159723-BBK,159723,BBK,EASY GOING,WOMEN,54990.0,30550.0,0.0,0.0,0.0,0.0,0.0,0.0,0.0,0,0
159723-CHOC,159723,CHOC,EASY GOING,WOMEN,54990.0,30550.0,0.0,0.0,0.0,0.0,0.0,0.0,0.0,0,0
159723-DKTP,159723,DKTP,EASY GOING,WOMEN,54990.0,30550.0,0.0,0.0,0.0,0.0,0.0,0.0,0.0,0,0
159421-BLK,159421,BLK,EASY GOING,WOMEN,49990.0,27750.0,0.0,0.0,0.0,0.0,0.0,0.0,0.0,0,0
159421-CHOC,159421,CHOC,EASY GOING,WOMEN,49990.0,27750.0,0.0,0.0,0.0,0.0,0.0,0.0,0.0,0,0
159421-CSNT,159421,CSNT,EASY GOING,WOMEN,49990.0,27750.0,0.0,0.0,0.0,0.0,0.0,0.0,0.0,0,0
169104-BBK,169104,BBK,EASY GOING,WOMEN,49990.0,27750.0,0.0,0.0,0.0,0.0,0.0,0.0,0.0,0,0
169104-CHOC,169104,CHOC,EASY GOING,WOMEN,49990.0,27750.0,0.0,0.0,0.0,0.0,0.0,0.0,0.0,0,0
169104-TAN,169104,TAN,EASY GOING,WOMEN,49990.0,27750.0,0.0,0.0,0.0,0.0,0.0,0.0,0.0,0,0
167870-BLK,167870,BLK,EASY GOING,WOMEN,49990.0,27750.0,0.0,0.0,0.0,0.0,0.0,0.0,0.0,2520.0,0.0
167870-TPE,167870,TPE,EASY GOING,WOMEN,49990.0,27750.0,0.0,0.0,0.0,0.0,0.0,0.0,0.0,0,0
167870-CHOC,167870,CHOC,EASY GOING,WOMEN,49990.0,27750.0,0.0,0.0,0.0,0.0,0.0,0.0,0.0,2567.0,0.0
168106-BBK,168106,BBK,WILSHIRE BLVD,WOMEN,49990.0,27750.0,0.0,0.0,0.0,0.0,0.0,0.0,0.0,0,0
168106-CSNT,168106,CSNT,WILSHIRE BLVD,WOMEN,49990.0,27750.0,0.0,0.0,0.0,0.0,0.0,0.0,0.0,0,0
175561-BBK,175561,BBK,GO WALK ARCH FIT JOY BOOT,WOMEN,44990.0,25000.0,0.0,0.0,0.0,0.0,0.0,0.0,0.0,0,0
175561-BRN,175561,BRN,GO WALK ARCH FIT JOY BOOT,WOMEN,44990.0,25000.0,0.0,0.0,0.0,0.0,0.0,0.0,0.0,0,0
169048-BLK,169048,BLK,COZY CAMPFIRE,WOMEN,42990.0,23900.0,0.0,0.0,0.0,0.0,0.0,0.0,0.0,1113.0,0.0
169048-CHOC,169048,CHOC,COZY CAMPFIRE,WOMEN,42990.0,23900.0,0.0,0.0,0.0,0.0,0.0,0.0,0.0,1002.0,0.0
114531-CHOC,114531,CHOC,COZY CHILL,WOMEN,37990.0,21100.0,0.0,0.0,0.0,0.0,0.0,0.0,0.0,0,0
114531-CSNT,114531,CSNT,COZY CHILL,WOMEN,37990.0,21100.0,0.0,0.0,0.0,0.0,0.0,0.0,0.0,0,0
114762-BBK,114762,BBK,KEEPSAKES LITE,WOMEN,37990.0,21100.0,0.0,0.0,0.0,0.0,0.0,0.0,0.0,3093.0,0.0
114762-TPE,114762,TPE,KEEPSAKES LITE,WOMEN,37990.0,21100.0,0.0,0.0,0.0,0.0,0.0,0.0,0.0,3133.0,0.0
150839-BKMT,150839,BKMT,CONTOUR FOAM,WOMEN,74990.0,41650.0,0.0,0.0,0.0,0.0,0.0,0.0,0.0,0,0
190030-NTMT,190030,NTMT,UNO,WOMEN,77990.0,43350.0,0.0,0.0,0.0,0.0,0.0,0.0,0.0,0,0
190040-BKPK,190040,BKPK,UNO,WOMEN,67990.0,37750.0,0.0,0.0,0.0,0.0,0.0,0.0,0.0,0,0
190040-WPK,190040,WPK,UNO,WOMEN,67990.0,37750.0,0.0,0.0,0.0,0.0,0.0,0.0,0.0,0,0
190040-WMLT,190040,WMLT,UNO,WOMEN,67990.0,37750.0,0.0,0.0,0.0,0.0,0.0,0.0,0.0,0.0,540.0
190041-MLT,190041,MLT,UNO,WOMEN,67990.0,37750.0,0.0,0.0,0.0,0.0,0.0,0.0,0.0,0.0,540.0
190044-MLT,190044,MLT,ARCH FIT ARCADE,WOMEN,64990.0,36100.0,0.0,0.0,0.0,0.0,0.0,0.0,0.0,0,0
150837-MLT,150837,MLT,D'LITES,WOMEN,59990.0,33350.0,0.0,0.0,0.0,0.0,0.0,0.0,0.0,0,0
302768L-HPMT,302768L,HPMT,ETERNAL HEART LIGHTS,KIDS,42990.0,23900.0,0.0,0.0,0.0,0.0,0.0,0.0,0.0,0,0
302768L-NVMT,302768L,NVMT,ETERNAL HEART LIGHTS,KIDS,42990.0,23900.0,0.0,0.0,0.0,0.0,0.0,0.0,0.0,0,0
303709L-BKMT,303709L,BKMT,COSMIC GLOW,KIDS,39990.0,22200.0,0.0,0.0,0.0,0.0,0.0,0.0,0.0,1594.0,0.0
303709L-SMLT,303709L,SMLT,COSMIC GLOW,KIDS,39990.0,22200.0,0.0,0.0,0.0,0.0,0.0,0.0,0.0,926.0,0.0
303729L-LGMT,303729L,LGMT,SKECHERS SOLA GLOW 2.0,KIDS,37990.0,21100.0,0.0,0.0,0.0,0.0,0.0,0.0,0.0,0.0,2986.0
303729L-LVAQ,303729L,LVAQ,SKECHERS SOLA GLOW 2.0,KIDS,37990.0,21100.0,0.0,0.0,0.0,0.0,0.0,0.0,0.0,2916.0,0.0
303729L-NVPK,303729L,NVPK,SKECHERS SOLA GLOW 2.0,KIDS,37990.0,21100.0,0.0,0.0,0.0,0.0,0.0,0.0,0.0,4443.0,4932.0
303740L-LPMT,303740L,LPMT,DIVINE HEART LIGHTS,KIDS,34990.0,19450.0,0.0,0.0,0.0,0.0,0.0,0.0,0.0,0,0
303740L-LVMT,303740L,LVMT,DIVINE HEART LIGHTS,KIDS,34990.0,19450.0,0.0,0.0,0.0,0.0,0.0,0.0,0.0,0,0
303771L-LVMT,303771L,LVMT,WAVE 92 LIGHTS,KIDS,34990.0,19450.0,0.0,0.0,0.0,0.0,0.0,0.0,0.0,0,0
303771L-BKMT,303771L,BKMT,WAVE 92 LIGHTS,KIDS,34990.0,19450.0,0.0,0.0,0.0,0.0,0.0,0.0,0.0,0,0
304553L-PKMT,304553L,PKMT,PIXEL KICKS,KIDS,39990.0,22200.0,0.0,0.0,0.0,0.0,12.0,0.0,12.0,0,0
304553L-SMLT,304553L,SMLT,PIXEL KICKS,KIDS,39990.0,22200.0,0.0,0.0,0.0,0.0,12.0,0.0,12.0,0,0
303488L-BKMT,303488L,BKMT,BOUNDER PRO,KIDS,34990.0,19450.0,0.0,0.0,0.0,0.0,0.0,0.0,0.0,0.0,1876.0
303488L-NVMT,303488L,NVMT,BOUNDER PRO,KIDS,34990.0,19450.0,0.0,0.0,0.0,0.0,0.0,0.0,0.0,0,0
303488L-LVMT,303488L,LVMT,BOUNDER PRO,KIDS,34990.0,19450.0,0.0,0.0,0.0,0.0,0.0,0.0,0.0,0.0,1450.0
304104L-ROS,304104L,ROS,CONTOUR FOAM,KIDS,44990.0,25000.0,0.0,0.0,0.0,0.0,0.0,0.0,0.0,0.0,1461.0
304104L-BLU,304104L,BLU,CONTOUR FOAM,KIDS,44990.0,25000.0,0.0,0.0,0.0,0.0,0.0,0.0,0.0,936.0,0.0
303949L-BKRG,303949L,BKRG,CONTOUR FOAM,KIDS,42990.0,23900.0,0.0,0.0,12.0,0.0,12.0,12.0,36.0,0,0
303949L-LAV,303949L,LAV,CONTOUR FOAM,KIDS,42990.0,23900.0,0.0,0.0,0.0,0.0,0.0,0.0,0.0,0,0
303949L-WTRG,303949L,WTRG,CONTOUR FOAM,KIDS,42990.0,23900.0,0.0,0.0,12.0,0.0,12.0,12.0,36.0,0,0
303949L-WLV,303949L,WLV,CONTOUR FOAM,KIDS,42990.0,23900.0,0.0,0.0,12.0,0.0,0.0,12.0,24.0,1853.0,1509.0
303949L-NTTP,303949L,NTTP,CONTOUR FOAM,KIDS,42990.0,23900.0,0.0,0.0,0.0,0.0,0.0,0.0,0.0,0.0,1677.0
302526L-BKNT,302526L,BKNT,D'LITES,KIDS,49990.0,27750.0,0.0,0.0,0.0,0.0,0.0,0.0,0.0,789.0,0.0
302526L-NTMT,302526L,NTMT,D'LITES,KIDS,49990.0,27750.0,0.0,0.0,0.0,0.0,0.0,0.0,0.0,774.0,0.0
302526L-WSL,302526L,WSL,D'LITES,KIDS,49990.0,27750.0,0.0,0.0,0.0,0.0,0.0,15.0,15.0,772.0,0.0
304154L-BKW,304154L,BKW,D'LITES,KIDS,44990.0,25000.0,0.0,0.0,0.0,0.0,0.0,15.0,15.0,0.0,2083.0
304154L-RSGD,304154L,RSGD,D'LITES,KIDS,44990.0,25000.0,0.0,0.0,0.0,0.0,0.0,0.0,0.0,0.0,1594.0
304154L-WSL,304154L,WSL,D'LITES,KIDS,44990.0,25000.0,0.0,0.0,0.0,0.0,0.0,0.0,0.0,0.0,1490.0
304154L-BBK,304154L,BBK,D'LITES,KIDS,44990.0,25000.0,0.0,0.0,0.0,0.0,0.0,0.0,0.0,0,0
304155L-WSL,304155L,WSL,D'LITES,KIDS,44990.0,25000.0,0.0,0.0,0.0,12.0,12.0,12.0,36.0,0.0,396.0
304155L-BKW,304155L,BKW,D'LITES,KIDS,44990.0,25000.0,0.0,0.0,0.0,12.0,12.0,12.0,36.0,1176.0,396.0
304155L-RSGD,304155L,RSGD,D'LITES,KIDS,44990.0,25000.0,0.0,0.0,0.0,0.0,0.0,0.0,0.0,950.0,0.0
304013L-BKRG,304013L,BKRG,GLIDE-STEP +,KIDS,49990.0,27750.0,0.0,0.0,12.0,12.0,12.0,12.0,48.0,0,0
304013L-WSL,304013L,WSL,GLIDE-STEP +,KIDS,49990.0,27750.0,0.0,0.0,12.0,12.0,0.0,12.0,36.0,0,0
304013L-LAV,304013L,LAV,GLIDE-STEP +,KIDS,49990.0,27750.0,0.0,0.0,0.0,0.0,0.0,0.0,0.0,0,0
303654L-BKMT,303654L,BKMT,GLIDE-STEP +,KIDS,47990.0,26650.0,0.0,0.0,0.0,0.0,0.0,12.0,12.0,0.0,1575.0
303654L-GYPK,303654L,GYPK,GLIDE-STEP +,KIDS,47990.0,26650.0,0.0,0.0,0.0,0.0,0.0,12.0,12.0,0,0
303654L-BKPR,303654L,BKPR,GLIDE-STEP +,KIDS,47990.0,26650.0,0.0,0.0,12.0,12.0,12.0,12.0,48.0,1252.0,2803.0
303654L-WBTQ,303654L,WBTQ,GLIDE-STEP +,KIDS,47990.0,26650.0,0.0,0.0,12.0,0.0,12.0,12.0,36.0,932.0,2892.0
303684L-BKBL,303684L,BKBL,MAX CUSHIONING GLIDE-STEP,KIDS,44990.0,25000.0,0.0,0.0,0.0,0.0,0.0,0.0,0.0,876.0,848.0
303684L-SLT,303684L,SLT,MAX CUSHIONING GLIDE-STEP,KIDS,44990.0,25000.0,0.0,0.0,0.0,0.0,0.0,0.0,0.0,684.0,112.0
304214L-BKMT,304214L,BKMT,SKX AERO SPARK,KIDS,44990.0,25000.0,0.0,0.0,12.0,0.0,0.0,0.0,12.0,0,0
304214L-HPMT,304214L,HPMT,SKX AERO SPARK,KIDS,44990.0,25000.0,0.0,0.0,0.0,0.0,0.0,0.0,0.0,0,0
304214L-NVMT,304214L,NVMT,SKX AERO SPARK,KIDS,44990.0,25000.0,0.0,0.0,12.0,0.0,0.0,12.0,24.0,0,0
304214L-WMLT,304214L,WMLT,SKX AERO SPARK,KIDS,44990.0,25000.0,0.0,0.0,12.0,0.0,0.0,12.0,24.0,0,0
303855L-BLK,303855L,BLK,GO RUN 400 V2,KIDS,42990.0,23900.0,0.0,0.0,0.0,0.0,0.0,0.0,0.0,2201.0,0.0
303855L-LAV,303855L,LAV,GO RUN 400 V2,KIDS,42990.0,23900.0,0.0,0.0,0.0,0.0,0.0,0.0,0.0,3533.0,0.0
304250L-GYLB,304250L,GYLB,GO RUN 400 V2,KIDS,34990.0,19450.0,0.0,0.0,0.0,0.0,0.0,0.0,0.0,0.0,1904.0
304250L-NVLV,304250L,NVLV,GO RUN 400 V2,KIDS,34990.0,19450.0,0.0,0.0,0.0,0.0,0.0,0.0,0.0,0.0,2791.0
304052L-LVMT,304052L,LVMT,MICROSPEC VELOCITY,KIDS,34990.0,19450.0,0.0,0.0,0.0,0.0,0.0,0.0,0.0,0,0
304052L-NVMT,304052L,NVMT,MICROSPEC VELOCITY,KIDS,34990.0,19450.0,0.0,0.0,0.0,0.0,0.0,0.0,0.0,0,0
304052L-BKMT,304052L,BKMT,MICROSPEC VELOCITY,KIDS,34990.0,19450.0,0.0,0.0,0.0,0.0,0.0,0.0,0.0,0,0
304215L-BLK,304215L,BLK,GO RUN CONSISTENT 3,KIDS,42990.0,23900.0,0.0,0.0,0.0,0.0,0.0,0.0,0.0,0,0
304215L-GRY,304215L,GRY,GO RUN CONSISTENT 3,KIDS,42990.0,23900.0,0.0,0.0,0.0,0.0,0.0,0.0,0.0,0,0
304215L-LAV,304215L,LAV,GO RUN CONSISTENT 3,KIDS,42990.0,23900.0,0.0,0.0,0.0,0.0,0.0,0.0,0.0,0,0
304216L-BLK,304216L,BLK,GO RUN CONSISTENT 3,KIDS,42990.0,23900.0,0.0,0.0,0.0,0.0,0.0,0.0,0.0,0,0
304216L-LAV,304216L,LAV,GO RUN CONSISTENT 3,KIDS,42990.0,23900.0,0.0,0.0,0.0,0.0,0.0,0.0,0.0,0,0
303964L-OFWT,303964L,OFWT,GO RUN CONSISTENT 2.0,KIDS,39990.0,22200.0,0.0,0.0,0.0,0.0,0.0,0.0,0.0,1797.0,0.0
303964L-WBK,303964L,WBK,GO RUN CONSISTENT 2.0,KIDS,39990.0,22200.0,0.0,0.0,12.0,12.0,12.0,12.0,48.0,982.0,0.0
303979L-NAT,303979L,NAT,GO RUN CONSISTENT 2.0,KIDS,39990.0,22200.0,0.0,0.0,0.0,0.0,0.0,0.0,0.0,0.0,1410.0
303979L-BKRG,303979L,BKRG,GO RUN CONSISTENT 2.0,KIDS,39990.0,22200.0,0.0,0.0,0.0,0.0,0.0,0.0,0.0,5134.0,1455.0
303980L-BKRG,303980L,BKRG,GO RUN CONSISTENT 2.0,KIDS,39990.0,22200.0,0.0,0.0,0.0,0.0,0.0,0.0,0.0,0.0,1280.0
303980L-NAT,303980L,NAT,GO RUN CONSISTENT 2.0,KIDS,39990.0,22200.0,0.0,0.0,0.0,0.0,0.0,0.0,0.0,0.0,2653.0
304067L-BLK,304067L,BLK,BOUNDER 3.0,KIDS,37990.0,21100.0,0.0,0.0,0.0,0.0,0.0,0.0,0.0,0,0
304067L-GRY,304067L,GRY,BOUNDER 3.0,KIDS,37990.0,21100.0,0.0,0.0,0.0,0.0,0.0,0.0,0.0,0,0
304067L-PNK,304067L,PNK,BOUNDER 3.0,KIDS,37990.0,21100.0,0.0,0.0,0.0,0.0,0.0,0.0,0.0,0,0
303690L-LTGY,303690L,LTGY,BOUNDER PRO,KIDS,37990.0,21100.0,0.0,0.0,0.0,0.0,0.0,0.0,0.0,0,0
303690L-LTPK,303690L,LTPK,BOUNDER PRO,KIDS,37990.0,21100.0,0.0,0.0,0.0,0.0,0.0,0.0,0.0,2387.0,0.0
303690L-NVY,303690L,NVY,BOUNDER PRO,KIDS,37990.0,21100.0,0.0,0.0,0.0,0.0,0.0,0.0,0.0,0.0,4115.0
303690L-BLK,303690L,BLK,BOUNDER PRO,KIDS,37990.0,21100.0,0.0,0.0,0.0,0.0,0.0,0.0,0.0,7206.0,6012.0
303580L-LAV,303580L,LAV,GO RUN 400 V2,KIDS,34990.0,19450.0,0.0,0.0,0.0,0.0,0.0,0.0,0.0,964.0,1470.0
303580L-BLK,303580L,BLK,GO RUN 400 V2,KIDS,34990.0,19450.0,0.0,0.0,0.0,0.0,0.0,0.0,0.0,2705.0,2131.0
303580L-NVY,303580L,NVY,GO RUN 400 V2,KIDS,34990.0,19450.0,0.0,0.0,0.0,0.0,0.0,0.0,0.0,1200.0,1738.0
303581L-BLK,303581L,BLK,GO RUN 400 V2,KIDS,34990.0,19450.0,0.0,0.0,0.0,0.0,0.0,0.0,0.0,0.0,1763.0
303581L-LAV,303581L,LAV,GO RUN 400 V2,KIDS,34990.0,19450.0,0.0,0.0,0.0,0.0,0.0,0.0,0.0,0.0,628.0
303581L-NVY,303581L,NVY,GO RUN 400 V2,KIDS,34990.0,19450.0,0.0,0.0,0.0,0.0,0.0,0.0,0.0,0.0,1086.0
303989L-BLK,303989L,BLK,MAX RUN,KIDS,34990.0,19450.0,0.0,0.0,12.0,0.0,15.0,0.0,27.0,1302.0,0.0
303989L-NVY,303989L,NVY,MAX RUN,KIDS,34990.0,19450.0,0.0,0.0,0.0,0.0,15.0,0.0,15.0,1248.0,0.0
304210L-BKHP,304210L,BKHP,SKECHERS ELITE SPORT PULSE,KIDS,34990.0,19450.0,0.0,0.0,12.0,0.0,0.0,15.0,27.0,0,0
304210L-LTPK,304210L,LTPK,SKECHERS ELITE SPORT PULSE,KIDS,34990.0,19450.0,0.0,0.0,0.0,0.0,0.0,0.0,0.0,0.0,2515.0
304210L-NVPW,304210L,NVPW,SKECHERS ELITE SPORT PULSE,KIDS,34990.0,19450.0,0.0,0.0,0.0,0.0,0.0,0.0,0.0,0.0,5103.0
304012L-GYMT,304012L,GYMT,SKECHERS GLIDE-STEP DRIFT,KIDS,34990.0,19450.0,0.0,0.0,0.0,0.0,0.0,0.0,0.0,0,0
304012L-LPMT,304012L,LPMT,SKECHERS GLIDE-STEP DRIFT,KIDS,34990.0,19450.0,0.0,0.0,0.0,0.0,0.0,0.0,0.0,0,0
304012L-NVMT,304012L,NVMT,SKECHERS GLIDE-STEP DRIFT,KIDS,34990.0,19450.0,0.0,0.0,0.0,0.0,0.0,0.0,0.0,0,0
304054L-BKRG,304054L,BKRG,TIDE TECH,KIDS,34990.0,19450.0,0.0,0.0,0.0,0.0,0.0,0.0,0.0,0.0,4467.0
304054L-LAV,304054L,LAV,TIDE TECH,KIDS,34990.0,19450.0,0.0,0.0,0.0,0.0,0.0,0.0,0.0,0.0,574.0
304054L-LTPK,304054L,LTPK,TIDE TECH,KIDS,34990.0,19450.0,0.0,0.0,0.0,0.0,0.0,0.0,0.0,0.0,2563.0
303622L-BLK,303622L,BLK,BOUNDER,KIDS,32990.0,18350.0,0.0,0.0,0.0,0.0,0.0,0.0,0.0,4741.0,107.0
303622L-LTGY,303622L,LTGY,BOUNDER,KIDS,32990.0,18350.0,0.0,0.0,0.0,0.0,0.0,0.0,0.0,3497.0,0.0
303622L-NVY,303622L,NVY,BOUNDER,KIDS,32990.0,18350.0,0.0,0.0,0.0,0.0,0.0,0.0,0.0,0.0,28.0
303622L-LTPK,303622L,LTPK,BOUNDER,KIDS,32990.0,18350.0,0.0,0.0,0.0,0.0,0.0,0.0,0.0,395.0,0.0
303679L-NVY,303679L,NVY,BOUNDER,KIDS,32990.0,18350.0,0.0,0.0,0.0,0.0,0.0,0.0,0.0,0.0,20.0
303679L-BLK,303679L,BLK,BOUNDER,KIDS,32990.0,18350.0,0.0,0.0,12.0,0.0,0.0,0.0,12.0,1385.0,1288.0
303555L-BKLV,303555L,BKLV,BOUNDLESS,KIDS,32990.0,18350.0,0.0,0.0,0.0,0.0,0.0,0.0,0.0,6937.0,2716.0
303555L-GYTQ,303555L,GYTQ,BOUNDLESS,KIDS,32990.0,18350.0,0.0,0.0,0.0,0.0,0.0,0.0,0.0,0,0
303555L-LVPK,303555L,LVPK,BOUNDLESS,KIDS,32990.0,18350.0,0.0,0.0,0.0,0.0,0.0,0.0,0.0,3471.0,1548.0
303556L-BKLV,303556L,BKLV,BOUNDLESS,KIDS,32990.0,18350.0,0.0,0.0,12.0,0.0,0.0,0.0,12.0,1639.0,952.0
303556L-GYTQ,303556L,GYTQ,BOUNDLESS,KIDS,32990.0,18350.0,0.0,0.0,0.0,0.0,0.0,0.0,0.0,1199.0,616.0
303599L-BKMT,303599L,BKMT,BOUNDLESS,KIDS,32990.0,18350.0,0.0,0.0,0.0,0.0,0.0,0.0,0.0,0,0
303599L-NVMT,303599L,NVMT,BOUNDLESS,KIDS,32990.0,18350.0,0.0,0.0,0.0,0.0,0.0,0.0,0.0,0,0
303557L-BLK,303557L,BLK,WAVE 92,KIDS,32990.0,18350.0,0.0,0.0,0.0,0.0,0.0,15.0,15.0,6880.0,8228.0
303557L-LTGY,303557L,LTGY,WAVE 92,KIDS,32990.0,18350.0,0.0,0.0,0.0,0.0,0.0,0.0,0.0,2528.0,4632.0
303557L-NVY,303557L,NVY,WAVE 92,KIDS,32990.0,18350.0,0.0,0.0,0.0,0.0,0.0,0.0,0.0,6109.0,4271.0
304068L-BKMT,304068L,BKMT,COMFY FLEX 4.0,KIDS,29990.0,16650.0,0.0,0.0,0.0,0.0,0.0,0.0,0.0,0,0
304068L-LVMT,304068L,LVMT,COMFY FLEX 4.0,KIDS,29990.0,16650.0,0.0,0.0,0.0,0.0,0.0,0.0,0.0,0,0
304068L-GYMT,304068L,GYMT,COMFY FLEX 4.0,KIDS,29990.0,16650.0,0.0,0.0,0.0,0.0,0.0,0.0,0.0,0,0
304056L-BLK,304056L,BLK,EDGERIDE,KIDS,29990.0,16650.0,0.0,0.0,0.0,0.0,0.0,0.0,0.0,0.0,6388.0
304056L-LAV,304056L,LAV,EDGERIDE,KIDS,29990.0,16650.0,0.0,0.0,0.0,0.0,0.0,0.0,0.0,0.0,4717.0
304056L-LTBL,304056L,LTBL,EDGERIDE,KIDS,29990.0,16650.0,0.0,0.0,0.0,0.0,0.0,0.0,0.0,0,0
304056L-LTPK,304056L,LTPK,EDGERIDE,KIDS,29990.0,16650.0,0.0,0.0,0.0,0.0,0.0,0.0,0.0,0.0,1424.0
304057L-BLK,304057L,BLK,EDGERIDE,KIDS,29990.0,16650.0,0.0,0.0,12.0,0.0,0.0,12.0,24.0,0.0,1997.0
304057L-GRY,304057L,GRY,EDGERIDE,KIDS,29990.0,16650.0,0.0,0.0,0.0,0.0,0.0,0.0,0.0,0.0,378.0
304060L-AQPR,304060L,AQPR,MICROSPEC TREAD 2.0,KIDS,29990.0,16650.0,0.0,0.0,0.0,0.0,0.0,0.0,0.0,0,0
304060L-BKPK,304060L,BKPK,MICROSPEC TREAD 2.0,KIDS,29990.0,16650.0,0.0,0.0,0.0,0.0,0.0,0.0,0.0,0,0
304060L-GYPR,304060L,GYPR,MICROSPEC TREAD 2.0,KIDS,29990.0,16650.0,0.0,0.0,0.0,0.0,0.0,0.0,0.0,0,0
304060L-PKAQ,304060L,PKAQ,MICROSPEC TREAD 2.0,KIDS,29990.0,16650.0,0.0,0.0,0.0,0.0,0.0,0.0,0.0,0,0
304206L-BKMT,304206L,BKMT,MICROSPEC VELOCITY,KIDS,29990.0,16650.0,0.0,0.0,0.0,0.0,15.0,0.0,15.0,0,0
304206L-PRMT,304206L,PRMT,MICROSPEC VELOCITY,KIDS,29990.0,16650.0,0.0,0.0,0.0,0.0,0.0,0.0,0.0,0,0
304206L-NVMT,304206L,NVMT,MICROSPEC VELOCITY,KIDS,29990.0,16650.0,0.0,0.0,0.0,0.0,0.0,0.0,0.0,0,0
304206L-PWMT,304206L,PWMT,MICROSPEC VELOCITY,KIDS,29990.0,16650.0,0.0,0.0,0.0,0.0,0.0,0.0,0.0,0,0
304011L-BKPK,304011L,BKPK,SKECHERS GLIDE-STEP FLOW,KIDS,29990.0,16650.0,0.0,0.0,0.0,0.0,0.0,0.0,0.0,0,0
304011L-LAV,304011L,LAV,SKECHERS GLIDE-STEP FLOW,KIDS,29990.0,16650.0,0.0,0.0,0.0,0.0,0.0,0.0,0.0,0,0
304011L-NVLB,304011L,NVLB,SKECHERS GLIDE-STEP FLOW,KIDS,29990.0,16650.0,0.0,0.0,0.0,0.0,0.0,0.0,0.0,0,0
304065L-NVMT,304065L,NVMT,SKECHERS SPRINTA,KIDS,29990.0,16650.0,0.0,0.0,0.0,0.0,0.0,0.0,0.0,0,0
304065L-LPMT,304065L,LPMT,SKECHERS SPRINTA,KIDS,29990.0,16650.0,0.0,0.0,0.0,0.0,0.0,0.0,0.0,0,0
304065L-SMLT,304065L,SMLT,SKECHERS SPRINTA,KIDS,29990.0,16650.0,0.0,0.0,0.0,0.0,0.0,0.0,0.0,0,0
304066L-BLK,304066L,BLK,BOUNDER,KIDS,27990.0,15550.0,0.0,0.0,0.0,0.0,0.0,0.0,0.0,0,0
304066L-LAV,304066L,LAV,BOUNDER,KIDS,27990.0,15550.0,0.0,0.0,0.0,0.0,0.0,0.0,0.0,0,0
304066L-LTPK,304066L,LTPK,BOUNDER,KIDS,27990.0,15550.0,0.0,0.0,0.0,0.0,0.0,0.0,0.0,0,0
304208L-BKPK,304208L,BKPK,SKECHERS STREAMLINE,KIDS,27990.0,15550.0,0.0,0.0,0.0,0.0,0.0,15.0,15.0,0.0,5949.0
304208L-LTBL,304208L,LTBL,SKECHERS STREAMLINE,KIDS,27990.0,15550.0,0.0,0.0,0.0,0.0,0.0,0.0,0.0,0,0
304208L-LPK,304208L,LPK,SKECHERS STREAMLINE,KIDS,27990.0,15550.0,0.0,0.0,0.0,0.0,0.0,0.0,0.0,0.0,2207.0
304208L-NVLB,304208L,NVLB,SKECHERS STREAMLINE,KIDS,27990.0,15550.0,0.0,0.0,0.0,0.0,0.0,0.0,0.0,0.0,1835.0
310545L-BBK,310545L,BBK,UNO GEN1,KIDS,47990.0,26650.0,0.0,0.0,0.0,0.0,0.0,0.0,0.0,1843.0,0.0
310545L-BLK,310545L,BLK,UNO GEN1,KIDS,47990.0,26650.0,0.0,0.0,0.0,0.0,0.0,0.0,0.0,363.0,0.0
310545L-WHT,310545L,WHT,UNO GEN1,KIDS,47990.0,26650.0,0.0,0.0,0.0,0.0,0.0,0.0,0.0,5463.0,0.0
310286L-BLK,310286L,BLK,UNO GEN1,KIDS,44990.0,25000.0,0.0,0.0,0.0,0.0,0.0,0.0,0.0,3049.0,3323.0
310286L-WHT,310286L,WHT,UNO GEN1,KIDS,44990.0,25000.0,0.0,0.0,0.0,0.0,0.0,0.0,0.0,1280.0,2977.0
310286L-OFWT,310286L,OFWT,UNO GEN1,KIDS,44990.0,25000.0,0.0,0.0,0.0,0.0,0.0,0.0,0.0,2549.0,0.0
314966L-LVMT,314966L,LVMT,UNO LITE,KIDS,44990.0,25000.0,0.0,0.0,0.0,0.0,0.0,0.0,0.0,0.0,931.0
314966L-WMLT,314966L,WMLT,UNO LITE,KIDS,44990.0,25000.0,0.0,0.0,0.0,0.0,0.0,0.0,0.0,0.0,1156.0
314966L-LPMT,314966L,LPMT,UNO LITE,KIDS,44990.0,25000.0,0.0,0.0,0.0,0.0,0.0,0.0,0.0,1566.0,0.0
310425L-BLK,310425L,BLK,UNO LITE EASE,KIDS,42990.0,23900.0,0.0,0.0,0.0,0.0,0.0,0.0,0.0,0,0
310425L-LAV,310425L,LAV,UNO LITE EASE,KIDS,42990.0,23900.0,0.0,0.0,0.0,0.0,0.0,0.0,0.0,0,0
310425L-WHT,310425L,WHT,UNO LITE EASE,KIDS,42990.0,23900.0,0.0,0.0,0.0,0.0,0.0,0.0,0.0,0,0
310387L-BKRG,310387L,BKRG,UNO LITE,KIDS,39990.0,22200.0,0.0,0.0,0.0,0.0,0.0,0.0,0.0,4485.0,4215.0
310387L-LTPK,310387L,LTPK,UNO LITE,KIDS,39990.0,22200.0,0.0,0.0,0.0,0.0,0.0,0.0,0.0,1931.0,2969.0
310387L-WHT,310387L,WHT,UNO LITE,KIDS,39990.0,22200.0,0.0,0.0,0.0,0.0,0.0,0.0,0.0,4311.0,6133.0
310818L-BLK,310818L,BLK,UNO LITE,KIDS,39990.0,22200.0,0.0,0.0,0.0,0.0,12.0,0.0,12.0,0,0
310818L-BBK,310818L,BBK,UNO LITE,KIDS,39990.0,22200.0,0.0,0.0,0.0,0.0,0.0,0.0,0.0,0,0
310818L-NAT,310818L,NAT,UNO LITE,KIDS,39990.0,22200.0,0.0,0.0,0.0,0.0,12.0,0.0,12.0,0,0
310818L-WHT,310818L,WHT,UNO LITE,KIDS,39990.0,22200.0,0.0,0.0,12.0,0.0,0.0,0.0,12.0,0,0
310769L-BKRG,310769L,BKRG,SKECHERS AURA LX,KIDS,44990.0,25000.0,0.0,0.0,0.0,0.0,0.0,0.0,0.0,0,0
310769L-WHT,310769L,WHT,SKECHERS AURA LX,KIDS,44990.0,25000.0,0.0,0.0,0.0,0.0,0.0,0.0,0.0,0,0
314604L-LTPK,314604L,LTPK,TWINKLE STAR,KIDS,39990.0,22200.0,0.0,0.0,0.0,0.0,0.0,0.0,0.0,0,0
314607L-WMLT,314607L,WMLT,TWINKLE STAR,KIDS,39990.0,22200.0,0.0,0.0,0.0,0.0,0.0,0.0,0.0,0,0
314599L-WTRG,314599L,WTRG,TWINKLE STAR,KIDS,37990.0,21100.0,0.0,0.0,0.0,0.0,0.0,0.0,0.0,0.0,1242.0
314599L-BKRG,314599L,BKRG,TWINKLE STAR,KIDS,37990.0,21100.0,0.0,0.0,0.0,0.0,0.0,0.0,0.0,0.0,1242.0
303484L-BLMT,303484L,BLMT,BOUNDER PRO,KIDS,39990.0,22200.0,0.0,0.0,0.0,0.0,0.0,0.0,0.0,0,0
303484L-NVY,303484L,NVY,BOUNDER PRO,KIDS,39990.0,22200.0,0.0,0.0,0.0,0.0,0.0,0.0,0.0,0,0
303484L-BKHP,303484L,BKHP,BOUNDER PRO,KIDS,39990.0,22200.0,0.0,0.0,0.0,0.0,0.0,0.0,0.0,0,0
319260L-BKLP,319260L,BKLP,SKECHERS ELITE SPORT TREAD,KIDS,39990.0,22200.0,0.0,0.0,0.0,0.0,0.0,0.0,0.0,1224.0,0.0
319260L-MVE,319260L,MVE,SKECHERS ELITE SPORT TREAD,KIDS,39990.0,22200.0,0.0,0.0,0.0,0.0,0.0,0.0,0.0,1116.0,0.0
319260L-NVY,319260L,NVY,SKECHERS ELITE SPORT TREAD,KIDS,39990.0,22200.0,0.0,0.0,0.0,0.0,0.0,0.0,0.0,0,0
303493L-BKLV,303493L,BKLV,STORM BLAZER,KIDS,49990.0,27750.0,0.0,0.0,0.0,0.0,0.0,0.0,0.0,0,0
303493L-CCTL,303493L,CCTL,STORM BLAZER,KIDS,49990.0,27750.0,0.0,0.0,0.0,0.0,0.0,0.0,0.0,0,0
303493L-NVY,303493L,NVY,STORM BLAZER,KIDS,49990.0,27750.0,0.0,0.0,0.0,0.0,0.0,0.0,0.0,0,0
310566L-BLSH,310566L,BLSH,UNO GEN1,KIDS,49990.0,27750.0,0.0,0.0,0.0,0.0,0.0,0.0,0.0,0,0
310566L-NAT,310566L,NAT,UNO GEN1,KIDS,49990.0,27750.0,0.0,0.0,0.0,0.0,0.0,0.0,0.0,0,0
303335L-BBK,303335L,BBK,KEEPSAKES COZY,KIDS,49990.0,27750.0,0.0,0.0,0.0,0.0,0.0,0.0,0.0,0,0
303335L-CSNT,303335L,CSNT,KEEPSAKES COZY,KIDS,49990.0,27750.0,0.0,0.0,0.0,0.0,0.0,0.0,0.0,0,0
303371L-BBK,303371L,BBK,BOUNDER PRO,KIDS,37990.0,21100.0,0.0,0.0,0.0,0.0,0.0,0.0,0.0,0,0
303371L-CSNT,303371L,CSNT,BOUNDER PRO,KIDS,37990.0,21100.0,0.0,0.0,0.0,0.0,0.0,0.0,0.0,0,0
303371L-OLV,303371L,OLV,BOUNDER PRO,KIDS,37990.0,21100.0,0.0,0.0,0.0,0.0,0.0,0.0,0.0,0,0
303370L-BBK,303370L,BBK,BOUNDER PRO,KIDS,34990.0,19450.0,0.0,0.0,0.0,0.0,0.0,0.0,0.0,0,0
303370L-CSNT,303370L,CSNT,BOUNDER PRO,KIDS,34990.0,19450.0,0.0,0.0,0.0,0.0,0.0,0.0,0.0,0,0
303333L-BLK,303333L,BLK,KEEPSAKES COZY,KIDS,34990.0,19450.0,0.0,0.0,0.0,0.0,0.0,0.0,0.0,0,0
303333L-CSNT,303333L,CSNT,KEEPSAKES COZY,KIDS,34990.0,19450.0,0.0,0.0,0.0,0.0,0.0,0.0,0.0,0,0
303714N-TQLV,303714N,TQLV,SKECHERS SOLA GLOW,KIDS,32990.0,18350.0,0.0,0.0,0.0,0.0,0.0,0.0,0.0,133.0,3749.0
303714N-GYLP,303714N,GYLP,SKECHERS SOLA GLOW,KIDS,32990.0,18350.0,0.0,0.0,0.0,0.0,0.0,0.0,0.0,1285.0,6122.0
303196N-LPMT,303196N,LPMT,PLAY SCENE 2.0,KIDS,32990.0,18350.0,0.0,0.0,0.0,0.0,0.0,0.0,0.0,0,0
303196N-LVMT,303196N,LVMT,PLAY SCENE 2.0,KIDS,32990.0,18350.0,0.0,0.0,0.0,0.0,0.0,0.0,0.0,0,0
304103N-LTBL,304103N,LTBL,COMFY SPRINTS,KIDS,39990.0,22200.0,0.0,0.0,0.0,0.0,0.0,0.0,0.0,0,0
304103N-LTPK,304103N,LTPK,COMFY SPRINTS,KIDS,39990.0,22200.0,0.0,0.0,0.0,0.0,0.0,0.0,0.0,0,0
303690N-LTPK,303690N,LTPK,BOUNDER PRO,KIDS,34990.0,19450.0,0.0,0.0,0.0,0.0,0.0,0.0,0.0,0.0,798.0
303690N-BLK,303690N,BLK,BOUNDER PRO,KIDS,34990.0,19450.0,0.0,0.0,0.0,0.0,0.0,0.0,0.0,0,0
303690N-NVY,303690N,NVY,BOUNDER PRO,KIDS,34990.0,19450.0,0.0,0.0,0.0,0.0,0.0,0.0,0.0,0,0
303582N-LAV,303582N,LAV,DYNA-LITE,KIDS,29990.0,16650.0,0.0,0.0,0.0,0.0,0.0,0.0,0.0,1227.0,472.0
303582N-NVY,303582N,NVY,DYNA-LITE,KIDS,29990.0,16650.0,0.0,0.0,0.0,0.0,0.0,0.0,0.0,1566.0,543.0
303557N-LTGY,303557N,LTGY,WAVE 92,KIDS,29990.0,16650.0,0.0,0.0,0.0,0.0,0.0,0.0,0.0,2819.0,3220.0
303557N-NVY,303557N,NVY,WAVE 92,KIDS,29990.0,16650.0,0.0,0.0,12.0,0.0,0.0,12.0,24.0,0,0
303557N-LTPK,303557N,LTPK,WAVE 92,KIDS,29990.0,16650.0,0.0,0.0,12.0,0.0,0.0,12.0,24.0,2479.0,0.0
304066N-LAV,304066N,LAV,BOUNDER,KIDS,24990.0,13900.0,0.0,0.0,0.0,0.0,0.0,0.0,0.0,0,0
304066N-LTPK,304066N,LTPK,BOUNDER,KIDS,24990.0,13900.0,0.0,0.0,0.0,0.0,0.0,0.0,0.0,0,0
304066N-BLK,304066N,BLK,BOUNDER,KIDS,24990.0,13900.0,0.0,0.0,12.0,0.0,12.0,0.0,24.0,0,0
310451N-BKRG,310451N,BKRG,UNO LITE,KIDS,34990.0,19450.0,0.0,0.0,0.0,0.0,0.0,0.0,0.0,3001.0,1557.0
310451N-WHP,310451N,WHP,UNO LITE,KIDS,34990.0,19450.0,0.0,0.0,0.0,0.0,0.0,0.0,0.0,3119.0,2264.0
314604N-LTPK,314604N,LTPK,TWINKLE STAR,KIDS,37990.0,21100.0,0.0,0.0,0.0,0.0,0.0,0.0,0.0,0,0
314607N-WMLT,314607N,WMLT,TWINKLE STAR,KIDS,37990.0,21100.0,0.0,0.0,0.0,0.0,0.0,0.0,0.0,0,0
314599N-PKSL,314599N,PKSL,TWINKLE STAR,KIDS,34990.0,19450.0,0.0,0.0,0.0,0.0,0.0,0.0,0.0,0,0
314599N-WTRG,314599N,WTRG,TWINKLE STAR,KIDS,34990.0,19450.0,0.0,0.0,0.0,0.0,12.0,0.0,12.0,0.0,1126.0
319310N-NVMT,319310N,NVMT,ILLUMI-BRIGHTS,KIDS,32990.0,18350.0,0.0,0.0,0.0,0.0,0.0,0.0,0.0,1042.0,0.0
319310N-PKMT,319310N,PKMT,ILLUMI-BRIGHTS,KIDS,32990.0,18350.0,0.0,0.0,0.0,0.0,0.0,0.0,0.0,852.0,0.0
400142L-BLBK,400142L,BLBK,FLEX-GLOW PLUS,KIDS,39990.0,22200.0,0.0,0.0,0.0,0.0,0.0,0.0,0.0,0,0
400142L-RDBK,400142L,RDBK,FLEX-GLOW PLUS,KIDS,39990.0,22200.0,0.0,0.0,0.0,0.0,0.0,0.0,0.0,0,0
400590L-BBLM,400590L,BBLM,VORTEX 3.0,KIDS,37990.0,21100.0,0.0,0.0,0.0,0.0,0.0,0.0,0.0,2178.0,2794.0
400590L-BKRB,400590L,BKRB,VORTEX 3.0,KIDS,37990.0,21100.0,0.0,0.0,0.0,0.0,0.0,0.0,0.0,0.0,5140.0
400590L-BKLM,400590L,BKLM,VORTEX 3.0,KIDS,37990.0,21100.0,0.0,0.0,0.0,0.0,0.0,0.0,0.0,0.0,1934.0
404227L-BLBK,404227L,BLBK,SKECHERS METEOR-LIGHTS,KIDS,37990.0,21100.0,0.0,0.0,0.0,0.0,0.0,0.0,0.0,0,0
404227L-GRY,404227L,GRY,SKECHERS METEOR-LIGHTS,KIDS,37990.0,21100.0,0.0,0.0,0.0,0.0,0.0,0.0,0.0,0,0
404227L-NVY,404227L,NVY,SKECHERS METEOR-LIGHTS,KIDS,37990.0,21100.0,0.0,0.0,0.0,0.0,0.0,0.0,0.0,0,0
404227L-RDBK,404227L,RDBK,SKECHERS METEOR-LIGHTS,KIDS,37990.0,21100.0,0.0,0.0,0.0,0.0,0.0,0.0,0.0,0,0
401491L-BKCC,401491L,BKCC,SKECHERS METEOR-LIGHTS 3.0,KIDS,34990.0,19450.0,0.0,0.0,12.0,0.0,0.0,0.0,12.0,0,0
401491L-BLLM,401491L,BLLM,SKECHERS METEOR-LIGHTS 3.0,KIDS,34990.0,19450.0,0.0,0.0,12.0,0.0,0.0,0.0,12.0,0,0
401491L-RDBK,401491L,RDBK,SKECHERS METEOR-LIGHTS 3.0,KIDS,34990.0,19450.0,0.0,0.0,0.0,15.0,0.0,0.0,15.0,0,0
402150L-BKNV,402150L,BKNV,SKECHERS GARAGE,KIDS,44990.0,25000.0,0.0,0.0,0.0,0.0,0.0,0.0,0.0,0.0,1457.0
402150L-SLBK,402150L,SLBK,SKECHERS GARAGE,KIDS,44990.0,25000.0,0.0,0.0,0.0,0.0,0.0,0.0,0.0,810.0,1217.0
402150L-RDCC,402150L,RDCC,SKECHERS GARAGE,KIDS,44990.0,25000.0,0.0,0.0,0.0,0.0,0.0,0.0,0.0,832.0,1062.0
402160L-BLLM,402160L,BLLM,MEGA-CRAFT 4K,KIDS,42990.0,23900.0,0.0,0.0,0.0,0.0,0.0,0.0,0.0,1342.0,0.0
402160L-BRMT,402160L,BRMT,MEGA-CRAFT 4K,KIDS,42990.0,23900.0,0.0,0.0,0.0,0.0,0.0,0.0,0.0,1478.0,3670.0
402130L-RDBK,402130L,RDBK,MEGA-FLEX LITE,KIDS,42990.0,23900.0,0.0,0.0,0.0,0.0,0.0,0.0,0.0,0.0,257.0
402130L-YLBK,402130L,YLBK,MEGA-FLEX LITE,KIDS,42990.0,23900.0,0.0,0.0,0.0,0.0,0.0,0.0,0.0,0.0,237.0
400175L-BKLM,400175L,BKLM,SKECH-O-SAURUS LIGHTS 3.0,KIDS,42990.0,23900.0,0.0,0.0,0.0,0.0,0.0,0.0,0.0,0.0,2455.0
400175L-OLV,400175L,OLV,SKECH-O-SAURUS LIGHTS 3.0,KIDS,42990.0,23900.0,0.0,0.0,0.0,0.0,0.0,0.0,0.0,0,0
403892L-BKW,403892L,BKW,CONTOUR FOAM,KIDS,42990.0,23900.0,0.0,0.0,0.0,0.0,0.0,0.0,0.0,1423.0,1773.0
403892L-NVY,403892L,NVY,CONTOUR FOAM,KIDS,42990.0,23900.0,0.0,0.0,0.0,0.0,0.0,0.0,0.0,1280.0,1577.0
403892L-WNV,403892L,WNV,CONTOUR FOAM,KIDS,42990.0,23900.0,0.0,0.0,0.0,0.0,0.0,0.0,0.0,1777.0,1262.0
404200L-BKW,404200L,BKW,CONTOUR FOAM,KIDS,42990.0,23900.0,0.0,0.0,0.0,0.0,0.0,0.0,0.0,0,0
404200L-LTGY,404200L,LTGY,CONTOUR FOAM,KIDS,42990.0,23900.0,0.0,0.0,0.0,0.0,0.0,0.0,0.0,0,0
404200L-NVY,404200L,NVY,CONTOUR FOAM,KIDS,42990.0,23900.0,0.0,0.0,0.0,0.0,0.0,0.0,0.0,0,0
404203L-BLNV,404203L,BLNV,GLIDE-STEP PLUS,KIDS,47990.0,26650.0,0.0,0.0,0.0,0.0,0.0,0.0,0.0,0,0
404203L-CCBK,404203L,CCBK,GLIDE-STEP PLUS,KIDS,47990.0,26650.0,0.0,0.0,0.0,15.0,15.0,15.0,45.0,1371.0,1941.0
404203L-BBK,404203L,BBK,GLIDE-STEP PLUS,KIDS,47990.0,26650.0,0.0,0.0,0.0,15.0,15.0,15.0,45.0,1352.0,0.0
404203L-NVBK,404203L,NVBK,GLIDE-STEP PLUS,KIDS,47990.0,26650.0,0.0,0.0,0.0,0.0,0.0,0.0,0.0,0.0,1895.0
404206L-BLBK,404206L,BLBK,MAX CUSHIONING GLIDE-STEP,KIDS,44990.0,25000.0,0.0,0.0,12.0,0.0,0.0,0.0,12.0,0,0
404206L-BLK,404206L,BLK,MAX CUSHIONING GLIDE-STEP,KIDS,44990.0,25000.0,0.0,0.0,0.0,0.0,0.0,15.0,15.0,747.0,1022.0
404206L-RDBK,404206L,RDBK,MAX CUSHIONING GLIDE-STEP,KIDS,44990.0,25000.0,0.0,0.0,0.0,0.0,0.0,0.0,0.0,0.0,848.0
404215L-BLK,404215L,BLK,SKX AERO SPARK,KIDS,44990.0,25000.0,0.0,0.0,0.0,0.0,0.0,0.0,0.0,0,0
404215L-CHAR,404215L,CHAR,SKX AERO SPARK,KIDS,44990.0,25000.0,0.0,0.0,0.0,0.0,0.0,0.0,0.0,0,0
404215L-LMMT,404215L,LMMT,SKX AERO SPARK,KIDS,44990.0,25000.0,0.0,0.0,0.0,0.0,0.0,0.0,0.0,0,0
404215L-BLU,404215L,BLU,SKX AERO SPARK,KIDS,44990.0,25000.0,0.0,0.0,0.0,0.0,0.0,0.0,0.0,0,0
404302L-BLK,404302L,BLK,GO RUN CONSISTENT 3,KIDS,42990.0,23900.0,0.0,0.0,0.0,0.0,0.0,0.0,0.0,0,0
404302L-CHAR,404302L,CHAR,GO RUN CONSISTENT 3,KIDS,42990.0,23900.0,0.0,0.0,0.0,0.0,0.0,0.0,0.0,0,0
403899L-BKRY,403899L,BKRY,GO RUN 400 V2,KIDS,42990.0,23900.0,0.0,0.0,0.0,0.0,0.0,0.0,0.0,1136.0,0.0
403899L-CCBK,403899L,CCBK,GO RUN 400 V2,KIDS,42990.0,23900.0,0.0,0.0,0.0,0.0,0.0,0.0,0.0,860.0,0.0
404055L-BLK,404055L,BLK,BOUNDER 3.0,KIDS,37990.0,21100.0,0.0,0.0,0.0,0.0,0.0,0.0,0.0,0,0
404055L-GRY,404055L,GRY,BOUNDER 3.0,KIDS,37990.0,21100.0,0.0,0.0,0.0,0.0,0.0,0.0,0.0,0,0
404055L-NVY,404055L,NVY,BOUNDER 3.0,KIDS,37990.0,21100.0,0.0,0.0,0.0,0.0,0.0,0.0,0.0,0,0
404800L-BLK,404800L,BLK,EDGERIDE,KIDS,37990.0,21100.0,0.0,0.0,0.0,0.0,0.0,0.0,0.0,2985.0,0.0
404800L-NVY,404800L,NVY,EDGERIDE,KIDS,37990.0,21100.0,0.0,0.0,0.0,0.0,0.0,0.0,0.0,2357.0,0.0
404801L-BLK,404801L,BLK,EDGERIDE,KIDS,37990.0,21100.0,0.0,0.0,0.0,0.0,12.0,0.0,12.0,3691.0,0.0
404801L-NVY,404801L,NVY,EDGERIDE,KIDS,37990.0,21100.0,0.0,0.0,0.0,0.0,0.0,0.0,0.0,2014.0,0.0
405145L-BKLM,405145L,BKLM,MAX RUN,KIDS,34990.0,19450.0,0.0,0.0,12.0,0.0,0.0,0.0,12.0,0.0,3645.0
405145L-BLOR,405145L,BLOR,MAX RUN,KIDS,34990.0,19450.0,0.0,0.0,12.0,0.0,0.0,0.0,12.0,0.0,2268.0
405145L-CCYL,405145L,CCYL,MAX RUN,KIDS,34990.0,19450.0,0.0,0.0,0.0,0.0,0.0,0.0,0.0,0,0
405145L-NVYL,405145L,NVYL,MAX RUN,KIDS,34990.0,19450.0,0.0,0.0,12.0,0.0,0.0,0.0,12.0,0.0,4842.0
404040L-BKDN,404040L,BKDN,TIDAL-TECH,KIDS,34990.0,19450.0,0.0,0.0,0.0,0.0,0.0,0.0,0.0,4467.0,0.0
404040L-BLMT,404040L,BLMT,TIDAL-TECH,KIDS,34990.0,19450.0,0.0,0.0,0.0,0.0,0.0,0.0,0.0,142.0,0.0
404042L-CHAR,404042L,CHAR,TIDAL-TECH,KIDS,32990.0,18350.0,0.0,0.0,0.0,0.0,0.0,0.0,0.0,0.0,1931.0
404042L-RDBK,404042L,RDBK,TIDAL-TECH,KIDS,32990.0,18350.0,0.0,0.0,0.0,0.0,0.0,0.0,0.0,0.0,1494.0
404042L-SLT,404042L,SLT,TIDAL-TECH,KIDS,32990.0,18350.0,0.0,0.0,0.0,0.0,0.0,0.0,0.0,0.0,812.0
403908L-BKSL,403908L,BKSL,BOUNDER,KIDS,32990.0,18350.0,0.0,0.0,0.0,0.0,0.0,0.0,0.0,0.0,4788.0
403908L-BBK,403908L,BBK,BOUNDER,KIDS,32990.0,18350.0,0.0,0.0,0.0,0.0,0.0,0.0,0.0,6094.0,0.0
403908L-BKRD,403908L,BKRD,BOUNDER,KIDS,32990.0,18350.0,0.0,0.0,0.0,0.0,0.0,0.0,0.0,5021.0,5214.0
403908L-NVLM,403908L,NVLM,BOUNDER,KIDS,32990.0,18350.0,0.0,0.0,0.0,0.0,0.0,0.0,0.0,8412.0,5308.0
403909L-BKRD,403909L,BKRD,BOUNDER,KIDS,32990.0,18350.0,0.0,0.0,0.0,0.0,0.0,0.0,0.0,0,0
403909L-CCOR,403909L,CCOR,BOUNDER,KIDS,32990.0,18350.0,0.0,0.0,0.0,0.0,0.0,0.0,0.0,19.0,0.0
403909L-NVLM,403909L,NVLM,BOUNDER,KIDS,32990.0,18350.0,0.0,0.0,0.0,0.0,0.0,0.0,0.0,0,0
403718L-BKLM,403718L,BKLM,BOUNDLESS,KIDS,32990.0,18350.0,0.0,0.0,0.0,0.0,0.0,0.0,0.0,0.0,413.0
403718L-BKSL,403718L,BKSL,BOUNDLESS,KIDS,32990.0,18350.0,0.0,0.0,0.0,0.0,0.0,0.0,0.0,13050.0,641.0
403718L-NVBL,403718L,NVBL,BOUNDLESS,KIDS,32990.0,18350.0,0.0,0.0,0.0,0.0,0.0,0.0,0.0,8415.0,404.0
404125L-NVSL,404125L,NVSL,MICROSPEC VELOCITY,KIDS,32990.0,18350.0,0.0,0.0,0.0,0.0,0.0,0.0,0.0,3237.0,306.0
404125L-RDBK,404125L,RDBK,MICROSPEC VELOCITY,KIDS,32990.0,18350.0,0.0,0.0,0.0,0.0,0.0,0.0,0.0,4246.0,297.0
404015L-GYBK,404015L,GYBK,SKECH-LITE PRO,KIDS,32990.0,18350.0,0.0,0.0,0.0,0.0,0.0,0.0,0.0,0.0,933.0
404015L-NVLM,404015L,NVLM,SKECH-LITE PRO,KIDS,32990.0,18350.0,0.0,0.0,0.0,0.0,0.0,0.0,0.0,0.0,2043.0
404015L-BKCC,404015L,BKCC,SKECH-LITE PRO,KIDS,32990.0,18350.0,0.0,0.0,0.0,0.0,0.0,0.0,0.0,1874.0,4076.0
404015L-BLK,404015L,BLK,SKECH-LITE PRO,KIDS,32990.0,18350.0,0.0,0.0,0.0,0.0,0.0,0.0,0.0,3125.0,5243.0
404016L-GYBK,404016L,GYBK,SKECH-LITE PRO,KIDS,32990.0,18350.0,0.0,0.0,0.0,0.0,0.0,0.0,0.0,0.0,522.0
404016L-BLK,404016L,BLK,SKECH-LITE PRO,KIDS,32990.0,18350.0,0.0,0.0,0.0,0.0,0.0,0.0,0.0,4995.0,5615.0
404016L-NVLM,404016L,NVLM,SKECH-LITE PRO,KIDS,32990.0,18350.0,0.0,0.0,0.0,0.0,0.0,0.0,0.0,2212.0,2428.0
404820L-BKBL,404820L,BKBL,BOUNDLESS,KIDS,29990.0,16650.0,0.0,0.0,12.0,12.0,0.0,0.0,24.0,0.0,1748.0
404820L-NVSL,404820L,NVSL,BOUNDLESS,KIDS,29990.0,16650.0,0.0,0.0,0.0,0.0,0.0,0.0,0.0,0,0
404820L-RDBK,404820L,RDBK,BOUNDLESS,KIDS,29990.0,16650.0,0.0,0.0,0.0,12.0,0.0,0.0,12.0,0.0,1982.0
404802L-BLK,404802L,BLK,EDGERIDE,KIDS,29990.0,16650.0,0.0,0.0,0.0,0.0,0.0,0.0,0.0,0.0,4992.0
404802L-NVY,404802L,NVY,EDGERIDE,KIDS,29990.0,16650.0,0.0,0.0,0.0,0.0,0.0,0.0,0.0,0.0,2564.0
404803L-BLK,404803L,BLK,EDGERIDE,KIDS,29990.0,16650.0,0.0,0.0,0.0,0.0,0.0,0.0,0.0,0.0,5029.0
404803L-NVY,404803L,NVY,EDGERIDE,KIDS,29990.0,16650.0,0.0,0.0,0.0,0.0,0.0,0.0,0.0,0.0,1679.0
404118L-BKW,404118L,BKW,MICROSPEC TREAD 2.0,KIDS,29990.0,16650.0,0.0,0.0,0.0,0.0,0.0,0.0,0.0,0,0
404118L-RYBK,404118L,RYBK,MICROSPEC TREAD 2.0,KIDS,29990.0,16650.0,0.0,0.0,0.0,0.0,0.0,0.0,0.0,0,0
404118L-SLBK,404118L,SLBK,MICROSPEC TREAD 2.0,KIDS,29990.0,16650.0,0.0,0.0,0.0,0.0,0.0,0.0,0.0,0,0
404118L-RDBK,404118L,RDBK,MICROSPEC TREAD 2.0,KIDS,29990.0,16650.0,0.0,0.0,0.0,0.0,0.0,0.0,0.0,0,0
404127L-BBLM,404127L,BBLM,MICROSPEC VELOCITY,KIDS,29990.0,16650.0,0.0,0.0,0.0,0.0,0.0,0.0,0.0,0.0,5275.0
404127L-NVBL,404127L,NVBL,MICROSPEC VELOCITY,KIDS,29990.0,16650.0,0.0,0.0,0.0,0.0,15.0,0.0,15.0,0,0
404127L-BKRD,404127L,BKRD,MICROSPEC VELOCITY,KIDS,29990.0,16650.0,0.0,0.0,0.0,0.0,15.0,0.0,15.0,0.0,5206.0
403917L-BLK,403917L,BLK,BOUNDER,KIDS,27990.0,15550.0,0.0,0.0,12.0,0.0,0.0,0.0,12.0,0,0
403917L-BLYL,403917L,BLYL,BOUNDER,KIDS,27990.0,15550.0,0.0,0.0,12.0,0.0,0.0,0.0,12.0,0,0
403917L-GRY,403917L,GRY,BOUNDER,KIDS,27990.0,15550.0,0.0,0.0,0.0,0.0,0.0,0.0,0.0,0,0
405094L-BKRY,405094L,BKRY,GO RUN 400 V2,KIDS,27990.0,15550.0,0.0,0.0,0.0,0.0,0.0,0.0,0.0,1340.0,0.0
405094L-CCRD,405094L,CCRD,GO RUN 400 V2,KIDS,27990.0,15550.0,0.0,0.0,0.0,0.0,0.0,0.0,0.0,0,0
405094L-NVLM,405094L,NVLM,GO RUN 400 V2,KIDS,27990.0,15550.0,0.0,0.0,0.0,0.0,0.0,0.0,0.0,688.0,0.0
404842L-BKCC,404842L,BKCC,SKECH CAGE,KIDS,27990.0,15550.0,0.0,0.0,0.0,12.0,15.0,0.0,27.0,0,0
404842L-BKRD,404842L,BKRD,SKECH CAGE,KIDS,27990.0,15550.0,0.0,0.0,12.0,12.0,0.0,0.0,24.0,0,0
404842L-NVBL,404842L,NVBL,SKECH CAGE,KIDS,27990.0,15550.0,0.0,0.0,12.0,12.0,0.0,0.0,24.0,0,0
417035L-BLK,417035L,BLK,UNO GEN1,KIDS,44990.0,25000.0,0.0,0.0,0.0,0.0,0.0,0.0,0.0,0.0,1015.0
417035L-NVY,417035L,NVY,UNO GEN1,KIDS,44990.0,25000.0,0.0,0.0,0.0,0.0,0.0,0.0,0.0,0.0,1006.0
417035L-WNVR,417035L,WNVR,UNO GEN1,KIDS,44990.0,25000.0,0.0,0.0,0.0,0.0,0.0,0.0,0.0,0,0
417035L-OLV,417035L,OLV,UNO GEN1,KIDS,44990.0,25000.0,0.0,0.0,0.0,0.0,0.0,0.0,0.0,0.0,698.0
417132L-SAGE,417132L,SAGE,UNO LITE,KIDS,39990.0,22200.0,0.0,0.0,0.0,0.0,0.0,0.0,0.0,0,0
417132L-NVBL,417132L,NVBL,UNO LITE,KIDS,39990.0,22200.0,0.0,0.0,0.0,0.0,0.0,0.0,0.0,0,0
417132L-BKW,417132L,BKW,UNO LITE,KIDS,39990.0,22200.0,0.0,0.0,0.0,0.0,0.0,0.0,0.0,0.0,1392.0
417132L-WBRD,417132L,WBRD,UNO LITE,KIDS,39990.0,22200.0,0.0,0.0,0.0,0.0,0.0,0.0,0.0,0.0,1318.0
417021L-LTGY,417021L,LTGY,UNO LITE 2.0,KIDS,37990.0,21100.0,0.0,0.0,0.0,0.0,0.0,0.0,0.0,0,0
417021L-CHAR,417021L,CHAR,UNO LITE 2.0,KIDS,37990.0,21100.0,0.0,0.0,0.0,0.0,0.0,0.0,0.0,0,0
417021L-TPE,417021L,TPE,UNO LITE 2.0,KIDS,37990.0,21100.0,0.0,0.0,0.0,0.0,0.0,0.0,0.0,0,0
417129L-BLK,417129L,BLK,UNO LITE EASE,KIDS,37990.0,21100.0,0.0,0.0,0.0,0.0,0.0,0.0,0.0,0,0
417129L-GRY,417129L,GRY,UNO LITE EASE,KIDS,37990.0,21100.0,0.0,0.0,0.0,0.0,0.0,0.0,0.0,0,0
417129L-NVY,417129L,NVY,UNO LITE EASE,KIDS,37990.0,21100.0,0.0,0.0,0.0,0.0,0.0,0.0,0.0,0,0
418070L-BBK,418070L,BBK,COURT TECH,KIDS,34990.0,19450.0,0.0,0.0,0.0,0.0,0.0,0.0,0.0,0,0
418070L-NVGY,418070L,NVGY,COURT TECH,KIDS,34990.0,19450.0,0.0,0.0,0.0,0.0,0.0,0.0,0.0,0,0
418070L-OLV,418070L,OLV,COURT TECH,KIDS,34990.0,19450.0,0.0,0.0,0.0,0.0,0.0,0.0,0.0,1160.0,262.0
418028L-BLK,418028L,BLK,QUICK STREET,KIDS,32990.0,18350.0,0.0,0.0,0.0,0.0,0.0,0.0,0.0,0.0,2632.0
418028L-CHAR,418028L,CHAR,QUICK STREET,KIDS,32990.0,18350.0,0.0,0.0,0.0,0.0,0.0,0.0,0.0,0.0,3258.0
418028L-OLV,418028L,OLV,QUICK STREET,KIDS,32990.0,18350.0,0.0,0.0,0.0,0.0,0.0,0.0,0.0,0.0,2985.0
418027L-BLK,418027L,BLK,QUICK STREET,KIDS,32990.0,18350.0,0.0,0.0,0.0,0.0,0.0,0.0,0.0,0,0
418027L-CHAR,418027L,CHAR,QUICK STREET,KIDS,32990.0,18350.0,0.0,0.0,0.0,0.0,0.0,0.0,0.0,0,0
418027L-OLV,418027L,OLV,QUICK STREET,KIDS,32990.0,18350.0,0.0,0.0,0.0,0.0,0.0,0.0,0.0,0,0
407066L-BLK,407066L,BLK,STORM BLAZER,KIDS,44990.0,25000.0,0.0,0.0,0.0,0.0,0.0,0.0,0.0,0.0,990.0
407066L-GRN,407066L,GRN,STORM BLAZER,KIDS,44990.0,25000.0,0.0,0.0,0.0,0.0,0.0,0.0,0.0,0.0,990.0
406411L-BKGR,406411L,BKGR,RUGGED RANGER,KIDS,42990.0,23900.0,0.0,0.0,0.0,0.0,0.0,0.0,0.0,1056.0,0.0
406411L-BKRD,406411L,BKRD,RUGGED RANGER,KIDS,42990.0,23900.0,0.0,0.0,0.0,0.0,0.0,0.0,0.0,1880.0,0.0
406334L-BKBL,406334L,BKBL,SKECHERS ELITE SPORT TREAD,KIDS,39990.0,22200.0,0.0,0.0,0.0,0.0,0.0,0.0,0.0,1254.0,0.0
406334L-OLV,406334L,OLV,SKECHERS ELITE SPORT TREAD,KIDS,39990.0,22200.0,0.0,0.0,0.0,0.0,0.0,0.0,0.0,0.0,818.0
406334L-GYBL,406334L,GYBL,SKECHERS ELITE SPORT TREAD,KIDS,39990.0,22200.0,0.0,0.0,0.0,0.0,0.0,0.0,0.0,1581.0,0.0
406334L-NVOR,406334L,NVOR,SKECHERS ELITE SPORT TREAD,KIDS,39990.0,22200.0,0.0,0.0,0.0,0.0,0.0,0.0,0.0,2123.0,20.0
406341L-BKCC,406341L,BKCC,BOUNDER 2.0,KIDS,39990.0,22200.0,0.0,0.0,0.0,0.0,0.0,0.0,0.0,882.0,0.0
406341L-BKOL,406341L,BKOL,BOUNDER 2.0,KIDS,39990.0,22200.0,0.0,0.0,0.0,0.0,0.0,0.0,0.0,0,0
406341L-BRTP,406341L,BRTP,BOUNDER 2.0,KIDS,39990.0,22200.0,0.0,0.0,0.0,0.0,0.0,0.0,0.0,798.0,0.0
402151L-BKSL,402151L,BKSL,SKECHERS GARAGE,KIDS,49990.0,27750.0,0.0,0.0,0.0,0.0,0.0,0.0,0.0,0,0
402151L-BLOR,402151L,BLOR,SKECHERS GARAGE,KIDS,49990.0,27750.0,0.0,0.0,0.0,0.0,0.0,0.0,0.0,0,0
406377L-BKRD,406377L,BKRD,STORM BLAZER,KIDS,49990.0,27750.0,0.0,0.0,0.0,0.0,0.0,0.0,0.0,0,0
406377L-BKTP,406377L,BKTP,STORM BLAZER,KIDS,49990.0,27750.0,0.0,0.0,0.0,0.0,0.0,0.0,0.0,0,0
406377L-OLBK,406377L,OLBK,STORM BLAZER,KIDS,49990.0,27750.0,0.0,0.0,0.0,0.0,0.0,0.0,0.0,0,0
406412L-BKGR,406412L,BKGR,RUGGED RANGER,KIDS,44990.0,25000.0,0.0,0.0,0.0,0.0,0.0,0.0,0.0,4368.0,0.0
406412L-BKRD,406412L,BKRD,RUGGED RANGER,KIDS,44990.0,25000.0,0.0,0.0,0.0,0.0,0.0,0.0,0.0,6094.0,0.0
406336L-BBK,406336L,BBK,SKECHERS ELITE SPORT TREAD,KIDS,44990.0,25000.0,0.0,0.0,0.0,0.0,0.0,0.0,0.0,0,0
406336L-BKBL,406336L,BKBL,SKECHERS ELITE SPORT TREAD,KIDS,44990.0,25000.0,0.0,0.0,0.0,0.0,0.0,0.0,0.0,0,0
406336L-NVOR,406336L,NVOR,SKECHERS ELITE SPORT TREAD,KIDS,44990.0,25000.0,0.0,0.0,0.0,0.0,0.0,0.0,0.0,0,0
406336L-OLV,406336L,OLV,SKECHERS ELITE SPORT TREAD,KIDS,44990.0,25000.0,0.0,0.0,0.0,0.0,0.0,0.0,0.0,0,0
406387L-BRN,406387L,BRN,VIEW POINT,KIDS,42990.0,23900.0,0.0,0.0,0.0,0.0,0.0,0.0,0.0,0,0
406387L-NVY,406387L,NVY,VIEW POINT,KIDS,42990.0,23900.0,0.0,0.0,0.0,0.0,0.0,0.0,0.0,0,0
405656L-DKBR,405656L,DKBR,POWER REACH,KIDS,39990.0,22200.0,0.0,0.0,0.0,0.0,0.0,0.0,0.0,0,0
405656L-WTN,405656L,WTN,POWER REACH,KIDS,39990.0,22200.0,0.0,0.0,0.0,0.0,0.0,0.0,0.0,0,0
400142N-BLBK,400142N,BLBK,FLEX-GLOW PLUS,KIDS,34990.0,19450.0,0.0,0.0,0.0,0.0,0.0,0.0,0.0,0,0
400142N-RDBK,400142N,RDBK,FLEX-GLOW PLUS,KIDS,34990.0,19450.0,0.0,0.0,0.0,12.0,12.0,0.0,24.0,0,0
401491N-BLLM,401491N,BLLM,SKECHERS METEOR-LIGHTS 3.0,KIDS,32990.0,18350.0,0.0,0.0,0.0,0.0,0.0,0.0,0.0,0,0
401491N-RDBK,401491N,RDBK,SKECHERS METEOR-LIGHTS 3.0,KIDS,32990.0,18350.0,0.0,0.0,0.0,0.0,0.0,0.0,0.0,0,0
401491N-BKCC,401491N,BKCC,SKECHERS METEOR-LIGHTS 3.0,KIDS,32990.0,18350.0,0.0,0.0,12.0,12.0,12.0,0.0,36.0,0,0
407161N-GNBK,407161N,GNBK,PLAY SCENE 2.0,KIDS,34990.0,19450.0,0.0,0.0,0.0,0.0,0.0,0.0,0.0,0,0
407640N-BKRD,407640N,BKRD,PLAY SCENE 2.0,KIDS,32990.0,18350.0,0.0,0.0,12.0,12.0,0.0,12.0,36.0,0,0
407640N-BKSL,407640N,BKSL,PLAY SCENE 2.0,KIDS,32990.0,18350.0,0.0,0.0,0.0,0.0,0.0,0.0,0.0,0,0
407640N-GYBK,407640N,GYBK,PLAY SCENE 2.0,KIDS,32990.0,18350.0,0.0,0.0,0.0,0.0,0.0,0.0,0.0,0,0
404210N-NVY,404210N,NVY,COMFY SPRINTS,KIDS,39990.0,22200.0,0.0,0.0,0.0,0.0,0.0,0.0,0.0,0,0
404210N-BKW,404210N,BKW,COMFY SPRINTS,KIDS,39990.0,22200.0,0.0,0.0,0.0,0.0,0.0,0.0,0.0,1086.0,0.0
404118N-BKW,404118N,BKW,MICROSPEC TREAD 2.0,KIDS,27990.0,15550.0,0.0,0.0,0.0,0.0,0.0,0.0,0.0,0,0
404118N-RYBK,404118N,RYBK,MICROSPEC TREAD 2.0,KIDS,27990.0,15550.0,0.0,0.0,0.0,0.0,0.0,0.0,0.0,0,0
404118N-RDBK,404118N,RDBK,MICROSPEC TREAD 2.0,KIDS,27990.0,15550.0,0.0,0.0,0.0,0.0,0.0,0.0,0.0,0,0
403908N-BKRD,403908N,BKRD,BOUNDER,KIDS,27990.0,15550.0,0.0,0.0,0.0,0.0,0.0,0.0,0.0,34.0,5274.0
403908N-BKSL,403908N,BKSL,BOUNDER,KIDS,27990.0,15550.0,0.0,0.0,0.0,0.0,0.0,0.0,0.0,0.0,2351.0
403908N-CCOR,403908N,CCOR,BOUNDER,KIDS,27990.0,15550.0,0.0,0.0,0.0,0.0,0.0,0.0,0.0,0.0,1328.0
403908N-NVLM,403908N,NVLM,BOUNDER,KIDS,27990.0,15550.0,0.0,0.0,0.0,0.0,0.0,0.0,0.0,0.0,5341.0
403908N-RDBK,403908N,RDBK,BOUNDER,KIDS,27990.0,15550.0,0.0,0.0,0.0,0.0,0.0,0.0,0.0,0.0,1102.0
404127N-BBLM,404127N,BBLM,MICROSPEC VELOCITY,KIDS,26990.0,15000.0,0.0,0.0,12.0,12.0,0.0,0.0,24.0,0.0,2709.0
404127N-BKRD,404127N,BKRD,MICROSPEC VELOCITY,KIDS,26990.0,15000.0,0.0,0.0,12.0,12.0,0.0,0.0,24.0,0.0,2504.0
403917N-BLK,403917N,BLK,BOUNDER,KIDS,24990.0,13900.0,0.0,0.0,0.0,0.0,0.0,0.0,0.0,0,0
403917N-BLYL,403917N,BLYL,BOUNDER,KIDS,24990.0,13900.0,0.0,0.0,0.0,0.0,0.0,0.0,0.0,0,0
403917N-RED,403917N,RED,BOUNDER,KIDS,24990.0,13900.0,0.0,0.0,0.0,0.0,0.0,0.0,0.0,0,0
407319N-BKMT,407319N,BKMT,PLAY SCENE,KIDS,34990.0,19450.0,0.0,0.0,0.0,0.0,0.0,0.0,0.0,0,0
407319N-BCOR,407319N,BCOR,PLAY SCENE,KIDS,34990.0,19450.0,0.0,0.0,0.0,0.0,0.0,0.0,0.0,0,0
183420-B,183420,B,UNO GLIDE-STEP,MEN,72990.0,40550.0,0.0,0.0,0.0,0.0,0.0,0.0,0.0,1718.0,0.0
183420-NVY,183420,NVY,UNO GLIDE-STEP,MEN,72990.0,40550.0,0.0,0.0,0.0,0.0,0.0,0.0,0.0,432.0,0.0
183420-WHT,183420,WHT,UNO GLIDE-STEP,MEN,72990.0,40550.0,0.0,0.0,0.0,0.0,0.0,0.0,0.0,775.0,0.0
183421-BRBK,183421,BRBK,UNO GLIDE-STEP,MEN,72990.0,40550.0,0.0,0.0,0.0,0.0,0.0,0.0,0.0,0.0,1106.0
183421-OLV,183421,OLV,UNO GLIDE-STEP,MEN,72990.0,40550.0,0.0,0.0,0.0,0.0,0.0,0.0,0.0,0.0,716.0
183421-BLK,183421,BLK,UNO GLIDE-STEP,MEN,72990.0,40550.0,0.0,0.0,0.0,0.0,0.0,0.0,0.0,0.0,1166.0
183443-BBK,183443,BBK,ARCH FIT UNO,MEN,67990.0,37750.0,0.0,0.0,0.0,0.0,0.0,0.0,0.0,0,0
183443-OLV,183443,OLV,ARCH FIT UNO,MEN,67990.0,37750.0,0.0,0.0,0.0,0.0,0.0,0.0,0.0,0,0
183443-BLK,183443,BLK,ARCH FIT UNO,MEN,67990.0,37750.0,0.0,0.0,0.0,0.0,0.0,0.0,0.0,0,0
183443-NVY,183443,NVY,ARCH FIT UNO,MEN,67990.0,37750.0,0.0,0.0,0.0,0.0,0.0,0.0,0.0,0,0
52458-BBK,52458,BBK,UNO,MEN,64990.0,36100.0,0.0,0.0,0.0,0.0,0.0,0.0,0.0,8661.0,4007.0
52458-BLK,52458,BLK,UNO,MEN,64990.0,36100.0,0.0,0.0,0.0,0.0,0.0,0.0,0.0,8071.0,4483.0
52458-NVY,52458,NVY,UNO,MEN,64990.0,36100.0,0.0,0.0,0.0,0.0,0.0,0.0,0.0,5758.0,3431.0
52458-OLV,52458,OLV,UNO,MEN,64990.0,36100.0,0.0,0.0,0.0,0.0,0.0,0.0,0.0,3608.0,1479.0
52458-WHT,52458,WHT,UNO,MEN,64990.0,36100.0,0.0,0.0,0.0,0.0,0.0,0.0,0.0,1633.0,4005.0
183004-OLV,183004,OLV,UNO,MEN,64990.0,36100.0,0.0,0.0,0.0,0.0,0.0,0.0,0.0,2786.0,0.0
183004-BLK,183004,BLK,UNO,MEN,64990.0,36100.0,0.0,0.0,0.0,0.0,0.0,0.0,0.0,5274.0,5188.0
183004-NVY,183004,NVY,UNO,MEN,64990.0,36100.0,0.0,0.0,0.0,0.0,0.0,0.0,0.0,3756.0,4386.0
183004-BBK,183004,BBK,UNO,MEN,64990.0,36100.0,0.0,0.0,0.0,0.0,0.0,0.0,0.0,0.0,3898.0
183317-BBK,183317,BBK,UNO FLEX,MEN,64990.0,36100.0,0.0,0.0,0.0,0.0,0.0,0.0,0.0,0,0
183317-BLK,183317,BLK,UNO FLEX,MEN,64990.0,36100.0,0.0,0.0,0.0,0.0,0.0,0.0,0.0,0,0
183317-NVY,183317,NVY,UNO FLEX,MEN,64990.0,36100.0,0.0,0.0,0.0,0.0,0.0,0.0,0.0,0,0
183317-OLV,183317,OLV,UNO FLEX,MEN,64990.0,36100.0,0.0,0.0,0.0,0.0,0.0,0.0,0.0,0,0
183360-NVY,183360,NVY,UNO FLEX,MEN,59990.0,33350.0,0.0,0.0,0.0,0.0,0.0,0.0,0.0,0.0,2077.0
183360-BBK,183360,BBK,UNO FLEX,MEN,59990.0,33350.0,0.0,0.0,0.0,0.0,0.0,0.0,0.0,2611.0,3560.0
183360-BLK,183360,BLK,UNO FLEX,MEN,59990.0,33350.0,0.0,0.0,0.0,0.0,0.0,0.0,0.0,1309.0,2489.0
183532-TPE,183532,TPE,UNO LITE 2,MEN,54990.0,30550.0,0.0,0.0,0.0,0.0,0.0,0.0,0.0,0,0
183532-BBK,183532,BBK,UNO LITE 2,MEN,54990.0,30550.0,0.0,0.0,0.0,0.0,0.0,0.0,0.0,0.0,2542.0
183532-BLK,183532,BLK,UNO LITE 2,MEN,54990.0,30550.0,0.0,0.0,0.0,0.0,0.0,0.0,0.0,0.0,2381.0
183532-NVY,183532,NVY,UNO LITE 2,MEN,54990.0,30550.0,0.0,0.0,0.0,0.0,0.0,0.0,0.0,0.0,1969.0
183532-WHT,183532,WHT,UNO LITE 2,MEN,54990.0,30550.0,0.0,0.0,0.0,0.0,0.0,0.0,0.0,0.0,3027.0
183530-BLK,183530,BLK,UNO LITE 2,MEN,47990.0,26650.0,0.0,0.0,0.0,0.0,0.0,0.0,0.0,0.0,11334.0
183530-WBL,183530,WBL,UNO LITE 2,MEN,47990.0,26650.0,0.0,0.0,0.0,0.0,0.0,0.0,0.0,0,0
183530-TAN,183530,TAN,UNO LITE 2,MEN,47990.0,26650.0,0.0,0.0,0.0,0.0,0.0,0.0,0.0,0,0
183530-B,183530,B,UNO LITE 2,MEN,47990.0,26650.0,0.0,0.0,0.0,0.0,0.0,0.0,0.0,0,0
183530-NVY,183530,NVY,UNO LITE 2,MEN,47990.0,26650.0,0.0,0.0,0.0,0.0,0.0,0.0,0.0,0.0,8063.0
183530-OLV,183530,OLV,UNO LITE 2,MEN,47990.0,26650.0,0.0,0.0,0.0,0.0,0.0,0.0,0.0,0.0,5827.0
254280-BBK,254280,BBK,FEATHERWEIGHT CUP,MEN,72990.0,40550.0,0.0,0.0,0.0,0.0,0.0,0.0,0.0,0,0
254280-BRMT,254280,BRMT,FEATHERWEIGHT CUP,MEN,72990.0,40550.0,0.0,0.0,0.0,0.0,0.0,0.0,0.0,0,0
254280-WBK,254280,WBK,FEATHERWEIGHT CUP,MEN,72990.0,40550.0,0.0,0.0,0.0,0.0,0.0,0.0,0.0,0,0
254168-WMLT,254168,WMLT,S-1992,MEN,67990.0,37750.0,0.0,0.0,0.0,0.0,0.0,0.0,0.0,0.0,480.0
254169-WMLT,254169,WMLT,S-1992,MEN,67990.0,37750.0,0.0,0.0,0.0,0.0,0.0,0.0,0.0,0.0,480.0
254356-BRN,254356,BRN,ARCH-FIT WAVE,MEN,64990.0,36100.0,0.0,0.0,0.0,0.0,0.0,0.0,0.0,0,0
254356-OLV,254356,OLV,ARCH-FIT WAVE,MEN,64990.0,36100.0,0.0,0.0,0.0,0.0,0.0,0.0,0.0,0,0
254356-TPE,254356,TPE,ARCH-FIT WAVE,MEN,64990.0,36100.0,0.0,0.0,0.0,0.0,0.0,0.0,0.0,0,0
183227-BBK,183227,BBK,ARCH FIT ARCADE,MEN,64990.0,36100.0,0.0,0.0,0.0,0.0,0.0,0.0,0.0,0,0
183227-BLK,183227,BLK,ARCH FIT ARCADE,MEN,64990.0,36100.0,0.0,0.0,0.0,0.0,0.0,0.0,0.0,0.0,1746.0
183227-NVY,183227,NVY,ARCH FIT ARCADE,MEN,64990.0,36100.0,0.0,0.0,0.0,0.0,0.0,0.0,0.0,0.0,1542.0
183402-BKTN,183402,BKTN,ARCH FIT COURT BREAK,MEN,64990.0,36100.0,0.0,0.0,0.0,0.0,0.0,0.0,0.0,0,0
183402-NVY,183402,NVY,ARCH FIT COURT BREAK,MEN,64990.0,36100.0,0.0,0.0,0.0,0.0,0.0,0.0,0.0,0,0
183402-BLK,183402,BLK,ARCH FIT COURT BREAK,MEN,64990.0,36100.0,0.0,0.0,0.0,0.0,0.0,0.0,0.0,1500.0,0.0
183402-WGR,183402,WGR,ARCH FIT COURT BREAK,MEN,64990.0,36100.0,0.0,0.0,0.0,0.0,0.0,0.0,0.0,1400.0,0.0
183403-BLK,183403,BLK,ARCH FIT COURT BREAK,MEN,59990.0,33350.0,0.0,0.0,0.0,0.0,0.0,0.0,0.0,0.0,295.0
183403-COG,183403,COG,ARCH FIT COURT BREAK,MEN,59990.0,33350.0,0.0,0.0,0.0,12.0,0.0,0.0,12.0,0.0,279.0
183403-OFWT,183403,OFWT,ARCH FIT COURT BREAK,MEN,59990.0,33350.0,0.0,0.0,0.0,12.0,0.0,0.0,12.0,0,0
183400-BLK,183400,BLK,ARCH FIT COURT BREAK,MEN,57990.0,32200.0,0.0,0.0,0.0,0.0,0.0,0.0,0.0,0.0,165.0
183400-CHOC,183400,CHOC,ARCH FIT COURT BREAK,MEN,57990.0,32200.0,0.0,0.0,0.0,0.0,0.0,0.0,0.0,0.0,165.0
183400-NTTN,183400,NTTN,ARCH FIT COURT BREAK,MEN,57990.0,32200.0,0.0,0.0,0.0,0.0,0.0,0.0,0.0,0.0,165.0
254254-BKNV,254254,BKNV,HOT-SHOT PRO,MEN,57990.0,32200.0,0.0,0.0,0.0,0.0,0.0,0.0,0.0,0,0
254254-TPBR,254254,TPBR,HOT-SHOT PRO,MEN,57990.0,32200.0,0.0,0.0,0.0,0.0,0.0,0.0,0.0,0,0
254254-OLBK,254254,OLBK,HOT-SHOT PRO,MEN,57990.0,32200.0,0.0,0.0,0.0,0.0,0.0,0.0,0.0,0,0
183228-BLK,183228,BLK,ARCH FIT ARCADE,MEN,54990.0,30550.0,0.0,0.0,0.0,0.0,0.0,0.0,0.0,0,0
183228-NVY,183228,NVY,ARCH FIT ARCADE,MEN,54990.0,30550.0,0.0,0.0,0.0,0.0,0.0,0.0,0.0,0,0
183228-BBK,183228,BBK,ARCH FIT ARCADE,MEN,54990.0,30550.0,0.0,0.0,0.0,0.0,0.0,0.0,0.0,0,0
183180-BLK,183180,BLK,ARCH FIT GALLERY,MEN,52990.0,29450.0,0.0,0.0,0.0,0.0,0.0,0.0,0.0,0.0,320.0
183180-OLV,183180,OLV,ARCH FIT GALLERY,MEN,52990.0,29450.0,0.0,0.0,0.0,0.0,0.0,0.0,0.0,0.0,320.0
183180-WHT,183180,WHT,ARCH FIT GALLERY,MEN,52990.0,29450.0,0.0,0.0,0.0,0.0,0.0,0.0,0.0,0.0,320.0
233425-BBK,233425,BBK,RELAXED-FIT GLIDE-STEP,MEN,69990.0,38900.0,0.0,0.0,0.0,0.0,0.0,0.0,0.0,0,0
233425-NVY,233425,NVY,RELAXED-FIT GLIDE-STEP,MEN,69990.0,38900.0,0.0,0.0,0.0,0.0,0.0,0.0,0.0,0,0
233425-GYLM,233425,GYLM,RELAXED-FIT GLIDE-STEP,MEN,69990.0,38900.0,0.0,0.0,0.0,0.0,0.0,0.0,0.0,0,0
233259-BLK,233259,BLK,SKECH-FLEX 4.0,MEN,67990.0,37750.0,0.0,0.0,0.0,0.0,0.0,0.0,0.0,0,0
233259-NVY,233259,NVY,SKECH-FLEX 4.0,MEN,67990.0,37750.0,0.0,0.0,0.0,0.0,0.0,0.0,0.0,0,0
233259-TPE,233259,TPE,SKECH-FLEX 4.0,MEN,67990.0,37750.0,0.0,0.0,0.0,0.0,0.0,0.0,0.0,0,0
233047-BKW,233047,BKW,SUMMITS,MEN,64990.0,36100.0,0.0,0.0,0.0,0.0,0.0,0.0,0.0,1568.0,170.0
233047-NVBL,233047,NVBL,SUMMITS,MEN,64990.0,36100.0,0.0,0.0,0.0,0.0,0.0,0.0,0.0,1426.0,170.0
233047-OLBK,233047,OLBK,SUMMITS,MEN,64990.0,36100.0,0.0,0.0,0.0,0.0,0.0,0.0,0.0,1356.0,170.0
233502-BBK,233502,BBK,GLIDE-STEP SUMMITS,MEN,49990.0,27750.0,0.0,0.0,0.0,0.0,0.0,0.0,0.0,0,0
233502-GYBL,233502,GYBL,GLIDE-STEP SUMMITS,MEN,49990.0,27750.0,0.0,0.0,0.0,0.0,0.0,0.0,0.0,0,0
233502-NTBR,233502,NTBR,GLIDE-STEP SUMMITS,MEN,49990.0,27750.0,0.0,0.0,0.0,0.0,0.0,0.0,0.0,0,0
233551-BBK,233551,BBK,STEADY RIDE,MEN,49990.0,27750.0,0.0,0.0,0.0,0.0,0.0,0.0,0.0,0,0
233551-KHK,233551,KHK,STEADY RIDE,MEN,49990.0,27750.0,0.0,0.0,0.0,0.0,0.0,0.0,0.0,0,0
118423-DKTP,118423,DKTP,BOBS SQUAD 4,MEN,64990.0,36100.0,0.0,0.0,0.0,0.0,0.0,0.0,0.0,54.0,1537.0
118423-BBK,118423,BBK,BOBS SQUAD 4,MEN,64990.0,36100.0,0.0,0.0,0.0,0.0,0.0,0.0,0.0,2224.0,3491.0
118423-CCL,118423,CCL,BOBS SQUAD 4,MEN,64990.0,36100.0,0.0,0.0,0.0,0.0,0.0,0.0,0.0,1298.0,0.0
118451-BLK,118451,BLK,BOBS ARC WAVES REMIX,MEN,62990.0,35000.0,0.0,0.0,0.0,0.0,0.0,0.0,0.0,0,0
118451-BBK,118451,BBK,BOBS ARC WAVES REMIX,MEN,62990.0,35000.0,0.0,0.0,0.0,0.0,0.0,0.0,0.0,0.0,781.0
118451-DKNV,118451,DKNV,BOBS ARC WAVES REMIX,MEN,62990.0,35000.0,0.0,0.0,0.0,0.0,0.0,0.0,0.0,0,0
118451-DKTP,118451,DKTP,BOBS ARC WAVES REMIX,MEN,62990.0,35000.0,0.0,0.0,0.0,0.0,0.0,0.0,0.0,0.0,765.0
118451-OLV,118451,OLV,BOBS ARC WAVES REMIX,MEN,62990.0,35000.0,0.0,0.0,0.0,0.0,0.0,0.0,0.0,0.0,156.0
118431-BBK,118431,BBK,BOBS SKILLZ,MEN,62990.0,35000.0,0.0,0.0,0.0,0.0,0.0,0.0,0.0,1707.0,0.0
118431-NTOL,118431,NTOL,BOBS SKILLZ,MEN,62990.0,35000.0,0.0,0.0,0.0,0.0,0.0,0.0,0.0,1472.0,0.0
118412-BBK,118412,BBK,BOBS SQUAD 4,MEN,59990.0,33350.0,0.0,0.0,0.0,0.0,0.0,0.0,0.0,0,0
118412-OLMT,118412,OLMT,BOBS SQUAD 4,MEN,59990.0,33350.0,0.0,0.0,0.0,0.0,0.0,0.0,0.0,0,0
118412-CSMT,118412,CSMT,BOBS SQUAD 4,MEN,59990.0,33350.0,0.0,0.0,0.0,0.0,0.0,0.0,0.0,0,0
118303-BBK,118303,BBK,BOBS SQUAD CHAOS,MEN,59990.0,33350.0,0.0,0.0,0.0,0.0,0.0,0.0,0.0,2100.0,11.0
118303-BLK,118303,BLK,BOBS SQUAD CHAOS,MEN,59990.0,33350.0,0.0,0.0,0.0,0.0,0.0,0.0,0.0,4899.0,162.0
118303-NVY,118303,NVY,BOBS SQUAD CHAOS,MEN,59990.0,33350.0,0.0,0.0,0.0,0.0,0.0,0.0,0.0,3564.0,171.0
118303-OLV,118303,OLV,BOBS SQUAD CHAOS,MEN,59990.0,33350.0,0.0,0.0,0.0,0.0,0.0,0.0,0.0,1360.0,0.0
118130-BBK,118130,BBK,ARCH FIT B FLEX HI,MEN,57990.0,32200.0,0.0,0.0,0.0,0.0,0.0,15.0,15.0,0.0,3991.0
118130-BLK,118130,BLK,ARCH FIT B FLEX HI,MEN,57990.0,32200.0,0.0,0.0,0.0,0.0,0.0,0.0,0.0,0.0,3386.0
118130-OLV,118130,OLV,ARCH FIT B FLEX HI,MEN,57990.0,32200.0,0.0,0.0,0.0,0.0,0.0,0.0,0.0,0.0,170.0
118116-BBK,118116,BBK,BOBS B FLEX,MEN,57990.0,32200.0,0.0,0.0,0.0,0.0,0.0,0.0,0.0,0.0,379.0
118116-BLK,118116,BLK,BOBS B FLEX,MEN,57990.0,32200.0,0.0,0.0,0.0,0.0,0.0,0.0,0.0,0,0
118116-NVY,118116,NVY,BOBS B FLEX,MEN,57990.0,32200.0,0.0,0.0,0.0,0.0,0.0,0.0,0.0,0.0,283.0
118116-OLV,118116,OLV,BOBS B FLEX,MEN,57990.0,32200.0,0.0,0.0,0.0,0.0,0.0,0.0,0.0,0.0,241.0
118333-BBK,118333,BBK,BOBS DIEGO,MEN,57990.0,32200.0,0.0,0.0,0.0,0.0,0.0,0.0,0.0,0,0
118333-LGMT,118333,LGMT,BOBS DIEGO,MEN,57990.0,32200.0,0.0,0.0,0.0,0.0,0.0,0.0,0.0,0,0
118160-BBK,118160,BBK,BOBS MODA FLEX,MEN,52990.0,29450.0,0.0,0.0,0.0,0.0,0.0,0.0,0.0,0,0
118160-DKNV,118160,DKNV,BOBS MODA FLEX,MEN,52990.0,29450.0,0.0,0.0,0.0,0.0,0.0,0.0,0.0,0,0
118460-BBK,118460,BBK,BOBS ARCH FIT ELEV8,MEN,49990.0,27750.0,0.0,0.0,0.0,12.0,0.0,0.0,12.0,0.0,2155.0
118460-OLV,118460,OLV,BOBS ARCH FIT ELEV8,MEN,49990.0,27750.0,0.0,0.0,0.0,0.0,0.0,0.0,0.0,0,0
118460-DKNV,118460,DKNV,BOBS ARCH FIT ELEV8,MEN,49990.0,27750.0,0.0,0.0,0.0,0.0,0.0,0.0,0.0,0.0,2005.0
118460-TPE,118460,TPE,BOBS ARCH FIT ELEV8,MEN,49990.0,27750.0,0.0,0.0,0.0,0.0,0.0,0.0,0.0,0,0
118099-BBK,118099,BBK,BOBS B FLEX,MEN,49990.0,27750.0,0.0,0.0,0.0,0.0,0.0,0.0,0.0,0,0
118099-DKTP,118099,DKTP,BOBS B FLEX,MEN,49990.0,27750.0,0.0,0.0,0.0,0.0,0.0,0.0,0.0,0,0
118112-B,118112,B,BOBS B FLEX,MEN,49990.0,27750.0,0.0,0.0,0.0,0.0,0.0,0.0,0.0,6524.0,779.0
118112-NVY,118112,NVY,BOBS B FLEX,MEN,49990.0,27750.0,0.0,0.0,0.0,0.0,0.0,0.0,0.0,5530.0,750.0
118442-BKMT,118442,BKMT,BOBS SKILLZ,MEN,49990.0,27750.0,0.0,0.0,0.0,0.0,0.0,0.0,0.0,0,0
118442-NVMT,118442,NVMT,BOBS SKILLZ,MEN,49990.0,27750.0,0.0,0.0,0.0,0.0,0.0,0.0,0.0,0,0
118155-BBK,118155,BBK,BOBS MODA FLEX,MEN,47990.0,26650.0,0.0,0.0,0.0,0.0,0.0,0.0,0.0,8169.0,1515.0
118155-BLK,118155,BLK,BOBS MODA FLEX,MEN,47990.0,26650.0,0.0,0.0,0.0,0.0,0.0,0.0,0.0,5982.0,339.0
118155-TPE,118155,TPE,BOBS MODA FLEX,MEN,47990.0,26650.0,0.0,0.0,0.0,0.0,0.0,0.0,0.0,2903.0,1485.0
118109-BBK,118109,BBK,BOBS B FLEX,MEN,44990.0,25000.0,0.0,0.0,0.0,0.0,0.0,0.0,0.0,583.0,9731.0
118109-OLV,118109,OLV,BOBS B FLEX,MEN,44990.0,25000.0,0.0,0.0,0.0,0.0,0.0,0.0,0.0,279.0,4004.0
118478-BBK,118478,BBK,BOBS SQUAD LO,MEN,44990.0,25000.0,0.0,0.0,0.0,12.0,0.0,0.0,12.0,0,0
118478-DKNV,118478,DKNV,BOBS SQUAD LO,MEN,44990.0,25000.0,0.0,0.0,0.0,12.0,0.0,0.0,12.0,0,0
118478-TPE,118478,TPE,BOBS SQUAD LO,MEN,44990.0,25000.0,0.0,0.0,0.0,0.0,0.0,0.0,0.0,0,0
217228-BBK,217228,BBK,GO WALK ARCH FIT 3.0,MEN,79990.0,44450.0,0.0,0.0,0.0,0.0,0.0,0.0,0.0,0,0
217228-CHOC,217228,CHOC,GO WALK ARCH FIT 3.0,MEN,79990.0,44450.0,0.0,0.0,0.0,0.0,0.0,0.0,0.0,0,0
217035-BBK,217035,BBK,GO WALK GLIDE-STEP 2.0,MEN,79990.0,44450.0,0.0,0.0,0.0,0.0,0.0,0.0,0.0,0,0
217035-BRN,217035,BRN,GO WALK GLIDE-STEP 2.0,MEN,79990.0,44450.0,0.0,0.0,0.0,0.0,0.0,0.0,0.0,0.0,860.0
217035-BKW,217035,BKW,GO WALK GLIDE-STEP 2.0,MEN,79990.0,44450.0,0.0,0.0,0.0,0.0,0.0,0.0,0.0,0.0,860.0
216831-BBK,216831,BBK,GO WALK 8,MEN,74990.0,41650.0,0.0,0.0,0.0,0.0,0.0,0.0,0.0,0,0
216831-NVY,216831,NVY,GO WALK 8,MEN,74990.0,41650.0,0.0,0.0,0.0,0.0,0.0,0.0,0.0,0,0
216807-BLK,216807,BLK,GO WALK 8,MEN,64990.0,36100.0,0.0,0.0,0.0,0.0,0.0,0.0,0.0,0.0,984.0
216807-OLV,216807,OLV,GO WALK 8,MEN,64990.0,36100.0,0.0,0.0,0.0,0.0,0.0,0.0,0.0,0.0,900.0
216333-BBK,216333,BBK,GO WALK FLEX,MEN,64990.0,36100.0,0.0,0.0,0.0,0.0,0.0,0.0,0.0,2052.0,0.0
216333-CHAR,216333,CHAR,GO WALK FLEX,MEN,64990.0,36100.0,0.0,0.0,0.0,0.0,0.0,0.0,0.0,23.0,0.0
216333-NVY,216333,NVY,GO WALK FLEX,MEN,64990.0,36100.0,0.0,0.0,0.0,0.0,0.0,0.0,0.0,0,0
216333-KHK,216333,KHK,GO WALK FLEX,MEN,64990.0,36100.0,0.0,0.0,0.0,0.0,0.0,0.0,0.0,1858.0,0.0
216924-BBK,216924,BBK,GO WALK FLEX,MEN,64990.0,36100.0,0.0,0.0,0.0,0.0,0.0,0.0,0.0,1275.0,1316.0
216924-BKW,216924,BKW,GO WALK FLEX,MEN,64990.0,36100.0,0.0,0.0,0.0,0.0,0.0,0.0,0.0,0,0
216924-NVY,216924,NVY,GO WALK FLEX,MEN,64990.0,36100.0,0.0,0.0,0.0,0.0,0.0,0.0,0.0,1198.0,1086.0
216924-OLV,216924,OLV,GO WALK FLEX,MEN,64990.0,36100.0,0.0,0.0,0.0,0.0,0.0,0.0,0.0,0.0,1086.0
217249-BLK,217249,BLK,GO WALK FLEX PLUS,MEN,64990.0,36100.0,0.0,0.0,0.0,0.0,0.0,0.0,0.0,0,0
217249-NVY,217249,NVY,GO WALK FLEX PLUS,MEN,64990.0,36100.0,0.0,0.0,0.0,0.0,0.0,0.0,0.0,0,0
216710-BLK,216710,BLK,GO WALK MAX,MEN,64990.0,36100.0,0.0,0.0,0.0,0.0,0.0,0.0,0.0,0,0
216710-NVY,216710,NVY,GO WALK MAX,MEN,64990.0,36100.0,0.0,0.0,0.0,0.0,0.0,0.0,0.0,0,0
216710-TPE,216710,TPE,GO WALK MAX,MEN,64990.0,36100.0,0.0,0.0,0.0,0.0,0.0,0.0,0.0,0,0
217074-BBK,217074,BBK,GO WALK ARCH FIT N-JOY,MEN,59990.0,33350.0,0.0,0.0,0.0,0.0,0.0,0.0,0.0,1613.0,0.0
217074-NVY,217074,NVY,GO WALK ARCH FIT N-JOY,MEN,59990.0,33350.0,0.0,0.0,0.0,0.0,0.0,0.0,0.0,1335.0,0.0
217092-BBK,217092,BBK,GO WALK ARCH FIT N-JOY,MEN,59990.0,33350.0,0.0,0.0,0.0,0.0,0.0,0.0,0.0,0,0
217092-NVBK,217092,NVBK,GO WALK ARCH FIT N-JOY,MEN,59990.0,33350.0,0.0,0.0,0.0,0.0,0.0,0.0,0.0,0,0
217092-BKGY,217092,BKGY,GO WALK ARCH FIT N-JOY,MEN,59990.0,33350.0,0.0,0.0,0.0,0.0,0.0,0.0,0.0,0,0
216486-BBK,216486,BBK,GO WALK FLEX,MEN,54990.0,30550.0,0.0,0.0,0.0,0.0,0.0,0.0,0.0,0,0
216486-BLK,216486,BLK,GO WALK FLEX,MEN,54990.0,30550.0,0.0,0.0,0.0,0.0,0.0,0.0,0.0,2016.0,1288.0
216486-NVGY,216486,NVGY,GO WALK FLEX,MEN,54990.0,30550.0,0.0,0.0,0.0,0.0,0.0,0.0,0.0,1883.0,1309.0
216928-BKGY,216928,BKGY,GO WALK FLEX,MEN,49990.0,27750.0,0.0,0.0,0.0,0.0,0.0,0.0,0.0,0,0
216928-BLGY,216928,BLGY,GO WALK FLEX,MEN,49990.0,27750.0,0.0,0.0,0.0,0.0,0.0,0.0,0.0,0,0
216928-NVY,216928,NVY,GO WALK FLEX,MEN,49990.0,27750.0,0.0,0.0,0.0,0.0,0.0,0.0,0.0,0,0
216928-BBK,216928,BBK,GO WALK FLEX,MEN,49990.0,27750.0,0.0,0.0,0.0,0.0,0.0,0.0,0.0,0,0
217250-BKGY,217250,BKGY,GO WALK FLEX PLUS,MEN,49990.0,27750.0,0.0,0.0,0.0,0.0,0.0,0.0,0.0,0,0
217250-NVY,217250,NVY,GO WALK FLEX PLUS,MEN,49990.0,27750.0,0.0,0.0,0.0,12.0,0.0,0.0,12.0,0,0
217250-OLV,217250,OLV,GO WALK FLEX PLUS,MEN,49990.0,27750.0,0.0,0.0,0.0,0.0,0.0,0.0,0.0,0,0
217250-BBK,217250,BBK,GO WALK FLEX PLUS,MEN,49990.0,27750.0,0.0,0.0,12.0,12.0,0.0,12.0,36.0,0,0
216712-BLGY,216712,BLGY,GO WALK MAX,MEN,49990.0,27750.0,0.0,0.0,0.0,0.0,0.0,0.0,0.0,0,0
216712-BLK,216712,BLK,GO WALK MAX,MEN,49990.0,27750.0,0.0,0.0,0.0,0.0,0.0,0.0,0.0,0,0
216712-BBK,216712,BBK,GO WALK MAX,MEN,49990.0,27750.0,0.0,0.0,0.0,0.0,0.0,0.0,0.0,0,0
233298-BKCC,233298,BKCC,CONTOUR FOAM,MEN,84990.0,47200.0,0.0,0.0,0.0,0.0,0.0,0.0,0.0,0,0
233298-OLBK,233298,OLBK,CONTOUR FOAM,MEN,84990.0,47200.0,0.0,0.0,0.0,0.0,0.0,0.0,0.0,0,0
232618-BKCC,232618,BKCC,CONTOUR FOAM,MEN,67990.0,37750.0,0.0,0.0,0.0,0.0,0.0,0.0,0.0,0.0,1496.0
232618-BRN,232618,BRN,CONTOUR FOAM,MEN,67990.0,37750.0,0.0,0.0,0.0,0.0,0.0,0.0,0.0,0,0
232618-OLV,232618,OLV,CONTOUR FOAM,MEN,67990.0,37750.0,0.0,0.0,0.0,0.0,0.0,0.0,0.0,0.0,1421.0
232620-BBK,232620,BBK,CONTOUR FOAM,MEN,67990.0,37750.0,0.0,0.0,0.0,0.0,0.0,0.0,0.0,0.0,1496.0
232620-CCOR,232620,CCOR,CONTOUR FOAM,MEN,67990.0,37750.0,0.0,0.0,0.0,0.0,0.0,0.0,0.0,0,0
232620-BRN,232620,BRN,CONTOUR FOAM,MEN,67990.0,37750.0,0.0,0.0,0.0,0.0,0.0,0.0,0.0,0.0,1268.0
232619-WTP,232619,WTP,CONTOUR FOAM,MEN,64990.0,36100.0,0.0,0.0,0.0,0.0,0.0,0.0,0.0,2017.0,1889.0
232619-BBK,232619,BBK,CONTOUR FOAM,MEN,64990.0,36100.0,0.0,0.0,0.0,0.0,0.0,15.0,15.0,2810.0,3969.0
232619-NTNV,232619,NTNV,CONTOUR FOAM,MEN,64990.0,36100.0,0.0,0.0,0.0,0.0,0.0,0.0,0.0,2114.0,0.0
232619-NVGY,232619,NVGY,CONTOUR FOAM,MEN,64990.0,36100.0,0.0,0.0,0.0,0.0,0.0,0.0,0.0,1520.0,0.0
232619-BKW,232619,BKW,CONTOUR FOAM,MEN,64990.0,36100.0,0.0,0.0,0.0,0.0,0.0,0.0,0.0,1098.0,3633.0
232619-OLBK,232619,OLBK,CONTOUR FOAM,MEN,64990.0,36100.0,0.0,0.0,0.0,0.0,0.0,0.0,0.0,0.0,1653.0
233006-BBK,233006,BBK,GLIDE-STEP,MEN,64990.0,36100.0,0.0,0.0,0.0,0.0,0.0,0.0,0.0,0,0
233006-BRN,233006,BRN,GLIDE-STEP,MEN,64990.0,36100.0,0.0,0.0,0.0,0.0,0.0,0.0,0.0,0,0
232644-BBK,232644,BBK,SUMMITS CONTOUR FOAM,MEN,49990.0,27750.0,0.0,0.0,0.0,0.0,0.0,0.0,0.0,0,0
232644-CCOR,232644,CCOR,SUMMITS CONTOUR FOAM,MEN,49990.0,27750.0,0.0,0.0,0.0,0.0,0.0,0.0,0.0,0,0
232644-NVBL,232644,NVBL,SUMMITS CONTOUR FOAM,MEN,49990.0,27750.0,0.0,0.0,0.0,0.0,0.0,0.0,0.0,0,0
232644-TPE,232644,TPE,SUMMITS CONTOUR FOAM,MEN,49990.0,27750.0,0.0,0.0,0.0,0.0,0.0,0.0,0.0,0,0
211492-BLK,211492,BLK,ARCH FIT ORVAN ULTRA,MEN,74990.0,41650.0,0.0,0.0,0.0,0.0,0.0,0.0,0.0,0,0
211492-KHK,211492,KHK,ARCH FIT ORVAN ULTRA,MEN,74990.0,41650.0,0.0,0.0,0.0,0.0,0.0,0.0,0.0,0,0
211248-BRN,211248,BRN,SLADE ULTRA,MEN,64990.0,36100.0,0.0,0.0,0.0,0.0,0.0,0.0,0.0,1206.0,0.0
211248-TPMT,211248,TPMT,SLADE ULTRA,MEN,64990.0,36100.0,0.0,0.0,0.0,0.0,0.0,0.0,0.0,1206.0,0.0
210816-TPNV,210816,TPNV,SUNNY DALE,MEN,54990.0,30550.0,0.0,0.0,0.0,0.0,0.0,0.0,0.0,0.0,10783.0
210816-OLBK,210816,OLBK,SUNNY DALE,MEN,54990.0,30550.0,0.0,0.0,0.0,0.0,0.0,0.0,0.0,6135.0,4612.0
210816-TPE,210816,TPE,SUNNY DALE,MEN,54990.0,30550.0,0.0,0.0,0.0,0.0,0.0,0.0,0.0,6911.0,11467.0
211518-CHAR,211518,CHAR,ARCH FIT CROSSER,MEN,64990.0,36100.0,0.0,0.0,0.0,0.0,0.0,0.0,0.0,0,0
211518-CHOC,211518,CHOC,ARCH FIT CROSSER,MEN,64990.0,36100.0,0.0,0.0,0.0,0.0,0.0,0.0,0.0,0,0
211207-BLK,211207,BLK,NORLAN,MEN,64990.0,36100.0,0.0,0.0,0.0,0.0,0.0,0.0,0.0,304.0,1951.0
211207-TPE,211207,TPE,NORLAN,MEN,64990.0,36100.0,0.0,0.0,0.0,0.0,0.0,0.0,0.0,400.0,140.0
211493-BLK,211493,BLK,NORLAN,MEN,64990.0,36100.0,0.0,0.0,0.0,0.0,0.0,0.0,0.0,0,0
211493-TPE,211493,TPE,NORLAN,MEN,64990.0,36100.0,0.0,0.0,0.0,0.0,0.0,0.0,0.0,0,0
211196-BLK,211196,BLK,STERLING,MEN,62990.0,35000.0,0.0,0.0,0.0,0.0,0.0,0.0,0.0,1353.0,0.0
211196-TPE,211196,TPE,STERLING,MEN,62990.0,35000.0,0.0,0.0,0.0,0.0,0.0,0.0,0.0,1429.0,0.0
211524-BLK,211524,BLK,SLADE 2.0,MEN,59990.0,33350.0,0.0,0.0,0.0,0.0,0.0,0.0,0.0,0,0
211524-KHK,211524,KHK,SLADE 2.0,MEN,59990.0,33350.0,0.0,0.0,0.0,0.0,0.0,0.0,0.0,0,0
211524-SND,211524,SND,SLADE 2.0,MEN,59990.0,33350.0,0.0,0.0,0.0,0.0,0.0,0.0,0.0,0,0
211498-CHAR,211498,CHAR,ARCH FIT GROOVE CUP,MEN,59990.0,33350.0,0.0,0.0,0.0,0.0,0.0,0.0,0.0,0,0
211498-LTBR,211498,LTBR,ARCH FIT GROOVE CUP,MEN,59990.0,33350.0,0.0,0.0,0.0,0.0,0.0,0.0,0.0,0,0
211498-NVY,211498,NVY,ARCH FIT GROOVE CUP,MEN,59990.0,33350.0,0.0,0.0,0.0,0.0,0.0,0.0,0.0,0,0
211499-BLK,211499,BLK,ARCH FIT GROOVE CUP,MEN,59990.0,33350.0,0.0,0.0,0.0,0.0,0.0,0.0,0.0,0,0
211499-NVY,211499,NVY,ARCH FIT GROOVE CUP,MEN,59990.0,33350.0,0.0,0.0,0.0,0.0,0.0,0.0,0.0,0,0
211499-TPE,211499,TPE,ARCH FIT GROOVE CUP,MEN,59990.0,33350.0,0.0,0.0,0.0,0.0,0.0,0.0,0.0,0,0
210808-BBK,210808,BBK,SLADE,MEN,54990.0,30550.0,0.0,0.0,0.0,0.0,0.0,0.0,0.0,1620.0,5498.0
210808-KHK,210808,KHK,SLADE,MEN,54990.0,30550.0,0.0,0.0,0.0,0.0,0.0,0.0,0.0,1436.0,6962.0
210808-NVY,210808,NVY,SLADE,MEN,54990.0,30550.0,0.0,0.0,0.0,0.0,0.0,0.0,0.0,1443.0,1812.0
210808-TPE,210808,TPE,SLADE,MEN,54990.0,30550.0,0.0,0.0,0.0,0.0,0.0,0.0,0.0,1720.0,1582.0
206014-BLK,206014,BLK,TROUTT,MEN,54990.0,30550.0,0.0,0.0,0.0,0.0,0.0,0.0,0.0,0,0
206014-TPE,206014,TPE,TROUTT,MEN,54990.0,30550.0,0.0,0.0,0.0,0.0,0.0,0.0,0.0,0,0
211234-LUG,211234,LUG,STERLING,MEN,67990.0,37750.0,0.0,0.0,0.0,0.0,0.0,0.0,0.0,0,0
211234-CHOC,211234,CHOC,STERLING,MEN,67990.0,37750.0,0.0,0.0,0.0,0.0,0.0,0.0,0.0,1397.0,0.0
205649-BRN,205649,BRN,GARLAN,MEN,64990.0,36100.0,0.0,0.0,0.0,0.0,0.0,0.0,0.0,2456.0,0.0
205649-CHOC,205649,CHOC,GARLAN,MEN,64990.0,36100.0,0.0,0.0,0.0,0.0,0.0,0.0,0.0,1404.0,0.0
210944-CHOC,210944,CHOC,CAVELL,MEN,54990.0,30550.0,0.0,0.0,0.0,0.0,0.0,0.0,0.0,5819.0,2394.0
210944-LUG,210944,LUG,CAVELL,MEN,54990.0,30550.0,0.0,0.0,0.0,0.0,0.0,0.0,0.0,3671.0,3948.0
211459-CHOC,211459,CHOC,PALMIRO,MEN,54990.0,30550.0,0.0,0.0,0.0,0.0,0.0,0.0,0.0,0.0,2650.0
211459-LUG,211459,LUG,PALMIRO,MEN,54990.0,30550.0,0.0,0.0,0.0,0.0,0.0,0.0,0.0,0.0,2835.0
211486-BBK,211486,BBK,CAVELL,MEN,44990.0,25000.0,0.0,0.0,0.0,0.0,0.0,0.0,0.0,0,0
211486-CHAR,211486,CHAR,CAVELL,MEN,44990.0,25000.0,0.0,0.0,0.0,0.0,0.0,0.0,0.0,0,0
211486-CHOC,211486,CHOC,CAVELL,MEN,44990.0,25000.0,0.0,0.0,0.0,0.0,0.0,0.0,0.0,0,0
206139-COC,206139,COC,RESPECTED,MEN,79990.0,44450.0,0.0,0.0,0.0,0.0,0.0,0.0,0.0,0,0
206139-TPOL,206139,TPOL,RESPECTED,MEN,79990.0,44450.0,0.0,0.0,0.0,0.0,0.0,0.0,0.0,0,0
205347-CHOC,205347,CHOC,ARCH FIT CROSSER,MEN,74990.0,41650.0,0.0,0.0,0.0,0.0,0.0,0.0,0.0,0,0
205347-CDB,205347,CDB,ARCH FIT CROSSER,MEN,74990.0,41650.0,0.0,0.0,0.0,0.0,0.0,0.0,0.0,400.0,0.0
211382-CDB,211382,CDB,SLADE 2.0,MEN,72990.0,40550.0,0.0,0.0,0.0,0.0,0.0,0.0,0.0,0.0,1188.0
211382-COC,211382,COC,SLADE 2.0,MEN,72990.0,40550.0,0.0,0.0,0.0,0.0,0.0,0.0,0.0,0.0,1286.0
211350-CDB,211350,CDB,SLADE ULTRA,MEN,69990.0,38900.0,0.0,0.0,0.0,0.0,0.0,0.0,0.0,3491.0,2048.0
211350-COC,211350,COC,SLADE ULTRA,MEN,69990.0,38900.0,0.0,0.0,0.0,0.0,0.0,0.0,0.0,1509.0,1328.0
211448-BLK,211448,BLK,SLADE ULTRA,MEN,64990.0,36100.0,0.0,0.0,0.0,0.0,0.0,0.0,0.0,0.0,3105.0
211448-LTBR,211448,LTBR,SLADE ULTRA,MEN,64990.0,36100.0,0.0,0.0,0.0,0.0,0.0,0.0,0.0,0.0,3624.0
211487-BBK,211487,BBK,SLADE ULTRA,MEN,64990.0,36100.0,0.0,0.0,0.0,0.0,0.0,0.0,0.0,0,0
211487-NVY,211487,NVY,SLADE ULTRA,MEN,64990.0,36100.0,0.0,0.0,0.0,0.0,0.0,0.0,0.0,0,0
211487-CHOC,211487,CHOC,SLADE ULTRA,MEN,64990.0,36100.0,0.0,0.0,0.0,0.0,0.0,0.0,0.0,0,0
205547-BBK,205547,BBK,CONNER,MEN,69990.0,38900.0,0.0,0.0,0.0,0.0,0.0,0.0,0.0,855.0,860.0
205547-CDB,205547,CDB,CONNER,MEN,69990.0,38900.0,0.0,0.0,0.0,0.0,0.0,0.0,0.0,1906.0,1397.0
205867-CDB,205867,CDB,GARZA ULTRA,MEN,69990.0,38900.0,0.0,0.0,0.0,0.0,0.0,0.0,0.0,0.0,64.0
205867-OLV,205867,OLV,GARZA ULTRA,MEN,69990.0,38900.0,0.0,0.0,0.0,0.0,0.0,0.0,0.0,0.0,90.0
205867-CHOC,205867,CHOC,GARZA ULTRA,MEN,69990.0,38900.0,0.0,0.0,0.0,0.0,0.0,0.0,0.0,0,0
205307-BBK,205307,BBK,LOCKETT,MEN,69990.0,38900.0,0.0,0.0,0.0,0.0,0.0,0.0,0.0,180.0,0.0
205307-COC,205307,COC,LOCKETT,MEN,69990.0,38900.0,0.0,0.0,0.0,0.0,0.0,0.0,0.0,1891.0,0.0
205629-CDB,205629,CDB,TERRAFORM,MEN,69990.0,38900.0,0.0,0.0,0.0,0.0,0.0,0.0,0.0,0,0
205629-DKTP,205629,DKTP,TERRAFORM,MEN,69990.0,38900.0,0.0,0.0,0.0,0.0,0.0,0.0,0.0,0,0
204486-CDB,204486,CDB,TERRAFORM,MEN,64990.0,36100.0,0.0,0.0,0.0,0.0,0.0,0.0,0.0,1884.0,0.0
204486-DKTP,204486,DKTP,TERRAFORM,MEN,64990.0,36100.0,0.0,0.0,0.0,0.0,0.0,0.0,0.0,3814.0,0.0
206043-BBK,206043,BBK,ARCH FIT GROOVE CUP,MEN,62990.0,35000.0,0.0,0.0,0.0,0.0,0.0,0.0,0.0,0,0
206043-KHK,206043,KHK,ARCH FIT GROOVE CUP,MEN,62990.0,35000.0,0.0,0.0,0.0,0.0,0.0,0.0,0.0,0,0
206043-BRN,206043,BRN,ARCH FIT GROOVE CUP,MEN,62990.0,35000.0,0.0,0.0,0.0,0.0,0.0,0.0,0.0,0,0
211394-CHAR,211394,CHAR,STERLING,MEN,57990.0,32200.0,0.0,0.0,0.0,0.0,0.0,0.0,0.0,0.0,104.0
211394-LTBR,211394,LTBR,STERLING,MEN,57990.0,32200.0,0.0,0.0,0.0,0.0,0.0,0.0,0.0,0.0,2865.0
206025-CCBK,206025,CCBK,ARCH FIT GARZA,MEN,57990.0,32200.0,0.0,0.0,0.0,0.0,0.0,0.0,0.0,0,0
206025-LTBR,206025,LTBR,ARCH FIT GARZA,MEN,57990.0,32200.0,0.0,0.0,0.0,0.0,0.0,0.0,0.0,0,0
206025-NVY,206025,NVY,ARCH FIT GARZA,MEN,57990.0,32200.0,0.0,0.0,0.0,0.0,0.0,0.0,0.0,0,0
211482-CHAR,211482,CHAR,ARCH FIT GROOVE CUP,MEN,57990.0,32200.0,0.0,0.0,0.0,0.0,0.0,0.0,0.0,0,0
211482-LTBR,211482,LTBR,ARCH FIT GROOVE CUP,MEN,57990.0,32200.0,0.0,0.0,0.0,0.0,0.0,0.0,0.0,0,0
211431-BLU,211431,BLU,MURALTA,MEN,69990.0,38900.0,0.0,0.0,0.0,0.0,0.0,0.0,0.0,0,0
211431-TAN,211431,TAN,MURALTA,MEN,69990.0,38900.0,0.0,0.0,0.0,0.0,0.0,0.0,0.0,0,0
211461-BLK,211461,BLK,PALMIRO,MEN,64990.0,36100.0,0.0,0.0,0.0,0.0,0.0,0.0,0.0,0,0
211461-CHOC,211461,CHOC,PALMIRO,MEN,64990.0,36100.0,0.0,0.0,0.0,0.0,0.0,0.0,0.0,0,0
205872-RDBR,205872,RDBR,ARCH FIT ORVAN ULTRA,MEN,89990.0,50000.0,0.0,0.0,0.0,0.0,0.0,0.0,0.0,0,0
205872-CDB,205872,CDB,ARCH FIT ORVAN ULTRA,MEN,89990.0,50000.0,0.0,0.0,0.0,0.0,0.0,0.0,0.0,0,0
205639-CDB,205639,CDB,GLIDE-STEP RANDELL,MEN,89990.0,50000.0,0.0,0.0,0.0,0.0,0.0,0.0,0.0,0,0
205639-CHOC,205639,CHOC,GLIDE-STEP RANDELL,MEN,89990.0,50000.0,0.0,0.0,0.0,0.0,0.0,0.0,0.0,0,0
205642-COC,205642,COC,SANTORO,MEN,89990.0,50000.0,0.0,0.0,0.0,0.0,0.0,0.0,0.0,1305.0,0.0
205642-OLV,205642,OLV,SANTORO,MEN,89990.0,50000.0,0.0,0.0,0.0,0.0,0.0,0.0,0.0,1174.0,0.0
205285-BRN,205285,BRN,MEROE,MEN,84990.0,47200.0,0.0,0.0,0.0,0.0,0.0,0.0,0.0,1655.0,0.0
205285-CHOC,205285,CHOC,MEROE,MEN,84990.0,47200.0,0.0,0.0,0.0,0.0,0.0,0.0,0.0,836.0,0.0
205903-DKBR,205903,DKBR,QUINTERO,MEN,84990.0,47200.0,0.0,0.0,0.0,0.0,0.0,0.0,0.0,0,0
205903-DKTP,205903,DKTP,QUINTERO,MEN,84990.0,47200.0,0.0,0.0,0.0,0.0,0.0,0.0,0.0,0,0
205333-RDBR,205333,RDBR,POLLARD,MEN,79990.0,44450.0,0.0,0.0,0.0,0.0,0.0,0.0,0.0,0,0
205333-COC,205333,COC,POLLARD,MEN,79990.0,44450.0,0.0,0.0,0.0,0.0,0.0,0.0,0.0,2096.0,0.0
205569-BBK,205569,BBK,THE BOWERY,MEN,79990.0,44450.0,0.0,0.0,0.0,0.0,0.0,0.0,0.0,0,0
205569-BRN,205569,BRN,THE BOWERY,MEN,79990.0,44450.0,0.0,0.0,0.0,0.0,0.0,0.0,0.0,0,0
205587-COC,205587,COC,SANTORO,MEN,77990.0,43350.0,0.0,0.0,0.0,0.0,0.0,0.0,0.0,0,0
205587-OLV,205587,OLV,SANTORO,MEN,77990.0,43350.0,0.0,0.0,0.0,0.0,0.0,0.0,0.0,0,0
206004-BLK,206004,BLK,RICKTER,MEN,72990.0,40550.0,0.0,0.0,0.0,0.0,0.0,0.0,0.0,0,0
206004-CHAR,206004,CHAR,RICKTER,MEN,72990.0,40550.0,0.0,0.0,0.0,0.0,0.0,0.0,0.0,0,0
206004-CHOC,206004,CHOC,RICKTER,MEN,72990.0,40550.0,0.0,0.0,0.0,0.0,0.0,0.0,0.0,0,0
205232-BLK,205232,BLK,CORADO,MEN,64990.0,36100.0,0.0,0.0,0.0,0.0,0.0,0.0,0.0,2552.0,0.0
205232-CHOC,205232,CHOC,CORADO,MEN,64990.0,36100.0,0.0,0.0,0.0,0.0,0.0,0.0,0.0,0,0
205232-WTN,205232,WTN,CORADO,MEN,64990.0,36100.0,0.0,0.0,0.0,0.0,0.0,0.0,0.0,6265.0,0.0
205235-BRN,205235,BRN,GARLAN,MEN,64990.0,36100.0,0.0,0.0,0.0,0.0,0.0,0.0,0.0,3961.0,0.0
205235-CHOC,205235,CHOC,GARLAN,MEN,64990.0,36100.0,0.0,0.0,0.0,0.0,0.0,0.0,0.0,1709.0,0.0
204642-CHAR,204642,CHAR,RELMENT,MEN,59990.0,33350.0,0.0,0.0,0.0,0.0,0.0,0.0,0.0,7170.0,0.0
204642-BBK,204642,BBK,RELMENT,MEN,59990.0,33350.0,0.0,0.0,0.0,0.0,0.0,0.0,0.0,0,0
204642-CHOC,204642,CHOC,RELMENT,MEN,59990.0,33350.0,0.0,0.0,0.0,0.0,0.0,0.0,0.0,7938.0,0.0
211528-BBK,211528,BBK,MELSON HYDRO,MEN,44990.0,25000.0,0.0,0.0,0.0,0.0,0.0,0.0,0.0,0,0
211528-BRN,211528,BRN,MELSON HYDRO,MEN,44990.0,25000.0,0.0,0.0,0.0,0.0,0.0,0.0,0.0,0,0
205606-BBK,205606,BBK,MURETTE,MEN,44990.0,25000.0,0.0,0.0,0.0,0.0,0.0,0.0,0.0,0,0
205606-CHOC,205606,CHOC,MURETTE,MEN,44990.0,25000.0,0.0,0.0,0.0,0.0,0.0,0.0,0.0,2229.0,0.0
256263-WTN,256263,WTN,QUINTERO,MEN,117990.0,65550.0,0.0,0.0,0.0,0.0,0.0,0.0,0.0,0,0
256261-CDB,256261,CDB,QUINTERO,MEN,99990.0,55550.0,0.0,0.0,0.0,0.0,0.0,0.0,0.0,0,0
256261-DKTP,256261,DKTP,QUINTERO,MEN,99990.0,55550.0,0.0,0.0,0.0,0.0,0.0,0.0,0.0,0,0
256026-CHBK,256026,CHBK,RESPECTED,MEN,94990.0,52750.0,0.0,0.0,0.0,0.0,0.0,0.0,0.0,691.0,800.0
256026-OLBR,256026,OLBR,RESPECTED,MEN,94990.0,52750.0,0.0,0.0,0.0,0.0,0.0,0.0,0.0,541.0,500.0
256000-BRN,256000,BRN,SERGEANTS,MEN,87990.0,48900.0,0.0,0.0,0.0,0.0,0.0,0.0,0.0,1486.0,0.0
256000-WTN,256000,WTN,SERGEANTS,MEN,87990.0,48900.0,0.0,0.0,0.0,0.0,0.0,0.0,0.0,1192.0,0.0
256223-BBK,256223,BBK,TERRAFORM,MEN,89990.0,50000.0,0.0,0.0,0.0,0.0,0.0,0.0,0.0,0.0,660.0
256223-BRBK,256223,BRBK,TERRAFORM,MEN,89990.0,50000.0,0.0,0.0,0.0,0.0,0.0,0.0,0.0,0.0,677.0
256223-OLBK,256223,OLBK,TERRAFORM,MEN,89990.0,50000.0,0.0,0.0,0.0,0.0,0.0,0.0,0.0,0.0,16.0
256258-BBK,256258,BBK,SANTORO,MEN,74990.0,41650.0,0.0,0.0,0.0,0.0,0.0,0.0,0.0,0,0
256258-OLBK,256258,OLBK,SANTORO,MEN,74990.0,41650.0,0.0,0.0,0.0,0.0,0.0,0.0,0.0,0,0
256258-CDB,256258,CDB,SANTORO,MEN,74990.0,41650.0,0.0,0.0,0.0,0.0,0.0,0.0,0.0,0,0
237917-BKCC,237917,BKCC,URBAN EXPLORE,PERFORMANCE,89990.0,50000.0,0.0,0.0,0.0,0.0,0.0,0.0,0.0,0,0
237917-NVGY,237917,NVGY,URBAN EXPLORE,PERFORMANCE,89990.0,50000.0,0.0,0.0,0.0,0.0,0.0,0.0,0.0,0,0
237664-BKCC,237664,BKCC,URBAN EXPLORE,PERFORMANCE,69990.0,38900.0,0.0,0.0,0.0,0.0,0.0,0.0,0.0,210.0,1908.0
237664-BUMT,237664,BUMT,URBAN EXPLORE,PERFORMANCE,69990.0,38900.0,0.0,0.0,0.0,0.0,0.0,0.0,0.0,0.0,1510.0
237664-CCBK,237664,CCBK,URBAN EXPLORE,PERFORMANCE,69990.0,38900.0,0.0,0.0,0.0,0.0,0.0,0.0,0.0,0.0,1849.0
237664-WTN,237664,WTN,URBAN EXPLORE,PERFORMANCE,69990.0,38900.0,0.0,0.0,0.0,0.0,0.0,0.0,0.0,0.0,1728.0
237664-NVBK,237664,NVBK,URBAN EXPLORE,PERFORMANCE,69990.0,38900.0,0.0,0.0,0.0,0.0,0.0,0.0,0.0,320.0,1848.0
237914-BBK,237914,BBK,URBAN EXPLORE,PERFORMANCE,69990.0,38900.0,0.0,0.0,0.0,0.0,0.0,0.0,0.0,0,0
237914-OLV,237914,OLV,URBAN EXPLORE,PERFORMANCE,69990.0,38900.0,0.0,0.0,0.0,0.0,0.0,0.0,0.0,0,0
237914-TPE,237914,TPE,URBAN EXPLORE,PERFORMANCE,69990.0,38900.0,0.0,0.0,0.0,0.0,0.0,0.0,0.0,0,0
237669-BKRD,237669,BKRD,MAX PROTECT,PERFORMANCE,79990.0,44450.0,0.0,0.0,0.0,0.0,0.0,15.0,15.0,909.0,0.0
237669-CHAR,237669,CHAR,MAX PROTECT,PERFORMANCE,79990.0,44450.0,0.0,0.0,0.0,0.0,0.0,15.0,15.0,0,0
237669-OLV,237669,OLV,MAX PROTECT,PERFORMANCE,79990.0,44450.0,0.0,0.0,0.0,0.0,0.0,0.0,0.0,950.0,0.0
237980-TPBK,237980,TPBK,SKECH-AIR ENVOY,PERFORMANCE,72990.0,40550.0,0.0,0.0,0.0,0.0,0.0,0.0,0.0,0,0
237980-BRBK,237980,BRBK,SKECH-AIR ENVOY,PERFORMANCE,72990.0,40550.0,0.0,0.0,0.0,0.0,0.0,0.0,0.0,0.0,1328.0
237980-OLV,237980,OLV,SKECH-AIR ENVOY,PERFORMANCE,72990.0,40550.0,0.0,0.0,0.0,0.0,0.0,0.0,0.0,0.0,1172.0
237942-BBK,237942,BBK,EQUALIZER 5.0 TRAIL,PERFORMANCE,69990.0,38900.0,0.0,0.0,0.0,0.0,0.0,15.0,15.0,0,0
237942-BRBK,237942,BRBK,EQUALIZER 5.0 TRAIL,PERFORMANCE,69990.0,38900.0,0.0,0.0,0.0,0.0,0.0,0.0,0.0,0,0
237942-OLBK,237942,OLBK,EQUALIZER 5.0 TRAIL,PERFORMANCE,69990.0,38900.0,0.0,0.0,0.0,0.0,0.0,0.0,0.0,0,0
237812-BKCC,237812,BKCC,GLIDE-STEP SOLE,PERFORMANCE,69990.0,38900.0,0.0,0.0,0.0,0.0,0.0,0.0,0.0,0.0,240.0
237812-BBK,237812,BBK,GLIDE-STEP SOLE,PERFORMANCE,69990.0,38900.0,0.0,0.0,0.0,0.0,0.0,0.0,0.0,1754.0,270.0
237812-OLV,237812,OLV,GLIDE-STEP SOLE,PERFORMANCE,69990.0,38900.0,0.0,0.0,0.0,0.0,0.0,0.0,0.0,1648.0,0.0
237820-BRMT,237820,BRMT,RIDGESTAR,PERFORMANCE,67990.0,37750.0,0.0,0.0,0.0,0.0,0.0,0.0,0.0,1972.0,0.0
237820-OLV,237820,OLV,RIDGESTAR,PERFORMANCE,67990.0,37750.0,0.0,0.0,0.0,0.0,0.0,0.0,0.0,1263.0,0.0
237820-GRY,237820,GRY,RIDGESTAR,PERFORMANCE,67990.0,37750.0,0.0,0.0,0.0,0.0,0.0,0.0,0.0,0,0
237820-TPE,237820,TPE,RIDGESTAR,PERFORMANCE,67990.0,37750.0,0.0,0.0,0.0,0.0,0.0,0.0,0.0,317.0,0.0
237860-BRBK,237860,BRBK,ARCH FIT HILLCREST,PERFORMANCE,64990.0,36100.0,0.0,0.0,0.0,0.0,0.0,0.0,0.0,0.0,27.0
237860-GRN,237860,GRN,ARCH FIT HILLCREST,PERFORMANCE,64990.0,36100.0,0.0,0.0,0.0,0.0,0.0,0.0,0.0,0.0,1381.0
237860-SLT,237860,SLT,ARCH FIT HILLCREST,PERFORMANCE,64990.0,36100.0,0.0,0.0,0.0,0.0,0.0,0.0,0.0,1278.0,0.0
220754-BKOR,220754,BKOR,GO RUN TRAIL ALTITUDE 2.0,PERFORMANCE,64990.0,36100.0,0.0,0.0,0.0,0.0,0.0,0.0,0.0,1946.0,0.0
220754-OLBK,220754,OLBK,GO RUN TRAIL ALTITUDE 2.0,PERFORMANCE,64990.0,36100.0,0.0,0.0,0.0,0.0,0.0,0.0,0.0,1403.0,0.0
237806-BBK,237806,BBK,HILLCREST 2.0,PERFORMANCE,64990.0,36100.0,0.0,0.0,0.0,0.0,0.0,0.0,0.0,0.0,240.0
237806-OLV,237806,OLV,HILLCREST 2.0,PERFORMANCE,64990.0,36100.0,0.0,0.0,0.0,0.0,0.0,0.0,0.0,222.0,165.0
237806-BLK,237806,BLK,HILLCREST 2.0,PERFORMANCE,64990.0,36100.0,0.0,0.0,0.0,0.0,0.0,0.0,0.0,1661.0,0.0
237806-BRN,237806,BRN,HILLCREST 2.0,PERFORMANCE,64990.0,36100.0,0.0,0.0,0.0,0.0,0.0,0.0,0.0,1708.0,253.0
237950-BBK,237950,BBK,GLIDE-STEP SOLE,PERFORMANCE,62990.0,35000.0,0.0,0.0,0.0,0.0,0.0,0.0,0.0,0,0
237950-BKOR,237950,BKOR,GLIDE-STEP SOLE,PERFORMANCE,62990.0,35000.0,0.0,0.0,0.0,0.0,0.0,0.0,0.0,0,0
237818-BBK,237818,BBK,MAX CUSHIONING ZIRRUS,PERFORMANCE,54990.0,30550.0,0.0,0.0,0.0,0.0,0.0,0.0,0.0,0.0,597.0
237818-BRN,237818,BRN,MAX CUSHIONING ZIRRUS,PERFORMANCE,54990.0,30550.0,0.0,0.0,0.0,0.0,0.0,0.0,0.0,0.0,2669.0
237818-TPE,237818,TPE,MAX CUSHIONING ZIRRUS,PERFORMANCE,54990.0,30550.0,0.0,0.0,0.0,0.0,0.0,0.0,0.0,0.0,1439.0
237889-BBK,237889,BBK,GLIDE-STEP SOLE,PERFORMANCE,49990.0,27750.0,0.0,0.0,15.0,15.0,15.0,0.0,45.0,0.0,4841.0
237889-NVY,237889,NVY,GLIDE-STEP SOLE,PERFORMANCE,49990.0,27750.0,0.0,0.0,0.0,0.0,0.0,0.0,0.0,0.0,772.0
237889-OLV,237889,OLV,GLIDE-STEP SOLE,PERFORMANCE,49990.0,27750.0,0.0,0.0,0.0,0.0,0.0,0.0,0.0,0.0,4131.0
238011-BBK,238011,BBK,SUMMITS AT MAX,PERFORMANCE,49990.0,27750.0,0.0,0.0,0.0,0.0,0.0,0.0,0.0,0,0
238011-OLV,238011,OLV,SUMMITS AT MAX,PERFORMANCE,49990.0,27750.0,0.0,0.0,0.0,0.0,0.0,0.0,0.0,0,0
238011-TPE,238011,TPE,SUMMITS AT MAX,PERFORMANCE,49990.0,27750.0,0.0,0.0,0.0,0.0,0.0,0.0,0.0,0,0
221221-BKCC,221221,BKCC,MAX CUSHIONING PREMIER 3,PERFORMANCE,97990.0,54450.0,0.0,0.0,0.0,0.0,0.0,0.0,0.0,0.0,360.0
221221-NVY,221221,NVY,MAX CUSHIONING PREMIER 3,PERFORMANCE,97990.0,54450.0,0.0,0.0,0.0,0.0,0.0,0.0,0.0,0.0,360.0
220607-BBK,220607,BBK,MAX CUSHIONING ENDEAVOUR,PERFORMANCE,79990.0,44450.0,0.0,0.0,0.0,0.0,0.0,0.0,0.0,0.0,590.0
220607-BLK,220607,BLK,MAX CUSHIONING ENDEAVOUR,PERFORMANCE,79990.0,44450.0,0.0,0.0,0.0,0.0,0.0,0.0,0.0,678.0,0.0
220607-NVY,220607,NVY,MAX CUSHIONING ENDEAVOUR,PERFORMANCE,79990.0,44450.0,0.0,0.0,0.0,0.0,0.0,0.0,0.0,510.0,0.0
220607-SLT,220607,SLT,MAX CUSHIONING ENDEAVOUR,PERFORMANCE,79990.0,44450.0,0.0,0.0,0.0,0.0,0.0,0.0,0.0,0,0
220613-BKW,220613,BKW,MAX CUSHIONING ENDEAVOUR,PERFORMANCE,67990.0,37750.0,0.0,0.0,0.0,0.0,0.0,0.0,0.0,1975.0,0.0
220613-DKNV,220613,DKNV,MAX CUSHIONING ENDEAVOUR,PERFORMANCE,67990.0,37750.0,0.0,0.0,0.0,0.0,0.0,0.0,0.0,1385.0,0.0
220613-GRY,220613,GRY,MAX CUSHIONING ENDEAVOUR,PERFORMANCE,67990.0,37750.0,0.0,0.0,0.0,0.0,0.0,0.0,0.0,1253.0,170.0
220669-BBK,220669,BBK,MAX CUSHIONING ENDEAVOUR,PERFORMANCE,59990.0,33350.0,0.0,0.0,0.0,0.0,0.0,0.0,0.0,0,0
220669-NVGY,220669,NVGY,MAX CUSHIONING ENDEAVOUR,PERFORMANCE,59990.0,33350.0,0.0,0.0,0.0,0.0,0.0,0.0,0.0,0,0
220669-GYCC,220669,GYCC,MAX CUSHIONING ENDEAVOUR,PERFORMANCE,59990.0,33350.0,0.0,0.0,0.0,0.0,0.0,0.0,0.0,0,0
220669-SLT,220669,SLT,MAX CUSHIONING ENDEAVOUR,PERFORMANCE,59990.0,33350.0,0.0,0.0,0.0,0.0,0.0,0.0,0.0,0,0
220669-BLK,220669,BLK,MAX CUSHIONING ENDEAVOUR,PERFORMANCE,59990.0,33350.0,0.0,0.0,0.0,15.0,0.0,0.0,15.0,0,0
221244-BBK,221244,BBK,MAX FLEX,PERFORMANCE,59990.0,33350.0,0.0,0.0,0.0,0.0,0.0,0.0,0.0,0,0
221244-CHAR,221244,CHAR,MAX FLEX,PERFORMANCE,59990.0,33350.0,0.0,0.0,0.0,0.0,0.0,0.0,0.0,0,0
221244-NVY,221244,NVY,MAX FLEX,PERFORMANCE,59990.0,33350.0,0.0,0.0,0.0,0.0,0.0,0.0,0.0,0,0
221244-BLK,221244,BLK,MAX FLEX,PERFORMANCE,59990.0,33350.0,0.0,0.0,0.0,0.0,0.0,0.0,0.0,0,0
217128-BBK,217128,BBK,GO WALK MAX CUSHIONING HYPER BURST,PERFORMANCE,69990.0,38900.0,0.0,0.0,0.0,0.0,0.0,0.0,0.0,1363.0,0.0
217128-CCLM,217128,CCLM,GO WALK MAX CUSHIONING HYPER BURST,PERFORMANCE,69990.0,38900.0,0.0,0.0,0.0,0.0,0.0,0.0,0.0,1200.0,0.0
217128-TPBK,217128,TPBK,GO WALK MAX CUSHIONING HYPER BURST,PERFORMANCE,69990.0,38900.0,0.0,0.0,0.0,0.0,0.0,0.0,0.0,0,0
217109-BBK,217109,BBK,GO WALK MAX CUSHIONING FLEX,PERFORMANCE,69990.0,38900.0,0.0,0.0,0.0,0.0,0.0,0.0,0.0,0.0,1310.0
217109-NVY,217109,NVY,GO WALK MAX CUSHIONING FLEX,PERFORMANCE,69990.0,38900.0,0.0,0.0,0.0,0.0,0.0,0.0,0.0,0.0,1166.0
217109-SAGE,217109,SAGE,GO WALK MAX CUSHIONING FLEX,PERFORMANCE,69990.0,38900.0,0.0,0.0,0.0,0.0,0.0,0.0,0.0,0.0,141.0
217109-BKW,217109,BKW,GO WALK MAX CUSHIONING FLEX,PERFORMANCE,69990.0,38900.0,0.0,0.0,0.0,0.0,0.0,0.0,0.0,1333.0,0.0
217113-NVBK,217113,NVBK,GO WALK MAX CUSHIONING FLEX,PERFORMANCE,59990.0,33350.0,0.0,0.0,0.0,0.0,0.0,0.0,0.0,0.0,1356.0
217113-BBK,217113,BBK,GO WALK MAX CUSHIONING FLEX,PERFORMANCE,59990.0,33350.0,0.0,0.0,0.0,0.0,0.0,0.0,0.0,1785.0,1560.0
217113-TPE,217113,TPE,GO WALK MAX CUSHIONING FLEX,PERFORMANCE,59990.0,33350.0,0.0,0.0,0.0,0.0,0.0,0.0,0.0,1247.0,1301.0
217138-BKGY,217138,BKGY,GO WALK MAX CUSHIONING FLEX,PERFORMANCE,57990.0,32200.0,0.0,0.0,0.0,0.0,0.0,0.0,0.0,0,0
217138-NAT,217138,NAT,GO WALK MAX CUSHIONING FLEX,PERFORMANCE,57990.0,32200.0,0.0,0.0,0.0,0.0,0.0,0.0,0.0,0,0
217138-NVY,217138,NVY,GO WALK MAX CUSHIONING FLEX,PERFORMANCE,57990.0,32200.0,0.0,0.0,0.0,0.0,0.0,0.0,0.0,0,0
217138-BBK,217138,BBK,GO WALK MAX CUSHIONING FLEX,PERFORMANCE,57990.0,32200.0,0.0,0.0,0.0,0.0,0.0,0.0,0.0,0,0
217138-GNBK,217138,GNBK,GO WALK MAX CUSHIONING FLEX,PERFORMANCE,57990.0,32200.0,0.0,0.0,0.0,0.0,0.0,0.0,0.0,0,0
217226-BLK,217226,BLK,GO WALK ARCH FIT 3.0,PERFORMANCE,79990.0,44450.0,0.0,0.0,0.0,0.0,0.0,0.0,0.0,0,0
217226-NVGY,217226,NVGY,GO WALK ARCH FIT 3.0,PERFORMANCE,79990.0,44450.0,0.0,0.0,0.0,0.0,0.0,0.0,0.0,0,0
216789-BBK,216789,BBK,GO WALK 8,PERFORMANCE,74990.0,41650.0,0.0,0.0,0.0,0.0,0.0,0.0,0.0,0.0,720.0
216789-BLK,216789,BLK,GO WALK 8,PERFORMANCE,74990.0,41650.0,0.0,0.0,0.0,0.0,0.0,0.0,0.0,0.0,720.0
216789-NVY,216789,NVY,GO WALK 8,PERFORMANCE,74990.0,41650.0,0.0,0.0,0.0,0.0,0.0,0.0,0.0,558.0,0.0
217286-BLU,217286,BLU,GO WALK BREEZE,PERFORMANCE,69990.0,38900.0,0.0,0.0,0.0,0.0,0.0,0.0,0.0,0,0
217286-BBK,217286,BBK,GO WALK BREEZE,PERFORMANCE,69990.0,38900.0,0.0,0.0,0.0,0.0,0.0,0.0,0.0,0,0
216810-BBK,216810,BBK,GO WALK 8,PERFORMANCE,64990.0,36100.0,0.0,0.0,0.0,0.0,0.0,0.0,0.0,0,0
216810-BLNV,216810,BLNV,GO WALK 8,PERFORMANCE,64990.0,36100.0,0.0,0.0,0.0,0.0,0.0,0.0,0.0,0,0
216810-BKGY,216810,BKGY,GO WALK 8,PERFORMANCE,64990.0,36100.0,0.0,0.0,0.0,0.0,0.0,0.0,0.0,0,0
217227-BLK,217227,BLK,GO WALK ARCH FIT 3.0,PERFORMANCE,64990.0,36100.0,0.0,0.0,0.0,0.0,0.0,0.0,0.0,0,0
217227-NVY,217227,NVY,GO WALK ARCH FIT 3.0,PERFORMANCE,64990.0,36100.0,0.0,0.0,0.0,0.0,0.0,0.0,0.0,0,0
217227-BBK,217227,BBK,GO WALK ARCH FIT 3.0,PERFORMANCE,64990.0,36100.0,0.0,0.0,0.0,0.0,0.0,0.0,0.0,0,0
217246-BLK,217246,BLK,GO WALK FLEX PLUS,PERFORMANCE,64990.0,36100.0,0.0,0.0,0.0,0.0,0.0,0.0,0.0,0,0
217246-NVY,217246,NVY,GO WALK FLEX PLUS,PERFORMANCE,64990.0,36100.0,0.0,0.0,0.0,0.0,0.0,0.0,0.0,0,0
217246-DKTP,217246,DKTP,GO WALK FLEX PLUS,PERFORMANCE,64990.0,36100.0,0.0,0.0,0.0,0.0,0.0,0.0,0.0,0,0
217247-BBK,217247,BBK,GO WALK FLEX PLUS,PERFORMANCE,49990.0,27750.0,0.0,0.0,0.0,0.0,0.0,0.0,0.0,0,0
217247-SLT,217247,SLT,GO WALK FLEX PLUS,PERFORMANCE,49990.0,27750.0,0.0,0.0,0.0,0.0,0.0,0.0,0.0,0,0
217247-TPE,217247,TPE,GO WALK FLEX PLUS,PERFORMANCE,49990.0,27750.0,0.0,0.0,0.0,0.0,0.0,0.0,0.0,0,0
217247-BLK,217247,BLK,GO WALK FLEX PLUS,PERFORMANCE,49990.0,27750.0,0.0,0.0,0.0,0.0,0.0,0.0,0.0,0,0
217247-NVY,217247,NVY,GO WALK FLEX PLUS,PERFORMANCE,49990.0,27750.0,0.0,0.0,0.0,0.0,0.0,0.0,0.0,0,0
216880-BBK,216880,BBK,GO WALK NOW,PERFORMANCE,49990.0,27750.0,0.0,0.0,0.0,0.0,0.0,0.0,0.0,0,0
216880-BKW,216880,BKW,GO WALK NOW,PERFORMANCE,49990.0,27750.0,0.0,0.0,0.0,0.0,0.0,0.0,0.0,0,0
216880-NVY,216880,NVY,GO WALK NOW,PERFORMANCE,49990.0,27750.0,0.0,0.0,0.0,0.0,0.0,0.0,0.0,0,0
221062-BLK,221062,BLK,GO RUN ASCEND,PERFORMANCE,79990.0,44450.0,0.0,0.0,0.0,0.0,0.0,0.0,0.0,0,0
221062-GYCC,221062,GYCC,GO RUN ASCEND,PERFORMANCE,79990.0,44450.0,0.0,0.0,0.0,0.0,0.0,0.0,0.0,0,0
221062-OLV,221062,OLV,GO RUN ASCEND,PERFORMANCE,79990.0,44450.0,0.0,0.0,0.0,0.0,0.0,0.0,0.0,0,0
220887-BLK,220887,BLK,GO RUN CONSISTENT 2.0,PERFORMANCE,69990.0,38900.0,0.0,0.0,0.0,0.0,0.0,15.0,15.0,0.0,1442.0
220887-BBK,220887,BBK,GO RUN CONSISTENT 2.0,PERFORMANCE,69990.0,38900.0,0.0,0.0,0.0,0.0,0.0,0.0,0.0,1013.0,608.0
220887-GYCC,220887,GYCC,GO RUN CONSISTENT 2.0,PERFORMANCE,69990.0,38900.0,0.0,0.0,0.0,0.0,0.0,0.0,0.0,646.0,2094.0
220887-NVY,220887,NVY,GO RUN CONSISTENT 2.0,PERFORMANCE,69990.0,38900.0,0.0,0.0,0.0,0.0,0.0,0.0,0.0,784.0,1520.0
221260-BBK,221260,BBK,GO RUN CONSISTENT 3,PERFORMANCE,67990.0,37750.0,0.0,0.0,0.0,0.0,0.0,0.0,0.0,0,0
221260-NVY,221260,NVY,GO RUN CONSISTENT 3,PERFORMANCE,67990.0,37750.0,0.0,0.0,0.0,0.0,0.0,0.0,0.0,0,0
221260-BLK,221260,BLK,GO RUN CONSISTENT 3,PERFORMANCE,67990.0,37750.0,0.0,0.0,0.0,0.0,0.0,0.0,0.0,0.0,2104.0
221071-BKW,221071,BKW,GO RUN ASCEND,PERFORMANCE,67990.0,37750.0,0.0,0.0,0.0,0.0,0.0,0.0,0.0,0,0
221071-NVBL,221071,NVBL,GO RUN ASCEND,PERFORMANCE,67990.0,37750.0,0.0,0.0,0.0,0.0,0.0,0.0,0.0,0,0
221071-SLT,221071,SLT,GO RUN ASCEND,PERFORMANCE,67990.0,37750.0,0.0,0.0,0.0,0.0,0.0,0.0,0.0,0,0
221061-BBK,221061,BBK,GO RUN ASCEND,PERFORMANCE,64990.0,36100.0,0.0,0.0,0.0,0.0,0.0,0.0,0.0,0,0
221061-NVY,221061,NVY,GO RUN ASCEND,PERFORMANCE,64990.0,36100.0,0.0,0.0,0.0,0.0,0.0,0.0,0.0,0,0
220862-BKCC,220862,BKCC,GO RUN CONSISTENT 2.0,PERFORMANCE,54990.0,30550.0,0.0,0.0,0.0,0.0,0.0,0.0,0.0,6233.0,0.0
220862-GYMT,220862,GYMT,GO RUN CONSISTENT 2.0,PERFORMANCE,54990.0,30550.0,0.0,0.0,0.0,0.0,0.0,0.0,0.0,4536.0,0.0
220862-NVMT,220862,NVMT,GO RUN CONSISTENT 2.0,PERFORMANCE,54990.0,30550.0,0.0,0.0,0.0,0.0,0.0,0.0,0.0,2590.0,0.0
221262-BBK,221262,BBK,GO RUN CONSISTENT 3,PERFORMANCE,44990.0,25000.0,0.0,0.0,0.0,0.0,0.0,0.0,0.0,0.0,1224.0
221262-NVY,221262,NVY,GO RUN CONSISTENT 3,PERFORMANCE,44990.0,25000.0,0.0,0.0,0.0,0.0,0.0,0.0,0.0,0.0,1629.0
221262-GRY,221262,GRY,GO RUN CONSISTENT 3,PERFORMANCE,44990.0,25000.0,0.0,0.0,0.0,0.0,0.0,0.0,0.0,0.0,2091.0
221262-BKGY,221262,BKGY,GO RUN CONSISTENT 3,PERFORMANCE,44990.0,25000.0,0.0,0.0,0.0,0.0,0.0,0.0,0.0,0.0,1901.0
221263-BLK,221263,BLK,GO RUN CONSISTENT 3,PERFORMANCE,44990.0,25000.0,0.0,0.0,0.0,0.0,0.0,15.0,15.0,0.0,3688.0
221263-LTGY,221263,LTGY,GO RUN CONSISTENT 3,PERFORMANCE,44990.0,25000.0,0.0,0.0,0.0,0.0,0.0,0.0,0.0,0,0
221263-NVY,221263,NVY,GO RUN CONSISTENT 3,PERFORMANCE,44990.0,25000.0,0.0,0.0,0.0,0.0,0.0,0.0,0.0,0.0,6721.0
221263-TPE,221263,TPE,GO RUN CONSISTENT 3,PERFORMANCE,44990.0,25000.0,0.0,0.0,0.0,0.0,0.0,0.0,0.0,0,0
221263-GRY,221263,GRY,GO RUN CONSISTENT 3,PERFORMANCE,44990.0,25000.0,0.0,0.0,0.0,0.0,0.0,0.0,0.0,0.0,2400.0
221263-BBK,221263,BBK,GO RUN CONSISTENT 3,PERFORMANCE,44990.0,25000.0,0.0,0.0,15.0,15.0,0.0,15.0,45.0,0.0,8338.0
220391-BBK,220391,BBK,GO RUN NOW,PERFORMANCE,44990.0,25000.0,0.0,0.0,0.0,0.0,0.0,15.0,15.0,0.0,1212.0
220391-BKLM,220391,BKLM,GO RUN NOW,PERFORMANCE,44990.0,25000.0,0.0,0.0,0.0,0.0,0.0,0.0,0.0,0.0,1212.0
220391-TPBK,220391,TPBK,GO RUN NOW,PERFORMANCE,44990.0,25000.0,0.0,0.0,0.0,0.0,0.0,0.0,0.0,0.0,1182.0
220391-GYCC,220391,GYCC,GO RUN NOW,PERFORMANCE,44990.0,25000.0,0.0,0.0,0.0,0.0,0.0,0.0,0.0,0,0
220382-BKGY,220382,BKGY,GO RUN NOW,PERFORMANCE,44990.0,25000.0,0.0,0.0,0.0,0.0,0.0,0.0,0.0,0,0
220382-NVCC,220382,NVCC,GO RUN NOW,PERFORMANCE,44990.0,25000.0,0.0,0.0,0.0,0.0,0.0,0.0,0.0,0,0
220382-BBK,220382,BBK,GO RUN NOW,PERFORMANCE,44990.0,25000.0,0.0,0.0,0.0,0.0,0.0,0.0,0.0,3.0,0.0
220382-GYCC,220382,GYCC,GO RUN NOW,PERFORMANCE,44990.0,25000.0,0.0,0.0,0.0,0.0,0.0,0.0,0.0,14.0,0.0
220415-SLT,220415,SLT,MAX CUSHIONING GLIDE-STEP,PERFORMANCE,89990.0,50000.0,0.0,0.0,0.0,0.0,0.0,0.0,0.0,402.0,0.0
220415-TPE,220415,TPE,MAX CUSHIONING GLIDE-STEP,PERFORMANCE,89990.0,50000.0,0.0,0.0,0.0,0.0,0.0,0.0,0.0,462.0,0.0
221082-BLK,221082,BLK,MAX CUSHIONING GLIDE-STEP ARCH FIT,PERFORMANCE,89990.0,50000.0,0.0,0.0,0.0,0.0,0.0,0.0,0.0,0.0,500.0
221082-NVY,221082,NVY,MAX CUSHIONING GLIDE-STEP ARCH FIT,PERFORMANCE,89990.0,50000.0,0.0,0.0,0.0,0.0,0.0,0.0,0.0,0,0
233114-BKCC,233114,BKCC,ARCH FIT GLIDE-STEP PRO,PERFORMANCE,84990.0,47200.0,0.0,0.0,0.0,0.0,0.0,0.0,0.0,0,0
233114-GYBK,233114,GYBK,ARCH FIT GLIDE-STEP PRO,PERFORMANCE,84990.0,47200.0,0.0,0.0,0.0,0.0,0.0,0.0,0.0,0,0
233114-NVY,233114,NVY,ARCH FIT GLIDE-STEP PRO,PERFORMANCE,84990.0,47200.0,0.0,0.0,0.0,0.0,0.0,0.0,0.0,0,0
233496-BKCC,233496,BKCC,GLIDE-STEP COOL,PERFORMANCE,84990.0,47200.0,0.0,0.0,0.0,0.0,0.0,0.0,0.0,0,0
233496-SLT,233496,SLT,GLIDE-STEP COOL,PERFORMANCE,84990.0,47200.0,0.0,0.0,0.0,0.0,0.0,0.0,0.0,0,0
220421-BLOR,220421,BLOR,MAX CUSHIONING GLIDE-STEP,PERFORMANCE,84990.0,47200.0,0.0,0.0,0.0,0.0,0.0,0.0,0.0,687.0,0.0
220421-GYBK,220421,GYBK,MAX CUSHIONING GLIDE-STEP,PERFORMANCE,84990.0,47200.0,0.0,0.0,0.0,0.0,0.0,0.0,0.0,640.0,0.0
220411-BBK,220411,BBK,MAX CUSHIONING GLIDE-STEP,PERFORMANCE,84990.0,47200.0,0.0,0.0,0.0,0.0,0.0,0.0,0.0,0,0
220411-NVY,220411,NVY,MAX CUSHIONING GLIDE-STEP,PERFORMANCE,84990.0,47200.0,0.0,0.0,0.0,0.0,0.0,0.0,0.0,0,0
233023-BKAQ,233023,BKAQ,GLIDE-STEP ALTUS,PERFORMANCE,79990.0,44450.0,0.0,0.0,0.0,0.0,0.0,0.0,0.0,0.0,1115.0
233023-BKCC,233023,BKCC,GLIDE-STEP ALTUS,PERFORMANCE,79990.0,44450.0,0.0,0.0,0.0,0.0,0.0,0.0,0.0,0.0,1189.0
233026-LGMT,233026,LGMT,GLIDE-STEP ALTUS,PERFORMANCE,79990.0,44450.0,0.0,0.0,0.0,0.0,0.0,0.0,0.0,0.0,860.0
233026-BBK,233026,BBK,GLIDE-STEP ALTUS,PERFORMANCE,79990.0,44450.0,0.0,0.0,0.0,0.0,0.0,0.0,0.0,749.0,986.0
233026-TPMT,233026,TPMT,GLIDE-STEP ALTUS,PERFORMANCE,79990.0,44450.0,0.0,0.0,0.0,0.0,0.0,0.0,0.0,456.0,860.0
217017-GYBK,217017,GYBK,GO WALK GLIDE-STEP 2.0,PERFORMANCE,79990.0,44450.0,0.0,0.0,0.0,0.0,0.0,0.0,0.0,0.0,993.0
217017-NVBK,217017,NVBK,GO WALK GLIDE-STEP 2.0,PERFORMANCE,79990.0,44450.0,0.0,0.0,0.0,0.0,0.0,0.0,0.0,0.0,1053.0
233127-CHAR,233127,CHAR,GLIDE-STEP PRO,PERFORMANCE,74990.0,41650.0,0.0,0.0,0.0,0.0,0.0,0.0,0.0,0,0
233127-BLK,233127,BLK,GLIDE-STEP PRO,PERFORMANCE,74990.0,41650.0,0.0,0.0,0.0,0.0,0.0,0.0,0.0,0,0
220417-GYCC,220417,GYCC,MAX CUSHIONING GLIDE-STEP,PERFORMANCE,74990.0,41650.0,0.0,0.0,0.0,0.0,0.0,0.0,0.0,630.0,0.0
220417-NVBL,220417,NVBL,MAX CUSHIONING GLIDE-STEP,PERFORMANCE,74990.0,41650.0,0.0,0.0,0.0,0.0,0.0,0.0,0.0,678.0,0.0
221121-BKW,221121,BKW,GO RUN GLIDE-STEP ARCH FIT,PERFORMANCE,72990.0,40550.0,0.0,0.0,0.0,0.0,0.0,0.0,0.0,0,0
221121-TPMT,221121,TPMT,GO RUN GLIDE-STEP ARCH FIT,PERFORMANCE,72990.0,40550.0,0.0,0.0,0.0,0.0,0.0,0.0,0.0,0,0
233471-BKBL,233471,BKBL,GLIDE-STEP ALTUS,PERFORMANCE,69990.0,38900.0,0.0,0.0,0.0,0.0,0.0,15.0,15.0,0,0
233471-GYOR,233471,GYOR,GLIDE-STEP ALTUS,PERFORMANCE,69990.0,38900.0,0.0,0.0,0.0,0.0,0.0,0.0,0.0,0,0
221040-NVY,221040,NVY,GLIDE-STEP VORTEX,PERFORMANCE,69990.0,38900.0,0.0,0.0,0.0,0.0,0.0,0.0,0.0,0.0,1119.0
221040-BKCC,221040,BKCC,GLIDE-STEP VORTEX,PERFORMANCE,69990.0,38900.0,0.0,0.0,0.0,0.0,0.0,0.0,0.0,906.0,1186.0
221040-GRY,221040,GRY,GLIDE-STEP VORTEX,PERFORMANCE,69990.0,38900.0,0.0,0.0,0.0,0.0,0.0,0.0,0.0,618.0,0.0
233132-CCOR,233132,CCOR,GLIDE-STEP PRO,PERFORMANCE,64990.0,36100.0,0.0,0.0,0.0,0.0,0.0,0.0,0.0,0,0
233132-GRY,233132,GRY,GLIDE-STEP PRO,PERFORMANCE,64990.0,36100.0,0.0,0.0,0.0,0.0,0.0,0.0,0.0,0.0,1481.0
233132-OLV,233132,OLV,GLIDE-STEP PRO,PERFORMANCE,64990.0,36100.0,0.0,0.0,0.0,0.0,0.0,0.0,0.0,0.0,1502.0
217020-NVBK,217020,NVBK,GO WALK GLIDE-STEP 2.0,PERFORMANCE,64990.0,36100.0,0.0,0.0,0.0,0.0,0.0,0.0,0.0,0.0,2003.0
217020-OLV,217020,OLV,GO WALK GLIDE-STEP 2.0,PERFORMANCE,64990.0,36100.0,0.0,0.0,0.0,0.0,0.0,0.0,0.0,0.0,1878.0
217020-SAGE,217020,SAGE,GO WALK GLIDE-STEP 2.0,PERFORMANCE,64990.0,36100.0,0.0,0.0,0.0,0.0,0.0,0.0,0.0,0.0,3088.0
217020-BKW,217020,BKW,GO WALK GLIDE-STEP 2.0,PERFORMANCE,64990.0,36100.0,0.0,0.0,0.0,0.0,0.0,0.0,0.0,2420.0,0.0
217211-GYBK,217211,GYBK,GO WALK GLIDE-STEP 3.0,PERFORMANCE,64990.0,36100.0,0.0,0.0,0.0,0.0,0.0,0.0,0.0,0,0
217211-BBK,217211,BBK,GO WALK GLIDE-STEP 3.0,PERFORMANCE,64990.0,36100.0,0.0,0.0,0.0,0.0,0.0,0.0,0.0,0,0
217211-NVGY,217211,NVGY,GO WALK GLIDE-STEP 3.0,PERFORMANCE,64990.0,36100.0,0.0,0.0,0.0,0.0,0.0,0.0,0.0,0,0
233016-BBK,233016,BBK,GLIDE-STEP,PERFORMANCE,49990.0,27750.0,0.0,0.0,0.0,0.0,0.0,0.0,0.0,0.0,4015.0
233016-NVY,233016,NVY,GLIDE-STEP,PERFORMANCE,49990.0,27750.0,0.0,0.0,0.0,0.0,0.0,0.0,0.0,0.0,3231.0
233016-CCBK,233016,CCBK,GLIDE-STEP,PERFORMANCE,49990.0,27750.0,0.0,0.0,0.0,0.0,0.0,0.0,0.0,0.0,1961.0
233016-ORCC,233016,ORCC,GLIDE-STEP,PERFORMANCE,49990.0,27750.0,0.0,0.0,0.0,0.0,0.0,0.0,0.0,0.0,1874.0
217275-BKW,217275,BKW,GO WALK GLIDE-STEP CRUISE,PERFORMANCE,49990.0,27750.0,0.0,0.0,0.0,0.0,0.0,0.0,0.0,0,0
217275-NVGY,217275,NVGY,GO WALK GLIDE-STEP CRUISE,PERFORMANCE,49990.0,27750.0,0.0,0.0,0.0,0.0,0.0,0.0,0.0,0,0
217275-BBK,217275,BBK,GO WALK GLIDE-STEP CRUISE,PERFORMANCE,49990.0,27750.0,0.0,0.0,0.0,0.0,0.0,0.0,0.0,0,0
217275-GRY,217275,GRY,GO WALK GLIDE-STEP CRUISE,PERFORMANCE,49990.0,27750.0,0.0,0.0,0.0,0.0,0.0,0.0,0.0,0,0
233102-BBK,233102,BBK,EQUALIZER 6.0,PERFORMANCE,67990.0,37750.0,0.0,0.0,0.0,0.0,0.0,0.0,0.0,1701.0,0.0
233102-BLK,233102,BLK,EQUALIZER 6.0,PERFORMANCE,67990.0,37750.0,0.0,0.0,0.0,0.0,0.0,0.0,0.0,1602.0,0.0
233102-NVRD,233102,NVRD,EQUALIZER 6.0,PERFORMANCE,67990.0,37750.0,0.0,0.0,0.0,0.0,0.0,0.0,0.0,1496.0,0.0
233449-BBK,233449,BBK,TRACK,PERFORMANCE,64990.0,36100.0,0.0,0.0,0.0,0.0,0.0,0.0,0.0,0,0
233449-CCBK,233449,CCBK,TRACK,PERFORMANCE,64990.0,36100.0,0.0,0.0,0.0,0.0,0.0,0.0,0.0,0,0
233449-NVY,233449,NVY,TRACK,PERFORMANCE,64990.0,36100.0,0.0,0.0,0.0,0.0,0.0,0.0,0.0,0,0
233178-BBK,233178,BBK,ARCH FIT SUMMITS,PERFORMANCE,54990.0,30550.0,0.0,0.0,0.0,0.0,0.0,0.0,0.0,0.0,18.0
233178-NVY,233178,NVY,ARCH FIT SUMMITS,PERFORMANCE,54990.0,30550.0,0.0,0.0,0.0,0.0,0.0,0.0,0.0,0,0
233178-CCLM,233178,CCLM,ARCH FIT SUMMITS,PERFORMANCE,54990.0,30550.0,0.0,0.0,0.0,0.0,0.0,0.0,0.0,0,0
232835-BBK,232835,BBK,EDGERIDE,PERFORMANCE,54990.0,30550.0,0.0,0.0,0.0,0.0,0.0,0.0,0.0,4330.0,1896.0
232835-BKW,232835,BKW,EDGERIDE,PERFORMANCE,54990.0,30550.0,0.0,0.0,0.0,0.0,0.0,0.0,0.0,6108.0,2417.0
232835-NVW,232835,NVW,EDGERIDE,PERFORMANCE,54990.0,30550.0,0.0,0.0,0.0,0.0,0.0,0.0,0.0,4469.0,2203.0
232398-BBK,232398,BBK,TRACK,PERFORMANCE,49990.0,27750.0,0.0,0.0,0.0,0.0,0.0,15.0,15.0,1750.0,0.0
232398-NVY,232398,NVY,TRACK,PERFORMANCE,49990.0,27750.0,0.0,0.0,0.0,0.0,0.0,0.0,0.0,1200.0,0.0
8790360-BBK,8790360,BBK,GENO,PERFORMANCE,39990.0,22200.0,0.0,0.0,15.0,0.0,15.0,15.0,45.0,0.0,5635.0
8790360-BLK,8790360,BLK,GENO,PERFORMANCE,39990.0,22200.0,0.0,0.0,15.0,0.0,15.0,0.0,30.0,0.0,3538.0
8790360-NVY,8790360,NVY,GENO,PERFORMANCE,39990.0,22200.0,0.0,0.0,0.0,0.0,0.0,0.0,0.0,0.0,4986.0
167004-BKLV,167004,BKLV,TREGO,PERFORMANCE,79990.0,44450.0,0.0,0.0,0.0,0.0,0.0,0.0,0.0,2910.0,0.0
167004-BRTN,167004,BRTN,TREGO,PERFORMANCE,79990.0,44450.0,0.0,0.0,0.0,0.0,0.0,0.0,0.0,2214.0,0.0
180005-BKCC,180005,BKCC,TREGO,PERFORMANCE,79990.0,44450.0,0.0,0.0,0.0,0.0,0.0,0.0,0.0,1458.0,0.0
180005-BRMT,180005,BRMT,TREGO,PERFORMANCE,79990.0,44450.0,0.0,0.0,0.0,0.0,0.0,0.0,0.0,1358.0,0.0
180451-SLTP,180451,SLTP,GO RUN TRAIL ALTITUDE 2.0,PERFORMANCE,77990.0,43350.0,0.0,0.0,0.0,0.0,0.0,0.0,0.0,0,0
180451-BKLV,180451,BKLV,GO RUN TRAIL ALTITUDE 2.0,PERFORMANCE,77990.0,43350.0,0.0,0.0,0.0,0.0,0.0,0.0,0.0,0.0,810.0
180516-BKNT,180516,BKNT,GO RUN CONSISTENT PRO TRAIL,PERFORMANCE,74990.0,41650.0,0.0,0.0,0.0,0.0,0.0,0.0,0.0,0,0
180516-LTMV,180516,LTMV,GO RUN CONSISTENT PRO TRAIL,PERFORMANCE,74990.0,41650.0,0.0,0.0,0.0,0.0,0.0,0.0,0.0,0,0
180516-TPMT,180516,TPMT,GO RUN CONSISTENT PRO TRAIL,PERFORMANCE,74990.0,41650.0,0.0,0.0,0.0,0.0,0.0,0.0,0.0,0,0
180575-BKRG,180575,BKRG,URBAN EXPLORE,PERFORMANCE,74990.0,41650.0,0.0,0.0,0.0,0.0,0.0,0.0,0.0,0,0
180575-OFWT,180575,OFWT,URBAN EXPLORE,PERFORMANCE,74990.0,41650.0,0.0,0.0,0.0,0.0,0.0,0.0,0.0,0,0
180277-OLBK,180277,OLBK,URBAN EXPLORE,PERFORMANCE,69990.0,38900.0,0.0,0.0,0.0,0.0,0.0,0.0,0.0,0.0,1040.0
180277-BKW,180277,BKW,URBAN EXPLORE,PERFORMANCE,69990.0,38900.0,0.0,0.0,0.0,0.0,0.0,0.0,0.0,990.0,1668.0
180277-PRBK,180277,PRBK,URBAN EXPLORE,PERFORMANCE,69990.0,38900.0,0.0,0.0,0.0,0.0,0.0,0.0,0.0,954.0,1326.0
180277-TPE,180277,TPE,URBAN EXPLORE,PERFORMANCE,69990.0,38900.0,0.0,0.0,0.0,0.0,0.0,0.0,0.0,924.0,2796.0
180577-BKRG,180577,BKRG,URBAN EXPLORE,PERFORMANCE,69990.0,38900.0,0.0,0.0,0.0,0.0,0.0,0.0,0.0,0,0
180577-BURG,180577,BURG,URBAN EXPLORE,PERFORMANCE,69990.0,38900.0,0.0,0.0,0.0,0.0,0.0,0.0,0.0,0,0
180577-NVY,180577,NVY,URBAN EXPLORE,PERFORMANCE,69990.0,38900.0,0.0,0.0,0.0,0.0,0.0,0.0,0.0,0,0
180616-BRMT,180616,BRMT,ARCH FIT JOURNEY AT,PERFORMANCE,69990.0,38900.0,0.0,0.0,0.0,0.0,0.0,0.0,0.0,0,0
180616-OWGR,180616,OWGR,ARCH FIT JOURNEY AT,PERFORMANCE,69990.0,38900.0,0.0,0.0,0.0,0.0,0.0,0.0,0.0,0,0
180272-BKRG,180272,BKRG,GLIDE-STEP SOLE,PERFORMANCE,69990.0,38900.0,0.0,0.0,0.0,0.0,0.0,0.0,0.0,0.0,1050.0
180272-CHOC,180272,CHOC,GLIDE-STEP SOLE,PERFORMANCE,69990.0,38900.0,0.0,0.0,0.0,0.0,0.0,0.0,0.0,0,0
180272-SLTP,180272,SLTP,GLIDE-STEP SOLE,PERFORMANCE,69990.0,38900.0,0.0,0.0,0.0,0.0,0.0,0.0,0.0,1585.0,462.0
180359-BKNT,180359,BKNT,ARCH FIT HILLCREST,PERFORMANCE,64990.0,36100.0,0.0,0.0,0.0,0.0,0.0,0.0,0.0,1110.0,0.0
180359-GYPK,180359,GYPK,ARCH FIT HILLCREST,PERFORMANCE,64990.0,36100.0,0.0,0.0,0.0,0.0,0.0,0.0,0.0,1026.0,1134.0
180359-TNTP,180359,TNTP,ARCH FIT HILLCREST,PERFORMANCE,64990.0,36100.0,0.0,0.0,0.0,0.0,0.0,0.0,0.0,0,0
180399-DKMV,180399,DKMV,D'LITE MAX,PERFORMANCE,64990.0,36100.0,0.0,0.0,0.0,0.0,0.0,0.0,0.0,0.0,2447.0
180399-TPBK,180399,TPBK,D'LITE MAX,PERFORMANCE,64990.0,36100.0,0.0,0.0,0.0,0.0,0.0,0.0,0.0,0.0,1780.0
180399-WBK,180399,WBK,D'LITE MAX,PERFORMANCE,64990.0,36100.0,0.0,0.0,0.0,0.0,0.0,0.0,0.0,0.0,3413.0
129525-BKLV,129525,BKLV,GO RUN TRAIL ALTITUDE 2.0,PERFORMANCE,64990.0,36100.0,0.0,0.0,0.0,0.0,0.0,0.0,0.0,2416.0,2155.0
129525-NAT,129525,NAT,GO RUN TRAIL ALTITUDE 2.0,PERFORMANCE,64990.0,36100.0,0.0,0.0,0.0,0.0,0.0,0.0,0.0,1522.0,0.0
129525-NTTP,129525,NTTP,GO RUN TRAIL ALTITUDE 2.0,PERFORMANCE,64990.0,36100.0,0.0,0.0,0.0,0.0,0.0,0.0,0.0,1589.0,0.0
180296-BKHP,180296,BKHP,HILLCREST 2.0,PERFORMANCE,64990.0,36100.0,0.0,0.0,0.0,0.0,0.0,0.0,0.0,3043.0,0.0
180296-GYPK,180296,GYPK,HILLCREST 2.0,PERFORMANCE,64990.0,36100.0,0.0,0.0,0.0,0.0,0.0,0.0,0.0,2580.0,0.0
180296-MVE,180296,MVE,HILLCREST 2.0,PERFORMANCE,64990.0,36100.0,0.0,0.0,0.0,0.0,0.0,0.0,0.0,2229.0,0.0
180538-BKRG,180538,BKRG,ARCH FIT HILLCREST,PERFORMANCE,59990.0,33350.0,0.0,0.0,0.0,0.0,0.0,0.0,0.0,0,0
180538-OFWT,180538,OFWT,ARCH FIT HILLCREST,PERFORMANCE,59990.0,33350.0,0.0,0.0,0.0,0.0,0.0,0.0,0.0,0,0
180538-TPE,180538,TPE,ARCH FIT HILLCREST,PERFORMANCE,59990.0,33350.0,0.0,0.0,0.0,0.0,0.0,0.0,0.0,0,0
180450-BKNT,180450,BKNT,GO RUN TRAIL ALTITUDE 2.0,PERFORMANCE,59990.0,33350.0,0.0,0.0,0.0,0.0,0.0,0.0,0.0,0.0,2003.0
180450-GRY,180450,GRY,GO RUN TRAIL ALTITUDE 2.0,PERFORMANCE,59990.0,33350.0,0.0,0.0,0.0,0.0,0.0,0.0,0.0,0.0,1703.0
180450-OFWT,180450,OFWT,GO RUN TRAIL ALTITUDE 2.0,PERFORMANCE,59990.0,33350.0,0.0,0.0,0.0,0.0,0.0,0.0,0.0,0.0,1531.0
180372-BGE,180372,BGE,STAMINA AT,PERFORMANCE,59990.0,33350.0,0.0,0.0,0.0,0.0,0.0,0.0,0.0,1322.0,0.0
180372-BKNT,180372,BKNT,STAMINA AT,PERFORMANCE,59990.0,33350.0,0.0,0.0,0.0,0.0,0.0,0.0,0.0,1860.0,0.0
180372-GRY,180372,GRY,STAMINA AT,PERFORMANCE,59990.0,33350.0,0.0,0.0,0.0,0.0,0.0,0.0,0.0,1396.0,0.0
180418-BBK,180418,BBK,MAX CUSHIONING ZIRRUS,PERFORMANCE,54990.0,30550.0,0.0,0.0,0.0,0.0,0.0,0.0,0.0,0.0,2493.0
180418-GYPR,180418,GYPR,MAX CUSHIONING ZIRRUS,PERFORMANCE,54990.0,30550.0,0.0,0.0,0.0,0.0,0.0,0.0,0.0,0.0,1423.0
180418-TPE,180418,TPE,MAX CUSHIONING ZIRRUS,PERFORMANCE,54990.0,30550.0,0.0,0.0,0.0,0.0,0.0,0.0,0.0,0.0,1838.0
180632-BBK,180632,BBK,SUMMITS AT MAX,PERFORMANCE,49990.0,27750.0,0.0,0.0,0.0,0.0,0.0,0.0,0.0,0,0
180632-ROS,180632,ROS,SUMMITS AT MAX,PERFORMANCE,49990.0,27750.0,0.0,0.0,0.0,0.0,0.0,0.0,0.0,0,0
180632-SAGE,180632,SAGE,SUMMITS AT MAX,PERFORMANCE,49990.0,27750.0,0.0,0.0,0.0,0.0,0.0,0.0,0.0,0,0
129715-BLK,129715,BLK,MAX CUSHIONING ELITE 3,PERFORMANCE,97990.0,54450.0,0.0,0.0,0.0,0.0,0.0,0.0,0.0,0,0
129715-LTBL,129715,LTBL,MAX CUSHIONING ELITE 3,PERFORMANCE,97990.0,54450.0,0.0,0.0,0.0,0.0,0.0,0.0,0.0,0,0
129729-BKW,129729,BKW,MAX CUSHIONING ELITE 3,PERFORMANCE,82990.0,46100.0,0.0,0.0,0.0,0.0,0.0,0.0,0.0,0,0
129729-MVE,129729,MVE,MAX CUSHIONING ELITE 3,PERFORMANCE,82990.0,46100.0,0.0,0.0,0.0,0.0,0.0,0.0,0.0,0,0
129484-ROS,129484,ROS,MAX CUSHIONING ENDEAVOUR,PERFORMANCE,79990.0,44450.0,0.0,0.0,0.0,0.0,0.0,0.0,0.0,0,0
129484-BKW,129484,BKW,MAX CUSHIONING ENDEAVOUR,PERFORMANCE,79990.0,44450.0,0.0,0.0,0.0,0.0,0.0,0.0,0.0,522.0,800.0
129484-LAV,129484,LAV,MAX CUSHIONING ENDEAVOUR,PERFORMANCE,79990.0,44450.0,0.0,0.0,0.0,0.0,0.0,0.0,0.0,627.0,746.0
129211-BLK,129211,BLK,MAX RUN,PERFORMANCE,72990.0,40550.0,0.0,0.0,0.0,0.0,0.0,0.0,0.0,0,0
129211-LTGY,129211,LTGY,MAX RUN,PERFORMANCE,72990.0,40550.0,0.0,0.0,0.0,0.0,0.0,0.0,0.0,0,0
129211-PNK,129211,PNK,MAX RUN,PERFORMANCE,72990.0,40550.0,0.0,0.0,0.0,0.0,0.0,0.0,0.0,0,0
129470-BBK,129470,BBK,MAX CUSHIONING ENDEAVOUR,PERFORMANCE,67990.0,37750.0,0.0,0.0,0.0,0.0,0.0,0.0,0.0,2873.0,3411.0
129470-BKW,129470,BKW,MAX CUSHIONING ENDEAVOUR,PERFORMANCE,67990.0,37750.0,0.0,0.0,0.0,0.0,0.0,0.0,0.0,4179.0,3718.0
129470-NVPK,129470,NVPK,MAX CUSHIONING ENDEAVOUR,PERFORMANCE,67990.0,37750.0,0.0,0.0,0.0,0.0,0.0,0.0,0.0,3671.0,2537.0
129479-BKW,129479,BKW,MAX CUSHIONING ENDEAVOUR,PERFORMANCE,64990.0,36100.0,0.0,0.0,0.0,0.0,0.0,0.0,0.0,0,0
129479-LTPK,129479,LTPK,MAX CUSHIONING ENDEAVOUR,PERFORMANCE,64990.0,36100.0,0.0,0.0,0.0,0.0,0.0,0.0,0.0,0,0
129479-RAS,129479,RAS,MAX CUSHIONING ENDEAVOUR,PERFORMANCE,64990.0,36100.0,0.0,0.0,0.0,0.0,0.0,0.0,0.0,0,0
129659-BBK,129659,BBK,MAX CUSHIONING ENDEAVOUR,PERFORMANCE,59990.0,33350.0,0.0,0.0,0.0,0.0,0.0,15.0,15.0,0,0
129659-LTPK,129659,LTPK,MAX CUSHIONING ENDEAVOUR,PERFORMANCE,59990.0,33350.0,0.0,0.0,0.0,0.0,0.0,15.0,15.0,0,0
129659-BLK,129659,BLK,MAX CUSHIONING ENDEAVOUR,PERFORMANCE,59990.0,33350.0,0.0,0.0,0.0,0.0,0.0,15.0,15.0,0,0
129659-LTGY,129659,LTGY,MAX CUSHIONING ENDEAVOUR,PERFORMANCE,59990.0,33350.0,0.0,0.0,0.0,0.0,0.0,0.0,0.0,0,0
129761-BKW,129761,BKW,MAX FLEX,PERFORMANCE,59990.0,33350.0,0.0,0.0,0.0,0.0,0.0,0.0,0.0,0.0,1844.0
129761-NVY,129761,NVY,MAX FLEX,PERFORMANCE,59990.0,33350.0,0.0,0.0,0.0,0.0,0.0,0.0,0.0,0.0,210.0
129761-BBK,129761,BBK,MAX FLEX,PERFORMANCE,59990.0,33350.0,0.0,0.0,0.0,0.0,0.0,0.0,0.0,2769.0,1962.0
129761-LAV,129761,LAV,MAX FLEX,PERFORMANCE,59990.0,33350.0,0.0,0.0,0.0,0.0,0.0,0.0,0.0,2051.0,1474.0
125593-BKW,125593,BKW,GO WALK MAX CUSHIONING ARCH FIT,PERFORMANCE,94990.0,52750.0,0.0,0.0,0.0,0.0,0.0,0.0,0.0,0.0,360.0
125593-NVY,125593,NVY,GO WALK MAX CUSHIONING ARCH FIT,PERFORMANCE,94990.0,52750.0,0.0,0.0,0.0,0.0,0.0,0.0,0.0,0.0,354.0
125600-BKPK,125600,BKPK,GO WALK MAX CUSHIONING ARCH FIT,PERFORMANCE,77990.0,43350.0,0.0,0.0,0.0,0.0,0.0,0.0,0.0,0,0
125600-LTPK,125600,LTPK,GO WALK MAX CUSHIONING ARCH FIT,PERFORMANCE,77990.0,43350.0,0.0,0.0,0.0,0.0,0.0,0.0,0.0,0,0
126045-BKPK,126045,BKPK,GO WALK MAX CUSHIONING FLEX,PERFORMANCE,72990.0,40550.0,0.0,0.0,0.0,0.0,0.0,0.0,0.0,0,0
126045-NVY,126045,NVY,GO WALK MAX CUSHIONING FLEX,PERFORMANCE,72990.0,40550.0,0.0,0.0,0.0,0.0,0.0,0.0,0.0,0,0
126031-MVE,126031,MVE,GO WALK MAX CUSHIONING FLEX,PERFORMANCE,69990.0,38900.0,0.0,0.0,0.0,0.0,0.0,0.0,0.0,0.0,230.0
126031-BKW,126031,BKW,GO WALK MAX CUSHIONING FLEX,PERFORMANCE,69990.0,38900.0,0.0,0.0,0.0,0.0,0.0,0.0,0.0,1428.0,0.0
126031-TPBL,126031,TPBL,GO WALK MAX CUSHIONING FLEX,PERFORMANCE,69990.0,38900.0,0.0,0.0,0.0,0.0,0.0,0.0,0.0,1062.0,0.0
126036-BBK,126036,BBK,GO WALK MAX CUSHIONING FLEX,PERFORMANCE,59990.0,33350.0,0.0,0.0,0.0,0.0,0.0,0.0,0.0,0.0,1731.0
126036-LTMV,126036,LTMV,GO WALK MAX CUSHIONING FLEX,PERFORMANCE,59990.0,33350.0,0.0,0.0,0.0,0.0,0.0,0.0,0.0,0.0,3370.0
126036-NVY,126036,NVY,GO WALK MAX CUSHIONING FLEX,PERFORMANCE,59990.0,33350.0,0.0,0.0,0.0,0.0,0.0,0.0,0.0,0.0,1698.0
126036-SAGE,126036,SAGE,GO WALK MAX CUSHIONING FLEX,PERFORMANCE,59990.0,33350.0,0.0,0.0,0.0,0.0,0.0,0.0,0.0,0.0,2971.0
125890-BBK,125890,BBK,GO WALK MAX CUSHIONING HYPER BURST,PERFORMANCE,59990.0,33350.0,0.0,0.0,0.0,0.0,0.0,0.0,0.0,2389.0,0.0
125890-BKPK,125890,BKPK,GO WALK MAX CUSHIONING HYPER BURST,PERFORMANCE,59990.0,33350.0,0.0,0.0,0.0,0.0,0.0,15.0,15.0,2257.0,0.0
125890-NVY,125890,NVY,GO WALK MAX CUSHIONING HYPER BURST,PERFORMANCE,59990.0,33350.0,0.0,0.0,0.0,0.0,0.0,0.0,0.0,1652.0,0.0
126225-BKLP,126225,BKLP,GO WALK BREEZE,PERFORMANCE,69990.0,38900.0,0.0,0.0,0.0,0.0,0.0,0.0,0.0,0,0
126225-GYLV,126225,GYLV,GO WALK BREEZE,PERFORMANCE,69990.0,38900.0,0.0,0.0,0.0,0.0,0.0,0.0,0.0,0,0
126225-SAGE,126225,SAGE,GO WALK BREEZE,PERFORMANCE,69990.0,38900.0,0.0,0.0,0.0,0.0,0.0,0.0,0.0,0,0
125665-BLK,125665,BLK,GO WALK NOW,PERFORMANCE,67990.0,37750.0,0.0,0.0,0.0,0.0,0.0,0.0,0.0,0.0,1385.0
125665-BLU,125665,BLU,GO WALK NOW,PERFORMANCE,67990.0,37750.0,0.0,0.0,0.0,0.0,0.0,0.0,0.0,0,0
125665-BURG,125665,BURG,GO WALK NOW,PERFORMANCE,67990.0,37750.0,0.0,0.0,0.0,0.0,0.0,0.0,0.0,0,0
125968-NVPK,125968,NVPK,GO WALK 8,PERFORMANCE,64990.0,36100.0,0.0,0.0,0.0,0.0,0.0,0.0,0.0,0,0
125968-BBK,125968,BBK,GO WALK 8,PERFORMANCE,64990.0,36100.0,0.0,0.0,0.0,0.0,0.0,0.0,0.0,0,0
126571-BKPK,126571,BKPK,GO WALK ARCH FIT 3.0,PERFORMANCE,64990.0,36100.0,0.0,0.0,0.0,0.0,0.0,0.0,0.0,0,0
126571-MVE,126571,MVE,GO WALK ARCH FIT 3.0,PERFORMANCE,64990.0,36100.0,0.0,0.0,0.0,0.0,0.0,0.0,0.0,0,0
126571-NVAQ,126571,NVAQ,GO WALK ARCH FIT 3.0,PERFORMANCE,64990.0,36100.0,0.0,0.0,0.0,0.0,0.0,0.0,0.0,0,0
126370-BKGY,126370,BKGY,GO WALK FLEX PLUS,PERFORMANCE,64990.0,36100.0,0.0,0.0,0.0,0.0,0.0,0.0,0.0,0,0
126370-BLU,126370,BLU,GO WALK FLEX PLUS,PERFORMANCE,64990.0,36100.0,0.0,0.0,0.0,0.0,0.0,0.0,0.0,0,0
126370-MVE,126370,MVE,GO WALK FLEX PLUS,PERFORMANCE,64990.0,36100.0,0.0,0.0,0.0,0.0,0.0,0.0,0.0,0,0
126371-BKPR,126371,BKPR,GO WALK FLEX PLUS,PERFORMANCE,49990.0,27750.0,0.0,0.0,0.0,0.0,0.0,0.0,0.0,0,0
126371-LAV,126371,LAV,GO WALK FLEX PLUS,PERFORMANCE,49990.0,27750.0,0.0,0.0,0.0,0.0,0.0,0.0,0.0,0,0
126371-NVY,126371,NVY,GO WALK FLEX PLUS,PERFORMANCE,49990.0,27750.0,0.0,0.0,0.0,0.0,0.0,0.0,0.0,0,0
126371-TPE,126371,TPE,GO WALK FLEX PLUS,PERFORMANCE,49990.0,27750.0,0.0,0.0,0.0,0.0,0.0,0.0,0.0,0,0
125672-BBK,125672,BBK,GO WALK NOW,PERFORMANCE,49990.0,27750.0,0.0,0.0,0.0,0.0,0.0,0.0,0.0,0,0
125672-NVLV,125672,NVLV,GO WALK NOW,PERFORMANCE,49990.0,27750.0,0.0,0.0,0.0,0.0,0.0,0.0,0.0,0,0
125672-BLK,125672,BLK,GO WALK NOW,PERFORMANCE,49990.0,27750.0,0.0,0.0,0.0,0.0,0.0,0.0,0.0,0,0
129022-BLK,129022,BLK,GO RUN ASCEND,PERFORMANCE,79990.0,44450.0,0.0,0.0,0.0,0.0,0.0,0.0,0.0,0,0
129022-GYBL,129022,GYBL,GO RUN ASCEND,PERFORMANCE,79990.0,44450.0,0.0,0.0,0.0,0.0,0.0,0.0,0.0,0,0
129065-WSL,129065,WSL,GO RUN CONSISTENT 3,PERFORMANCE,77990.0,43350.0,0.0,0.0,0.0,0.0,0.0,0.0,0.0,0,0
129065-BKPR,129065,BKPR,GO RUN CONSISTENT 3,PERFORMANCE,77990.0,43350.0,0.0,0.0,0.0,0.0,0.0,0.0,0.0,0,0
129061-BKMT,129061,BKMT,GO RUN CONSISTENT 3,PERFORMANCE,72990.0,40550.0,0.0,0.0,0.0,0.0,0.0,0.0,0.0,0,0
129061-WMLT,129061,WMLT,GO RUN CONSISTENT 3,PERFORMANCE,72990.0,40550.0,0.0,0.0,0.0,0.0,0.0,0.0,0.0,0,0
128619-BBK,128619,BBK,GO RUN CONSISTENT 2.0,PERFORMANCE,69990.0,38900.0,0.0,0.0,0.0,0.0,0.0,0.0,0.0,2017.0,0.0
128619-DKPR,128619,DKPR,GO RUN CONSISTENT 2.0,PERFORMANCE,69990.0,38900.0,0.0,0.0,0.0,0.0,0.0,0.0,0.0,1122.0,0.0
128619-NVLV,128619,NVLV,GO RUN CONSISTENT 2.0,PERFORMANCE,69990.0,38900.0,0.0,0.0,0.0,0.0,0.0,0.0,0.0,1104.0,0.0
129785-BKPR,129785,BKPR,GO RUN CONSISTENT PRO,PERFORMANCE,69990.0,38900.0,0.0,0.0,0.0,0.0,0.0,0.0,0.0,0,0
129785-PROR,129785,PROR,GO RUN CONSISTENT PRO,PERFORMANCE,69990.0,38900.0,0.0,0.0,0.0,0.0,0.0,0.0,0.0,0,0
129369-BBK,129369,BBK,GO RUN NOW,PERFORMANCE,69990.0,38900.0,0.0,0.0,0.0,0.0,0.0,0.0,0.0,1936.0,1191.0
129369-NAT,129369,NAT,GO RUN NOW,PERFORMANCE,69990.0,38900.0,0.0,0.0,0.0,0.0,0.0,0.0,0.0,1414.0,964.0
129050-BBK,129050,BBK,GO RUN CONSISTENT 3,PERFORMANCE,67990.0,37750.0,0.0,0.0,0.0,0.0,0.0,0.0,0.0,0,0
129050-LAV,129050,LAV,GO RUN CONSISTENT 3,PERFORMANCE,67990.0,37750.0,0.0,0.0,0.0,0.0,0.0,0.0,0.0,0,0
129050-BLK,129050,BLK,GO RUN CONSISTENT 3,PERFORMANCE,67990.0,37750.0,0.0,0.0,0.0,0.0,0.0,0.0,0.0,0.0,1293.0
129021-BKW,129021,BKW,GO RUN ASCEND,PERFORMANCE,64990.0,36100.0,0.0,0.0,0.0,0.0,0.0,0.0,0.0,0,0
129021-GYPR,129021,GYPR,GO RUN ASCEND,PERFORMANCE,64990.0,36100.0,0.0,0.0,0.0,0.0,0.0,0.0,0.0,0,0
129021-PNK,129021,PNK,GO RUN ASCEND,PERFORMANCE,64990.0,36100.0,0.0,0.0,0.0,0.0,0.0,0.0,0.0,0,0
128606-NAT,128606,NAT,GO RUN CONSISTENT 2.0,PERFORMANCE,59990.0,33350.0,0.0,0.0,0.0,0.0,15.0,15.0,30.0,0.0,4035.0
128606-BBK,128606,BBK,GO RUN CONSISTENT 2.0,PERFORMANCE,59990.0,33350.0,0.0,0.0,0.0,0.0,15.0,0.0,15.0,1719.0,1893.0
128606-BKW,128606,BKW,GO RUN CONSISTENT 2.0,PERFORMANCE,59990.0,33350.0,0.0,0.0,0.0,0.0,15.0,15.0,30.0,2202.0,3948.0
128606-LTBR,128606,LTBR,GO RUN CONSISTENT 2.0,PERFORMANCE,59990.0,33350.0,0.0,0.0,0.0,0.0,0.0,0.0,0.0,1136.0,0.0
128606-NVBL,128606,NVBL,GO RUN CONSISTENT 2.0,PERFORMANCE,59990.0,33350.0,0.0,0.0,0.0,0.0,0.0,0.0,0.0,1485.0,2327.0
128633-OFWT,128633,OFWT,GO RUN CONSISTENT 2.0,PERFORMANCE,59990.0,33350.0,0.0,0.0,0.0,0.0,0.0,0.0,0.0,0.0,1200.0
128633-WSBK,128633,WSBK,GO RUN CONSISTENT 2.0,PERFORMANCE,59990.0,33350.0,0.0,0.0,0.0,0.0,0.0,0.0,0.0,0.0,2200.0
128650-BKW,128650,BKW,GO RUN CONSISTENT 2.0,PERFORMANCE,54990.0,30550.0,0.0,0.0,0.0,0.0,0.0,0.0,0.0,4205.0,0.0
128650-NAT,128650,NAT,GO RUN CONSISTENT 2.0,PERFORMANCE,54990.0,30550.0,0.0,0.0,0.0,0.0,0.0,0.0,0.0,2080.0,0.0
129735-BKW,129735,BKW,GO RUN NOW,PERFORMANCE,54990.0,30550.0,0.0,0.0,0.0,0.0,0.0,0.0,0.0,0.0,1928.0
129735-LAV,129735,LAV,GO RUN NOW,PERFORMANCE,54990.0,30550.0,0.0,0.0,0.0,0.0,0.0,0.0,0.0,0.0,1517.0
129735-LTBL,129735,LTBL,GO RUN NOW,PERFORMANCE,54990.0,30550.0,0.0,0.0,0.0,0.0,0.0,0.0,0.0,0.0,1519.0
128649-BBK,128649,BBK,GO RUN CONSISTENT 2.0,PERFORMANCE,49990.0,27750.0,0.0,0.0,0.0,0.0,0.0,0.0,0.0,0.0,1374.0
128649-BKMV,128649,BKMV,GO RUN CONSISTENT 2.0,PERFORMANCE,49990.0,27750.0,0.0,0.0,0.0,0.0,0.0,0.0,0.0,0.0,1266.0
128649-GRY,128649,GRY,GO RUN CONSISTENT 2.0,PERFORMANCE,49990.0,27750.0,0.0,0.0,0.0,0.0,0.0,0.0,0.0,0.0,1170.0
129052-BLK,129052,BLK,GO RUN CONSISTENT 3,PERFORMANCE,44990.0,25000.0,0.0,0.0,15.0,0.0,0.0,15.0,30.0,0.0,3321.0
129052-OFWT,129052,OFWT,GO RUN CONSISTENT 3,PERFORMANCE,44990.0,25000.0,0.0,0.0,15.0,15.0,0.0,15.0,45.0,0.0,2489.0
129052-BBK,129052,BBK,GO RUN CONSISTENT 3,PERFORMANCE,44990.0,25000.0,0.0,0.0,0.0,15.0,0.0,0.0,15.0,0,0
129052-NVY,129052,NVY,GO RUN CONSISTENT 3,PERFORMANCE,44990.0,25000.0,0.0,0.0,0.0,0.0,0.0,0.0,0.0,0,0
129052-TPE,129052,TPE,GO RUN CONSISTENT 3,PERFORMANCE,44990.0,25000.0,0.0,0.0,0.0,0.0,0.0,0.0,0.0,0,0
129053-BBK,129053,BBK,GO RUN CONSISTENT 3,PERFORMANCE,44990.0,25000.0,0.0,0.0,0.0,0.0,0.0,0.0,0.0,0.0,7195.0
129053-ROS,129053,ROS,GO RUN CONSISTENT 3,PERFORMANCE,44990.0,25000.0,0.0,0.0,0.0,0.0,0.0,0.0,0.0,0.0,6730.0
129053-BLK,129053,BLK,GO RUN CONSISTENT 3,PERFORMANCE,44990.0,25000.0,0.0,0.0,0.0,0.0,0.0,0.0,0.0,0.0,7365.0
129053-GRY,129053,GRY,GO RUN CONSISTENT 3,PERFORMANCE,44990.0,25000.0,0.0,0.0,0.0,0.0,0.0,0.0,0.0,0.0,2401.0
129365-BKW,129365,BKW,GO RUN NOW,PERFORMANCE,44990.0,25000.0,0.0,0.0,0.0,0.0,0.0,0.0,0.0,471.0,1476.0
129365-MVE,129365,MVE,GO RUN NOW,PERFORMANCE,44990.0,25000.0,0.0,0.0,0.0,0.0,0.0,0.0,0.0,0,0
129365-NVW,129365,NVW,GO RUN NOW,PERFORMANCE,44990.0,25000.0,0.0,0.0,0.0,0.0,0.0,0.0,0.0,0.0,1374.0
129365-BBK,129365,BBK,GO RUN NOW,PERFORMANCE,44990.0,25000.0,0.0,0.0,0.0,0.0,0.0,0.0,0.0,11.0,1572.0
129365-NAT,129365,NAT,GO RUN NOW,PERFORMANCE,44990.0,25000.0,0.0,0.0,0.0,0.0,0.0,0.0,0.0,0.0,1326.0
129403-NVPR,129403,NVPR,MAX CUSHIONING GLIDE-STEP,PERFORMANCE,89990.0,50000.0,0.0,0.0,0.0,0.0,0.0,0.0,0.0,108.0,522.0
129403-BKW,129403,BKW,MAX CUSHIONING GLIDE-STEP,PERFORMANCE,89990.0,50000.0,0.0,0.0,0.0,0.0,0.0,0.0,0.0,516.0,0.0
129852-BKPK,129852,BKPK,MAX CUSHIONING GLIDE-STEP ARCH FIT,PERFORMANCE,89990.0,50000.0,0.0,0.0,0.0,0.0,0.0,0.0,0.0,0,0
129852-GYLV,129852,GYLV,MAX CUSHIONING GLIDE-STEP ARCH FIT,PERFORMANCE,89990.0,50000.0,0.0,0.0,0.0,0.0,0.0,0.0,0.0,0,0
150635-BLK,150635,BLK,GLIDE-STEP COOL,PERFORMANCE,84990.0,47200.0,0.0,0.0,0.0,0.0,0.0,0.0,0.0,0,0
150635-NAT,150635,NAT,GLIDE-STEP COOL,PERFORMANCE,84990.0,47200.0,0.0,0.0,0.0,0.0,0.0,0.0,0.0,0,0
129414-BBK,129414,BBK,MAX CUSHIONING GLIDE-STEP,PERFORMANCE,84990.0,47200.0,0.0,0.0,0.0,0.0,0.0,15.0,15.0,0,0
129414-NTPR,129414,NTPR,MAX CUSHIONING GLIDE-STEP,PERFORMANCE,84990.0,47200.0,0.0,0.0,0.0,0.0,0.0,0.0,0.0,0,0
150510-BKMT,150510,BKMT,GLIDE-STEP ALTUS,PERFORMANCE,79990.0,44450.0,0.0,0.0,0.0,0.0,0.0,0.0,0.0,1278.0,0.0
150510-GYPK,150510,GYPK,GLIDE-STEP ALTUS,PERFORMANCE,79990.0,44450.0,0.0,0.0,0.0,0.0,0.0,0.0,0.0,1498.0,954.0
150510-NTGY,150510,NTGY,GLIDE-STEP ALTUS,PERFORMANCE,79990.0,44450.0,0.0,0.0,0.0,0.0,0.0,15.0,15.0,985.0,1050.0
150514-BKRG,150514,BKRG,GLIDE-STEP ALTUS,PERFORMANCE,79990.0,44450.0,0.0,0.0,0.0,0.0,0.0,0.0,0.0,1550.0,1682.0
150514-NTGD,150514,NTGD,GLIDE-STEP ALTUS,PERFORMANCE,79990.0,44450.0,0.0,0.0,0.0,0.0,0.0,15.0,15.0,1026.0,1616.0
129409-BLK,129409,BLK,MAX CUSHIONING GLIDE-STEP,PERFORMANCE,74990.0,41650.0,0.0,0.0,0.0,0.0,0.0,0.0,0.0,630.0,0.0
129409-NAT,129409,NAT,MAX CUSHIONING GLIDE-STEP,PERFORMANCE,74990.0,41650.0,0.0,0.0,0.0,0.0,0.0,0.0,0.0,735.0,0.0
129087-BKPR,129087,BKPR,GLIDE-STEP SPEED GT,PERFORMANCE,72990.0,40550.0,0.0,0.0,0.0,0.0,0.0,0.0,0.0,0,0
129087-LTBL,129087,LTBL,GLIDE-STEP SPEED GT,PERFORMANCE,72990.0,40550.0,0.0,0.0,0.0,0.0,0.0,0.0,0.0,0,0
129827-BBK,129827,BBK,GLIDE-STEP VORTEX,PERFORMANCE,69990.0,38900.0,0.0,0.0,0.0,0.0,0.0,0.0,0.0,0,0
129827-OFWT,129827,OFWT,GLIDE-STEP VORTEX,PERFORMANCE,69990.0,38900.0,0.0,0.0,0.0,0.0,0.0,0.0,0.0,0,0
126800-BKLP,126800,BKLP,GO WALK GLIDE-STEP CRUISE,PERFORMANCE,67990.0,37750.0,0.0,0.0,0.0,0.0,0.0,0.0,0.0,0,0
126800-PCH,126800,PCH,GO WALK GLIDE-STEP CRUISE,PERFORMANCE,67990.0,37750.0,0.0,0.0,0.0,0.0,0.0,0.0,0.0,0,0
150744-BLK,150744,BLK,GLIDE-STEP ALTUS,PERFORMANCE,64990.0,36100.0,0.0,0.0,0.0,0.0,0.0,0.0,0.0,0.0,2536.0
150744-NTBK,150744,NTBK,GLIDE-STEP ALTUS,PERFORMANCE,64990.0,36100.0,0.0,0.0,0.0,0.0,0.0,0.0,0.0,0.0,2236.0
126470-BKW,126470,BKW,GO WALK GLIDE-STEP 3.0,PERFORMANCE,64990.0,36100.0,0.0,0.0,0.0,0.0,0.0,0.0,0.0,0,0
126470-LAV,126470,LAV,GO WALK GLIDE-STEP 3.0,PERFORMANCE,64990.0,36100.0,0.0,0.0,0.0,0.0,0.0,0.0,0.0,0,0
126470-BKCC,126470,BKCC,GO WALK GLIDE-STEP 3.0,PERFORMANCE,64990.0,36100.0,0.0,0.0,0.0,0.0,0.0,0.0,0.0,0,0
150484-BLK,150484,BLK,GLIDE-STEP PRO,PERFORMANCE,59990.0,33350.0,0.0,0.0,0.0,0.0,0.0,0.0,0.0,0.0,2669.0
150484-NTPK,150484,NTPK,GLIDE-STEP PRO,PERFORMANCE,59990.0,33350.0,0.0,0.0,0.0,0.0,0.0,0.0,0.0,0.0,1246.0
150484-PLUM,150484,PLUM,GLIDE-STEP PRO,PERFORMANCE,59990.0,33350.0,0.0,0.0,0.0,0.0,0.0,0.0,0.0,0.0,1725.0
129829-BLK,129829,BLK,GLIDE-STEP VORTEX,PERFORMANCE,57990.0,32200.0,0.0,0.0,0.0,0.0,0.0,0.0,0.0,0,0
129829-PUR,129829,PUR,GLIDE-STEP VORTEX,PERFORMANCE,57990.0,32200.0,0.0,0.0,0.0,0.0,0.0,0.0,0.0,0,0
129829-WHT,129829,WHT,GLIDE-STEP VORTEX,PERFORMANCE,57990.0,32200.0,0.0,0.0,0.0,0.0,0.0,0.0,0.0,0,0
126803-BKW,126803,BKW,GO WALK GLIDE-STEP CRUISE,PERFORMANCE,49990.0,27750.0,0.0,0.0,0.0,0.0,0.0,0.0,0.0,0,0
126803-BBK,126803,BBK,GO WALK GLIDE-STEP CRUISE,PERFORMANCE,49990.0,27750.0,0.0,0.0,0.0,0.0,0.0,0.0,0.0,0,0
126803-LIL,126803,LIL,GO WALK GLIDE-STEP CRUISE,PERFORMANCE,49990.0,27750.0,0.0,0.0,0.0,0.0,0.0,0.0,0.0,0,0
150754-BBK,150754,BBK,ARCH FIT SUMMITS,PERFORMANCE,59990.0,33350.0,0.0,0.0,0.0,0.0,0.0,0.0,0.0,1770.0,0.0
150754-BKLB,150754,BKLB,ARCH FIT SUMMITS,PERFORMANCE,59990.0,33350.0,0.0,0.0,0.0,0.0,0.0,0.0,0.0,1662.0,0.0
150754-NVLB,150754,NVLB,ARCH FIT SUMMITS,PERFORMANCE,59990.0,33350.0,0.0,0.0,0.0,0.0,0.0,0.0,0.0,1494.0,0.0
150201-BBK,150201,BBK,FLEX APPEAL 5.0,PERFORMANCE,54990.0,30550.0,0.0,0.0,0.0,0.0,0.0,0.0,0.0,1481.0,0.0
150201-BKW,150201,BKW,FLEX APPEAL 5.0,PERFORMANCE,54990.0,30550.0,0.0,0.0,0.0,0.0,0.0,0.0,0.0,1191.0,0.0
150201-NVBL,150201,NVBL,FLEX APPEAL 5.0,PERFORMANCE,54990.0,30550.0,0.0,0.0,0.0,0.0,0.0,0.0,0.0,1091.0,0.0
150373-BKRG,150373,BKRG,SKECH-AIR DYNAMIGHT 2.0,PERFORMANCE,54990.0,30550.0,0.0,0.0,0.0,0.0,0.0,0.0,0.0,9900.0,2684.0
150373-NTGD,150373,NTGD,SKECH-AIR DYNAMIGHT 2.0,PERFORMANCE,54990.0,30550.0,0.0,0.0,0.0,0.0,0.0,0.0,0.0,2655.0,2152.0
150373-WTRG,150373,WTRG,SKECH-AIR DYNAMIGHT 2.0,PERFORMANCE,54990.0,30550.0,0.0,0.0,0.0,0.0,0.0,0.0,0.0,6274.0,1889.0
150577-BRN,150577,BRN,SKECHERS PLUSH FOAM,PERFORMANCE,54990.0,30550.0,0.0,0.0,0.0,0.0,0.0,0.0,0.0,0,0
150577-CHAR,150577,CHAR,SKECHERS PLUSH FOAM,PERFORMANCE,54990.0,30550.0,0.0,0.0,0.0,0.0,0.0,0.0,0.0,0,0
150577-NAT,150577,NAT,SKECHERS PLUSH FOAM,PERFORMANCE,54990.0,30550.0,0.0,0.0,0.0,0.0,0.0,0.0,0.0,0,0
150905-BKRG,150905,BKRG,DYNAMIGHT 3.0,PERFORMANCE,49990.0,27750.0,0.0,0.0,0.0,0.0,0.0,0.0,0.0,0.0,4956.0
150905-BBK,150905,BBK,DYNAMIGHT 3.0,PERFORMANCE,49990.0,27750.0,0.0,0.0,0.0,0.0,0.0,0.0,0.0,0.0,204.0
150905-BURG,150905,BURG,DYNAMIGHT 3.0,PERFORMANCE,49990.0,27750.0,0.0,0.0,0.0,0.0,0.0,0.0,0.0,0.0,1039.0
150905-NVPK,150905,NVPK,DYNAMIGHT 3.0,PERFORMANCE,49990.0,27750.0,0.0,0.0,0.0,0.0,0.0,0.0,0.0,0,0
150475-BBK,150475,BBK,EDGERIDE,PERFORMANCE,44990.0,25000.0,0.0,0.0,0.0,0.0,0.0,0.0,0.0,5159.0,272.0
150475-BKW,150475,BKW,EDGERIDE,PERFORMANCE,44990.0,25000.0,0.0,0.0,0.0,0.0,0.0,0.0,0.0,6967.0,4203.0
150475-CHAR,150475,CHAR,EDGERIDE,PERFORMANCE,44990.0,25000.0,0.0,0.0,0.0,0.0,0.0,0.0,0.0,2154.0,0.0
150475-NAT,150475,NAT,EDGERIDE,PERFORMANCE,44990.0,25000.0,0.0,0.0,0.0,0.0,0.0,0.0,0.0,3005.0,3919.0
897928-BBK,897928,BBK,SONIC LITE,PERFORMANCE,44990.0,25000.0,0.0,0.0,0.0,0.0,0.0,0.0,0.0,0.0,9109.0
897928-BKLV,897928,BKLV,SONIC LITE,PERFORMANCE,44990.0,25000.0,0.0,0.0,0.0,0.0,0.0,0.0,0.0,0.0,10158.0
897928-NAT,897928,NAT,SONIC LITE,PERFORMANCE,44990.0,25000.0,0.0,0.0,0.0,0.0,0.0,0.0,0.0,0.0,1660.0
897928-WHT,897928,WHT,SONIC LITE,PERFORMANCE,44990.0,25000.0,0.0,0.0,0.0,0.0,0.0,0.0,0.0,0.0,188.0
898056-BLK,898056,BLK,PURE GENIUS,PERFORMANCE,39990.0,22200.0,0.0,0.0,0.0,0.0,0.0,0.0,0.0,1725.0,0.0
898056-NVY,898056,NVY,PURE GENIUS,PERFORMANCE,39990.0,22200.0,0.0,0.0,0.0,0.0,0.0,0.0,0.0,1725.0,0.0
898072-BBK,898072,BBK,RESHIFT,PERFORMANCE,39990.0,22200.0,0.0,0.0,0.0,0.0,0.0,0.0,0.0,0.0,11113.0
898072-BLK,898072,BLK,RESHIFT,PERFORMANCE,39990.0,22200.0,0.0,0.0,0.0,15.0,0.0,0.0,15.0,0.0,4533.0
898072-LIL,898072,LIL,RESHIFT,PERFORMANCE,39990.0,22200.0,0.0,0.0,0.0,15.0,0.0,15.0,30.0,0.0,3768.0
898072-SLT,898072,SLT,RESHIFT,PERFORMANCE,39990.0,22200.0,0.0,0.0,0.0,0.0,0.0,0.0,0.0,0.0,7733.0
898072-WHT,898072,WHT,RESHIFT,PERFORMANCE,39990.0,22200.0,0.0,0.0,0.0,15.0,0.0,15.0,30.0,0.0,1414.0
898151-BLK,898151,BLK,ROSEATE 3.0,PERFORMANCE,39990.0,22200.0,0.0,0.0,0.0,0.0,0.0,0.0,0.0,0.0,216.0
898151-NVLV,898151,NVLV,ROSEATE 3.0,PERFORMANCE,39990.0,22200.0,0.0,0.0,0.0,15.0,0.0,0.0,15.0,0.0,557.0
898151-WPK,898151,WPK,ROSEATE 3.0,PERFORMANCE,39990.0,22200.0,0.0,0.0,0.0,0.0,0.0,0.0,0.0,0.0,388.0
149206-BBK,149206,BBK,SUMMITS,PERFORMANCE,39990.0,22200.0,0.0,0.0,0.0,0.0,0.0,0.0,0.0,1200.0,0.0
149206-BKTQ,149206,BKTQ,SUMMITS,PERFORMANCE,39990.0,22200.0,0.0,0.0,0.0,0.0,0.0,0.0,0.0,1920.0,0.0
149206-NVPK,149206,NVPK,SUMMITS,PERFORMANCE,39990.0,22200.0,0.0,0.0,0.0,0.0,0.0,0.0,0.0,1920.0,0.0
246270-CRL,246270,CRL,SKX AERO ELITE,TECHNICAL,192990.0,107200.0,0.0,0.0,0.0,0.0,0.0,0.0,0.0,0,0
172270-CRL,172270,CRL,SKX AERO ELITE,TECHNICAL,192990.0,107200.0,0.0,0.0,0.0,0.0,0.0,0.0,0.0,0,0
246260-BKTQ,246260,BKTQ,AERO BURST TRAIL,TECHNICAL,137990.0,76650.0,0.0,0.0,0.0,0.0,0.0,0.0,0.0,0,0
246260-WMLT,246260,WMLT,AERO BURST TRAIL,TECHNICAL,137990.0,76650.0,0.0,0.0,0.0,0.0,0.0,0.0,0.0,0,0
172260-RUST,172260,RUST,AERO BURST TRAIL,TECHNICAL,137990.0,76650.0,0.0,0.0,0.0,0.0,0.0,0.0,0.0,0,0
172260-WMLT,172260,WMLT,AERO BURST TRAIL,TECHNICAL,137990.0,76650.0,0.0,0.0,0.0,0.0,0.0,0.0,0.0,0,0
246215-LGBL,246215,LGBL,SKX AERO BURST,TECHNICAL,129990.0,72200.0,0.0,0.0,0.0,0.0,0.0,0.0,0.0,0,0
246215-NTLM,246215,NTLM,SKX AERO BURST,TECHNICAL,129990.0,72200.0,0.0,0.0,0.0,0.0,0.0,0.0,0.0,0,0
246215-RDBK,246215,RDBK,SKX AERO BURST,TECHNICAL,129990.0,72200.0,0.0,0.0,0.0,0.0,0.0,0.0,0.0,0,0
246215-BKOR,246215,BKOR,SKX AERO BURST,TECHNICAL,129990.0,72200.0,0.0,0.0,0.0,0.0,0.0,0.0,0.0,0.0,235.0
172215-NTMT,172215,NTMT,SKX AERO BURST,TECHNICAL,129990.0,72200.0,0.0,0.0,0.0,0.0,0.0,0.0,0.0,0,0
172215-NVBL,172215,NVBL,SKX AERO BURST,TECHNICAL,129990.0,72200.0,0.0,0.0,0.0,0.0,0.0,0.0,0.0,0,0
172215-PKLP,172215,PKLP,SKX AERO BURST,TECHNICAL,129990.0,72200.0,0.0,0.0,0.0,0.0,0.0,0.0,0.0,0,0
172210-BKPR,172210,BKPR,SKX AERO BURST,TECHNICAL,117990.0,65550.0,0.0,0.0,0.0,0.0,0.0,0.0,0.0,0,0
172210-NAT,172210,NAT,SKX AERO BURST,TECHNICAL,117990.0,65550.0,0.0,0.0,0.0,0.0,0.0,0.0,0.0,0,0
246250-MULT,246250,MULT,AERO RAZOR FLOAT,TECHNICAL,114990.0,63900.0,0.0,0.0,0.0,0.0,0.0,0.0,0.0,0,0
246250-PUR,246250,PUR,AERO RAZOR FLOAT,TECHNICAL,114990.0,63900.0,0.0,0.0,0.0,0.0,0.0,0.0,0.0,0,0
172250-BLSH,172250,BLSH,AERO RAZOR FLOAT,TECHNICAL,114990.0,63900.0,0.0,0.0,0.0,0.0,0.0,0.0,0.0,0,0
172250-WMLT,172250,WMLT,AERO RAZOR FLOAT,TECHNICAL,114990.0,63900.0,0.0,0.0,0.0,0.0,0.0,0.0,0.0,0,0
246255-BKCC,246255,BKCC,AERO RAZOR TRAIL,TECHNICAL,114990.0,63900.0,0.0,0.0,0.0,0.0,0.0,0.0,0.0,0,0
246255-ORBK,246255,ORBK,AERO RAZOR TRAIL,TECHNICAL,114990.0,63900.0,0.0,0.0,0.0,0.0,0.0,0.0,0.0,0,0
246205-BBK,246205,BBK,SKX AERO SPARK,TECHNICAL,114990.0,63900.0,0.0,0.0,0.0,0.0,0.0,0.0,0.0,0,0
246205-RDBK,246205,RDBK,SKX AERO SPARK,TECHNICAL,114990.0,63900.0,0.0,0.0,0.0,0.0,0.0,0.0,0.0,0,0
172205-NVTQ,172205,NVTQ,SKX AERO SPARK,TECHNICAL,114990.0,63900.0,0.0,0.0,0.0,0.0,0.0,0.0,0.0,0,0
172205-WMLT,172205,WMLT,SKX AERO SPARK,TECHNICAL,114990.0,63900.0,0.0,0.0,0.0,0.0,0.0,0.0,0.0,0,0
246240-CRL,246240,CRL,SKX AERO RAZOR,TECHNICAL,109990.0,61100.0,0.0,0.0,0.0,0.0,0.0,0.0,0.0,0,0
172240-CRL,172240,CRL,SKX AERO RAZOR,TECHNICAL,109990.0,61100.0,0.0,0.0,0.0,0.0,0.0,0.0,0.0,0,0
246200-NVBK,246200,NVBK,SKX AERO SPARK,TECHNICAL,99990.0,55550.0,0.0,0.0,0.0,0.0,0.0,0.0,0.0,0,0
246200-WAQ,246200,WAQ,SKX AERO SPARK,TECHNICAL,99990.0,55550.0,0.0,0.0,0.0,0.0,0.0,0.0,0.0,0,0
172200-LBNV,172200,LBNV,SKX AERO SPARK,TECHNICAL,99990.0,55550.0,0.0,0.0,0.0,0.0,0.0,0.0,0.0,0,0
172200-MNT,172200,MNT,SKX AERO SPARK,TECHNICAL,99990.0,55550.0,0.0,0.0,0.0,0.0,0.0,0.0,0.0,0,0
253021-GYBK,253021,GYBK,SKX REIGN 2.0,TECHNICAL,129990.0,72200.0,0.0,0.0,0.0,0.0,0.0,0.0,0.0,0,0
253021-YLOR,253021,YLOR,SKX REIGN 2.0,TECHNICAL,129990.0,72200.0,0.0,0.0,0.0,0.0,0.0,0.0,0.0,0,0
253030-BLLM,253030,BLLM,SKX JE 1,TECHNICAL,99990.0,55550.0,0.0,0.0,0.0,0.0,0.0,0.0,0.0,0,0
253030-WBK,253030,WBK,SKX JE 1,TECHNICAL,99990.0,55550.0,0.0,0.0,0.0,0.0,0.0,0.0,0.0,0,0
253035-WSL,253035,WSL,SKX FULL-COURT PRESS,TECHNICAL,84990.0,47200.0,0.0,0.0,0.0,0.0,0.0,0.0,0.0,0,0
253035-YLOR,253035,YLOR,SKX FULL-COURT PRESS,TECHNICAL,84990.0,47200.0,0.0,0.0,0.0,0.0,0.0,0.0,0.0,0,0
246151-BKRD,246151,BKRD,SKECHERS BASELINE BULLY CLAY,TECHNICAL,127990.0,71100.0,0.0,0.0,0.0,0.0,0.0,0.0,0.0,0,0
246151-WBL,246151,WBL,SKECHERS BASELINE BULLY CLAY,TECHNICAL,127990.0,71100.0,0.0,0.0,0.0,0.0,0.0,0.0,0.0,0,0
172151-LTPK,172151,LTPK,SKECHERS BASELINE BULLY CLAY,TECHNICAL,127990.0,71100.0,0.0,0.0,0.0,0.0,0.0,0.0,0.0,0,0
172151-WPUR,172151,WPUR,SKECHERS BASELINE BULLY CLAY,TECHNICAL,127990.0,71100.0,0.0,0.0,0.0,0.0,0.0,0.0,0.0,0,0
246132-BLK,246132,BLK,SKECHERS VIPER COURT PRO 3.0 PADEL,TECHNICAL,94990.0,52750.0,0.0,0.0,0.0,0.0,0.0,0.0,0.0,0,0
246132-WMLT,246132,WMLT,SKECHERS VIPER COURT PRO 3.0 PADEL,TECHNICAL,94990.0,52750.0,0.0,0.0,0.0,0.0,0.0,0.0,0.0,0,0
172132-HPMT,172132,HPMT,SKECHERS VIPER COURT PRO 3.0 PADEL,TECHNICAL,94990.0,52750.0,0.0,0.0,0.0,0.0,0.0,0.0,0.0,0,0
172132-WHT,172132,WHT,SKECHERS VIPER COURT PRO 3.0 PADEL,TECHNICAL,94990.0,52750.0,0.0,0.0,0.0,0.0,0.0,0.0,0.0,0,0
246146-WHT,246146,WHT,SKECHERS VIPER COURT RELOAD 2 PADEL,TECHNICAL,72990.0,40550.0,0.0,0.0,0.0,0.0,0.0,0.0,0.0,0,0
246146-WNV,246146,WNV,SKECHERS VIPER COURT RELOAD 2 PADEL,TECHNICAL,72990.0,40550.0,0.0,0.0,0.0,0.0,0.0,15.0,15.0,0,0
172146-WHT,172146,WHT,SKECHERS VIPER COURT RELOAD 2 PADEL,TECHNICAL,72990.0,40550.0,0.0,0.0,0.0,0.0,0.0,0.0,0.0,0,0
172146-WMLT,172146,WMLT,SKECHERS VIPER COURT RELOAD 2 PADEL,TECHNICAL,72990.0,40550.0,0.0,0.0,0.0,0.0,0.0,15.0,15.0,0,0
246121C-LMBK,246121C,LMBK,SKECHERS VIPER COURT ELITE,TECHNICAL,97990.0,54450.0,0.0,0.0,0.0,0.0,0.0,0.0,0.0,0,0
246121C-WRBK,246121C,WRBK,SKECHERS VIPER COURT ELITE,TECHNICAL,97990.0,54450.0,0.0,0.0,0.0,0.0,0.0,0.0,0.0,0,0
172121C-LTBL,172121C,LTBL,SKECHERS VIPER COURT ELITE,TECHNICAL,97990.0,54450.0,0.0,0.0,0.0,0.0,0.0,0.0,0.0,0,0
172121C-PUR,172121C,PUR,SKECHERS VIPER COURT ELITE,TECHNICAL,97990.0,54450.0,0.0,0.0,0.0,0.0,0.0,0.0,0.0,0,0
252302-WMN,252302,WMN,SKECHERS DIAMOND SG,TECHNICAL,192990.0,107200.0,0.0,0.0,0.0,0.0,0.0,0.0,0.0,0,0
252161-WSL,252161,WSL,SKECHERS RAZOR,TECHNICAL,192990.0,107200.0,0.0,0.0,0.0,0.0,0.0,0.0,0.0,0,0
252199-YLNV,252199,YLNV,SKECHERS RAZOR,TECHNICAL,192990.0,107200.0,0.0,0.0,0.0,0.0,0.0,0.0,0.0,0,0
252110-WSL,252110,WSL,SKECHERS SKX 01,TECHNICAL,192990.0,107200.0,0.0,0.0,0.0,0.0,0.0,0.0,0.0,0,0
252300-WMN,252300,WMN,SKECHERS SKX 01,TECHNICAL,192990.0,107200.0,0.0,0.0,0.0,0.0,0.0,0.0,0.0,0,0
252203-YLNV,252203,YLNV,SKECHERS GOLD FG,TECHNICAL,72990.0,40550.0,0.0,0.0,0.0,0.0,0.0,0.0,0.0,0,0
252303-WMN,252303,WMN,SKECHERS GOLD FG,TECHNICAL,72990.0,40550.0,0.0,0.0,0.0,0.0,0.0,0.0,0.0,0,0
252207-YLNV,252207,YLNV,SKECHERS CLUB MG,TECHNICAL,49990.0,27750.0,0.0,0.0,0.0,0.0,0.0,0.0,0.0,0,0
252311-WMN,252311,WMN,SKECHERS CLUB MG,TECHNICAL,49990.0,27750.0,0.0,0.0,0.0,0.0,0.0,0.0,0.0,0,0
252208-YLNV,252208,YLNV,SKECHERS CLUB TF,TECHNICAL,49990.0,27750.0,0.0,0.0,0.0,0.0,0.0,0.0,0.0,0,0
252312-WMN,252312,WMN,SKECHERS CLUB TF,TECHNICAL,49990.0,27750.0,0.0,0.0,0.0,0.0,0.0,0.0,0.0,0,0
252200L-YLNV,252200L,YLNV,SKECHERS JR YOUTH FG,TECHNICAL,34990.0,19450.0,0.0,0.0,0.0,0.0,0.0,0.0,0.0,0,0
252300L-WMN,252300L,WMN,SKECHERS JR YOUTH FG,TECHNICAL,34990.0,19450.0,0.0,0.0,0.0,0.0,0.0,0.0,0.0,0,0
252201L-YLNV,252201L,YLNV,SKECHERS JR YOUTH TF,TECHNICAL,34990.0,19450.0,0.0,0.0,0.0,0.0,0.0,0.0,0.0,0,0
252302L-WMN,252302L,WMN,SKECHERS JR YOUTH TF,TECHNICAL,34990.0,19450.0,0.0,0.0,0.0,0.0,0.0,0.0,0.0,0,0
214145-BLK,214145,BLK,SKECHERS BLADE TOUR SI,TECHNICAL,139990.0,77750.0,0.0,0.0,0.0,0.0,0.0,0.0,0.0,0,0
123145-WLPK,123145,WLPK,SKECHERS BLADE TOUR SI,TECHNICAL,139990.0,77750.0,0.0,0.0,0.0,0.0,0.0,0.0,0.0,0,0
123145-WSL,123145,WSL,SKECHERS BLADE TOUR SI,TECHNICAL,139990.0,77750.0,0.0,0.0,0.0,0.0,0.0,0.0,0.0,0,0
214125-OFWT,214125,OFWT,GO GOLF PRESTIGE,TECHNICAL,117990.0,65550.0,0.0,0.0,0.0,0.0,0.0,0.0,0.0,0,0
123147-LGAQ,123147,LGAQ,SKECHERS PURE SI,TECHNICAL,104990.0,58350.0,0.0,0.0,0.0,0.0,0.0,0.0,0.0,0,0
123147-WSL,123147,WSL,SKECHERS PURE SI,TECHNICAL,104990.0,58350.0,0.0,0.0,0.0,0.0,0.0,0.0,0.0,0,0
214147-WBC,214147,WBC,SKECHERS PURE SI,TECHNICAL,99990.0,55550.0,0.0,0.0,0.0,0.0,0.0,0.0,0.0,0,0
123153-BLK,123153,BLK,SKECHERS FLOW SI,TECHNICAL,89990.0,50000.0,0.0,0.0,0.0,0.0,0.0,0.0,0.0,0,0
123153-WNT,123153,WNT,SKECHERS FLOW SI,TECHNICAL,89990.0,50000.0,0.0,0.0,0.0,0.0,0.0,0.0,0.0,108.0,0.0
