archivo,formato,proveedor,marca,seccion,articulo,color,talla_rango,precio_lista,precio_publico,pares,pa02,pa03,pa04,factura_anotada,fila
2006 COLECCION NEWWALK BOTAS Y BOTINES  INV 2026   18 8 025.xlsx,NV,,NEW WALK,INVIERNO 2026,9257-7,BROWN,35 - 40,17990,,,,,,,26
2006 COLECCION NEWWALK BOTAS Y BOTINES  INV 2026   18 8 025.xlsx,NV,,NEW WALK,INVIERNO 2026,9257-7,BLACK,,,,,,,,,27
2006 COLECCION NEWWALK BOTAS Y BOTINES  INV 2026   18 8 025.xlsx,NV,,NEW WALK,INVIERNO 2026,KWLA11-2501,BROWN,35 - 40,16990,,,,,,,38
2006 COLECCION NEWWALK BOTAS Y BOTINES  INV 2026   18 8 025.xlsx,NV,,NEW WALK,INVIERNO 2026,KWLA11-2501,BLACK,,,,,,,,,42
2006 COLECCION NEWWALK BOTAS Y BOTINES  INV 2026   18 8 025.xlsx,NV,,NEW WALK,INVIERNO 2026,9286-21,BROWN,35 - 40,17990,,,,,,,50
2006 COLECCION NEWWALK BOTAS Y BOTINES  INV 2026   18 8 025.xlsx,NV,,NEW WALK,INVIERNO 2026,9286-21,BLACK,,,,,,,,,56
2006 COLECCION NEWWALK BOTAS Y BOTINES  INV 2026   18 8 025.xlsx,NV,,NEW WALK,INVIERNO 2026,9628-51,BLACK,35 - 40,17990,,,,,,,64
2006 COLECCION NEWWALK BOTAS Y BOTINES  INV 2026   18 8 025.xlsx,NV,,NEW WALK,INVIERNO 2026,9628-51,WINE,,,,,,,,,65
2006 COLECCION NEWWALK BOTAS Y BOTINES  INV 2026   18 8 025.xlsx,NV,,NEW WALK,INVIERNO 2026,229628-19,BROWN,35 - 40,17990,,,,,,,79
2006 COLECCION NEWWALK BOTAS Y BOTINES  INV 2026   18 8 025.xlsx,NV,,NEW WALK,INVIERNO 2026,229628-19,BLACK,,,,,,,,,80
2006 COLECCION NEWWALK BOTAS Y BOTINES  INV 2026   18 8 025.xlsx,NV,,NEW WALK,INVIERNO 2026,XCA91102,BLACK,35 - 40,17990,,,,,,,91
2006 COLECCION NEWWALK BOTAS Y BOTINES  INV 2026   18 8 025.xlsx,NV,,NEW WALK,INVIERNO 2026,XCA91101,BLACK,35 - 40,17990,,,12,12,12,,103
2006 COLECCION NEWWALK BOTAS Y BOTINES  INV 2026   18 8 025.xlsx,NV,,NEW WALK,INVIERNO 2026,XCA91101,TAN,,,,,,,,,104
2006 COLECCION NEWWALK BOTAS Y BOTINES  INV 2026   18 8 025.xlsx,NV,,NEW WALK,INVIERNO 2026,KWF2503276,BLACK,35 - 40,15990,,,,,,,118
2006 COLECCION NEWWALK BOTAS Y BOTINES  INV 2026   18 8 025.xlsx,NV,,NEW WALK,INVIERNO 2026,KWF2503276,BROWN,,,,,,,,,124
2006 COLECCION NEWWALK BOTAS Y BOTINES  INV 2026   18 8 025.xlsx,NV,,NEW WALK,INVIERNO 2026,KWF2503276,SILVER,,,,,,,,,129
2006 COLECCION NEWWALK BOTAS Y BOTINES  INV 2026   18 8 025.xlsx,NV,,NEW WALK,INVIERNO 2026,KWF2503278,BROWN,35 - 40,1590,,,,,,,136
2006 COLECCION NEWWALK BOTAS Y BOTINES  INV 2026   18 8 025.xlsx,NV,,NEW WALK,INVIERNO 2026,KWF2503278,BLACK,,,,,,,,,137
2006 COLECCION NEWWALK BOTAS Y BOTINES  INV 2026   18 8 025.xlsx,NV,,NEW WALK,INVIERNO 2026,DZA91103,BROWN,35 - 40,16990,,,,,,,148
2006 COLECCION NEWWALK BOTAS Y BOTINES  INV 2026   18 8 025.xlsx,NV,,NEW WALK,INVIERNO 2026,DZA91103,BLACK,,,,,,12/FACT 53030,,,149
2006 COLECCION NEWWALK BOTAS Y BOTINES  INV 2026   18 8 025.xlsx,NV,,NEW WALK,INVIERNO 2026,DZA91111,BROWN,35 - 40,16990,,,,,,,160
2006 COLECCION NEWWALK BOTAS Y BOTINES  INV 2026   18 8 025.xlsx,NV,,NEW WALK,INVIERNO 2026,DZA91111,BLACK,,,,,,12,,,161
2006 COLECCION NEWWALK BOTAS Y BOTINES  INV 2026   18 8 025.xlsx,NV,,NEW WALK,INVIERNO 2026,9291-12,BLACK,35 - 40,17990,,,12,12,,,172
2006 COLECCION NEWWALK BOTAS Y BOTINES  INV 2026   18 8 025.xlsx,NV,,NEW WALK,INVIERNO 2026,1216-973,BLACK,35 - 40,16990,,,12/FACT 53030,12/FACT 53030,12/FACT 53030,,184
2006 COLECCION NEWWALK BOTAS Y BOTINES  INV 2026   18 8 025.xlsx,NV,,NEW WALK,INVIERNO 2026,TAD96005,BROWN,35 - 40,16990,,,,,,,197
2006 COLECCION NEWWALK BOTAS Y BOTINES  INV 2026   18 8 025.xlsx,NV,,NEW WALK,INVIERNO 2026,TAD96005,BLACK,,,,,12,12,,,198
2006 COLECCION NEWWALK BOTAS Y BOTINES  INV 2026   18 8 025.xlsx,NV,,NEW WALK,INVIERNO 2026,229108-6,BROWN,35 - 40,17490,,,,,,,211
2006 COLECCION NEWWALK BOTAS Y BOTINES  INV 2026   18 8 025.xlsx,NV,,NEW WALK,INVIERNO 2026,229108-6,BLACK,,,,,,,,,212
2006 COLECCION NEWWALK BOTAS Y BOTINES  INV 2026   18 8 025.xlsx,NV,,NEW WALK,INVIERNO 2026,DCA91125,BROWN,35 - 40,15990,,,,,,,223
2006 COLECCION NEWWALK BOTAS Y BOTINES  INV 2026   18 8 025.xlsx,NV,,NEW WALK,INVIERNO 2026,DCA91125,BLACK,,,,,,,,,227
2006 COLECCION NEWWALK BOTAS Y BOTINES  INV 2026   18 8 025.xlsx,NV,,NEW WALK,INVIERNO 2026,2332-136,BLACK,35 - 40,16990,,,,,,,237
2006 COLECCION NEWWALK BOTAS Y BOTINES  INV 2026   18 8 025.xlsx,NV,,NEW WALK,INVIERNO 2026,2332-136,PRINT BLACK,,,,,,,,,238
2006 COLECCION NEWWALK BOTAS Y BOTINES  INV 2026   18 8 025.xlsx,NV,,NEW WALK,INVIERNO 2026,2332-165,BROWN,35 - 40,16990,,,,,,,252
2006 COLECCION NEWWALK BOTAS Y BOTINES  INV 2026   18 8 025.xlsx,NV,,NEW WALK,INVIERNO 2026,2332-165,BLACK,,,,,,,,,253
2006 COLECCION NEWWALK BOTAS Y BOTINES  INV 2026   18 8 025.xlsx,NV,,NEW WALK,INVIERNO 2026,88011-187,BROWN,35 - 40,17990,,,,,,,264
2006 COLECCION NEWWALK BOTAS Y BOTINES  INV 2026   18 8 025.xlsx,NV,,NEW WALK,INVIERNO 2026,88011-187,BLACK,,,,,,,,,265
2006 COLECCION NEWWALK BOTAS Y BOTINES  INV 2026   18 8 025.xlsx,NV,,NEW WALK,INVIERNO 2026,2332-151,BROWN,35 - 40,16990,,,,,,,276
2006 COLECCION NEWWALK BOTAS Y BOTINES  INV 2026   18 8 025.xlsx,NV,,NEW WALK,INVIERNO 2026,2332-151,BLACK,,,,,,,,,280
2006 COLECCION NEWWALK BOTAS Y BOTINES  INV 2026   18 8 025.xlsx,NV,,NEW WALK,INVIERNO 2026,2332-151,BLACK,35 - 40,,,,,,,,291
2006 COLECCION NEWWALK BOTAS Y BOTINES  INV 2026   18 8 025.xlsx,NV,,NEW WALK,INVIERNO 2026,2332-151,BROWN,,,,,,,,,292
2006 COLECCION NEWWALK BOTAS Y BOTINES  INV 2026   18 8 025.xlsx,NV,,NEW WALK,INVIERNO 2026,2332-151,BLACK,35 - 40,,,,,,,,300
2006 COLECCION NEWWALK BOTAS Y BOTINES  INV 2026   18 8 025.xlsx,NV,,NEW WALK,INVIERNO 2026,2332-151,BROWN,,,,,,,,,301
2006 COLECCION NEWWALK BOTAS Y BOTINES  INV 2026   18 8 025.xlsx,NV,,NEW WALK,INVIERNO 2026,2332-151,BLACK,35 - 40,,,,,,,,309
2006 COLECCION NEWWALK BOTAS Y BOTINES  INV 2026   18 8 025.xlsx,NV,,NEW WALK,INVIERNO 2026,2332-151,BROWN,,,,,,,,,310
2006 COLECCION NEWWALK BOTAS Y BOTINES  INV 2026   18 8 025.xlsx,NV,,NEW WALK,INVIERNO 2026,2332-151,BLACK,35 - 40,,,,,,,,318
2006 COLECCION NEWWALK BOTAS Y BOTINES  INV 2026   18 8 025.xlsx,NV,,NEW WALK,INVIERNO 2026,2332-151,BROWN,,,,,,,,,319
2006 COLECCION NEWWALK BOTAS Y BOTINES  INV 2026   18 8 025.xlsx,NV,,NEW WALK,INVIERNO 2026,2332-151,BLACK,35 - 40,,,,,,,,327
2006 COLECCION NEWWALK BOTAS Y BOTINES  INV 2026   18 8 025.xlsx,NV,,NEW WALK,INVIERNO 2026,2332-151,BROWN,,,,,,,,,328
2006 COLECCION NEWWALK BOTAS Y BOTINES  INV 2026   18 8 025.xlsx,NV,,NEW WALK,INVIERNO 2026,18320-5C,BLACK,35 - 40,15990,,,,,,,340
2006 COLECCION NEWWALK BOTAS Y BOTINES  INV 2026   18 8 025.xlsx,NV,,NEW WALK,INVIERNO 2026,18320-5C,CHAROL,,,,,,,,,341
2006 COLECCION NEWWALK BOTAS Y BOTINES  INV 2026   18 8 025.xlsx,NV,,NEW WALK,INVIERNO 2026,18320-5C,TAUPE,,,,,,,,,342
2006 COLECCION NEWWALK BOTAS Y BOTINES  INV 2026   18 8 025.xlsx,NV,,NEW WALK,INVIERNO 2026,2333-27,BROWN,35 - 40,16990,,,,,,,349
2006 COLECCION NEWWALK BOTAS Y BOTINES  INV 2026   18 8 025.xlsx,NV,,NEW WALK,INVIERNO 2026,2333-27,BLACK,,,,,,,,,350
2006 COLECCION NEWWALK BOTAS Y BOTINES  INV 2026   18 8 025.xlsx,NV,,NEW WALK,INVIERNO 2026,BSDX1103,BROWN,35 - 40,14990,,,12,12,12,,361
2006 COLECCION NEWWALK BOTAS Y BOTINES  INV 2026   18 8 025.xlsx,NV,,NEW WALK,INVIERNO 2026,BSDX1103,BLACK,,,,,12,12,12,,362
2006 COLECCION NEWWALK BOTAS Y BOTINES  INV 2026   18 8 025.xlsx,NV,,NEW WALK,INVIERNO 2026,BSDX1103,Dorette black,,,,,,,,,367
2006 COLECCION NEWWALK BOTAS Y BOTINES  INV 2026   18 8 025.xlsx,NV,,NEW WALK,INVIERNO 2026,2317-13,DARK RED,35 - 40,14990,,,,,,,373
2006 COLECCION NEWWALK BOTAS Y BOTINES  INV 2026   18 8 025.xlsx,NV,,NEW WALK,INVIERNO 2026,2317-13,BLACK,,,,,,,,,374
2006 COLECCION NEWWALK BOTAS Y BOTINES  INV 2026   18 8 025.xlsx,NV,,NEW WALK,INVIERNO 2026,2317-13,BROWN,,,,,,,,,381
2006 COLECCION NEWWALK BOTAS Y BOTINES  INV 2026   18 8 025.xlsx,NV,,NEW WALK,INVIERNO 2026,2317-13,CHAROL,35 - 40,14990,,,,,12/FACT 53030,,388
2006 COLECCION NEWWALK BOTAS Y BOTINES  INV 2026   18 8 025.xlsx,NV,,NEW WALK,INVIERNO 2026,2317-13,TAUPE,,,,,,,,,389
2006 COLECCION NEWWALK BOTAS Y BOTINES  INV 2026   18 8 025.xlsx,NV,,NEW WALK,INVIERNO 2026,60126-29,BROWN,35 - 40,17990,,,,,,,400
2006 COLECCION NEWWALK BOTAS Y BOTINES  INV 2026   18 8 025.xlsx,NV,,NEW WALK,INVIERNO 2026,60126-29,BLACK,,,,,,,,,404
2006 COLECCION NEWWALK BOTAS Y BOTINES  INV 2026   18 8 025.xlsx,NV,,NEW WALK,INVIERNO 2026,BSD91219,BLACK,35 - 40,16990,,,12,12,12,,412
2006 COLECCION NEWWALK BOTAS Y BOTINES  INV 2026   18 8 025.xlsx,NV,,NEW WALK,INVIERNO 2026,BSD91219,BROWN,,,,,,,,,416
2006 COLECCION NEWWALK BOTAS Y BOTINES  INV 2026   18 8 025.xlsx,NV,,NEW WALK,INVIERNO 2026,KWLA612506,BROWN,35 - 40,17490,,,,,,,424
2006 COLECCION NEWWALK BOTAS Y BOTINES  INV 2026   18 8 025.xlsx,NV,,NEW WALK,INVIERNO 2026,KWLA612506,BLACK,,,,,,,,,428
2006 COLECCION NEWWALK BOTAS Y BOTINES  INV 2026   18 8 025.xlsx,NV,,NEW WALK,INVIERNO 2026,KWLA882504,BROWN,35 - 40,17990,,,,,,,436
2006 COLECCION NEWWALK BOTAS Y BOTINES  INV 2026   18 8 025.xlsx,NV,,NEW WALK,INVIERNO 2026,KWLA882504,BLACK,,,,,,,,,437
2006 COLECCION NEWWALK BOTAS Y BOTINES  INV 2026   18 8 025.xlsx,NV,,NEW WALK,INVIERNO 2026,89132-8,BROWN,35 - 40,17990,,,,,,,448
2006 COLECCION NEWWALK BOTAS Y BOTINES  INV 2026   18 8 025.xlsx,NV,,NEW WALK,INVIERNO 2026,89132-8,BLACK,,,,,,,,,452
2006 COLECCION NEWWALK BOTAS Y BOTINES  INV 2026   18 8 025.xlsx,NV,,NEW WALK,INVIERNO 2026,KWLA61-2504,BROWN,35 - 40,16990,,,,,,,460
2006 COLECCION NEWWALK BOTAS Y BOTINES  INV 2026   18 8 025.xlsx,NV,,NEW WALK,INVIERNO 2026,KWLA61-2504,BLACK,,,,,,,,,461
2006 COLECCION NEWWALK BOTAS Y BOTINES  INV 2026   18 8 025.xlsx,NV,,NEW WALK,INVIERNO 2026,KWLA762512,BLACK,35 - 40,16990,,,12/FACT 53145,12/FACT 53145,,,472
2006 COLECCION NEWWALK BOTAS Y BOTINES  INV 2026   18 8 025.xlsx,NV,,NEW WALK,INVIERNO 2026,KWLA762512,CAMEL,,,,,12/FACT 53145,12/FACT 53145,,,476
2006 COLECCION NEWWALK BOTAS Y BOTINES  INV 2026   18 8 025.xlsx,NV,,NEW WALK,INVIERNO 2026,TAD96001,BROWN,35 - 40,17990,,,,,,,484
2006 COLECCION NEWWALK BOTAS Y BOTINES  INV 2026   18 8 025.xlsx,NV,,NEW WALK,INVIERNO 2026,TAD96001,BLACK,,,,,12,12,,,485
2006 COLECCION NEWWALK BOTAS Y BOTINES  INV 2026   18 8 025.xlsx,NV,,NEW WALK,INVIERNO 2026,KW5864,BLACK,35 - 40,18990,,,,,,,496
2006 COLECCION NEWWALK BOTAS Y BOTINES  INV 2026   18 8 025.xlsx,NV,,NEW WALK,INVIERNO 2026,AAQ91109,BLACK,35 - 40,20990,,,,,,,508
2006 COLECCION NEWWALK BOTAS Y BOTINES  INV 2026   18 8 025.xlsx,NV,,NEW WALK,INVIERNO 2026,AAQ91109,BROWN,,,,,,,,,513
2006 COLECCION NEWWALK BOTAS Y BOTINES  INV 2026   18 8 025.xlsx,NV,,NEW WALK,INVIERNO 2026,D2552-15,BLACK,35 - 40,19990,,,,,,,521
2006 COLECCION NEWWALK BOTAS Y BOTINES  INV 2026   18 8 025.xlsx,NV,,NEW WALK,INVIERNO 2026,D2552-15,KHAKI,,,,,,,,,526
2006 COLECCION NEWWALK BOTAS Y BOTINES  INV 2026   18 8 025.xlsx,NV,,NEW WALK,INVIERNO 2026,XAL92324,BROWN,35 - 40,22990,,,,,,,534
2006 COLECCION NEWWALK BOTAS Y BOTINES  INV 2026   18 8 025.xlsx,NV,,NEW WALK,INVIERNO 2026,XAL92324,BLACK,,,,,,,,,535
2006 COLECCION NEWWALK BOTAS Y BOTINES  INV 2026   18 8 025.xlsx,NV,,NEW WALK,INVIERNO 2026,8806-62,BLACK,35 - 40,19990,,,,,,,547
2006 COLECCION NEWWALK BOTAS Y BOTINES  INV 2026   18 8 025.xlsx,NV,,NEW WALK,INVIERNO 2026,8806-62,BROWN,,,,,,,,,552
2006 COLECCION NEWWALK BOTAS Y BOTINES  INV 2026   18 8 025.xlsx,NV,,NEW WALK,INVIERNO 2026,8806-62,TAUPE,,,,,,,,,553
2006 COLECCION NEWWALK BOTAS Y BOTINES  INV 2026   18 8 025.xlsx,NV,,NEW WALK,INVIERNO 2026,8806-62,CAMEL,,,,,,,,,554
2006 COLECCION NEWWALK BOTAS Y BOTINES  INV 2026   18 8 025.xlsx,NV,,NEW WALK,INVIERNO 2026,DCA91129,BROWN,35 - 40,18990,,,,,,,560
2006 COLECCION NEWWALK BOTAS Y BOTINES  INV 2026   18 8 025.xlsx,NV,,NEW WALK,INVIERNO 2026,DCA91129,BLACK,,,,,12,12,12,,565
2006 COLECCION NEWWALK BOTAS Y BOTINES  INV 2026   18 8 025.xlsx,NV,,NEW WALK,INVIERNO 2026,RH1926-33,BLACK,35 - 40,17490,,,,,,,573
2006 COLECCION NEWWALK BOTAS Y BOTINES  INV 2026   18 8 025.xlsx,NV,,NEW WALK,INVIERNO 2026,RH1926-33,KHAKI,,,,,,,,,578
2006 COLECCION NEWWALK BOTAS Y BOTINES  INV 2026   18 8 025.xlsx,NV,,NEW WALK,INVIERNO 2026,89132-12,BLACK,35 - 40,18990,,,,,,,586
2006 COLECCION NEWWALK BOTAS Y BOTINES  INV 2026   18 8 025.xlsx,NV,,NEW WALK,INVIERNO 2026,89132-12,BROWN,,,,,,,,,587
2006 COLECCION NEWWALK BOTAS Y BOTINES  INV 2026   18 8 025.xlsx,NV,,NEW WALK,INVIERNO 2026,2232-125A,BLACK,35 - 40,21990,,,,,,,598
2006 COLECCION NEWWALK BOTAS Y BOTINES  INV 2026   18 8 025.xlsx,NV,,NEW WALK,INVIERNO 2026,2232-125A,BROWN,,,,,,,,,602
2006 COLECCION NEWWALK BOTAS Y BOTINES  INV 2026   18 8 025.xlsx,NV,,NEW WALK,INVIERNO 2026,BSDX1111A,BLACK,35 - 40,18990,,,12/FACT 53030,12/FACT 53030,12/FACT 53030,,610
2006 COLECCION NEWWALK BOTAS Y BOTINES  INV 2026   18 8 025.xlsx,NV,,NEW WALK,INVIERNO 2026,BSDX1111A,BROWN,,,,,12/FACT 53030,12/FACT 53030,12/FACT 53030,,614
2006 COLECCION NEWWALK BOTAS Y BOTINES  INV 2026   18 8 025.xlsx,NV,,NEW WALK,INVIERNO 2026,9159-13,BLACK,35 - 40,21990,,,12,12,12,,622
2006 COLECCION NEWWALK BOTAS Y BOTINES  INV 2026   18 8 025.xlsx,NV,,NEW WALK,INVIERNO 2026,9159-13,BROWN,,,,,,,,,626
2006 COLECCION NEWWALK BOTAS Y BOTINES  INV 2026   18 8 025.xlsx,NV,,NEW WALK,INVIERNO 2026,CDJ91107,BROWN,35 - 40,19490,,,,,,,634
2006 COLECCION NEWWALK BOTAS Y BOTINES  INV 2026   18 8 025.xlsx,NV,,NEW WALK,INVIERNO 2026,CDJ91107,BLACK,,,,,,,,,638
2006 COLECCION NEWWALK BOTAS Y BOTINES  INV 2026   18 8 025.xlsx,NV,,NEW WALK,INVIERNO 2026,FBA123,RED,35 - 40,9990,,,,,,,646
2006 COLECCION NEWWALK BOTAS Y BOTINES  INV 2026   18 8 025.xlsx,NV,,NEW WALK,INVIERNO 2026,FBA123,GREEN,,,,,,,,,650
2006 COLECCION NEWWALK BOTAS Y BOTINES  INV 2026   18 8 025.xlsx,NV,,NEW WALK,INVIERNO 2026,FBA123,BLACK,,,,,,,,,651
2006 COLECCION NEWWALK BOTAS Y BOTINES  INV 2026   18 8 025.xlsx,NV,,NEW WALK,INVIERNO 2026,DZA91113,BLACK,35 - 40,16990,,,,,,,658
2006 COLECCION NEWWALK BOTAS Y BOTINES  INV 2026   18 8 025.xlsx,NV,,NEW WALK,INVIERNO 2026,PB0101,BROWN,35 - 40,15990,,,,,,,670
2006 COLECCION NEWWALK BOTAS Y BOTINES  INV 2026   18 8 025.xlsx,NV,,NEW WALK,INVIERNO 2026,PB0101,BLACK,,,,,12/FACT 53030,12/FACT 53030,12/FACT 53030,,675
2006 COLECCION NEWWALK BOTAS Y BOTINES  INV 2026   18 8 025.xlsx,NV,,NEW WALK,INVIERNO 2026,LRW282,BLACK,35 - 40,11990,,,,,,,683
2006 COLECCION NEWWALK BOTAS Y BOTINES  INV 2026   18 8 025.xlsx,NV,,NEW WALK,INVIERNO 2026,LRW282,TAUPE,,,,,,,,,688
2006 COLECCION NEWWALK BOTAS Y BOTINES  INV 2026   18 8 025.xlsx,NV,,NEW WALK,INVIERNO 2026,101701A01,BROWN,35 - 40,11990,,,,,,,703
2006 COLECCION NEWWALK BOTAS Y BOTINES  INV 2026   18 8 025.xlsx,NV,,NEW WALK,INVIERNO 2026,101701A01,TAUPE,,,,,,,,,704
2006 COLECCION NEWWALK BOTAS Y BOTINES  INV 2026   18 8 025.xlsx,NV,,NEW WALK,INVIERNO 2026,101701A01,BLACK,,,,,,,,,705
2006 COLECCION NEWWALK BOTAS Y BOTINES  INV 2026   18 8 025.xlsx,NV,,NEW WALK,INVIERNO 2026,101701A02,BLACK,35 - 40,11990,,,,,,,712
2006 COLECCION NEWWALK BOTAS Y BOTINES  INV 2026   18 8 025.xlsx,NV,,NEW WALK,INVIERNO 2026,101701A02,CAMEL,,,,,,,,,717
2006 COLECCION NEWWALK BOTAS Y BOTINES  INV 2026   18 8 025.xlsx,NV,,NEW WALK,INVIERNO 2026,101701A02,TAUPE,,,,,,,,,718
2006 ECCOFLEX BOTAS Y BOTINES  NEWWALK INV 2026   18  8  025.xlsx,NV,,ECCOFLEX,COLECCIÓN NEWWALK,KWF250327,BLACK,35 - 40,13990,,,,,,,23
2006 ECCOFLEX BOTAS Y BOTINES  NEWWALK INV 2026   18  8  025.xlsx,NV,,ECCOFLEX,COLECCIÓN NEWWALK,KWF250327,BROWN,,,,,,,,,24
2006 ECCOFLEX BOTAS Y BOTINES  NEWWALK INV 2026   18  8  025.xlsx,NV,,ECCOFLEX,COLECCIÓN NEWWALK,KWF250327,CAMEL,,,,,,,,,25
2006 ECCOFLEX BOTAS Y BOTINES  NEWWALK INV 2026   18  8  025.xlsx,NV,,ECCOFLEX,COLECCIÓN NEWWALK,KWF2502,BLACK,35 - 40,12990,,,,,,,38
2006 ECCOFLEX BOTAS Y BOTINES  NEWWALK INV 2026   18  8  025.xlsx,NV,,ECCOFLEX,COLECCIÓN NEWWALK,KWF2503,BLACK,35 - 40,12990,,,,,,,50
2006 ECCOFLEX BOTAS Y BOTINES  NEWWALK INV 2026   18  8  025.xlsx,NV,,ECCOFLEX,COLECCIÓN NEWWALK,KWF2503,BROWN,,,,,,,,,51
2006 ECCOFLEX BOTAS Y BOTINES  NEWWALK INV 2026   18  8  025.xlsx,NV,,ECCOFLEX,COLECCIÓN NEWWALK,KWF2505,BLACK,35 - 40,12990,,,,,,,62
2006 ECCOFLEX BOTAS Y BOTINES  NEWWALK INV 2026   18  8  025.xlsx,NV,,ECCOFLEX,COLECCIÓN NEWWALK,KWF2504,BLACK,35 - 40,13990,,,,,,,74
2006 ECCOFLEX BOTAS Y BOTINES  NEWWALK INV 2026   18  8  025.xlsx,NV,,ECCOFLEX,COLECCIÓN NEWWALK,KWF2506,BLACK,35 - 40,12990,,,,,,,86
2006 ECCOFLEX BOTAS Y BOTINES  NEWWALK INV 2026   18  8  025.xlsx,NV,,ECCOFLEX,COLECCIÓN NEWWALK,KWF2506,BROWN,,,,,,,,,87
2006 ECCOFLEX BOTAS Y BOTINES  NEWWALK INV 2026   18  8  025.xlsx,NV,,ECCOFLEX,COLECCIÓN NEWWALK,KWF2507,BLACK,35 - 40,15990,,,,,,,98
2006 ECCOFLEX BOTAS Y BOTINES  NEWWALK INV 2026   18  8  025.xlsx,NV,,ECCOFLEX,COLECCIÓN NEWWALK,KWF2507,TAUPE,,,,,,,,,99
2006 ECCOFLEX BOTAS Y BOTINES  NEWWALK INV 2026   18  8  025.xlsx,NV,,ECCOFLEX,COLECCIÓN NEWWALK,KWF2508,BLACK,35 - 40,12990,,,,,,,110
2006 ECCOFLEX BOTAS Y BOTINES  NEWWALK INV 2026   18  8  025.xlsx,NV,,ECCOFLEX,COLECCIÓN NEWWALK,KWF2508,TAUPE,,,,,,,,,111
2006 ECCOFLEX BOTAS Y BOTINES  NEWWALK INV 2026   18  8  025.xlsx,NV,,ECCOFLEX,COLECCIÓN NEWWALK,KWF2509,BLACK,35 - 40,13990,,,,,,,122
2006 ECCOFLEX BOTAS Y BOTINES  NEWWALK INV 2026   18  8  025.xlsx,NV,,ECCOFLEX,COLECCIÓN NEWWALK,KWF2509,BROWN,,,,,,,,,123
2006 ECCOFLEX BOTAS Y BOTINES  NEWWALK INV 2026   18  8  025.xlsx,NV,,ECCOFLEX,COLECCIÓN NEWWALK,FABI78,BLACK,35 - 40,11990,,,,,,,134
2006 ECCOFLEX BOTAS Y BOTINES  NEWWALK INV 2026   18  8  025.xlsx,NV,,ECCOFLEX,COLECCIÓN NEWWALK,FABI69,BLACK,35 - 40,12490,,,,,,,146
2006 ECCOFLEX BOTAS Y BOTINES  NEWWALK INV 2026   18  8  025.xlsx,NV,,ECCOFLEX,COLECCIÓN NEWWALK,FAMA13,BLACK,35 - 40,11990,,,12,12,,,158
2006 ECCOFLEX BOTAS Y BOTINES  NEWWALK INV 2026   18  8  025.xlsx,NV,,ECCOFLEX,COLECCIÓN NEWWALK,FAMA13,BROWN,,,,,,,,,159
2006 ECCOFLEX BOTAS Y BOTINES  NEWWALK INV 2026   18  8  025.xlsx,NV,,ECCOFLEX,COLECCIÓN NEWWALK,FAMA13,CAMEL,,,,,,,,,160
2006 ECCOFLEX BOTAS Y BOTINES  NEWWALK INV 2026   18  8  025.xlsx,NV,,ECCOFLEX,COLECCIÓN NEWWALK,FABI49,BROWN,35 - 40,12490,,,,,,,174
2006 ECCOFLEX BOTAS Y BOTINES  NEWWALK INV 2026   18  8  025.xlsx,NV,,ECCOFLEX,COLECCIÓN NEWWALK,FABI49,BLACK,,,,,,,,,175
2006 ECCOFLEX BOTAS Y BOTINES  NEWWALK INV 2026   18  8  025.xlsx,NV,,ECCOFLEX,COLECCIÓN NEWWALK,FAMA04,BLACK,35 - 40,12490,,,12,12,12,,186
2006 ECCOFLEX BOTAS Y BOTINES  NEWWALK INV 2026   18  8  025.xlsx,NV,,ECCOFLEX,COLECCIÓN NEWWALK,FAMA04,BROWN,,,,,,,,,187
2006 ECCOFLEX BOTAS Y BOTINES  NEWWALK INV 2026   18  8  025.xlsx,NV,,ECCOFLEX,COLECCIÓN NEWWALK,FAMA04,CAMEL,,,,,,,,,195
2006 ECCOFLEX BOTAS Y BOTINES  NEWWALK INV 2026   18  8  025.xlsx,NV,,ECCOFLEX,COLECCIÓN NEWWALK,FAMA93,BLACK,35 - 40,11990,,,,,,,202
2006 ECCOFLEX BOTAS Y BOTINES  NEWWALK INV 2026   18  8  025.xlsx,NV,,ECCOFLEX,COLECCIÓN NEWWALK,FAMA93,PRINT,,,,,,,,,203
2006 ECCOFLEX BOTAS Y BOTINES  NEWWALK INV 2026   18  8  025.xlsx,NV,,ECCOFLEX,COLECCIÓN NEWWALK,FAMAC6,BLACK,35 - 40,13990,,,,,,,214
2006 ECCOFLEX BOTAS Y BOTINES  NEWWALK INV 2026   18  8  025.xlsx,NV,,ECCOFLEX,COLECCIÓN NEWWALK,FAMAZ5,BLACK,35 - 40,12990,,,,,,,226
2006 ECCOFLEX BOTAS Y BOTINES  NEWWALK INV 2026   18  8  025.xlsx,NV,,ECCOFLEX,COLECCIÓN NEWWALK,FAMAZ5,OLIVE,,,,,,,,,227
2006 ECCOFLEX BOTAS Y BOTINES  NEWWALK INV 2026   18  8  025.xlsx,NV,,ECCOFLEX,COLECCIÓN NEWWALK,FAMAM7,BLACK,35 - 40,12990,,,,,,,238
2006 ECCOFLEX BOTAS Y BOTINES  NEWWALK INV 2026   18  8  025.xlsx,NV,,ECCOFLEX,COLECCIÓN NEWWALK,FAMAM7,CAMEL,,,,,,,,,239
2006 ECCOFLEX BOTAS Y BOTINES  NEWWALK INV 2026   18  8  025.xlsx,NV,,ECCOFLEX,COLECCIÓN NEWWALK,FHEN68,BLACK,35 - 40,9990,,,,,,,250
2006 ECCOFLEX BOTAS Y BOTINES  NEWWALK INV 2026   18  8  025.xlsx,NV,,ECCOFLEX,COLECCIÓN NEWWALK,FHEN68,BROWN,,,,,,,,,254
2006 ECCOFLEX BOTAS Y BOTINES  NEWWALK INV 2026   18  8  025.xlsx,NV,,ECCOFLEX,COLECCIÓN NEWWALK,FHEN68,CAMEL,35 - 40,9990,,,,,,,262
2006 ECCOFLEX BOTAS Y BOTINES  NEWWALK INV 2026   18  8  025.xlsx,NV,,ECCOFLEX,COLECCIÓN NEWWALK,FHB588,BLACK,35 - 40,11490,,,,,,,274
2006 ECCOFLEX BOTAS Y BOTINES  NEWWALK INV 2026   18  8  025.xlsx,NV,,ECCOFLEX,COLECCIÓN NEWWALK,FHB588,GOLD,,,,,,,,,281
2006 ECCOFLEX BOTAS Y BOTINES  NEWWALK INV 2026   18  8  025.xlsx,NV,,ECCOFLEX,COLECCIÓN NEWWALK,FHB588,SILVER,,,,,,,,,282
2006 ECCOFLEX BOTAS Y BOTINES  NEWWALK INV 2026   18  8  025.xlsx,NV,,ECCOFLEX,COLECCIÓN NEWWALK,FHEN90,BLACK,35 - 40,11490,,,,,,,289
2006 ECCOFLEX BOTAS Y BOTINES  NEWWALK INV 2026   18  8  025.xlsx,NV,,ECCOFLEX,COLECCIÓN NEWWALK,FHEN90,GREY,,,,,,,,,293
2006 ECCOFLEX BOTAS Y BOTINES  NEWWALK INV 2026   18  8  025.xlsx,NV,,ECCOFLEX,COLECCIÓN NEWWALK,FER37,BLACK,35 - 40,11490,,,,,,,301
2006 ECCOFLEX BOTAS Y BOTINES  NEWWALK INV 2026   18  8  025.xlsx,NV,,ECCOFLEX,COLECCIÓN NEWWALK,FER37-B,NAVY,,12990,,,,,,,302
2006 ECCOFLEX BOTAS Y BOTINES  NEWWALK INV 2026   18  8  025.xlsx,NV,,ECCOFLEX,COLECCIÓN NEWWALK,FLIPON6,BLACK,35 - 40,9990,,,,,,,313
2006 ECCOFLEX BOTAS Y BOTINES  NEWWALK INV 2026   18  8  025.xlsx,NV,,ECCOFLEX,COLECCIÓN NEWWALK,FLIPON6,NAVY,,,,,,,,,317
2006 ECCOFLEX BOTAS Y BOTINES  NEWWALK INV 2026   18  8  025.xlsx,NV,,ECCOFLEX,COLECCIÓN NEWWALK,FHENA05,BLACK,35 - 40,7490,,,,,,,325
2006 ECCOFLEX BOTAS Y BOTINES  NEWWALK INV 2026   18  8  025.xlsx,NV,,ECCOFLEX,COLECCIÓN NEWWALK,FHENA05,GREY,,,,,,,,,326
2006 ECCOFLEX BOTAS Y BOTINES  NEWWALK INV 2026   18  8  025.xlsx,NV,,ECCOFLEX,COLECCIÓN NEWWALK,FAUBO46,BROWN,35 - 40,10990,,,,,,,337
2006 ECCOFLEX BOTAS Y BOTINES  NEWWALK INV 2026   18  8  025.xlsx,NV,,ECCOFLEX,COLECCIÓN NEWWALK,FAUBO46,BLACK,,,,,,,,,338
2006 ECCOFLEX BOTAS Y BOTINES  NEWWALK INV 2026   18  8  025.xlsx,NV,,ECCOFLEX,COLECCIÓN NEWWALK,KWF250327-4,BROWN,35 - 40,12490,,,,,,,349
2006 ECCOFLEX BOTAS Y BOTINES  NEWWALK INV 2026   18  8  025.xlsx,NV,,ECCOFLEX,COLECCIÓN NEWWALK,KWF250327-4,BLACK,,,,,,,,,353
2006 ECCOFLEX BOTAS Y BOTINES  NEWWALK INV 2026   18  8  025.xlsx,NV,,ECCOFLEX,COLECCIÓN NEWWALK,KWF250327-4,CAMEL,,,,,,,,,354
2006 ECCOFLEX BOTAS Y BOTINES  NEWWALK INV 2026   18  8  025.xlsx,NV,,ECCOFLEX,COLECCIÓN NEWWALK,FM55FLUF,BLACK,35 - 40,7990,,,,,,,365
2006 ECCOFLEX BOTAS Y BOTINES  NEWWALK INV 2026   18  8  025.xlsx,NV,,ECCOFLEX,COLECCIÓN NEWWALK,FM55FLUF,CAMEL,,,,,,,,,368
2006 ECCOFLEX BOTAS Y BOTINES  NEWWALK INV 2026   18  8  025.xlsx,NV,,ECCOFLEX,COLECCIÓN NEWWALK,FM55SLIP,BROWN,35 - 40,6990,,,,,,,379
2006 ECCOFLEX BOTAS Y BOTINES  NEWWALK INV 2026   18  8  025.xlsx,NV,,ECCOFLEX,COLECCIÓN NEWWALK,FM55SLIP-B,BLACK,,7990,,,,,,,380
2006 ECCOFLEX BOTAS Y BOTINES  NEWWALK INV 2026   18  8  025.xlsx,NV,,ECCOFLEX,COLECCIÓN NEWWALK,FM5575PU,BROWN,35 - 40,7990,,,,,,,388
2006 ECCOFLEX BOTAS Y BOTINES  NEWWALK INV 2026   18  8  025.xlsx,NV,,ECCOFLEX,COLECCIÓN NEWWALK,FM5575PU-B,BLACK,,8990,,,,,,,392
2006 ECCOFLEX BOTAS Y BOTINES  NEWWALK INV 2026   18  8  025.xlsx,NV,,ECCOFLEX,COLECCIÓN NEWWALK,FM5575NW,BROWN,35 - 40,6990,,,,,,,400
2006 ECCOFLEX BOTAS Y BOTINES  NEWWALK INV 2026   18  8  025.xlsx,NV,,ECCOFLEX,COLECCIÓN NEWWALK,FM5575NW,BLACK,,,,,,,,,404
2006 ECCOFLEX BOTAS Y BOTINES  NEWWALK INV 2026   18  8  025.xlsx,NV,,ECCOFLEX,COLECCIÓN NEWWALK,FM5575NW,276,,,,,,,,,410
2006 ECCOFLEX BOTAS Y BOTINES  NEWWALK INV 2026   18  8  025.xlsx,NV,,ECCOFLEX,COLECCIÓN NEWWALK,FM5575NW,348,,,,,,,,,411
2006 ECCOFLEX BOTAS Y BOTINES  NEWWALK INV 2026   18  8  025.xlsx,NV,,ECCOFLEX,COLECCIÓN NEWWALK,FA4682,BROWN,35 - 40,11990,,,,,,,415
2006 ECCOFLEX BOTAS Y BOTINES  NEWWALK INV 2026   18  8  025.xlsx,NV,,ECCOFLEX,COLECCIÓN NEWWALK,FA4682,BLACK,,,,,,,,,416
2006 ECCOFLEX BOTAS Y BOTINES  NEWWALK INV 2026   18  8  025.xlsx,NV,,ECCOFLEX,COLECCIÓN NEWWALK,FA4682,312,,,,,,,,,422
2006 ECCOFLEX BOTAS Y BOTINES  NEWWALK INV 2026   18  8  025.xlsx,NV,,ECCOFLEX,COLECCIÓN NEWWALK,FBC257,BLACK,35 - 40,11990,,,12/FACT 53030,12/FACT 53030,,,424
2006 ECCOFLEX BOTAS Y BOTINES  NEWWALK INV 2026   18  8  025.xlsx,NV,,ECCOFLEX,COLECCIÓN NEWWALK,FBC257,348,,,,,,,,,434
2006 ECCOFLEX BOTAS Y BOTINES  NEWWALK INV 2026   18  8  025.xlsx,NV,,ECCOFLEX,COLECCIÓN NEWWALK,FA5793-90,BLACK,35 - 40,12990,,,,,,,436
2006 ECCOFLEX BOTAS Y BOTINES  NEWWALK INV 2026   18  8  025.xlsx,NV,,ECCOFLEX,COLECCIÓN NEWWALK,FA5793-90,552,,,,,,,,,444
2006 ECCOFLEX BOTAS Y BOTINES  NEWWALK INV 2026   18  8  025.xlsx,NV,,ECCOFLEX,COLECCIÓN NEWWALK,FA5793-90,264,,,,,,,,,445
2006 ECCOFLEX BOTAS Y BOTINES  NEWWALK INV 2026   18  8  025.xlsx,NV,,ECCOFLEX,COLECCIÓN NEWWALK,FHB477,BLACK,35 - 40,11990,,,,,,,447
2006 ECCOFLEX BOTAS Y BOTINES  NEWWALK INV 2026   18  8  025.xlsx,NV,,ECCOFLEX,COLECCIÓN NEWWALK,FHB477,BLACK SHINE,,,,,,,,,451
2006 ECCOFLEX BOTAS Y BOTINES  NEWWALK INV 2026   18  8  025.xlsx,NV,,ECCOFLEX,COLECCIÓN NEWWALK,FHB477,SILVER,,,,,,,,,452
2006 ECCOFLEX BOTAS Y BOTINES  NEWWALK INV 2026   18  8  025.xlsx,NV,,ECCOFLEX,COLECCIÓN NEWWALK,FHB477,GOLD,,,,,,,,,453
2006 ECCOFLEX BOTAS Y BOTINES  NEWWALK INV 2026   18  8  025.xlsx,NV,,ECCOFLEX,COLECCIÓN NEWWALK,FHB477,504,,,,,,,,,457
2006 ECCOFLEX BOTAS Y BOTINES  NEWWALK INV 2026   18  8  025.xlsx,NV,,ECCOFLEX,COLECCIÓN NEWWALK,FHB582,BLACK,35 - 40,11990,,,,,,,459
2006 ECCOFLEX BOTAS Y BOTINES  NEWWALK INV 2026   18  8  025.xlsx,NV,,ECCOFLEX,COLECCIÓN NEWWALK,FHB582,180,,,,,,,,,469
2006 ECCOFLEX BOTAS Y BOTINES  NEWWALK INV 2026   18  8  025.xlsx,NV,,ECCOFLEX,COLECCIÓN NEWWALK,FBC256-90,BLACK,35 - 40,12990,,,,,,,471
2006 ECCOFLEX BOTAS Y BOTINES  NEWWALK INV 2026   18  8  025.xlsx,NV,,ECCOFLEX,COLECCIÓN NEWWALK,FBC256-90,108,,,,,,,,,482
2006 ECCOFLEX BOTAS Y BOTINES  NEWWALK INV 2026   18  8  025.xlsx,NV,,ECCOFLEX,COLECCIÓN NEWWALK,FPS626,60,,,,,,,,,483
2006 ECCOFLEX BOTAS Y BOTINES  NEWWALK INV 2026   18  8  025.xlsx,NV,,ECCOFLEX,COLECCIÓN NEWWALK,FPS626,,35 - 40,9990,,,,,,,486
2006 ECCOFLEX BOTAS Y BOTINES  NEWWALK INV 2026   18  8  025.xlsx,NV,,ECCOFLEX,COLECCIÓN NEWWALK,FPS626,BLACK,,,,,,,,,487
2006 ECCOFLEX BOTAS Y BOTINES  NEWWALK INV 2026   18  8  025.xlsx,NV,,ECCOFLEX,COLECCIÓN NEWWALK,FPS626,PURPLE,,,,,,,,,489
2006 ECCOFLEX BOTAS Y BOTINES  NEWWALK INV 2026   18  8  025.xlsx,NV,,ECCOFLEX,COLECCIÓN NEWWALK,B68F11012,BROWN,35 - 40,10490,,,,,,,495
2006 ECCOFLEX BOTAS Y BOTINES  NEWWALK INV 2026   18  8  025.xlsx,NV,,ECCOFLEX,COLECCIÓN NEWWALK,B68F11012,BLACK,,,,,,,,,499
2006 ECCOFLEX BOTAS Y BOTINES  NEWWALK INV 2026   18  8  025.xlsx,NV,,ECCOFLEX,COLECCIÓN NEWWALK,FCH8951,RED,35 - 40,6990,,,,,,,507
2006 ECCOFLEX BOTAS Y BOTINES  NEWWALK INV 2026   18  8  025.xlsx,NV,,ECCOFLEX,COLECCIÓN NEWWALK,FCH8951,BROWN,,,,,,,,,511
2006 ECCOFLEX BOTAS Y BOTINES  NEWWALK INV 2026   18  8  025.xlsx,NV,,ECCOFLEX,COLECCIÓN NEWWALK,FCH8951,BLACK,,,,,,,,,512
2006 ECCOFLEX BOTAS Y BOTINES  NEWWALK INV 2026   18  8  025.xlsx,NV,,ECCOFLEX,COLECCIÓN NEWWALK,ZGM57,BLACK,35 - 40,5990,,,,,,,519
2006 ECCOFLEX BOTAS Y BOTINES  NEWWALK INV 2026   18  8  025.xlsx,NV,,ECCOFLEX,COLECCIÓN NEWWALK,ZGM57,TAUPE,,,,,,,,,520
2006 ECCOFLEX BOTAS Y BOTINES  NEWWALK INV 2026   18  8  025.xlsx,NV,,ECCOFLEX,COLECCIÓN NEWWALK,FM5575D,TAUPE,35 - 40,6990,,,,,,,531
2006 ECCOFLEX BOTAS Y BOTINES  NEWWALK INV 2026   18  8  025.xlsx,NV,,ECCOFLEX,COLECCIÓN NEWWALK,FM5575D,BROWN,,,,,,,,,532
2006 ECCOFLEX BOTAS Y BOTINES  NEWWALK INV 2026   18  8  025.xlsx,NV,,ECCOFLEX,COLECCIÓN NEWWALK,FM5575D,BLACK,,,,,,,,,536
2006 ECCOFLEX BOTAS Y BOTINES  NEWWALK INV 2026   18  8  025.xlsx,NV,,ECCOFLEX,COLECCIÓN NEWWALK,FM5575A,BLACK,39-44,6990,,,,,,,543
2006 ECCOFLEX BOTAS Y BOTINES  NEWWALK INV 2026   18  8  025.xlsx,NV,,ECCOFLEX,COLECCIÓN NEWWALK,FM5575A,BROWN,,,,,,,,,544
2006 ECCOFLEX BOTAS Y BOTINES  NEWWALK INV 2026   18  8  025.xlsx,NV,,ECCOFLEX,COLECCIÓN NEWWALK,FBA124,BLACK,35 - 40,8990,,,,,,,555
2006 ECCOFLEX BOTAS Y BOTINES  NEWWALK INV 2026   18  8  025.xlsx,NV,,ECCOFLEX,COLECCIÓN NEWWALK,FBA122,BEIGE,35 - 40,8990,,,,,,,570
2006 ECCOFLEX BOTAS Y BOTINES  NEWWALK INV 2026   18  8  025.xlsx,NV,,ECCOFLEX,COLECCIÓN NEWWALK,FER38-A,GREY,35 - 40,11990,,,,,,,582
2006 ECCOFLEX BOTAS Y BOTINES  NEWWALK INV 2026   18  8  025.xlsx,NV,,ECCOFLEX,COLECCIÓN NEWWALK,FER38-A,BLACK,,,,,,,,,583
2006 HOMBRE VESTIR NW 2025  ATEMPORALES  7 8  025.xlsx,NV,,NEW WALK,COLECCIÓN NEW WALK 2025,ZM24-10123,BLACK,39-44,10990,,,15,15,15,,26
2006 HOMBRE VESTIR NW 2025  ATEMPORALES  7 8  025.xlsx,NV,,NEW WALK,COLECCIÓN NEW WALK 2025,ZM24-11180,BROWN,39-44,11990,,,,,,,35
2006 HOMBRE VESTIR NW 2025  ATEMPORALES  7 8  025.xlsx,NV,,NEW WALK,COLECCIÓN NEW WALK 2025,ZM24-11180,BLACK,39-44,11990,,,,,,,44
2006 HOMBRE VESTIR NW 2025  ATEMPORALES  7 8  025.xlsx,NV,,NEW WALK,COLECCIÓN NEW WALK 2025,ZM24-22610-90,BLACK,39-44,11990,,,15,15,15,,53
2006 HOMBRE VESTIR NW 2025  ATEMPORALES  7 8  025.xlsx,NV,,NEW WALK,COLECCIÓN NEW WALK 2025,ZM24-22610-91,CHAROL,39-44,11990,,,15,15,15,,62
2006 HOMBRE VESTIR NW 2025  ATEMPORALES  7 8  025.xlsx,NV,,NEW WALK,COLECCIÓN NEW WALK 2025,ZM22-1552,DARK BROWN,39-44,10990,,,,,,,71
2006 HOMBRE VESTIR NW 2025  ATEMPORALES  7 8  025.xlsx,NV,,NEW WALK,COLECCIÓN NEW WALK 2025,ZM22-1552,BLACK,39-44,10990,,,,,,,80
2006 HOMBRE VESTIR NW 2025  ATEMPORALES  7 8  025.xlsx,NV,,NEW WALK,COLECCIÓN NEW WALK 2025,ZM24-Z2510,BLACK,39-44,11490,,,,,15,,89
2006 HOMBRE VESTIR NW 2025  ATEMPORALES  7 8  025.xlsx,NV,,NEW WALK,COLECCIÓN NEW WALK 2025,ZM23-Z10175,BLACK,39-44,11490,,,,,,,98
2006 HOMBRE VESTIR NW 2025  ATEMPORALES  7 8  025.xlsx,NV,,NEW WALK,COLECCIÓN NEW WALK 2025,ZM21-1212,BLACK,39-44,10990,,,,,,,107
2006 HOMBRE VESTIR NW 2025  ATEMPORALES  7 8  025.xlsx,NV,,NEW WALK,COLECCIÓN NEW WALK 2025,ZM21-1212,TAN,,8990,,,,,,,108
2006 HOMBRE VESTIR NW 2025  ATEMPORALES  7 8  025.xlsx,NV,,NEW WALK,COLECCIÓN NEW WALK 2025,ZM24-M26321,BROWN,39-44,11990,,,,,,,116
2006 HOMBRE VESTIR NW 2025  ATEMPORALES  7 8  025.xlsx,NV,,NEW WALK,COLECCIÓN NEW WALK 2025,ZM24-M26321,DARK BROWN,39-44,11990,,,,,,,125
2006 HOMBRE VESTIR NW 2025  ATEMPORALES  7 8  025.xlsx,NV,,NEW WALK,COLECCIÓN NEW WALK 2025,ZM24-M26321,BLACK,39-44,11990,,,,,,,134
2006 HOMBRE VESTIR NW 2025  ATEMPORALES  7 8  025.xlsx,NV,,NEW WALK,COLECCIÓN NEW WALK 2025,ZM24-M200,DARK BROWN,39-44,11990,,,,,,,143
2006 HOMBRE VESTIR NW 2025  ATEMPORALES  7 8  025.xlsx,NV,,NEW WALK,COLECCIÓN NEW WALK 2025,ZM24-M200,BROWN,39-44,11990,,,,,,,152
2025 COMFORT NW DAMA 2026 VERANO  7 8 025.xlsx,NV,,NEW WALK,COLECCIÓN NEWWALK,FE1153,WHITE,35 - 40,7990,,,,,,,26
2025 COMFORT NW DAMA 2026 VERANO  7 8 025.xlsx,NV,,NEW WALK,COLECCIÓN NEWWALK,FE1153,,,5990,,,,,,,28
2025 COMFORT NW DAMA 2026 VERANO  7 8 025.xlsx,NV,,NEW WALK,COLECCIÓN NEWWALK,FM1240,BROWN,35 - 40,8990,,,,,,,35
2025 COMFORT NW DAMA 2026 VERANO  7 8 025.xlsx,NV,,NEW WALK,COLECCIÓN NEWWALK,FM1240,BLACK,,,,,,,,,42
2025 COMFORT NW DAMA 2026 VERANO  7 8 025.xlsx,NV,,NEW WALK,COLECCIÓN NEWWALK,FM1240,SILVER,,,,,,,,,43
2025 COMFORT NW DAMA 2026 VERANO  7 8 025.xlsx,NV,,NEW WALK,COLECCIÓN NEWWALK,FM5456,BLACK,35 - 40,7990,,,,,,,49
2025 COMFORT NW DAMA 2026 VERANO  7 8 025.xlsx,NV,,NEW WALK,COLECCIÓN NEWWALK,FM5456,CAMEL,,,,,,,,,53
2025 COMFORT NW DAMA 2026 VERANO  7 8 025.xlsx,NV,,NEW WALK,COLECCIÓN NEWWALK,FM5456,,,6990,,,,,,,54
2025 COMFORT NW DAMA 2026 VERANO  7 8 025.xlsx,NV,,NEW WALK,COLECCIÓN NEWWALK,FMC678,NUDE,35 - 40,8990,,,,,,,61
2025 COMFORT NW DAMA 2026 VERANO  7 8 025.xlsx,NV,,NEW WALK,COLECCIÓN NEWWALK,FMC678,,,5990,,,,,,,66
2025 COMFORT NW DAMA 2026 VERANO  7 8 025.xlsx,NV,,NEW WALK,COLECCIÓN NEWWALK,FB7075,BLACK,35 - 40,5990,,,,,,,76
2025 COMFORT NW DAMA 2026 VERANO  7 8 025.xlsx,NV,,NEW WALK,COLECCIÓN NEWWALK,FB7075,SILVER,,,,,,,,,77
2025 COMFORT NW DAMA 2026 VERANO  7 8 025.xlsx,NV,,NEW WALK,COLECCIÓN NEWWALK,C25F21012,NAVY,35 - 40,6990,,,,,,,89
2025 COMFORT NW DAMA 2026 VERANO  7 8 025.xlsx,NV,,NEW WALK,COLECCIÓN NEWWALK,C25F21012,BLACK,,,,,,,,,90
2025 COMFORT NW DAMA 2026 VERANO  7 8 025.xlsx,NV,,NEW WALK,COLECCIÓN NEWWALK,FM5641P,BLACK,35 - 40,8490,,,,,,,98
2025 COMFORT NW DAMA 2026 VERANO  7 8 025.xlsx,NV,,NEW WALK,COLECCIÓN NEWWALK,FM5641P,BEIGE,,,,,,,,,102
2025 HOMBRE BOTINES CAÑA ALTA NW 19 7 2025.xlsx,NV,,NEW WALK,,ZM23-AF17-40,BROWN,39-44,15990,,,,,,,28
2025 HOMBRE BOTINES CAÑA ALTA NW 19 7 2025.xlsx,NV,,NEW WALK,,ZM22-B822-90,BLACK,39-44,15990,,,,,,,40
2025 HOMBRE BOTINES CAÑA ALTA NW 19 7 2025.xlsx,NV,,NEW WALK,,ZM22-2233-90,BLACK,39-44,14990,,,,,,,52
2025 HOMBRE BOTINES CAÑA ALTA NW 19 7 2025.xlsx,NV,,NEW WALK,,ZM22-2233-40,BROWN,39-44,14990,,,,,,,64
2025 HOMBRE ZAPATILLAS NW 2025  11 8 025.xlsx,NV,,NEW WALK,COLECCIÓN NEWWALK 2025,ADIT-C-012,NAVY,,7990,,,,,,,28
2025 HOMBRE ZAPATILLAS NW 2025  11 8 025.xlsx,NV,,NEW WALK,COLECCIÓN NEWWALK 2025,ADIT-C-012,GREEN,,7990,,,,,,,41
2025 HOMBRE ZAPATILLAS NW 2025  11 8 025.xlsx,NV,,NEW WALK,COLECCIÓN NEWWALK 2025,ADIT-C-005,WHITE,,7990,,,,,,,55
2025 HOMBRE ZAPATILLAS NW 2025  11 8 025.xlsx,NV,,NEW WALK,COLECCIÓN NEWWALK 2025,ADIT-C-005,BLACK,,7990,,,,,,,68
2025 HOMBRE ZAPATILLAS NW 2025  11 8 025.xlsx,NV,,NEW WALK,COLECCIÓN NEWWALK 2025,ADIT-C-014,WHITE/YELLOW,,7990,,,,,,,81
2025 HOMBRE ZAPATILLAS NW 2025  11 8 025.xlsx,NV,,NEW WALK,COLECCIÓN NEWWALK 2025,ADIT-C-014,WHITE/BLACK,,7990,,,,,,,95
2025 HOMBRE ZAPATILLAS NW 2025  11 8 025.xlsx,NV,,NEW WALK,COLECCIÓN NEWWALK 2025,ADIT-C-014,BLACK,,7990,,,,,,,110
2025 HOMBRE ZAPATILLAS NW 2025  11 8 025.xlsx,NV,,NEW WALK,COLECCIÓN NEWWALK 2025,ADIT-C-009,BLACK,,7990,,,,,,,124
2025 HOMBRE ZAPATILLAS NW 2025  11 8 025.xlsx,NV,,NEW WALK,COLECCIÓN NEWWALK 2025,ADIT-C-009,GREY,,7990,,,,,,,138
2025 HOMBRE ZAPATILLAS NW 2025  11 8 025.xlsx,NV,,NEW WALK,COLECCIÓN NEWWALK 2025,ADIT-C-002,WHITE,,7990,,,,,,,152
2025 HOMBRE ZAPATILLAS NW 2025  11 8 025.xlsx,NV,,NEW WALK,COLECCIÓN NEWWALK 2025,ADIT-C-002,GREY,,7990,,,,,,,166
2025 HOMBRE ZAPATILLAS NW 2025  11 8 025.xlsx,NV,,NEW WALK,COLECCIÓN NEWWALK 2025,ADIT-C-003,WHITE,,7990,,,,,,,180
2025 HOMBRE ZAPATILLAS NW 2025  11 8 025.xlsx,NV,,NEW WALK,COLECCIÓN NEWWALK 2025,ADIT-C-003,BLACK,,7990,,,,,,,194
2025 HOMBRE ZAPATILLAS NW 2025  11 8 025.xlsx,NV,,NEW WALK,COLECCIÓN NEWWALK 2025,ADIT-C-001,WHITE/BLUE,,7990,,,,,,,208
2025 HOMBRE ZAPATILLAS NW 2025  11 8 025.xlsx,NV,,NEW WALK,COLECCIÓN NEWWALK 2025,ADIT-C-001,WHITE/ORANGE,,7990,,,,,,,222
2025 HOMBRE ZAPATILLAS NW 2025  11 8 025.xlsx,NV,,NEW WALK,COLECCIÓN NEWWALK 2025,ADIT-C-001,BLACK,,7990,,,,,,,236
2025 HOMBRE ZAPATILLAS NW 2025  11 8 025.xlsx,NV,,NEW WALK,COLECCIÓN NEWWALK 2025,ADIT-C-006,BLUE,,7990,,,,,,,250
2025 HOMBRE ZAPATILLAS NW 2025  11 8 025.xlsx,NV,,NEW WALK,COLECCIÓN NEWWALK 2025,ADIT-C-006,BLACK,,7990,,,,,,,264
2025 HOMBRE ZAPATILLAS NW 2025  11 8 025.xlsx,NV,,NEW WALK,COLECCIÓN NEWWALK 2025,ADIT-C-006,GREY,,7990,,,,,,,278
2025 HOMBRE ZAPATILLAS NW 2025  11 8 025.xlsx,NV,,NEW WALK,COLECCIÓN NEWWALK 2025,LRM003,GREEN,,10990,,,,,,,292
2025 HOMBRE ZAPATILLAS NW 2025  11 8 025.xlsx,NV,,NEW WALK,COLECCIÓN NEWWALK 2025,LRM003,BLACK,,,,,,,,,293
2025 HOMBRE ZAPATILLAS NW 2025  11 8 025.xlsx,NV,,NEW WALK,COLECCIÓN NEWWALK 2025,LRM004,BLACK,,10990,,,,,,,306
2025 HOMBRE ZAPATILLAS NW 2025  11 8 025.xlsx,NV,,NEW WALK,COLECCIÓN NEWWALK 2025,LRM808,GREY,,10990,,,,,,,320
2025 HOMBRE ZAPATILLAS NW 2025  11 8 025.xlsx,NV,,NEW WALK,COLECCIÓN NEWWALK 2025,LRM808,KHAKI,,,,,,,,,321
2025 HOMBRE ZAPATILLAS NW 2025  11 8 025.xlsx,NV,,NEW WALK,COLECCIÓN NEWWALK 2025,YJ24-367,ALL WHITE,,11990,,,,,,,334
2025 HOMBRE ZAPATILLAS NW 2025  11 8 025.xlsx,NV,,NEW WALK,COLECCIÓN NEWWALK 2025,YJ24-367,ALL BLACK,,11990,,,,,,,348
2025 ZAPATILLAS NW 2025 VERANO MALLA ( CON STOK )  4 8 025.xlsx,NV,,NEW WALK,ZAPATILLAS DAMA,FLIN85,WHITE,,5990,,,,,,,24
2025 ZAPATILLAS NW 2025 VERANO MALLA ( CON STOK )  4 8 025.xlsx,NV,,NEW WALK,ZAPATILLAS DAMA,DESPACHO INMEDIATO,ROSE,,,,,,,,,35
2025 ZAPATILLAS NW 2025 VERANO MALLA ( CON STOK )  4 8 025.xlsx,NV,,NEW WALK,ZAPATILLAS DAMA,FLIN85,BLUE,,5990,,,,,,,36
2025 ZAPATILLAS NW 2025 VERANO MALLA ( CON STOK )  4 8 025.xlsx,NV,,NEW WALK,ZAPATILLAS DAMA,FLIN85,GREEN,,,,,,,,,37
2025 ZAPATILLAS NW 2025 VERANO MALLA ( CON STOK )  4 8 025.xlsx,NV,,NEW WALK,ZAPATILLAS DAMA,FLIN85,BLACK,,,,,,,,,42
2025 ZAPATILLAS NW 2025 VERANO MALLA ( CON STOK )  4 8 025.xlsx,NV,,NEW WALK,ZAPATILLAS DAMA,FLIN76,GREY,,5990,,,,,,,53
2025 ZAPATILLAS NW 2025 VERANO MALLA ( CON STOK )  4 8 025.xlsx,NV,,NEW WALK,ZAPATILLAS DAMA,FLIN76,NAVY,,5990,,,,,,,62
2025 ZAPATILLAS NW 2025 VERANO MALLA ( CON STOK )  4 8 025.xlsx,NV,,NEW WALK,ZAPATILLAS DAMA,FLIN76,BLACK,,,,,,,,,66
2025 ZAPATILLAS NW 2025 VERANO MALLA ( CON STOK )  4 8 025.xlsx,NV,,NEW WALK,ZAPATILLAS DAMA,F3BR29,NAVY,,5990,,,,,,,74
2025 ZAPATILLAS NW 2025 VERANO MALLA ( CON STOK )  4 8 025.xlsx,NV,,NEW WALK,ZAPATILLAS DAMA,FLIN65,GREY,,5990,,,,,,,89
2025 ZAPATILLAS NW 2025 VERANO MALLA ( CON STOK )  4 8 025.xlsx,NV,,NEW WALK,ZAPATILLAS DAMA,FLIN65,NAVY,,5990,,,,,,,101
2025 ZAPATILLAS NW 2025 VERANO MALLA ( CON STOK )  4 8 025.xlsx,NV,,NEW WALK,ZAPATILLAS DAMA,FLIN65,GREEN,,,,,,,,,102
2025 ZAPATILLAS NW 2025 VERANO MALLA ( CON STOK )  4 8 025.xlsx,NV,,NEW WALK,ZAPATILLAS DAMA,FLIN65,BLACK,,,,,,,,,103
2025 ZAPATILLAS NW 2025 VERANO MALLA ( CON STOK )  4 8 025.xlsx,NV,,NEW WALK,ZAPATILLAS DAMA,FLIN65,BLUE,,,,,,,,,104
2025 ZAPATILLAS NW 2025 VERANO MALLA ( CON STOK )  4 8 025.xlsx,NV,,NEW WALK,ZAPATILLAS DAMA,FRIC18,NAVY,,4990,,,,,,,114
2025 ZAPATILLAS NW 2025 VERANO MALLA ( CON STOK )  4 8 025.xlsx,NV,,NEW WALK,ZAPATILLAS DAMA,FRIC18,BLACK,,,,,,,,,118
2025 ZAPATILLAS NW 2025 VERANO MALLA ( CON STOK )  4 8 025.xlsx,NV,,NEW WALK,ZAPATILLAS DAMA,FRIC27,NAVY,,4990,,,,,,,126
2025 ZAPATILLAS NW 2025 VERANO MALLA ( CON STOK )  4 8 025.xlsx,NV,,NEW WALK,ZAPATILLAS DAMA,FRIC27,BLACK,,,,,,,,,130
2025 ZAPATILLAS NW 2025 VERANO MALLA ( CON STOK )  4 8 025.xlsx,NV,,NEW WALK,ZAPATILLAS DAMA,FRIC36,NAVY,,5990,,,,,,,141
2025 ZAPATILLAS NW 2025 VERANO MALLA ( CON STOK )  4 8 025.xlsx,NV,,NEW WALK,ZAPATILLAS DAMA,FRIC36,BLACK,,5990,,,,,,,153
2025 ZAPATILLAS NW 2025 VERANO MALLA ( CON STOK )  4 8 025.xlsx,NV,,NEW WALK,ZAPATILLAS DAMA,FRIC36,GREY,,5990,,,,,,,165
2025 ZAPATILLAS NW 2025 VERANO MALLA ( CON STOK )  4 8 025.xlsx,NV,,NEW WALK,ZAPATILLAS DAMA,F3BR31,BLACK,,6990,,,,,,,174
2025 ZAPATILLAS NW 2025 VERANO MALLA ( CON STOK )  4 8 025.xlsx,NV,,NEW WALK,ZAPATILLAS DAMA,F3BR31,LILAC,,,,,,,,,181
2025 ZAPATILLAS NW 2025 VERANO MALLA ( CON STOK )  4 8 025.xlsx,NV,,NEW WALK,ZAPATILLAS DAMA,FHS050,BLACK,,8990,,,,,,,192
2025 ZAPATILLAS NW 2025 VERANO MALLA ( CON STOK )  4 8 025.xlsx,NV,,NEW WALK,ZAPATILLAS DAMA,FHS050,NAVY,,8990,,,,,,,204
2025 ZAPATILLAS NW 2025 VERANO MALLA ( CON STOK )  4 8 025.xlsx,NV,,NEW WALK,ZAPATILLAS DAMA,FHS041,NAVY,,8990,,,,,,,216
2025 ZAPATILLAS NW 2025 VERANO MALLA ( CON STOK )  4 8 025.xlsx,NV,,NEW WALK,ZAPATILLAS DAMA,FHS041,BLACK,,,,,,,,,217
2026 HOMBRE NW ZAPATILLAS MALLA  2025 VERANO  18 8 025.xlsx,NV,,NEW WALK,NEW WALK VERANO 2025-2026,FBK789,BLACK,,7990,,,,,,,26
2026 HOMBRE NW ZAPATILLAS MALLA  2025 VERANO  18 8 025.xlsx,NV,,NEW WALK,NEW WALK VERANO 2025-2026,FBK789,TAUPE,,,,,,,,,27
2026 HOMBRE NW ZAPATILLAS MALLA  2025 VERANO  18 8 025.xlsx,NV,,NEW WALK,NEW WALK VERANO 2025-2026,FHH018,BLACK,,7990,,,,,,,39
2026 HOMBRE NW ZAPATILLAS MALLA  2025 VERANO  18 8 025.xlsx,NV,,NEW WALK,NEW WALK VERANO 2025-2026,FHH072,BLACK,,7990,,,,,,,52
2026 HOMBRE NW ZAPATILLAS MALLA  2025 VERANO  18 8 025.xlsx,NV,,NEW WALK,NEW WALK VERANO 2025-2026,FHH081,BLACK,,7990,,,,,,,65
2026 HOMBRE NW ZAPATILLAS MALLA  2025 VERANO  18 8 025.xlsx,NV,,NEW WALK,NEW WALK VERANO 2025-2026,FHH063,BLACK,,9490,,,,,,,78
2026 HOMBRE NW ZAPATILLAS MALLA  2025 VERANO  18 8 025.xlsx,NV,,NEW WALK,NEW WALK VERANO 2025-2026,FHH009,BLACK,,9490,,,,,,,91
2026 HOMBRE NW ZAPATILLAS MALLA  2025 VERANO  18 8 025.xlsx,NV,,NEW WALK,NEW WALK VERANO 2025-2026,FHH090,BLACK,,8990,,,,,,,104
2026 HOMBRE NW ZAPATILLAS MALLA  2025 VERANO  18 8 025.xlsx,NV,,NEW WALK,NEW WALK VERANO 2025-2026,FHH090,NAVY,,,,,,,,,105
2026 HOMBRE NW ZAPATILLAS MALLA  2025 VERANO  18 8 025.xlsx,NV,,NEW WALK,NEW WALK VERANO 2025-2026,FHH090,BEIGE,,,,,,,,,106
2026 NATGEO KIDS       INVIERNO 19-08-25.xlsx,NV,,NATGEO,CATALOGO DE  NATGEO KIDS INV 2025,140945,GREY/NAVY,,16990,,,,,,,26
2026 NATGEO KIDS       INVIERNO 19-08-25.xlsx,NV,,NATGEO,CATALOGO DE  NATGEO KIDS INV 2025,140945,BLACK/GREEN,,16990,,,,,,,39
2026 NATGEO KIDS       INVIERNO 19-08-25.xlsx,NV,,NATGEO,CATALOGO DE  NATGEO KIDS INV 2025,140995,NAVY,,16990,,,,,,,53
2026 NATGEO KIDS       INVIERNO 19-08-25.xlsx,NV,,NATGEO,CATALOGO DE  NATGEO KIDS INV 2025,140995,BROWN,,16990,,,,,,,67
2026 NATGEO KIDS       INVIERNO 19-08-25.xlsx,NV,,NATGEO,CATALOGO DE  NATGEO KIDS INV 2025,141006,LILAC,,17990,,,,,,,82
2026 NATGEO KIDS       INVIERNO 19-08-25.xlsx,NV,,NATGEO,CATALOGO DE  NATGEO KIDS INV 2025,141006,GREY,,17990,,,,,,,96
2026 NATGEO KIDS       INVIERNO 19-08-25.xlsx,NV,,NATGEO,CATALOGO DE  NATGEO KIDS INV 2025,N22881,WHITE,,14990,,,,,,,110
2026 NATGEO KIDS       INVIERNO 19-08-25.xlsx,NV,,NATGEO,CATALOGO DE  NATGEO KIDS INV 2025,K2303,NAVY,,19990,,,,,,,124
2026 NATGEO KIDS       INVIERNO 19-08-25.xlsx,NV,,NATGEO,CATALOGO DE  NATGEO KIDS INV 2025,K23901,NAVY/ORANGE,,19990,,,,,,,138
2026 NATGEO KIDS       INVIERNO 19-08-25.xlsx,NV,,NATGEO,CATALOGO DE  NATGEO KIDS INV 2025,N23993,BLACK,,19990,,,,,,,152
2026 NATGEO KIDS       INVIERNO 19-08-25.xlsx,NV,,NATGEO,CATALOGO DE  NATGEO KIDS INV 2025,N221121,GREY,,19990,,,,,,,166
2026 NATGEO KIDS       INVIERNO 19-08-25.xlsx,NV,,NATGEO,CATALOGO DE  NATGEO KIDS INV 2025,N221121,PINK,,19990,,,,,,,180
2026 NATGEO KIDS       INVIERNO 19-08-25.xlsx,NV,,NATGEO,CATALOGO DE  NATGEO KIDS INV 2025,140089,BLACK,,19990,,,,,,,194
2026 NATGEO KIDS       INVIERNO 19-08-25.xlsx,NV,,NATGEO,CATALOGO DE  NATGEO KIDS INV 2025,AMP-LB305,PINK,,9990,,,,,,,208
2026 NATGEO KIDS       INVIERNO 19-08-25.xlsx,NV,,NATGEO,CATALOGO DE  NATGEO KIDS INV 2025,AMP-LB304,NAVY,,9990,,,,,,,222
2026 NATGEO KIDS       INVIERNO 19-08-25.xlsx,NV,,NATGEO,CATALOGO DE  NATGEO KIDS INV 2025,HK522722-A0,TEC+PUWATERPROOF,,19990,,,,,,,236
2026 NATGEO KIDS       INVIERNO 19-08-25.xlsx,NV,,NATGEO,CATALOGO DE  NATGEO KIDS INV 2025,HK522722-A0,28-35=2 2 2 2 2 2 2 2= 16,,,,,,,,,241
2026 NATGEO KIDS       INVIERNO 19-08-25.xlsx,NV,,NATGEO,CATALOGO DE  NATGEO KIDS INV 2025,HK523330-90,TEC+PU WATERPROOF,,19990,,,,,,,250
2026 NATGEO KIDS       INVIERNO 19-08-25.xlsx,NV,,NATGEO,CATALOGO DE  NATGEO KIDS INV 2025,HK523330-90,28-35=2 2 2 2 2 2 2 2= 16,,,,,,,,,255
2026 NATGEO KIDS       INVIERNO 19-08-25.xlsx,NV,,NATGEO,CATALOGO DE  NATGEO KIDS INV 2025,HK523330-A0,TEC+PU WATERPROOF,,19990,,,,,,,264
2026 NATGEO KIDS       INVIERNO 19-08-25.xlsx,NV,,NATGEO,CATALOGO DE  NATGEO KIDS INV 2025,HK523330-A0,28-35=2 2 2 2 2 2 2 2= 16,,,,,,,,,269
2026 NATGEO KIDS       INVIERNO 19-08-25.xlsx,NV,,NATGEO,CATALOGO DE  NATGEO KIDS INV 2025,HK52279-90,BLACK,,,,,,,,,277
2026 NATGEO KIDS       INVIERNO 19-08-25.xlsx,NV,,NATGEO,CATALOGO DE  NATGEO KIDS INV 2025,HK52279-90,,,19990,,,,,,,278
2026 NATGEO KIDS       INVIERNO 19-08-25.xlsx,NV,,NATGEO,CATALOGO DE  NATGEO KIDS INV 2025,HK52279-90,28-35=2 2 2 2 2 2 2  2 2 =18,,,,,,,,,282
2026 VERAZZI BOTINES Y ZAPATILLAS  KIDS   INVIERNO    2026   19-08-25.xlsx,NV,,VERAZZI,"CATALOGO de VERAZZI  KIDS INVIERNO  2026,",2606-1,WINE,,15990,,,,,,,26
2026 VERAZZI BOTINES Y ZAPATILLAS  KIDS   INVIERNO    2026   19-08-25.xlsx,NV,,VERAZZI,"CATALOGO de VERAZZI  KIDS INVIERNO  2026,",2606-1,BLACK,,15990,,,,,,,39
2026 VERAZZI BOTINES Y ZAPATILLAS  KIDS   INVIERNO    2026   19-08-25.xlsx,NV,,VERAZZI,"CATALOGO de VERAZZI  KIDS INVIERNO  2026,",2606-5,BLACK,,14990,,,,,,,53
2026 VERAZZI BOTINES Y ZAPATILLAS  KIDS   INVIERNO    2026   19-08-25.xlsx,NV,,VERAZZI,"CATALOGO de VERAZZI  KIDS INVIERNO  2026,",2607-1,BLACK,,16990,,,,,,,66
2026 VERAZZI BOTINES Y ZAPATILLAS  KIDS   INVIERNO    2026   19-08-25.xlsx,NV,,VERAZZI,"CATALOGO de VERAZZI  KIDS INVIERNO  2026,",2607-2,COFFE,,16990,,,,,,,81
2026 VERAZZI BOTINES Y ZAPATILLAS  KIDS   INVIERNO    2026   19-08-25.xlsx,NV,,VERAZZI,"CATALOGO de VERAZZI  KIDS INVIERNO  2026,",2607-2,BLACK,,16990,,,,,,,95
2026 VERAZZI BOTINES Y ZAPATILLAS  KIDS   INVIERNO    2026   19-08-25.xlsx,NV,,VERAZZI,"CATALOGO de VERAZZI  KIDS INVIERNO  2026,",2607-3,NAVY,,16990,,,,,,,109
2026 VERAZZI BOTINES Y ZAPATILLAS  KIDS   INVIERNO    2026   19-08-25.xlsx,NV,,VERAZZI,"CATALOGO de VERAZZI  KIDS INVIERNO  2026,",2607-3,BLACK,,16990,,,,,,,123
2026 VERAZZI BOTINES Y ZAPATILLAS  KIDS   INVIERNO    2026   19-08-25.xlsx,NV,,VERAZZI,"CATALOGO de VERAZZI  KIDS INVIERNO  2026,",SR24012,GREY/BLACK,,11990,,,,,,,137
2026 VERAZZI BOTINES Y ZAPATILLAS  KIDS   INVIERNO    2026   19-08-25.xlsx,NV,,VERAZZI,"CATALOGO de VERAZZI  KIDS INVIERNO  2026,",SR24012,TOUPE/GREEN,,11990,,,,,,,151
2026 VERAZZI BOTINES Y ZAPATILLAS  KIDS   INVIERNO    2026   19-08-25.xlsx,NV,,VERAZZI,"CATALOGO de VERAZZI  KIDS INVIERNO  2026,",SR24008,PURPURE,,10990,,,,,,,165
2026 VERAZZI BOTINES Y ZAPATILLAS  KIDS   INVIERNO    2026   19-08-25.xlsx,NV,,VERAZZI,"CATALOGO de VERAZZI  KIDS INVIERNO  2026,",SR24008,COFEE/BLACK,,10990,,,,,,,179
2026 VERAZZI BOTINES Y ZAPATILLAS  KIDS   INVIERNO    2026   19-08-25.xlsx,NV,,VERAZZI,"CATALOGO de VERAZZI  KIDS INVIERNO  2026,",SR24008,BLACK,,10990,,,,,,,193
2026 VERAZZI BOTINES Y ZAPATILLAS  KIDS   INVIERNO    2026   19-08-25.xlsx,NV,,VERAZZI,"CATALOGO de VERAZZI  KIDS INVIERNO  2026,",K22831,BLUE,,13990,,,,,,,207
2026 VERAZZI BOTINES Y ZAPATILLAS  KIDS   INVIERNO    2026   19-08-25.xlsx,NV,,VERAZZI,"CATALOGO de VERAZZI  KIDS INVIERNO  2026,",K22831,BLACK,,13990,,,,,,,221
2026 VERAZZI BOTINES Y ZAPATILLAS  KIDS   INVIERNO    2026   19-08-25.xlsx,NV,,VERAZZI,"CATALOGO de VERAZZI  KIDS INVIERNO  2026,",K231238,GREY/BLACK,,12990,,,,,,,235
2026 VERAZZI BOTINES Y ZAPATILLAS  KIDS   INVIERNO    2026   19-08-25.xlsx,NV,,VERAZZI,"CATALOGO de VERAZZI  KIDS INVIERNO  2026,",K23855,GREY,,13990,,,,,,,249
2026 VERAZZI BOTINES Y ZAPATILLAS  KIDS   INVIERNO    2026   19-08-25.xlsx,NV,,VERAZZI,"CATALOGO de VERAZZI  KIDS INVIERNO  2026,",K23855,BROWN,,13990,,,,,,,263
2026 VERAZZI BOTINES Y ZAPATILLAS  KIDS   INVIERNO    2026   19-08-25.xlsx,NV,,VERAZZI,"CATALOGO de VERAZZI  KIDS INVIERNO  2026,",HL25101,NAVY,,14990,,,,,,,276
2026 VERAZZI BOTINES Y ZAPATILLAS  KIDS   INVIERNO    2026   19-08-25.xlsx,NV,,VERAZZI,"CATALOGO de VERAZZI  KIDS INVIERNO  2026,",HL25101,BLACK-RED,,,,,,,,,287
2026 VERAZZI BOTINES Y ZAPATILLAS  KIDS   INVIERNO    2026   19-08-25.xlsx,NV,,VERAZZI,"CATALOGO de VERAZZI  KIDS INVIERNO  2026,",HL25101,,,14990,,,,,,,288
2026 VERAZZI BOTINES Y ZAPATILLAS  KIDS   INVIERNO    2026   19-08-25.xlsx,NV,,VERAZZI,"CATALOGO de VERAZZI  KIDS INVIERNO  2026,",SR25701,,,11990,,,,,,,300
2026 VERAZZI BOTINES Y ZAPATILLAS  KIDS   INVIERNO    2026   19-08-25.xlsx,NV,,VERAZZI,"CATALOGO de VERAZZI  KIDS INVIERNO  2026,",SR25701,,,11990,,,,,,,312
2026 VERAZZI BOTINES Y ZAPATILLAS  KIDS   INVIERNO    2026   19-08-25.xlsx,NV,,VERAZZI,"CATALOGO de VERAZZI  KIDS INVIERNO  2026,",SR25701,BLACK-PINK,,,,,,,,,323
2026 VERAZZI BOTINES Y ZAPATILLAS  KIDS   INVIERNO    2026   19-08-25.xlsx,NV,,VERAZZI,"CATALOGO de VERAZZI  KIDS INVIERNO  2026,",HL25101,,,14990,,,,,,,324
2026 VERAZZI BOTINES Y ZAPATILLAS  KIDS   INVIERNO    2026   19-08-25.xlsx,NV,,VERAZZI,"CATALOGO de VERAZZI  KIDS INVIERNO  2026,",HL25101,GREY,,14990,,,,,,,336
2026 VERAZZI BOTINES Y ZAPATILLAS  KIDS   INVIERNO    2026   19-08-25.xlsx,NV,,VERAZZI,"CATALOGO de VERAZZI  KIDS INVIERNO  2026,",K201218,PINK,,14990,,,,,,,348
2026 VERAZZI BOTINES Y ZAPATILLAS  KIDS   INVIERNO    2026   19-08-25.xlsx,NV,,VERAZZI,"CATALOGO de VERAZZI  KIDS INVIERNO  2026,",K201218,GREY,,14990,,,,,,,361
ARISTO TEBES INVIERNO 2026.xlsx,TEBES,ARISTO,PASSER,MUJER INVIERNO,003,BLANCO,35 - 40,11990,,,,,,,11
ARISTO TEBES INVIERNO 2026.xlsx,TEBES,ARISTO,PASSER,MUJER INVIERNO,003,NEGRO,35 - 40,11990,,,,,,,11
ARISTO TEBES INVIERNO 2026.xlsx,TEBES,ARISTO,PASSER,MUJER INVIERNO,032,NEGRO,35 - 40,9990,,,,,,,15
ARISTO TEBES INVIERNO 2026.xlsx,TEBES,ARISTO,PASSER,MUJER INVIERNO,032,CARAMELO,35 - 40,9990,,,,,,,15
ARISTO TEBES INVIERNO 2026.xlsx,TEBES,ARISTO,PASSER,MUJER INVIERNO,605,NEGRO,35 - 40,6990,,,,,15 / 15,,19
ARISTO TEBES INVIERNO 2026.xlsx,TEBES,ARISTO,PASSER,MUJER INVIERNO,605,CARAMELO,35 - 40,6990,,,,,15 / 15,,19
ARISTO TEBES INVIERNO 2026.xlsx,TEBES,ARISTO,PASSER,MUJER INVIERNO,605,MEMORY FOAM,35 - 40,6990,,,,,15 / 15,,19
ARISTO TEBES INVIERNO 2026.xlsx,TEBES,ARISTO,PASSER,MUJER INVIERNO,629,NEGRO,35 - 40,6990,,,,,,,23
ARISTO TEBES INVIERNO 2026.xlsx,TEBES,ARISTO,PASSER,MUJER INVIERNO,629,CARAMELO,35 - 40,6990,,,,,,,23
ARISTO TEBES INVIERNO 2026.xlsx,TEBES,ARISTO,PASSER,MUJER INVIERNO,629,MEMORY FOAM,35 - 40,6990,,,,,,,23
ARISTO TEBES INVIERNO 2026.xlsx,TEBES,ARISTO,PASSER,MUJER INVIERNO,648,NEGRO,35 - 40,7990,,,,,,,27
ARISTO TEBES INVIERNO 2026.xlsx,TEBES,ARISTO,PASSER,MUJER INVIERNO,648,CAFÉ,35 - 40,7990,,,,,,,27
ARISTO TEBES INVIERNO 2026.xlsx,TEBES,ARISTO,PASSER,MUJER INVIERNO,648,MEMORY FOAM,35 - 40,7990,,,,,,,27
ARISTO TEBES INVIERNO 2026.xlsx,TEBES,ARISTO,PASSER,MUJER INVIERNO,658,NEGRO,35 - 40,7490,,,,,,,31
ARISTO TEBES INVIERNO 2026.xlsx,TEBES,ARISTO,PASSER,MUJER INVIERNO,658,CARAMELO,35 - 40,7490,,,,,,,31
ARISTO TEBES INVIERNO 2026.xlsx,TEBES,ARISTO,PASSER,MUJER INVIERNO,667,NEGRO CHAROL,35 - 40,10490,,,,,,,35
ARISTO TEBES INVIERNO 2026.xlsx,TEBES,ARISTO,PASSER,MUJER INVIERNO,677,NEGRO,35 - 40,5990,,,,,,,39
ARISTO TEBES INVIERNO 2026.xlsx,TEBES,ARISTO,PASSER,MUJER INVIERNO,677,CARAMELO,35 - 40,5990,,,,,,,39
ARISTO TEBES INVIERNO 2026.xlsx,TEBES,ARISTO,PASSER,MUJER INVIERNO,677,MEMORY FOAM,35 - 40,5990,,,,,,,39
ARISTO TEBES INVIERNO 2026.xlsx,TEBES,ARISTO,PASSER,MUJER INVIERNO,694,NEGRO,35 - 40,11990,,,,,,,44
ARISTO TEBES INVIERNO 2026.xlsx,TEBES,ARISTO,PASSER,MUJER INVIERNO,694,BURDEO,35 - 40,11990,,,,,,,44
ARISTO TEBES INVIERNO 2026.xlsx,TEBES,ARISTO,PASSER,MUJER INVIERNO,717,NEGRO,35 - 40,8490,,,,,,,48
ARISTO TEBES INVIERNO 2026.xlsx,TEBES,ARISTO,PASSER,MUJER INVIERNO,717,CARAMELO,35 - 40,8490,,,,,,,48
ARISTO TEBES INVIERNO 2026.xlsx,TEBES,ARISTO,PASSER,MUJER INVIERNO,737,RAQUELADO NEGRO,35 - 40,11490,,,,,,,52
ARISTO TEBES INVIERNO 2026.xlsx,TEBES,ARISTO,PASSER,MUJER INVIERNO,751,NEGRO,35 - 40,8990,,,,,,,56
ARISTO TEBES INVIERNO 2026.xlsx,TEBES,ARISTO,PASSER,MUJER INVIERNO,751,CAFÉ,35 - 40,8990,,,,,,,56
ARISTO TEBES INVIERNO 2026.xlsx,TEBES,ARISTO,PASSER,MUJER INVIERNO,752,NEGRO,35 - 40,12490,,,,,,,60
ARISTO TEBES INVIERNO 2026.xlsx,TEBES,ARISTO,PASSER,MUJER INVIERNO,762,NEGRO,35 - 40,10990,,,,,,,64
ARISTO TEBES INVIERNO 2026.xlsx,TEBES,ARISTO,PASSER,MUJER INVIERNO,775,NEGRO,35 - 40,7990,,,,,,,68
ARISTO TEBES INVIERNO 2026.xlsx,TEBES,ARISTO,PASSER,MUJER INVIERNO,775,CAFÉ,35 - 40,7990,,,,,,,68
ARISTO TEBES INVIERNO 2026.xlsx,TEBES,ARISTO,PASSER,MUJER INVIERNO,775,MEMORY FOAM,35 - 40,7990,,,,,,,68
ARISTO TEBES INVIERNO 2026.xlsx,TEBES,ARISTO,PASSER,MUJER INVIERNO,780,NEGRO,34 - 41,6490,,,,,,,73
ARISTO TEBES INVIERNO 2026.xlsx,TEBES,ARISTO,PASSER,MUJER INVIERNO,780,CAFÉ,34 - 41,6490,,,,,,,73
ARISTO TEBES INVIERNO 2026.xlsx,TEBES,ARISTO,PASSER,MUJER INVIERNO,780,MEMORY FOAM,34 - 41,6490,,,,,,,73
ARISTO TEBES INVIERNO 2026.xlsx,TEBES,ARISTO,PASSER,MUJER INVIERNO,786,NEGRO,35 - 40,12490,,,,,,,77
ARISTO TEBES INVIERNO 2026.xlsx,TEBES,ARISTO,PASSER,MUJER INVIERNO,816,NEGRO,35 - 40,13990,,,,,,,81
ARISTO TEBES INVIERNO 2026.xlsx,TEBES,ARISTO,PASSER,MUJER INVIERNO,820,NEGRO,35 - 42,6490,,,,,,,85
ARISTO TEBES INVIERNO 2026.xlsx,TEBES,ARISTO,PASSER,MUJER INVIERNO,820,CAFE,35 - 42,6490,,,,,,,85
ARISTO TEBES INVIERNO 2026.xlsx,TEBES,ARISTO,PASSER,MUJER INVIERNO,820,CARAMELO,35 - 42,6490,,,,,,,85
ARISTO TEBES INVIERNO 2026.xlsx,TEBES,ARISTO,PASSER,MUJER INVIERNO,820,MEMORY FOAM,35 - 42,6490,,,,,,,85
ARISTO TEBES INVIERNO 2026.xlsx,TEBES,ARISTO,PASSER,MUJER INVIERNO,824,NEGRO,35 - 40,12990,,,,,,,89
ARISTO TEBES INVIERNO 2026.xlsx,TEBES,ARISTO,PASSER,MUJER INVIERNO,824,CARAMELO,35 - 40,12990,,,,,,,89
ARISTO TEBES INVIERNO 2026.xlsx,TEBES,ARISTO,PASSER,MUJER INVIERNO,826,NEGRO,35 - 40,8290,,,,,,,93
ARISTO TEBES INVIERNO 2026.xlsx,TEBES,ARISTO,PASSER,MUJER INVIERNO,826,CARAMELO,35 - 40,8290,,,,,,,93
ARISTO TEBES INVIERNO 2026.xlsx,TEBES,ARISTO,PASSER,MUJER INVIERNO,834,NEGRO,35 - 40,7990,,,,,,,97
ARISTO TEBES INVIERNO 2026.xlsx,TEBES,ARISTO,PASSER,MUJER INVIERNO,843,NEGRO,36 - 41,8490,,,,,,,101
ARISTO TEBES INVIERNO 2026.xlsx,TEBES,ARISTO,PASSER,MUJER INVIERNO,843,CARAMELO,36 - 41,8490,,,,,,,101
ARISTO TEBES INVIERNO 2026.xlsx,TEBES,ARISTO,PASSER,MUJER INVIERNO,5142,NEGRO,35 - 40,12990,,,,,,,105
ARISTO TEBES INVIERNO 2026.xlsx,TEBES,ARISTO,PASSER,MUJER INVIERNO,5142,CAFÉ,35 - 40,12990,,,,,,,105
ARISTO TEBES INVIERNO 2026.xlsx,TEBES,ARISTO,PASSER FOR MEN,HOMBRE INVIERNO,921,NEGRO,39 - 44,8490,,,,,,,111
ARISTO TEBES INVIERNO 2026.xlsx,TEBES,ARISTO,PASSER FOR MEN,HOMBRE INVIERNO,921,CAFÉ,39 - 44,8490,,,,,,,111
ARISTO TEBES INVIERNO 2026.xlsx,TEBES,ARISTO,PASSER FOR MEN,HOMBRE INVIERNO,921,MEMORY FOAM,39 - 44,8490,,,,,,,111
ARISTO TEBES INVIERNO 2026.xlsx,TEBES,ARISTO,PASSER FOR MEN,HOMBRE INVIERNO,923,NEGRO,39 - 46,5990,,,,,,,116
ARISTO TEBES INVIERNO 2026.xlsx,TEBES,ARISTO,PASSER FOR MEN,HOMBRE INVIERNO,923,AZUL,39 - 46,5990,,,,,,,116
ARISTO TEBES INVIERNO 2026.xlsx,TEBES,ARISTO,PASSER FOR MEN,HOMBRE INVIERNO,923,MEMORY FOAM,39 - 46,5990,,,,,,,116
ARISTO TEBES INVIERNO 2026.xlsx,TEBES,ARISTO,PASSER FOR MEN,HOMBRE INVIERNO,926,NEGRO,39 - 46,6490,,,,,,,120
ARISTO TEBES INVIERNO 2026.xlsx,TEBES,ARISTO,PASSER FOR MEN,HOMBRE INVIERNO,926,CAFÉ,39 - 46,6490,,,,,,,120
ARISTO TEBES INVIERNO 2026.xlsx,TEBES,ARISTO,PASSER FOR MEN,HOMBRE INVIERNO,926,MEMORY FOAM,39 - 46,6490,,,,,,,120
ARISTO TEBES INVIERNO 2026.xlsx,TEBES,ARISTO,PASSER FOR MEN,HOMBRE INVIERNO,931,NEGRO,39 - 46,7490,,,,,,,124
ARISTO TEBES INVIERNO 2026.xlsx,TEBES,ARISTO,PASSER FOR MEN,HOMBRE INVIERNO,931,CAQUI,39 - 46,7490,,,,,,,124
BOTAS Y BOTINES NEWWALK INV  19 5  025.xlsx,NV,,NEW WALK,INVIERNO 2025,LRWM-049,BLACK,35 - 40,12990,,,,,,,24
BOTAS Y BOTINES NEWWALK INV  19 5  025.xlsx,NV,,NEW WALK,INVIERNO 2025,FBC256-90,BLACK,35 - 40,12990,,,,,,,33
BOTAS Y BOTINES NEWWALK INV  19 5  025.xlsx,NV,,NEW WALK,INVIERNO 2025,FA4682,BROWN,35 - 40,11990,,,,,,,42
BOTAS Y BOTINES NEWWALK INV  19 5  025.xlsx,NV,,NEW WALK,INVIERNO 2025,FA4682,BLACK,,,,,,,,,43
BOTAS Y BOTINES NEWWALK INV  19 5  025.xlsx,NV,,NEW WALK,INVIERNO 2025,FA5793-90,BLACK,35 - 40,12990,,,,,,,51
BOTAS Y BOTINES NEWWALK INV  19 5  025.xlsx,NV,,NEW WALK,INVIERNO 2025,FHB477,BLACK,35 - 40,11990,,,,,,,60
BOTAS Y BOTINES NEWWALK INV  19 5  025.xlsx,NV,,NEW WALK,INVIERNO 2025,FHB477,BLACK SHINE,,,,,,,,,61
BOTAS Y BOTINES NEWWALK INV  19 5  025.xlsx,NV,,NEW WALK,INVIERNO 2025,FHB582,BLACK,35 - 40,11990,,,,,,,69
BOTAS Y BOTINES NEWWALK INV  19 5  025.xlsx,NV,,NEW WALK,INVIERNO 2025,101701A01,BLACK,35 - 40,11990,,,,,,,78
BOTAS Y BOTINES NEWWALK INV  19 5  025.xlsx,NV,,NEW WALK,INVIERNO 2025,101701A02,,35 - 40,11990,,,,,,,87
BOTAS Y BOTINES NEWWALK INV  19 5  025.xlsx,NV,,NEW WALK,INVIERNO 2025,101701A02,KHAKI,,,,,,,,,88
BOTAS Y BOTINES NEWWALK INV  19 5  025.xlsx,NV,,NEW WALK,INVIERNO 2025,FBC257,BLACK,35 - 40,11990,,,,,,,96
INTERCO TEBES INVIERNO 2026.xlsx,TEBES,INTERCO,BAMBOO,NIÑO,1809,NEGRO,30 - 35,12990,,,15,15,15,,9
INTERCO TEBES INVIERNO 2026.xlsx,TEBES,INTERCO,BAMBOO,NIÑO,1809,BEIGE,30 - 35,12990,,,15,15,15,,9
INTERCO TEBES INVIERNO 2026.xlsx,TEBES,INTERCO,BAMBOO,NIÑO,1816,NEGRO CHAROL,30 - 35,14990,,,15/FACT 191825,15/FACT 191825,15/FACT 191825,191825,13
INTERCO TEBES INVIERNO 2026.xlsx,TEBES,INTERCO,BAMBOO,NIÑO,1816,CIERRE INTERIOR,30 - 35,14990,,,15/FACT 191825,15/FACT 191825,15/FACT 191825,191825,13
INTERCO TEBES INVIERNO 2026.xlsx,TEBES,INTERCO,BAMBOO,NIÑO,1824,NEGRO CHAROL,30 - 35,12990,,,15/FACT 191825,15/FACT 191825,,191825,17
INTERCO TEBES INVIERNO 2026.xlsx,TEBES,INTERCO,BAMBOO,NIÑO,1824,CIERRE INTERIOR,30 - 35,12990,,,15/FACT 191825,15/FACT 191825,,191825,17
INTERCO TEBES INVIERNO 2026.xlsx,TEBES,INTERCO,BAMBOO,NIÑO,2920,BLANCO / NEGRO,26 - 29,10990,,,15 / 15,,,,22
INTERCO TEBES INVIERNO 2026.xlsx,TEBES,INTERCO,BAMBOO,NIÑO,2920,BLANCO/NEGRO,26 - 29,10990,,,15 / 15,,,,22
INTERCO TEBES INVIERNO 2026.xlsx,TEBES,INTERCO,BAMBOO,NIÑO,2920,BLANCO /ROSADO,26 - 29,10990,,,15 / 15,,,,22
INTERCO TEBES INVIERNO 2026.xlsx,TEBES,INTERCO,BAMBOO,NIÑO,2920,BLANCO / ROSADO,26 - 29,10990,,,15 / 15,,,,22
INTERCO TEBES INVIERNO 2026.xlsx,TEBES,INTERCO,UNS,NIÑO,2937,BLANCO / NEGRO,26 - 29,10990,,,15 / 15 / 15 / 15,15 / 15,,,26
INTERCO TEBES INVIERNO 2026.xlsx,TEBES,INTERCO,UNS,NIÑO,2937,BLANCO/NEGRO,26 - 29,10990,,,15 / 15 / 15 / 15,15 / 15,,,26
INTERCO TEBES INVIERNO 2026.xlsx,TEBES,INTERCO,UNS,NIÑO,2937,NEGRO/ROJO,26 - 29,10990,,,15 / 15 / 15 / 15,15 / 15,,,26
INTERCO TEBES INVIERNO 2026.xlsx,TEBES,INTERCO,ALQUIMIA,MUJER,3024,NEGRO,35 - 40,14990,,,,15/fact 192267,,192267,31
INTERCO TEBES INVIERNO 2026.xlsx,TEBES,INTERCO,ALQUIMIA,MUJER,3024,CAFÉ,35 - 40,14990,,,,15/fact 192267,,192267,31
INTERCO TEBES INVIERNO 2026.xlsx,TEBES,INTERCO,ALQUIMIA,MUJER,3048,NEGRO,35 - 40,12990,,,,,,,35
INTERCO TEBES INVIERNO 2026.xlsx,TEBES,INTERCO,ALQUIMIA,MUJER,3097,NEGRO PU,35 - 40,13490,,,,,,,39
INTERCO TEBES INVIERNO 2026.xlsx,TEBES,INTERCO,ALQUIMIA,MUJER,3097,MEMORY FOAM,35 - 40,13490,,,,,,,39
INTERCO TEBES INVIERNO 2026.xlsx,TEBES,INTERCO,ALQUIMIA,MUJER,3101,NEGRO,35 - 40,13490,,,,,,,43
INTERCO TEBES INVIERNO 2026.xlsx,TEBES,INTERCO,ALQUIMIA,MUJER,3128,NEGRO,35 - 40,14990,,,15/fact 192267,,,192267,47
INTERCO TEBES INVIERNO 2026.xlsx,TEBES,INTERCO,ALQUIMIA,MUJER,3138,NEGRO,35 - 40,12990,,,,,,,51
INTERCO TEBES INVIERNO 2026.xlsx,TEBES,INTERCO,ALQUIMIA,MUJER,3138,ELASTICO INTERIROR,35 - 40,12990,,,,,,,51
INTERCO TEBES INVIERNO 2026.xlsx,TEBES,INTERCO,ALQUIMIA,MUJER,3209,NEGRO,35 - 40,13990,,,,,,,55
INTERCO TEBES INVIERNO 2026.xlsx,TEBES,INTERCO,ALQUIMIA,MUJER,3360,NEGRO,35 - 40,13490,,,,,,,59
INTERCO TEBES INVIERNO 2026.xlsx,TEBES,INTERCO,ALQUIMIA,MUJER,3364,NEGRO,35 - 40,12990,,,,,,,63
INTERCO TEBES INVIERNO 2026.xlsx,TEBES,INTERCO,ALQUIMIA,MUJER,4458,NEGRO,35 - 40,19990,,,12/FACT 191823,12/FACT 191823,12/FACT 191823,191823,67
INTERCO TEBES INVIERNO 2026.xlsx,TEBES,INTERCO,ALQUIMIA,MUJER,4473,NEGRO,35 - 40,21990,,,,15,15,,71
INTERCO TEBES INVIERNO 2026.xlsx,TEBES,INTERCO,ALQUIMIA,MUJER,4473,CIERRE INTERIOR,35 - 40,21990,,,,15,15,,71
INTERCO TEBES INVIERNO 2026.xlsx,TEBES,INTERCO,ALQUIMIA,MUJER,4561,NEGRO,35 - 40,18990,,,12/FACT 191823,,,191823,75
INTERCO TEBES INVIERNO 2026.xlsx,TEBES,INTERCO,ALQUIMIA,MUJER,4856,NEGRO,35 - 40,8490,,,,,,,79
INTERCO TEBES INVIERNO 2026.xlsx,TEBES,INTERCO,ALQUIMIA,MUJER,4856,CARAMELO,35 - 40,8490,,,,,,,79
INTERCO TEBES INVIERNO 2026.xlsx,TEBES,INTERCO,ALQUIMIA,MUJER,4861,NEGRO,35 - 40,16990,,,,,,,83
INTERCO TEBES INVIERNO 2026.xlsx,TEBES,INTERCO,ALQUIMIA,MUJER,4872,NEGRO,35 - 40,20990,,,15/fact 192267,,,192267,87
INTERCO TEBES INVIERNO 2026.xlsx,TEBES,INTERCO,ALQUIMIA,MUJER,4872,CAFÉ,35 - 40,20990,,,15/fact 192267,,,192267,87
INTERCO TEBES INVIERNO 2026.xlsx,TEBES,INTERCO,ALQUIMIA,MUJER,5871,NEGRO,35 - 40,18490,,,,,,,91
INTERCO TEBES INVIERNO 2026.xlsx,TEBES,INTERCO,ALQUIMIA,MUJER,5871,TOSTADO,35 - 40,18490,,,,,,,91
INTERCO TEBES INVIERNO 2026.xlsx,TEBES,INTERCO,ALQUIMIA,MUJER,5871,PLANTILLA PANAL,35 - 40,18490,,,,,,,91
INTERCO TEBES INVIERNO 2026.xlsx,TEBES,INTERCO,UNS,MUJER,5878,CARAMELO,35 - 40,19990,,,,,,,95
INTERCO TEBES INVIERNO 2026.xlsx,TEBES,INTERCO,UNS,HOMBRE,9010,NEGRO,39 - 45,11490,,,15/FACT 192502,15/FACT 192502 / 15/FACT 192502,15/FACT 192502,192502,100
INTERCO TEBES INVIERNO 2026.xlsx,TEBES,INTERCO,UNS,HOMBRE,9010,CARAMELO,39 - 45,11490,,,15/FACT 192502,15/FACT 192502 / 15/FACT 192502,15/FACT 192502,192502,100
INTERCO TEBES INVIERNO 2026.xlsx,TEBES,INTERCO,UNS,HOMBRE,9013,NEGRO,28 - 33,10990,,,15/FACT 192502 / 15/FACT 191824 / 15/FACT 192502,15/FACT 191824 / 15/FACT 192502 / 15/FACT 191824 / 15/FACT 192502,15/FACT 191824 / 15/FACT 192502 / 15/FACT 192502 / 15/FACT 191824 / 15/FACT 191824 / 15/FACT 192502,"191824,192502",104
INTERCO TEBES INVIERNO 2026.xlsx,TEBES,INTERCO,UNS,HOMBRE,9013,NEGRO CHAROL,28 - 33,10990,,,15/FACT 192502 / 15/FACT 191824 / 15/FACT 192502,15/FACT 191824 / 15/FACT 192502 / 15/FACT 191824 / 15/FACT 192502,15/FACT 191824 / 15/FACT 192502 / 15/FACT 192502 / 15/FACT 191824 / 15/FACT 191824 / 15/FACT 192502,"191824,192502",104
INTERCO TEBES INVIERNO 2026.xlsx,TEBES,INTERCO,UNISPORT,HOMBRE,9028,NEGRO,39 - 44,11490,,,15/FACT 191824,15/FACT 191824 / 15/FACT 191824,,191824,111
INTERCO TEBES INVIERNO 2026.xlsx,TEBES,INTERCO,UNISPORT,HOMBRE,9028,CAFÉ,39 - 44,11490,,,15/FACT 191824,15/FACT 191824 / 15/FACT 191824,,191824,111
INTERCO TEBES INVIERNO 2026.xlsx,TEBES,INTERCO,UNS,HOMBRE,9751,CAFÉ,40 - 45,16990,,,,,,,115
INTERCO TEBES INVIERNO 2026.xlsx,TEBES,INTERCO,LONDON ADIXT,HOMBRE,9754,AMARILLO,39 - 44,25990,,,15/fact 192801,,,192801,119
INTERCO TEBES INVIERNO 2026.xlsx,TEBES,INTERCO,UNISPORT,HOMBRE,9872,BLANCO,36 - 41,9990,,,15 / 15/FACT 191826,15 / 15/FACT 191826,15 / 15/FACT 191826,191826,123
INTERCO TEBES INVIERNO 2026.xlsx,TEBES,INTERCO,UNISPORT,HOMBRE,9872,NEGRO,36 - 41,9990,,,15 / 15/FACT 191826,15 / 15/FACT 191826,15 / 15/FACT 191826,191826,123
INTERCO TEBES INVIERNO 2026.xlsx,TEBES,INTERCO,UNISPORT,HOMBRE,9876,BLANCO,26 - 29,12990,,,,,,,127
INTERCO TEBES INVIERNO 2026.xlsx,TEBES,INTERCO,UNISPORT,HOMBRE,9876,NEGRO / ROJO,26 - 29,12990,,,,,,,127
INTERCO TEBES INVIERNO 2026.xlsx,TEBES,INTERCO,UNISPORT,HOMBRE,9876,NEGRO / VERDE,26 - 29,12990,,,,,,,127
INTERCO TEBES INVIERNO 2026.xlsx,TEBES,INTERCO,UNISPORT,HOMBRE,9882,NEGRO,,14990,,,,,,,135
INTERCO TEBES INVIERNO 2026.xlsx,TEBES,INTERCO,UNS,HOMBRE,9888,NEGRO,39 - 44,10990,,,15/fact 192800 / 15/fact 192800,15/fact 192800 / 15/fact 192800,,192800,139
INTERCO TEBES INVIERNO 2026.xlsx,TEBES,INTERCO,UNS,HOMBRE,9888,GRIS,39 - 44,10990,,,15/fact 192800 / 15/fact 192800,15/fact 192800 / 15/fact 192800,,192800,139
INTERCO TEBES INVIERNO 2026.xlsx,TEBES,INTERCO,UNS,HOMBRE,9890,BLANCO,39 - 44,11990,,,15 / 15,15 / 15,,,143
INTERCO TEBES INVIERNO 2026.xlsx,TEBES,INTERCO,UNS,HOMBRE,9890,NEGRO,39 - 44,11990,,,15 / 15,15 / 15,,,143
INTERCO TEBES INVIERNO 2026.xlsx,TEBES,INTERCO,UNS,HOMBRE,9890,BLANCO / GRIS,39 - 44,11990,,,15 / 15,15 / 15,,,143
INTERCO TEBES INVIERNO 2026.xlsx,TEBES,INTERCO,UNS,HOMBRE,9890,MEMORY FOAM,39 - 44,11990,,,15 / 15,15 / 15,,,143
INTERCO TEBES INVIERNO 2026.xlsx,TEBES,INTERCO,UNS,HOMBRE,9892,NEGRO,35 - 40,14490,,,15 / 15,15,,,147
INTERCO TEBES INVIERNO 2026.xlsx,TEBES,INTERCO,UNS,HOMBRE,9896,CAFÉ,39 - 44,21990,,,,,,,151
INTERCO TEBES INVIERNO 2026.xlsx,TEBES,INTERCO,UNS,HOMBRE,9911,BLANCO,34 - 40,15990,,,15 / 15,15 / 15,,,155
INTERCO TEBES INVIERNO 2026.xlsx,TEBES,INTERCO,UNS,HOMBRE,9911,NEGRO,34 - 40,15990,,,15 / 15,15 / 15,,,155
INTERCO TEBES INVIERNO 2026.xlsx,TEBES,INTERCO,UNS,HOMBRE,9919,NEGRO,39 - 44,21990,,,210,150,45,,159
INTERCO TEBES INVIERNO 2026.xlsx,TEBES,INTERCO,UNS,HOMBRE,9919,TAUPE,39 - 44,21990,,,210,150,45,,159
LP CONSOLIDADO GILDA TEVEZ  INVIERNO 2026.xlsm,GILDA,GILDA TEVEZ,CHALADA,BOTIN,1-ARMY-50,NEGRO,,24490,49990,12,,,,,6
LP CONSOLIDADO GILDA TEVEZ  INVIERNO 2026.xlsm,GILDA,GILDA TEVEZ,CHALADA,BOTIN,1-ARMY-50,NEGRO,,24490,49990,8,,,,,7
LP CONSOLIDADO GILDA TEVEZ  INVIERNO 2026.xlsm,GILDA,GILDA TEVEZ,CHALADA,BOTIN,1-ARMY-50,NEGRO,,24490,49990,12,,,,,8
LP CONSOLIDADO GILDA TEVEZ  INVIERNO 2026.xlsm,GILDA,GILDA TEVEZ,CHALADA,BOTIN,1-ARMY-50,TOSTADO,,24490,49990,12,,,,,9
LP CONSOLIDADO GILDA TEVEZ  INVIERNO 2026.xlsm,GILDA,GILDA TEVEZ,CHALADA,BOTIN,1-ARMY-50,TOSTADO,,24490,49990,8,,,,,10
LP CONSOLIDADO GILDA TEVEZ  INVIERNO 2026.xlsm,GILDA,GILDA TEVEZ,CHALADA,BOTIN,1-ARMY-50,TOSTADO,,24490,49990,12,,,,,11
LP CONSOLIDADO GILDA TEVEZ  INVIERNO 2026.xlsm,GILDA,GILDA TEVEZ,CHALADA,BOTA,1-ARIZONA-1,V NEGRO,,26490,59990,12,,,,,12
LP CONSOLIDADO GILDA TEVEZ  INVIERNO 2026.xlsm,GILDA,GILDA TEVEZ,CHALADA,BOTA,1-ARIZONA-1,V BURDEO,,26490,59990,12,,,,,13
LP CONSOLIDADO GILDA TEVEZ  INVIERNO 2026.xlsm,GILDA,GILDA TEVEZ,CHALADA,BOTIN,1-BAMBINA-3,BLACK,,19990,49990,12,12/FACT 9731,12/FACT 9731,12/FACT 9731,,14
LP CONSOLIDADO GILDA TEVEZ  INVIERNO 2026.xlsm,GILDA,GILDA TEVEZ,CHALADA,BOTIN,1-BAMBINA-3,BLACK,,19990,49990,12,,,,,15
LP CONSOLIDADO GILDA TEVEZ  INVIERNO 2026.xlsm,GILDA,GILDA TEVEZ,CHALADA,BOTIN,1-BAMBINA-3,BLACK,,19990,49990,12,,,,,16
LP CONSOLIDADO GILDA TEVEZ  INVIERNO 2026.xlsm,GILDA,GILDA TEVEZ,CHALADA,BOTIN,1-BAMBINA-3,N NEGRO,,19990,49990,12,12,12,12,,17
LP CONSOLIDADO GILDA TEVEZ  INVIERNO 2026.xlsm,GILDA,GILDA TEVEZ,CHALADA,BOTIN,1-BAMBINA-3,N NEGRO,,19990,49990,12,,,,,18
LP CONSOLIDADO GILDA TEVEZ  INVIERNO 2026.xlsm,GILDA,GILDA TEVEZ,CHALADA,BOTIN,1-BAMBINA-3,N NEGRO,,19990,49990,8,,,,,19
LP CONSOLIDADO GILDA TEVEZ  INVIERNO 2026.xlsm,GILDA,GILDA TEVEZ,CHALADA,BOTIN,1-BAMBINA-3,BURDEO,,19990,49990,12,,,,,20
LP CONSOLIDADO GILDA TEVEZ  INVIERNO 2026.xlsm,GILDA,GILDA TEVEZ,CHALADA,BOTA,1-BAMBINA-4,BLACK,,24990,59990,12,,,,,21
LP CONSOLIDADO GILDA TEVEZ  INVIERNO 2026.xlsm,GILDA,GILDA TEVEZ,CHALADA,BOTA,1-BAMBINA-4,BLACK,,24990,59990,12,12/fact 10182 23/03/2026,12/fact 10182 23/03/2026,12/fact 10182 23/03/2026,,22
LP CONSOLIDADO GILDA TEVEZ  INVIERNO 2026.xlsm,GILDA,GILDA TEVEZ,CHALADA,BOTA,1-BAMBINA-4,BLACK,,24990,59990,8,,,,,23
LP CONSOLIDADO GILDA TEVEZ  INVIERNO 2026.xlsm,GILDA,GILDA TEVEZ,CHALADA,BOTIN,1-BAMBINA-5,BLACK,,22490,49990,12,,12/FACT 9731,,,24
LP CONSOLIDADO GILDA TEVEZ  INVIERNO 2026.xlsm,GILDA,GILDA TEVEZ,CHALADA,BOTIN,1-BAMBINA-5,BLACK,,22490,49990,12,,,,,25
LP CONSOLIDADO GILDA TEVEZ  INVIERNO 2026.xlsm,GILDA,GILDA TEVEZ,CHALADA,BOTIN,1-BAMBINA-5,BLACK,,22490,49990,8,,,,,26
LP CONSOLIDADO GILDA TEVEZ  INVIERNO 2026.xlsm,GILDA,GILDA TEVEZ,CHALADA,BOTIN,1-BAMBINA-21,NEGRO,,19490,44990,12,,,,,27
LP CONSOLIDADO GILDA TEVEZ  INVIERNO 2026.xlsm,GILDA,GILDA TEVEZ,CHALADA,BOTIN,1-BAMBINA-21,NEGRO,,19490,44990,12,,,,,28
LP CONSOLIDADO GILDA TEVEZ  INVIERNO 2026.xlsm,GILDA,GILDA TEVEZ,CHALADA,BOTIN,1-BAMBINA-21,NEGRO,,19490,44990,8,,,,,29
LP CONSOLIDADO GILDA TEVEZ  INVIERNO 2026.xlsm,GILDA,GILDA TEVEZ,CHALADA,BOTIN,1-BAMBINA-21,TAUPE,,19490,44990,12,,,,,30
LP CONSOLIDADO GILDA TEVEZ  INVIERNO 2026.xlsm,GILDA,GILDA TEVEZ,CHALADA,BOTIN,1-BAMBINA-21,TAUPE,,19490,44990,12,,,,,31
LP CONSOLIDADO GILDA TEVEZ  INVIERNO 2026.xlsm,GILDA,GILDA TEVEZ,CHALADA,BOTIN,1-BAMBINA-21,TAUPE,,19490,44990,8,,,,,32
LP CONSOLIDADO GILDA TEVEZ  INVIERNO 2026.xlsm,GILDA,GILDA TEVEZ,CHALADA,BOTIN,1-BAMBINA-23,NEGRO,,18490,39990,12,,,,,33
LP CONSOLIDADO GILDA TEVEZ  INVIERNO 2026.xlsm,GILDA,GILDA TEVEZ,CHALADA,BOTIN,1-BAMBINA-23,NEGRO,,18490,39990,12,,,,,34
LP CONSOLIDADO GILDA TEVEZ  INVIERNO 2026.xlsm,GILDA,GILDA TEVEZ,CHALADA,BOTIN,1-BAMBINA-23,NEGRO,,18490,39990,8,,,,,35
LP CONSOLIDADO GILDA TEVEZ  INVIERNO 2026.xlsm,GILDA,GILDA TEVEZ,CHALADA,BOTIN,1-BAMBINA-23,C NEGRO,,,,12,,,,,36
LP CONSOLIDADO GILDA TEVEZ  INVIERNO 2026.xlsm,GILDA,GILDA TEVEZ,CHALADA,BOTIN,1-BAMBINA-26,V NEGRO,,21990,49990,12,,,,,37
LP CONSOLIDADO GILDA TEVEZ  INVIERNO 2026.xlsm,GILDA,GILDA TEVEZ,CHALADA,BOTIN,1-BAMBINA-26,V NEGRO,,21990,49990,12,,,,,38
LP CONSOLIDADO GILDA TEVEZ  INVIERNO 2026.xlsm,GILDA,GILDA TEVEZ,CHALADA,BOTIN,1-BAMBINA-26,V NEGRO,,21990,49990,8,,,,,39
LP CONSOLIDADO GILDA TEVEZ  INVIERNO 2026.xlsm,GILDA,GILDA TEVEZ,CHALADA,BOTIN,1-BAMBINA-27,NEGRO,,19990,49990,12,,,,,40
LP CONSOLIDADO GILDA TEVEZ  INVIERNO 2026.xlsm,GILDA,GILDA TEVEZ,CHALADA,BOTIN,1-BAMBINA-27,BURDEO,,19990,49990,12,,,,,41
LP CONSOLIDADO GILDA TEVEZ  INVIERNO 2026.xlsm,GILDA,GILDA TEVEZ,CHALADA,BOTIN,1-BIRY-2,NEGRO,,24990,49990,12,,,,,42
LP CONSOLIDADO GILDA TEVEZ  INVIERNO 2026.xlsm,GILDA,GILDA TEVEZ,CHALADA,BOTIN,1-BIRY-2,TABACO,,24990,49990,12,,,,,43
LP CONSOLIDADO GILDA TEVEZ  INVIERNO 2026.xlsm,GILDA,GILDA TEVEZ,CHALADA,ZAPATILLA,1-BOLDEN-5,NEGRO/NEGRO,,19990,39990,12,,,,,44
LP CONSOLIDADO GILDA TEVEZ  INVIERNO 2026.xlsm,GILDA,GILDA TEVEZ,CHALADA,ZAPATILLA,1-BOLDEN-5,NEGRO/NEGRO,,19990,39990,8,,,,,45
LP CONSOLIDADO GILDA TEVEZ  INVIERNO 2026.xlsm,GILDA,GILDA TEVEZ,CHALADA,ZAPATILLA,1-BOLDEN-5,NEGRO/NEGRO,,19990,39990,12,,,,,46
LP CONSOLIDADO GILDA TEVEZ  INVIERNO 2026.xlsm,GILDA,GILDA TEVEZ,CHALADA,BOTIN,1-ELLA-1,BLACK,,23990,54990,12,,,,,47
LP CONSOLIDADO GILDA TEVEZ  INVIERNO 2026.xlsm,GILDA,GILDA TEVEZ,CHALADA,BOTIN,1-ELLA-1,BLACK,,23990,54990,8,,,,,48
LP CONSOLIDADO GILDA TEVEZ  INVIERNO 2026.xlsm,GILDA,GILDA TEVEZ,CHALADA,BOTA,1-ELLA-11,NEGRO,,32490,69990,12,,,,,49
LP CONSOLIDADO GILDA TEVEZ  INVIERNO 2026.xlsm,GILDA,GILDA TEVEZ,CHALADA,BOTA,1-ELLA-11,NEGRO,,32490,69990,12,,,,,50
LP CONSOLIDADO GILDA TEVEZ  INVIERNO 2026.xlsm,GILDA,GILDA TEVEZ,CHALADA,BOTA,1-ELLA-11,CAFE,,32490,69990,12,,,,,51
LP CONSOLIDADO GILDA TEVEZ  INVIERNO 2026.xlsm,GILDA,GILDA TEVEZ,CHALADA,BOTA,1-ELLA-11,CAFE,,32490,69990,8,,,,,52
LP CONSOLIDADO GILDA TEVEZ  INVIERNO 2026.xlsm,GILDA,GILDA TEVEZ,CHALADA,BOTIN,1-ELLA-15,NEGRO,,23990,54990,12,,,,,53
LP CONSOLIDADO GILDA TEVEZ  INVIERNO 2026.xlsm,GILDA,GILDA TEVEZ,CHALADA,BOTIN,1-ELLA-15,NEGRO,,23990,54990,12,,,,,54
LP CONSOLIDADO GILDA TEVEZ  INVIERNO 2026.xlsm,GILDA,GILDA TEVEZ,CHALADA,BOTIN,1-ELLA-17,CAFE,,24990,54990,12,,,,,55
LP CONSOLIDADO GILDA TEVEZ  INVIERNO 2026.xlsm,GILDA,GILDA TEVEZ,CHALADA,BOTIN,1-ELLA-17,CAMEL,,24990,54990,12,,,,,56
LP CONSOLIDADO GILDA TEVEZ  INVIERNO 2026.xlsm,GILDA,GILDA TEVEZ,CHALADA,BOTIN,1-ELLA-19,NEGRO,,24990,54990,12,,,,,57
LP CONSOLIDADO GILDA TEVEZ  INVIERNO 2026.xlsm,GILDA,GILDA TEVEZ,CHALADA,BOTIN,1-ELLA-19,CAFE,,24990,54990,12,,,,,58
LP CONSOLIDADO GILDA TEVEZ  INVIERNO 2026.xlsm,GILDA,GILDA TEVEZ,CHALADA,BOTA,1-ELLA-22,NEGRO,,29990,69990,12,,,,,59
LP CONSOLIDADO GILDA TEVEZ  INVIERNO 2026.xlsm,GILDA,GILDA TEVEZ,CHALADA,BOTA,1-GALLY-1,NEGRO,,27990,59990,12,,,,,60
LP CONSOLIDADO GILDA TEVEZ  INVIERNO 2026.xlsm,GILDA,GILDA TEVEZ,CHALADA,BOTA,1-GALLY-1,NEGRO,,27990,59990,8,,,,,61
LP CONSOLIDADO GILDA TEVEZ  INVIERNO 2026.xlsm,GILDA,GILDA TEVEZ,CHALADA,ZAPATO,1-JORDI-1,V NEGRO,,18490,39990,12,,,12/fact 9795 09/02/2026,,62
LP CONSOLIDADO GILDA TEVEZ  INVIERNO 2026.xlsm,GILDA,GILDA TEVEZ,CHALADA,ZAPATO,1-JORDI-1,V NEGRO,,18490,39990,12,,,,,63
LP CONSOLIDADO GILDA TEVEZ  INVIERNO 2026.xlsm,GILDA,GILDA TEVEZ,CHALADA,ZAPATO,1-JORDI-1,CAFE,,18490,39990,12,,,,,64
LP CONSOLIDADO GILDA TEVEZ  INVIERNO 2026.xlsm,GILDA,GILDA TEVEZ,CHALADA,ZAPATO,1-JORDI-1,CAFE,,18490,39990,12,,,,,65
LP CONSOLIDADO GILDA TEVEZ  INVIERNO 2026.xlsm,GILDA,GILDA TEVEZ,CHALADA,ZAPATO,1-JORDI-1,CAFE,,18490,39990,8,,,,,66
LP CONSOLIDADO GILDA TEVEZ  INVIERNO 2026.xlsm,GILDA,GILDA TEVEZ,CHALADA,ZAPATO,1-JORDI-2,V NEGRO,,18490,39990,12,,,12/fact 9795 09/02/2026,,67
LP CONSOLIDADO GILDA TEVEZ  INVIERNO 2026.xlsm,GILDA,GILDA TEVEZ,CHALADA,ZAPATO,1-JORDI-2,V NEGRO,,18490,39990,12,,,,,68
LP CONSOLIDADO GILDA TEVEZ  INVIERNO 2026.xlsm,GILDA,GILDA TEVEZ,CHALADA,ZAPATO,1-JORDI-10,V NEGRO,,18490,39990,12,,,,,69
LP CONSOLIDADO GILDA TEVEZ  INVIERNO 2026.xlsm,GILDA,GILDA TEVEZ,CHALADA,ZAPATO,1-JORDI-10,V BURDEO,,18490,39990,12,,,,,70
LP CONSOLIDADO GILDA TEVEZ  INVIERNO 2026.xlsm,GILDA,GILDA TEVEZ,CHALADA,ZAPATO,1-JORDI-11,V NEGRO,,18490,39990,12,,,,,71
LP CONSOLIDADO GILDA TEVEZ  INVIERNO 2026.xlsm,GILDA,GILDA TEVEZ,CHALADA,ZAPATO,1-JORDI-11,V BURDEO,,18490,39990,12,,,,,72
LP CONSOLIDADO GILDA TEVEZ  INVIERNO 2026.xlsm,GILDA,GILDA TEVEZ,CHALADA,ZAPATO,1-JORDI-14,V NEGRO,,18490,39990,12,,,,,73
LP CONSOLIDADO GILDA TEVEZ  INVIERNO 2026.xlsm,GILDA,GILDA TEVEZ,CHALADA,ZAPATO,1-EVA-1,NEGRO,,22490,44990,12,,,,,74
LP CONSOLIDADO GILDA TEVEZ  INVIERNO 2026.xlsm,GILDA,GILDA TEVEZ,CHALADA,ZAPATO,1-EVA-1,BURDEO,,22490,44990,12,,,,,75
LP CONSOLIDADO GILDA TEVEZ  INVIERNO 2026.xlsm,GILDA,GILDA TEVEZ,CHALADA,BOTIN,1-JORKY-5,V NEGRO,,23990,49990,12,,,,,76
LP CONSOLIDADO GILDA TEVEZ  INVIERNO 2026.xlsm,GILDA,GILDA TEVEZ,CHALADA,BOTIN,1-JORKY-5,V BURDEO,,23990,49990,12,,,,,77
LP CONSOLIDADO GILDA TEVEZ  INVIERNO 2026.xlsm,GILDA,GILDA TEVEZ,CHALADA,BOTIN,1-JORKY-6,CAFE,,24490,49990,12,,,,,78
LP CONSOLIDADO GILDA TEVEZ  INVIERNO 2026.xlsm,GILDA,GILDA TEVEZ,CHALADA,BOTIN,1-JORKY-6,NEGRO,,24490,49990,12,,,,,79
LP CONSOLIDADO GILDA TEVEZ  INVIERNO 2026.xlsm,GILDA,GILDA TEVEZ,CHALADA,BOTIN,1-KREP-1,CAFE,,24990,59990,12,,,,,80
LP CONSOLIDADO GILDA TEVEZ  INVIERNO 2026.xlsm,GILDA,GILDA TEVEZ,CHALADA,BOTIN,1-KREP-1,NEGRO,,24990,59990,12,,,,,81
LP CONSOLIDADO GILDA TEVEZ  INVIERNO 2026.xlsm,GILDA,GILDA TEVEZ,CHALADA,BOTIN,1-KREPIN-1,NEGRO,,24990,59990,12,,,,,82
LP CONSOLIDADO GILDA TEVEZ  INVIERNO 2026.xlsm,GILDA,GILDA TEVEZ,CHALADA,BOTIN,1-KREPIN-1,CAFE,,24990,59990,12,,,,,83
LP CONSOLIDADO GILDA TEVEZ  INVIERNO 2026.xlsm,GILDA,GILDA TEVEZ,CHALADA,BOTIN,1-KREPIN-2,V NEGRO,,24990,59990,12,,,,,84
LP CONSOLIDADO GILDA TEVEZ  INVIERNO 2026.xlsm,GILDA,GILDA TEVEZ,CHALADA,BOTIN,1-KREPIN-2,V BURDEO,,24990,59990,12,,,,,85
LP CONSOLIDADO GILDA TEVEZ  INVIERNO 2026.xlsm,GILDA,GILDA TEVEZ,CHALADA,BOTIN,1-KREPIN-3,V NEGRO,,24990,59990,12,,,,,86
LP CONSOLIDADO GILDA TEVEZ  INVIERNO 2026.xlsm,GILDA,GILDA TEVEZ,CHALADA,BOTIN,1-KREPIN-3,V BURDEO,,24990,59990,12,,,,,87
LP CONSOLIDADO GILDA TEVEZ  INVIERNO 2026.xlsm,GILDA,GILDA TEVEZ,CHALADA,ZAPATO,1-LENNON-1,V NEGRO,,22490,49990,12,,,,,88
LP CONSOLIDADO GILDA TEVEZ  INVIERNO 2026.xlsm,GILDA,GILDA TEVEZ,CHALADA,ZAPATO,1-LENNON-1,V BURDEO,,22490,49990,12,,,,,89
LP CONSOLIDADO GILDA TEVEZ  INVIERNO 2026.xlsm,GILDA,GILDA TEVEZ,CHALADA,ZAPATO,1-LENNON-2,YELLOW,,22490,49990,12,,,,,90
LP CONSOLIDADO GILDA TEVEZ  INVIERNO 2026.xlsm,GILDA,GILDA TEVEZ,CHALADA,ZAPATO,1-LENNON-2,CAFE,,22490,49990,12,,,,,91
LP CONSOLIDADO GILDA TEVEZ  INVIERNO 2026.xlsm,GILDA,GILDA TEVEZ,CHALADA,ZAPATO,1-LENNON-2,NEGRO,,22490,49990,12,,,,,92
LP CONSOLIDADO GILDA TEVEZ  INVIERNO 2026.xlsm,GILDA,GILDA TEVEZ,CHALADA,BOTA,1-PLATAFORM-7,BLACK,,24990,59990,12,,,,,93
LP CONSOLIDADO GILDA TEVEZ  INVIERNO 2026.xlsm,GILDA,GILDA TEVEZ,CHALADA,BOTA,1-PLATAFORM-7,BLACK,,24990,59990,12,,12/fact 10182 23/03/2026,12/fact 10182 23/03/2026,,94
LP CONSOLIDADO GILDA TEVEZ  INVIERNO 2026.xlsm,GILDA,GILDA TEVEZ,CHALADA,BOTA,1-PLATAFORM-7,BLACK,,24990,59990,8,,,,,95
LP CONSOLIDADO GILDA TEVEZ  INVIERNO 2026.xlsm,GILDA,GILDA TEVEZ,CHALADA,BOTIN,1-PLATAFORM-8,BLACK,,18490,39990,12,,,,,96
LP CONSOLIDADO GILDA TEVEZ  INVIERNO 2026.xlsm,GILDA,GILDA TEVEZ,CHALADA,BOTIN,1-PLATAFORM-8,BLACK,,18490,39990,12,12/FACT 9731,12/FACT 9731,,,97
LP CONSOLIDADO GILDA TEVEZ  INVIERNO 2026.xlsm,GILDA,GILDA TEVEZ,CHALADA,BOTIN,1-PLATAFORM-8,BLACK,,18490,39990,8,,,,,98
LP CONSOLIDADO GILDA TEVEZ  INVIERNO 2026.xlsm,GILDA,GILDA TEVEZ,CHALADA,BOTIN,1-PLATAFORM-8,BLACK,,18490,39990,12,,,,,99
LP CONSOLIDADO GILDA TEVEZ  INVIERNO 2026.xlsm,GILDA,GILDA TEVEZ,CHALADA,BOTIN,1-PLATAFORM12,BLACK,,18490,39990,12,,,,,100
LP CONSOLIDADO GILDA TEVEZ  INVIERNO 2026.xlsm,GILDA,GILDA TEVEZ,CHALADA,BOTIN,1-PLATAFORM12,BLACK,,18490,39990,12,,,,,101
LP CONSOLIDADO GILDA TEVEZ  INVIERNO 2026.xlsm,GILDA,GILDA TEVEZ,CHALADA,BOTIN,1-PLATAFORM12,BLACK,,18490,39990,12,,,,,102
LP CONSOLIDADO GILDA TEVEZ  INVIERNO 2026.xlsm,GILDA,GILDA TEVEZ,CHALADA,BOTA,1-PLATAFORM30,NEGRO,,24990,59990,12,,,12/fact 10182 23/03/2026,,103
LP CONSOLIDADO GILDA TEVEZ  INVIERNO 2026.xlsm,GILDA,GILDA TEVEZ,CHALADA,BOTA,1-PLATAFORM30,NEGRO,,24990,59990,12,,,,,104
LP CONSOLIDADO GILDA TEVEZ  INVIERNO 2026.xlsm,GILDA,GILDA TEVEZ,CHALADA,BOTA,1-PLATAFORM30,NEGRO,,24990,59990,8,,,,,105
LP CONSOLIDADO GILDA TEVEZ  INVIERNO 2026.xlsm,GILDA,GILDA TEVEZ,CHALADA,ZAPATO,1-SELINA-5,PEWTER,,19990,49990,12,,,,,106
LP CONSOLIDADO GILDA TEVEZ  INVIERNO 2026.xlsm,GILDA,GILDA TEVEZ,CHALADA,ZAPATO,1-SELINA-5,PEWTER,,19990,49990,12,,,,,107
LP CONSOLIDADO GILDA TEVEZ  INVIERNO 2026.xlsm,GILDA,GILDA TEVEZ,CHALADA,ZAPATO,1-SELINA-5,PEWTER,,19990,49990,8,,,,,108
LP CONSOLIDADO GILDA TEVEZ  INVIERNO 2026.xlsm,GILDA,GILDA TEVEZ,CHALADA,BOTIN,1-SIMONA-1,NEGRO,,26490,59990,12,,,,,109
LP CONSOLIDADO GILDA TEVEZ  INVIERNO 2026.xlsm,GILDA,GILDA TEVEZ,CHALADA,BOTIN,1-SIMONA-2,NEGRO,,26490,59990,12,,,,,110
LP CONSOLIDADO GILDA TEVEZ  INVIERNO 2026.xlsm,GILDA,GILDA TEVEZ,CHALADA,BOTA,1-SURA-1,BLACK,,24990,59990,12,,,,,111
LP CONSOLIDADO GILDA TEVEZ  INVIERNO 2026.xlsm,GILDA,GILDA TEVEZ,CHALADA,BOTA,1-SURA-1,BLACK,,24990,59990,8,,,,,112
LP CONSOLIDADO GILDA TEVEZ  INVIERNO 2026.xlsm,GILDA,GILDA TEVEZ,CHALADA,BOTA,1-SURA-1,BLACK,,24990,59990,12,,,,,113
LP CONSOLIDADO GILDA TEVEZ  INVIERNO 2026.xlsm,GILDA,GILDA TEVEZ,CHALADA,MOCASIN,1-SLIK-10,V NEGRO,,23990,49990,12,,,,,114
LP CONSOLIDADO GILDA TEVEZ  INVIERNO 2026.xlsm,GILDA,GILDA TEVEZ,CHALADA,MOCASIN,1-SLIK-11,V NEGRO,,23990,49990,12,,,,,115
LP CONSOLIDADO GILDA TEVEZ  INVIERNO 2026.xlsm,GILDA,GILDA TEVEZ,CHALADA,BOTA,1-STUDIO-1,NEGRO,,24490,49990,12,,,,,116
LP CONSOLIDADO GILDA TEVEZ  INVIERNO 2026.xlsm,GILDA,GILDA TEVEZ,CHALADA,BOTA,1-STUDIO-1,MARRON,,24490,49990,12,,,,,117
LP CONSOLIDADO GILDA TEVEZ  INVIERNO 2026.xlsm,GILDA,GILDA TEVEZ,CHALADA,BOTIN,1-TAHOE-1,NEGRO,,24990,49990,12,,,,,118
LP CONSOLIDADO GILDA TEVEZ  INVIERNO 2026.xlsm,GILDA,GILDA TEVEZ,CHALADA,BOTIN,1-TAHOE-1,TAUPE,,24990,49990,12,,,,,119
LP CONSOLIDADO GILDA TEVEZ  INVIERNO 2026.xlsm,GILDA,GILDA TEVEZ,CHALADA,BOTIN,1-TORRI-11,CAMEL,,21990,49990,12,,,,,120
LP CONSOLIDADO GILDA TEVEZ  INVIERNO 2026.xlsm,GILDA,GILDA TEVEZ,CHALADA,BOTIN,1-TORRI-11,CAMEL,,21990,49990,8,,,,,121
LP CONSOLIDADO GILDA TEVEZ  INVIERNO 2026.xlsm,GILDA,GILDA TEVEZ,CHALADA,BOTIN,1-TORRI-11,CAMEL,,21990,49990,12,,,,,122
LP CONSOLIDADO GILDA TEVEZ  INVIERNO 2026.xlsm,GILDA,GILDA TEVEZ,CHALADA,BOTIN,1-TORRI-22,TOSTADO,,23990,49990,12,,,,,123
LP CONSOLIDADO GILDA TEVEZ  INVIERNO 2026.xlsm,GILDA,GILDA TEVEZ,CHALADA,BOTIN,1-TORRI-22,TOSTADO,,23990,49990,8,,,,,124
LP CONSOLIDADO GILDA TEVEZ  INVIERNO 2026.xlsm,GILDA,GILDA TEVEZ,CHALADA,BOTIN,1-TORRI-22,TOSTADO,,23990,49990,8,,,,,125
LP CONSOLIDADO GILDA TEVEZ  INVIERNO 2026.xlsm,GILDA,GILDA TEVEZ,CHALADA,BOTIN,1-TORRI-22,OLIVO,,23990,49990,12,,,,,126
LP CONSOLIDADO GILDA TEVEZ  INVIERNO 2026.xlsm,GILDA,GILDA TEVEZ,CHALADA,BOTIN,1-TORRI-22,OLIVO,,23990,49990,8,,,,,127
LP CONSOLIDADO GILDA TEVEZ  INVIERNO 2026.xlsm,GILDA,GILDA TEVEZ,CHALADA,BOTA,1-TORRI-30,NEGRO,,26990,59990,12,,,,,128
LP CONSOLIDADO GILDA TEVEZ  INVIERNO 2026.xlsm,GILDA,GILDA TEVEZ,CHALADA,BOTA,1-TORRI-30,NEGRO,,26990,59990,8,,,,,129
LP CONSOLIDADO GILDA TEVEZ  INVIERNO 2026.xlsm,GILDA,GILDA TEVEZ,CHALADA,BOTA,1-TORRI-30,CAMEL,,26990,59990,12,,,,,130
LP CONSOLIDADO GILDA TEVEZ  INVIERNO 2026.xlsm,GILDA,GILDA TEVEZ,CHALADA,BOTA,1-TORRI-30,CAMEL,,26990,59990,8,,,,,131
LP CONSOLIDADO GILDA TEVEZ  INVIERNO 2026.xlsm,GILDA,GILDA TEVEZ,CHALADA,ZAPATILLA,1-VITA-2,NEGRO/NEGRO,,12490,29990,12,,,,,132
LP CONSOLIDADO GILDA TEVEZ  INVIERNO 2026.xlsm,GILDA,GILDA TEVEZ,CHALADA,ZAPATILLA,1-VITA-2,NEGRO/NEGRO,,12490,29990,8,,,,,133
LP CONSOLIDADO GILDA TEVEZ  INVIERNO 2026.xlsm,GILDA,GILDA TEVEZ,CHALADA,ZAPATILLA,1-VITA-2,BLANCO,,12490,29990,12,12/FACT 9731,12/FACT 9731,12/FACT 9731,,134
LP CONSOLIDADO GILDA TEVEZ  INVIERNO 2026.xlsm,GILDA,GILDA TEVEZ,CHALADA,ZAPATILLA,1-VITA-2,BLANCO,,12490,29990,8,,,,,135
LP CONSOLIDADO GILDA TEVEZ  INVIERNO 2026.xlsm,GILDA,GILDA TEVEZ,CHALADA,ZAPATILLA,1-VITA-5,NEGRO/NEGRO,,12490,29990,12,12,12,,,136
LP CONSOLIDADO GILDA TEVEZ  INVIERNO 2026.xlsm,GILDA,GILDA TEVEZ,CHALADA,ZAPATILLA,1-VITA-5,NEGRO/NEGRO,,12490,29990,8,,,,,137
LP CONSOLIDADO GILDA TEVEZ  INVIERNO 2026.xlsm,GILDA,GILDA TEVEZ,CHALADA,ZAPATILLA,1-VITA-5,BLANCO,,12490,29990,12,12,12,,,138
LP CONSOLIDADO GILDA TEVEZ  INVIERNO 2026.xlsm,GILDA,GILDA TEVEZ,CHALADA,ZAPATILLA,1-VITA-5,BLANCO,,12490,29990,8,,,,,139
LP CONSOLIDADO GILDA TEVEZ  INVIERNO 2026.xlsm,GILDA,GILDA TEVEZ,CHALADA,ZAPATILLA,1-VITAON-5,NEGRO/NEGRO,,12490,29990,12,12/FACT 9731,12/FACT 9731,12/FACT 9731,,140
LP CONSOLIDADO GILDA TEVEZ  INVIERNO 2026.xlsm,GILDA,GILDA TEVEZ,CHALADA,ZAPATILLA,1-VITAON-5,BLANCO,,12490,29990,12,12/FACT 9731,12/FACT 9731,12/FACT 9731,,141
LP CONSOLIDADO GILDA TEVEZ  INVIERNO 2026.xlsm,GILDA,GILDA TEVEZ,CHALADA,BOTA,1-WEDGE-22,BLACK,,22990,49990,12,,,,,142
LP CONSOLIDADO GILDA TEVEZ  INVIERNO 2026.xlsm,GILDA,GILDA TEVEZ,CHALADA,BOTA,1-WEDGE-22,BLACK,,22990,49990,12,,,,,143
LP CONSOLIDADO GILDA TEVEZ  INVIERNO 2026.xlsm,GILDA,GILDA TEVEZ,CHALADA,BOTA,1-WEDGE-22,BLACK,,22990,49990,12,,,,,144
LP CONSOLIDADO GILDA TEVEZ  INVIERNO 2026.xlsm,GILDA,GILDA TEVEZ,CHALADA,BOTA,1-WEDGE-40,NEGRO,,26490,54990,12,,,,,145
LP CONSOLIDADO GILDA TEVEZ  INVIERNO 2026.xlsm,GILDA,GILDA TEVEZ,CHALADA,BOTA,1-WEDGE-40,NEGRO,,26490,54990,12,,,,,146
LP CONSOLIDADO GILDA TEVEZ  INVIERNO 2026.xlsm,GILDA,GILDA TEVEZ,CHALADA,BOTA,1-WEDGE-40,CAMEL,,26490,54990,12,,,,,147
LP CONSOLIDADO GILDA TEVEZ  INVIERNO 2026.xlsm,GILDA,GILDA TEVEZ,CHALADA,BOTA,1-WEDGE-40,CAMEL,,26490,54990,12,,,,,148
LP CONSOLIDADO GILDA TEVEZ  INVIERNO 2026.xlsm,GILDA,GILDA TEVEZ,CHALADA,BOTIN,1-WEDGE-41,NEGRO,,24490,49990,12,,,,,149
LP CONSOLIDADO GILDA TEVEZ  INVIERNO 2026.xlsm,GILDA,GILDA TEVEZ,CHALADA,BOTIN,1-WEDGE-41,NEGRO,,24490,49990,12,,,,,150
LP CONSOLIDADO GILDA TEVEZ  INVIERNO 2026.xlsm,GILDA,GILDA TEVEZ,CHALADA,BOTIN,1-WEDGE-41,NEGRO,,24490,49990,8,,,,,151
LP CONSOLIDADO GILDA TEVEZ  INVIERNO 2026.xlsm,GILDA,GILDA TEVEZ,CHALADA,BOTIN,1-WEDGE-41,CAMEL,,24490,49990,12,,,,,152
LP CONSOLIDADO GILDA TEVEZ  INVIERNO 2026.xlsm,GILDA,GILDA TEVEZ,CHALADA,BOTIN,1-WEDGE-45,NEGRO,,24490,49990,12,,,,,153
LP CONSOLIDADO GILDA TEVEZ  INVIERNO 2026.xlsm,GILDA,GILDA TEVEZ,CHALADA,BOTIN,1-WEDGE-45,CAFE,,24490,49990,12,,,,,154
LP CONSOLIDADO GILDA TEVEZ  INVIERNO 2026.xlsm,GILDA,GILDA TEVEZ,CHALADA,ZAPATO,5-COBNA-2,BLACK,,17490,39990,12,12/fact 9981 02/03/2026,12/fact 9981 02/03/2026,12/fact 9981 02/03/2026,,155
LP CONSOLIDADO GILDA TEVEZ  INVIERNO 2026.xlsm,GILDA,GILDA TEVEZ,CHALADA,ZAPATO,5-COBNA-2,BLACK,,17490,39990,12,,,,,156
LP CONSOLIDADO GILDA TEVEZ  INVIERNO 2026.xlsm,GILDA,GILDA TEVEZ,CHALADA,ZAPATO,5-COBNA-2,PINK,,17490,39990,12,,12/fact 9981 02/03/2026,12/fact 9981 02/03/2026,,157
LP CONSOLIDADO GILDA TEVEZ  INVIERNO 2026.xlsm,GILDA,GILDA TEVEZ,CHALADA,ZAPATO,5-COBNA-2,PINK,,17490,39990,12,,,,,158
LP CONSOLIDADO GILDA TEVEZ  INVIERNO 2026.xlsm,GILDA,GILDA TEVEZ,CHALADA,ZAPATO,5-COBNA-2,WHITE,,17490,39990,12,12/fact 9981 02/03/2026,12/fact 9981 02/03/2026,12/fact 9981 02/03/2026,,159
LP CONSOLIDADO GILDA TEVEZ  INVIERNO 2026.xlsm,GILDA,GILDA TEVEZ,CHALADA,ZAPATO,5-COBNA-2,WHITE,,17490,39990,12,,,,,160
LP CONSOLIDADO GILDA TEVEZ  INVIERNO 2026.xlsm,GILDA,GILDA TEVEZ,CHALADA,ZAPATO,5-COBNA-6,BLACK,,17490,36990,12,12,12,,,161
LP CONSOLIDADO GILDA TEVEZ  INVIERNO 2026.xlsm,GILDA,GILDA TEVEZ,CHALADA,ZAPATO,5-COBNA-6,BLACK,,17490,36990,12,,,,,162
LP CONSOLIDADO GILDA TEVEZ  INVIERNO 2026.xlsm,GILDA,GILDA TEVEZ,CHALADA,ZAPATO,5-COSIMO-3,BLACK,,17490,36990,12,,,,,163
LP CONSOLIDADO GILDA TEVEZ  INVIERNO 2026.xlsm,GILDA,GILDA TEVEZ,CHALADA,ZAPATO,5-COSIMO-3,BLACK,,17490,36990,12,12,12,12,,164
LP CONSOLIDADO GILDA TEVEZ  INVIERNO 2026.xlsm,GILDA,GILDA TEVEZ,CHALADA,ZAPATO,5-CLORA-4,V BLACK,,14990,34990,12,,,,,165
LP CONSOLIDADO GILDA TEVEZ  INVIERNO 2026.xlsm,GILDA,GILDA TEVEZ,CHALADA,ZAPATO,5-CLORA-4,V BLACK,,14990,34990,12,,,,,166
LP CONSOLIDADO GILDA TEVEZ  INVIERNO 2026.xlsm,GILDA,GILDA TEVEZ,CHALADA,ZAPATO,5-CLORA-4,ROJO,,14990,34990,12,,,,,167
LP CONSOLIDADO GILDA TEVEZ  INVIERNO 2026.xlsm,GILDA,GILDA TEVEZ,CHALADA,ZAPATO,5-DILLY-10,BLACK,,17490,36990,12,,,,,168
LP CONSOLIDADO GILDA TEVEZ  INVIERNO 2026.xlsm,GILDA,GILDA TEVEZ,CHALADA,ZAPATO,5-DILLY-10,BLACK,,17490,36990,12,,,,,169
LP CONSOLIDADO GILDA TEVEZ  INVIERNO 2026.xlsm,GILDA,GILDA TEVEZ,CHALADA,ZAPATO,5-DILLY-10,BLACK,,17490,36990,12,,,,,170
LP CONSOLIDADO GILDA TEVEZ  INVIERNO 2026.xlsm,GILDA,GILDA TEVEZ,CHALADA,ZAPATO,5-DILLY-12,BLACK,,17490,36990,12,,,,,171
LP CONSOLIDADO GILDA TEVEZ  INVIERNO 2026.xlsm,GILDA,GILDA TEVEZ,CHALADA,ZAPATO,5-DILLY-12,BLACK,,17490,36990,12,,,,,172
LP CONSOLIDADO GILDA TEVEZ  INVIERNO 2026.xlsm,GILDA,GILDA TEVEZ,CHALADA,ZAPATO,5-FASHION-71,BLACK,,17490,39990,12,,,,,173
LP CONSOLIDADO GILDA TEVEZ  INVIERNO 2026.xlsm,GILDA,GILDA TEVEZ,CHALADA,ZAPATO,5-FASHION-71,BLACK,,17490,39990,12,12/fact 9927 23/02/2026,12/fact 9927 23/02/2026,12/fact 9927 23/02/2026,,174
LP CONSOLIDADO GILDA TEVEZ  INVIERNO 2026.xlsm,GILDA,GILDA TEVEZ,CHALADA,ZAPATO,5-FASHION-71,BLACK,,17490,39990,12,,,,,175
LP CONSOLIDADO GILDA TEVEZ  INVIERNO 2026.xlsm,GILDA,GILDA TEVEZ,CHALADA,ZAPATO,5-FASHION-71,V BURDEO,,17490,39990,12,,,12/fact 9927 23/02/2026,,176
LP CONSOLIDADO GILDA TEVEZ  INVIERNO 2026.xlsm,GILDA,GILDA TEVEZ,CHALADA,ZAPATO,5-FASHION-71,V BURDEO,,17490,39990,8,,,,,177
LP CONSOLIDADO GILDA TEVEZ  INVIERNO 2026.xlsm,GILDA,GILDA TEVEZ,CHALADA,ZAPATO,5-FASHION-81,V BLACK,,17490,39990,12,12/fact 9927 23/02/2026,,,,178
LP CONSOLIDADO GILDA TEVEZ  INVIERNO 2026.xlsm,GILDA,GILDA TEVEZ,CHALADA,ZAPATO,5-FASHION-81,V BLACK,,17490,39990,12,,,,,179
LP CONSOLIDADO GILDA TEVEZ  INVIERNO 2026.xlsm,GILDA,GILDA TEVEZ,CHALADA,ZAPATO,5-FASHION-81,V BLACK,,17490,39990,8,,,,,180
LP CONSOLIDADO GILDA TEVEZ  INVIERNO 2026.xlsm,GILDA,GILDA TEVEZ,CHALADA,ZAPATO,5-FASHION-81,V BLACK,,17490,39990,8,,,,,181
LP CONSOLIDADO GILDA TEVEZ  INVIERNO 2026.xlsm,GILDA,GILDA TEVEZ,CHALADA,MAFALDA,5-MIU-7,V NEGRO,,12490,29990,12,,,,,182
LP CONSOLIDADO GILDA TEVEZ  INVIERNO 2026.xlsm,GILDA,GILDA TEVEZ,CHALADA,MAFALDA,5-MIU-7,V NEGRO,,12490,29990,8,,,,,183
LP CONSOLIDADO GILDA TEVEZ  INVIERNO 2026.xlsm,GILDA,GILDA TEVEZ,CHALADA,MAFALDA,5-MIU-3,V NEGRO,,12490,29990,12,,,,,184
LP CONSOLIDADO GILDA TEVEZ  INVIERNO 2026.xlsm,GILDA,GILDA TEVEZ,CHALADA,MAFALDA,5-MIU-3,V NEGRO,,12490,29990,8,,,,,185
LP CONSOLIDADO GILDA TEVEZ  INVIERNO 2026.xlsm,GILDA,GILDA TEVEZ,CHALADA,MAFALDA,5-OSLO-96,NEGRO,,12490,29990,12,,,,,186
LP CONSOLIDADO GILDA TEVEZ  INVIERNO 2026.xlsm,GILDA,GILDA TEVEZ,CHALADA,MAFALDA,5-OSLO-96,NEGRO,,12490,29990,8,,,,,187
LP CONSOLIDADO GILDA TEVEZ  INVIERNO 2026.xlsm,GILDA,GILDA TEVEZ,CHALADA,BOTIN,5-PLOS-66,NEGRO,,22990,46990,12,,,,,188
LP CONSOLIDADO GILDA TEVEZ  INVIERNO 2026.xlsm,GILDA,GILDA TEVEZ,CHALADA,BOTIN,5-PLOS-66,NEGRO,,22990,46990,8,,,,,189
LP CONSOLIDADO GILDA TEVEZ  INVIERNO 2026.xlsm,GILDA,GILDA TEVEZ,CHALADA,BOTIN,5-PLOS-66,PEWTER,,22990,46990,12,,,,,190
LP CONSOLIDADO GILDA TEVEZ  INVIERNO 2026.xlsm,GILDA,GILDA TEVEZ,CHALADA,BOTIN,5-PLOS-66,PEWTER,,22990,46990,8,,,,,191
LP CONSOLIDADO GILDA TEVEZ  INVIERNO 2026.xlsm,GILDA,GILDA TEVEZ,CHALADA,BOTA,5-PHANIE-14,NEGRO,,27990,59990,12,,,12,,192
LP CONSOLIDADO GILDA TEVEZ  INVIERNO 2026.xlsm,GILDA,GILDA TEVEZ,CHALADA,BOTA,5-PHANIE-14,NEGRO,,27990,59990,12,,,,,193
LP CONSOLIDADO GILDA TEVEZ  INVIERNO 2026.xlsm,GILDA,GILDA TEVEZ,CHALADA,BOTA,5-PHANIE-14,NEGRO,,27990,59990,8,,,,,194
LP CONSOLIDADO GILDA TEVEZ  INVIERNO 2026.xlsm,GILDA,GILDA TEVEZ,CHALADA,BOTIN,5-PHANIE-15,NEGRO,,19490,39990,12,,,,,195
LP CONSOLIDADO GILDA TEVEZ  INVIERNO 2026.xlsm,GILDA,GILDA TEVEZ,CHALADA,BOTIN,5-PHANIE-15,NEGRO,,19490,39990,8,,,,,196
LP CONSOLIDADO GILDA TEVEZ  INVIERNO 2026.xlsm,GILDA,GILDA TEVEZ,CHALADA,ZAPATO,5-REGENT-2,V BLACK,,14990,34990,12,,,,,197
LP CONSOLIDADO GILDA TEVEZ  INVIERNO 2026.xlsm,GILDA,GILDA TEVEZ,CHALADA,ZAPATO,5-REGENT-2,V BLACK,,14990,34990,8,,,,,198
LP CONSOLIDADO GILDA TEVEZ  INVIERNO 2026.xlsm,GILDA,GILDA TEVEZ,CHALADA,ZAPATO,5-REGGIA-5,NEGRO,,14990,34990,12,,,,,199
LP CONSOLIDADO GILDA TEVEZ  INVIERNO 2026.xlsm,GILDA,GILDA TEVEZ,CHALADA,ZAPATO,5-REGGIA-5,NEGRO,,14990,34990,8,,,,,200
LP CONSOLIDADO GILDA TEVEZ  INVIERNO 2026.xlsm,GILDA,GILDA TEVEZ,CHALADA,ZAPATO,5-REGGIA-5,V NEGRO,,14990,34990,12,,,,,201
LP CONSOLIDADO GILDA TEVEZ  INVIERNO 2026.xlsm,GILDA,GILDA TEVEZ,CHALADA,ZAPATO,5-REGGIA-5,V NEGRO,,14990,34990,8,,,,,202
LP CONSOLIDADO GILDA TEVEZ  INVIERNO 2026.xlsm,GILDA,GILDA TEVEZ,CHALADA,ZAPATO,5-REGGIA-6,V NEGRO,,14990,34990,12,,,,,203
LP CONSOLIDADO GILDA TEVEZ  INVIERNO 2026.xlsm,GILDA,GILDA TEVEZ,CHALADA,ZAPATO,5-REGGIA-6,V NEGRO,,14990,34990,8,,,,,204
LP CONSOLIDADO GILDA TEVEZ  INVIERNO 2026.xlsm,GILDA,GILDA TEVEZ,CHALADA,ZAPATO,7-DANA-2,BLACK,,13490,26990,15,,,,,205
LP CONSOLIDADO GILDA TEVEZ  INVIERNO 2026.xlsm,GILDA,GILDA TEVEZ,CHALADA,ZAPATO,7-DANA-2,BLACK,,13490,26990,15,,,,,206
LP CONSOLIDADO GILDA TEVEZ  INVIERNO 2026.xlsm,GILDA,GILDA TEVEZ,CHALADA,ZAPATO,7-DECO-11,NEGRO,,10990,29990,15,,,,,207
LP CONSOLIDADO GILDA TEVEZ  INVIERNO 2026.xlsm,GILDA,GILDA TEVEZ,CHALADA,ZAPATO,7-DECO-11,AZUL,,10990,29990,15,,,,,208
LP CONSOLIDADO GILDA TEVEZ  INVIERNO 2026.xlsm,GILDA,GILDA TEVEZ,CHALADA,ZAPATO,7-DEZA-3,NEGRO,,13490,34990,15,,,,,209
LP CONSOLIDADO GILDA TEVEZ  INVIERNO 2026.xlsm,GILDA,GILDA TEVEZ,CHALADA,ZAPATO,7-DEZA-3,NEGRO,,13490,34990,8,,,,,210
LP CONSOLIDADO GILDA TEVEZ  INVIERNO 2026.xlsm,GILDA,GILDA TEVEZ,CHALADA,ZAPATO,7-DEZA-3,CAFE,,13490,34990,15,,,,,211
LP CONSOLIDADO GILDA TEVEZ  INVIERNO 2026.xlsm,GILDA,GILDA TEVEZ,CHALADA,ZAPATO,7-DEZA-3,CAFE,,13490,34990,8,,,,,212
LP CONSOLIDADO GILDA TEVEZ  INVIERNO 2026.xlsm,GILDA,GILDA TEVEZ,CHALADA,ZAPATO,7-OSCAR-1,BLACK,,9990,24990,15,,,,,213
LP CONSOLIDADO GILDA TEVEZ  INVIERNO 2026.xlsm,GILDA,GILDA TEVEZ,CHALADA,ZAPATO,7-OSCAR-1,BLACK,,9990,24990,15,,,,,214
LP CONSOLIDADO GILDA TEVEZ  INVIERNO 2026.xlsm,GILDA,GILDA TEVEZ,CHALADA,ZAPATO,7-OSCAR-1,BLACK,,9990,24990,12,,,,,215
LP CONSOLIDADO GILDA TEVEZ  INVIERNO 2026.xlsm,GILDA,GILDA TEVEZ,CHALADA,ZAPATO,7-OSCAR-1,AZUL MARINO,,9990,24990,15,,,,,216
LP CONSOLIDADO GILDA TEVEZ  INVIERNO 2026.xlsm,GILDA,GILDA TEVEZ,CHALADA,ZAPATO,7-OSCAR-1,AZUL MARINO,,9990,24990,12,,,,,217
LP CONSOLIDADO GILDA TEVEZ  INVIERNO 2026.xlsm,GILDA,GILDA TEVEZ,CHALADA,ZAPATO,7-OSCAR-1,CAFE,,9990,24990,15,,,,,218
LP CONSOLIDADO GILDA TEVEZ  INVIERNO 2026.xlsm,GILDA,GILDA TEVEZ,CHALADA,ZAPATO,7-OSCAR-1,CAFE,,9990,24990,8,,,,,219
LP CONSOLIDADO GILDA TEVEZ  INVIERNO 2026.xlsm,GILDA,GILDA TEVEZ,CHALADA,BOTIN,7-ROLO-4,BROWN,,21490,49990,12,,,,,220
LP CONSOLIDADO GILDA TEVEZ  INVIERNO 2026.xlsm,GILDA,GILDA TEVEZ,CHALADA,BOTIN,7-ROLO-4,BROWN,,21490,49990,12,,,,,221
LP CONSOLIDADO GILDA TEVEZ  INVIERNO 2026.xlsm,GILDA,GILDA TEVEZ,CHALADA,BOTIN,7-ROLO-4,BROWN,,21490,49990,12,,,,,222
LP CONSOLIDADO GILDA TEVEZ  INVIERNO 2026.xlsm,GILDA,GILDA TEVEZ,CHALADA,ZAPATO,7-TAP-25,BLACK,,13490,26990,15,,,,,223
LP CONSOLIDADO GILDA TEVEZ  INVIERNO 2026.xlsm,GILDA,GILDA TEVEZ,CHALADA,ZAPATO,7-TAP-25,BLACK,,13490,26990,10,,,,,224
LP CONSOLIDADO GILDA TEVEZ  INVIERNO 2026.xlsm,GILDA,GILDA TEVEZ,CHALADA,ZAPATO,7-TAP-25,BLACK,,13490,26990,8,12,12,,,225
LP CONSOLIDADO GILDA TEVEZ  INVIERNO 2026.xlsm,GILDA,GILDA TEVEZ,CHALADA,ZAPATO,7-TAP-25,V BLACK,,13490,26990,15,,,,,226
LP CONSOLIDADO GILDA TEVEZ  INVIERNO 2026.xlsm,GILDA,GILDA TEVEZ,CHALADA,ZAPATO,7-TAP-25,V BLACK,,13490,26990,8,15/fact 10114 16/03/2026,15/fact 10114 16/03/2026,,,227
LP CONSOLIDADO GILDA TEVEZ  INVIERNO 2026.xlsm,GILDA,GILDA TEVEZ,CHALADA,BOTIN,7-WINDY-2,NEGRO,,15990,39990,15,,,,,228
LP CONSOLIDADO GILDA TEVEZ  INVIERNO 2026.xlsm,GILDA,GILDA TEVEZ,CHALADA,BOTIN,7-WINDY-2,NEGRO,,15990,39990,8,,,,,229
LP CONSOLIDADO GILDA TEVEZ  INVIERNO 2026.xlsm,GILDA,GILDA TEVEZ,CHALADA,BOTIN,8-TANDA-4,BLACK,,16490,39990,12,,,,,230
LP CONSOLIDADO GILDA TEVEZ  INVIERNO 2026.xlsm,GILDA,GILDA TEVEZ,CHALADA,BOTIN,8-TANDA-4,BLACK,,16490,39990,8,,,,,231
LP CONSOLIDADO GILDA TEVEZ  INVIERNO 2026.xlsm,GILDA,GILDA TEVEZ,CHALADA,BOTIN,8-TANDA-4,CAMEL,,16490,39990,12,,,,,232
LP CONSOLIDADO GILDA TEVEZ  INVIERNO 2026.xlsm,GILDA,GILDA TEVEZ,CHALADA,BOTIN,8-TANDA-4,CAMEL,,16490,39990,8,,,,,233
LP CONSOLIDADO GILDA TEVEZ  INVIERNO 2026.xlsm,GILDA,GILDA TEVEZ,CHALADA,BOTA,8-TANDA-5,BLACK,,22490,49990,12,,,,,234
LP CONSOLIDADO GILDA TEVEZ  INVIERNO 2026.xlsm,GILDA,GILDA TEVEZ,CHALADA,BOTA,8-TANDA-5,BLACK,,22490,49990,8,,,,,235
LP CONSOLIDADO GILDA TEVEZ  INVIERNO 2026.xlsm,GILDA,GILDA TEVEZ,CHALADA,BOTA,8-TANDA-5,CAMEL,,22490,49990,12,,,,,236
LP CONSOLIDADO GILDA TEVEZ  INVIERNO 2026.xlsm,GILDA,GILDA TEVEZ,CHALADA,BOTA,8-TANDA-5,CAMEL,,22490,49990,8,,,,,237
LP CONSOLIDADO GILDA TEVEZ  INVIERNO 2026.xlsm,GILDA,GILDA TEVEZ,CHALADA,BOTA,8-TANDA-200,NEGRO,,23990,49990,12,,,,,238
LP CONSOLIDADO GILDA TEVEZ  INVIERNO 2026.xlsm,GILDA,GILDA TEVEZ,CHALADA,BOTA,8-TANDA-200,NEGRO,,23990,49990,8,,,,,239
LP CONSOLIDADO GILDA TEVEZ  INVIERNO 2026.xlsm,GILDA,GILDA TEVEZ,CHALADA,BOTA,9-BRICCA-1,NEGRO,,22490,49990,12,,,,,240
LP CONSOLIDADO GILDA TEVEZ  INVIERNO 2026.xlsm,GILDA,GILDA TEVEZ,CHALADA,BOTA,9-BRICCA-1,NEGRO,,22490,49990,8,,,,,241
LP CONSOLIDADO GILDA TEVEZ  INVIERNO 2026.xlsm,GILDA,GILDA TEVEZ,CHALADA,BOTIN,9-BRICCA-2,NEGRO,,19990,44990,12,,,,,242
LP CONSOLIDADO GILDA TEVEZ  INVIERNO 2026.xlsm,GILDA,GILDA TEVEZ,CHALADA,BOTIN,9-BRICCA-2,NEGRO,,19990,44990,12,,,,,243
LP CONSOLIDADO GILDA TEVEZ  INVIERNO 2026.xlsm,GILDA,GILDA TEVEZ,CHALADA,BOTA,9-CETA-4,BLACK,,23990,59990,12,,,,,244
LP CONSOLIDADO GILDA TEVEZ  INVIERNO 2026.xlsm,GILDA,GILDA TEVEZ,CHALADA,BOTA,9-CETA-4,BLACK,,23990,59990,12,,,,,245
LP CONSOLIDADO GILDA TEVEZ  INVIERNO 2026.xlsm,GILDA,GILDA TEVEZ,CHALADA,BOTA,9-CETA-4,TAN,,23990,59990,12,,,,,246
LP CONSOLIDADO GILDA TEVEZ  INVIERNO 2026.xlsm,GILDA,GILDA TEVEZ,CHALADA,BOTA,9-CETA-4,TAN,,23990,59990,12,,,,,247
LP CONSOLIDADO GILDA TEVEZ  INVIERNO 2026.xlsm,GILDA,GILDA TEVEZ,CHALADA,BOTA,9-CETA-4,TAN,,23990,59990,12,,,,,248
LP CONSOLIDADO GILDA TEVEZ  INVIERNO 2026.xlsm,GILDA,GILDA TEVEZ,CHALADA,BOTIN,9-CETA-17,BLACK,,18490,39990,12,,,,,249
LP CONSOLIDADO GILDA TEVEZ  INVIERNO 2026.xlsm,GILDA,GILDA TEVEZ,CHALADA,BOTIN,9-CETA-17,BLACK,,18490,39990,12,,,,,250
LP CONSOLIDADO GILDA TEVEZ  INVIERNO 2026.xlsm,GILDA,GILDA TEVEZ,CHALADA,BOTIN,9-CETA-20,BLACK,,19990,44990,12,,,,,251
LP CONSOLIDADO GILDA TEVEZ  INVIERNO 2026.xlsm,GILDA,GILDA TEVEZ,CHALADA,BOTIN,9-CETA-20,BLACK,,19990,44990,12,,,,,252
LP CONSOLIDADO GILDA TEVEZ  INVIERNO 2026.xlsm,GILDA,GILDA TEVEZ,CHALADA,BOTA,9-CETA-25,NEGRO,,23990,59990,12,,,,,253
LP CONSOLIDADO GILDA TEVEZ  INVIERNO 2026.xlsm,GILDA,GILDA TEVEZ,CHALADA,BOTA,9-CETA-25,NEGRO,,23990,59990,12,,,,,254
LP CONSOLIDADO GILDA TEVEZ  INVIERNO 2026.xlsm,GILDA,GILDA TEVEZ,CHALADA,BOTIN,9-QUAL-5,NEGRO,,21990,49990,12,,,,,255
LP CONSOLIDADO GILDA TEVEZ  INVIERNO 2026.xlsm,GILDA,GILDA TEVEZ,CHALADA,BOTIN,9-QUAL-5,NEGRO,,21990,49990,8,,,,,256
LP CONSOLIDADO GILDA TEVEZ  INVIERNO 2026.xlsm,GILDA,GILDA TEVEZ,CHALADA,BOTIN,9-QUAL-5,CAFE,,21990,49990,12,,,,,257
LP CONSOLIDADO GILDA TEVEZ  INVIERNO 2026.xlsm,GILDA,GILDA TEVEZ,CHALADA,BOTIN,9-QUAL-5,CAFE,,21990,49990,8,,,,,258
LP CONSOLIDADO GILDA TEVEZ  INVIERNO 2026.xlsm,GILDA,GILDA TEVEZ,CHALADA,BOTA,9-TRINI-2,CAMEL,,23990,59990,12,,,,,259
LP CONSOLIDADO GILDA TEVEZ  INVIERNO 2026.xlsm,GILDA,GILDA TEVEZ,CHALADA,BOTA,9-TRINI-2,CAMEL,,23990,59990,8,,,,,260
LP CONSOLIDADO GILDA TEVEZ  INVIERNO 2026.xlsm,GILDA,GILDA TEVEZ,CHALADA,BOTIN,10-CAT-1,BRONCE,,19990,39990,12,,,,,261
LP CONSOLIDADO GILDA TEVEZ  INVIERNO 2026.xlsm,GILDA,GILDA TEVEZ,CHALADA,ZAPATO,10-FERRI-2,BURDEO,,14990,29990,12,,,,,262
LP CONSOLIDADO GILDA TEVEZ  INVIERNO 2026.xlsm,GILDA,GILDA TEVEZ,CHALADA,ZAPATILLA,10-OHANA-1,CAFE,,17490,34990,12,,,,,263
LP CONSOLIDADO GILDA TEVEZ  INVIERNO 2026.xlsm,GILDA,GILDA TEVEZ,CHALADA,ZAPATILLA,10-OHANA-1,BEIGE,,17490,34990,12,,,,,264
LP CONSOLIDADO GILDA TEVEZ  INVIERNO 2026.xlsm,GILDA,GILDA TEVEZ,CHALADA,BOTIN,10-PINHEEL-2,NEGRO,,19990,39990,12,,,,,265
LP CONSOLIDADO GILDA TEVEZ  INVIERNO 2026.xlsm,GILDA,GILDA TEVEZ,CHALADA,BOTIN,10-PINHEEL-2,TOSTADO,,19990,39990,12,,,,,266
LP CONSOLIDADO GILDA TEVEZ  INVIERNO 2026.xlsm,GILDA,GILDA TEVEZ,CHALADA,BOTIN,10-YURA-1,BEIGE,,21990,44990,12,,,,,267
LP CONSOLIDADO GILDA TEVEZ  INVIERNO 2026.xlsm,GILDA,GILDA TEVEZ,CHALADA,ZAPATO,11-CORSO-5,NEGRO,,14990,34990,12,,,,,268
LP CONSOLIDADO GILDA TEVEZ  INVIERNO 2026.xlsm,GILDA,GILDA TEVEZ,CHALADA,ZAPATO,11-CORSO-5,NEGRO,,14990,34990,8,,,,,269
LP CONSOLIDADO GILDA TEVEZ  INVIERNO 2026.xlsm,GILDA,GILDA TEVEZ,CHALADA,ZAPATO,11-CORSO-5,NEGRO,,14990,34990,8,,,,,270
LP CONSOLIDADO GILDA TEVEZ  INVIERNO 2026.xlsm,GILDA,GILDA TEVEZ,CHALADA,ZAPATO,11-CORSO-9,V NEGRO,,14990,34990,12,,,,,271
LP CONSOLIDADO GILDA TEVEZ  INVIERNO 2026.xlsm,GILDA,GILDA TEVEZ,CHALADA,ZAPATO,11-CORSO-9,V NEGRO,,14990,34990,8,,,,,272
LP CONSOLIDADO GILDA TEVEZ  INVIERNO 2026.xlsm,GILDA,GILDA TEVEZ,CHALADA,ZAPATO,11-CORSO-9,V NEGRO,,14990,34990,8,,,,,273
LP CONSOLIDADO GILDA TEVEZ  INVIERNO 2026.xlsm,GILDA,GILDA TEVEZ,CHALADA,ZAPATO,11-CORSO-9,CAFE CLARO,,14990,34990,12,,,,,274
LP CONSOLIDADO GILDA TEVEZ  INVIERNO 2026.xlsm,GILDA,GILDA TEVEZ,CHALADA,ZAPATO,11-CORSO-9,CAFE CLARO,,14990,34990,8,,,,,275
LP CONSOLIDADO GILDA TEVEZ  INVIERNO 2026.xlsm,GILDA,GILDA TEVEZ,CHALADA,ZAPATO,11-CORSO-9,CAFE CLARO,,14990,34990,8,,,,,276
LP CONSOLIDADO GILDA TEVEZ  INVIERNO 2026.xlsm,GILDA,GILDA TEVEZ,CHALADA,ZAPATO,11-CETRANO-1,V NEGRO,,16490,39990,12,,,,,277
LP CONSOLIDADO GILDA TEVEZ  INVIERNO 2026.xlsm,GILDA,GILDA TEVEZ,CHALADA,ZAPATO,11-CETRANO-1,V NEGRO,,16490,39990,8,,,,,278
LP CONSOLIDADO GILDA TEVEZ  INVIERNO 2026.xlsm,GILDA,GILDA TEVEZ,CHALADA,ZAPATO,11-CETRANO-1,V BEIGE,,16490,39990,12,,,,,279
LP CONSOLIDADO GILDA TEVEZ  INVIERNO 2026.xlsm,GILDA,GILDA TEVEZ,CHALADA,ZAPATO,11-CETRANO-1,V BEIGE,,16490,39990,8,,,,,280
LP CONSOLIDADO GILDA TEVEZ  INVIERNO 2026.xlsm,GILDA,GILDA TEVEZ,CHALADA,MAFALDA,11-SLAK-1,NEGRO,,13990,29990,12,,,,,281
LP CONSOLIDADO GILDA TEVEZ  INVIERNO 2026.xlsm,GILDA,GILDA TEVEZ,CHALADA,MAFALDA,11-SLAK-1,NEGRO,,13990,29990,8,,,,,282
LP CONSOLIDADO GILDA TEVEZ  INVIERNO 2026.xlsm,GILDA,GILDA TEVEZ,CHALADA,MAFALDA,11-SLAK-1,LEOPARDO,,13990,29990,12,,,,,283
LP CONSOLIDADO GILDA TEVEZ  INVIERNO 2026.xlsm,GILDA,GILDA TEVEZ,CHALADA,MAFALDA,11-SLAK-1,LEOPARDO,,13990,29990,8,,,,,284
LP CONSOLIDADO GILDA TEVEZ  INVIERNO 2026.xlsm,GILDA,GILDA TEVEZ,CHALADA,MOCASIN,11-SLEEP-27,V NEGRO,,13990,29990,12,,,,,285
LP CONSOLIDADO GILDA TEVEZ  INVIERNO 2026.xlsm,GILDA,GILDA TEVEZ,CHALADA,MOCASIN,11-SLEEP-27,V NEGRO,,13990,29990,10,,,,,286
LP CONSOLIDADO GILDA TEVEZ  INVIERNO 2026.xlsm,GILDA,GILDA TEVEZ,CHALADA,MOCASIN,11-SLEEP-27,V NEGRO,,13990,29990,8,,,,,287
LP CONSOLIDADO GILDA TEVEZ  INVIERNO 2026.xlsm,GILDA,GILDA TEVEZ,CHALADA,MOCASIN,11-SLEEP-27,CAMEL,,13990,29990,12,,,,,288
LP CONSOLIDADO GILDA TEVEZ  INVIERNO 2026.xlsm,GILDA,GILDA TEVEZ,CHALADA,MOCASIN,11-SLEEP-27,CAMEL,,13990,29990,10,,,,,289
LP CONSOLIDADO GILDA TEVEZ  INVIERNO 2026.xlsm,GILDA,GILDA TEVEZ,CHALADA,MOCASIN,11-SLEEP-27,CAMEL,,13990,29990,8,,,,,290
LP CONSOLIDADO GILDA TEVEZ  INVIERNO 2026.xlsm,GILDA,GILDA TEVEZ,CHALADA,MOCASIN,11-SLEEP-30,NEGRO,,13990,29990,12,,,,,291
LP CONSOLIDADO GILDA TEVEZ  INVIERNO 2026.xlsm,GILDA,GILDA TEVEZ,CHALADA,MOCASIN,11-SLEEP-30,NEGRO,,13990,29990,8,,,,,292
LP CONSOLIDADO GILDA TEVEZ  INVIERNO 2026.xlsm,GILDA,GILDA TEVEZ,CHALADA,MOCASIN,11-SLEEP-30,CAFE,,13990,29990,12,,,,,293
LP CONSOLIDADO GILDA TEVEZ  INVIERNO 2026.xlsm,GILDA,GILDA TEVEZ,CHALADA,MOCASIN,11-SLEEP-30,CAFE,,13990,29990,8,,,,,294
LP CONSOLIDADO GILDA TEVEZ  INVIERNO 2026.xlsm,GILDA,GILDA TEVEZ,CHALADA,MAFALDA,11-SLIK-2,V NEGRO,,16490,39990,12,,,,,295
LP CONSOLIDADO GILDA TEVEZ  INVIERNO 2026.xlsm,GILDA,GILDA TEVEZ,CHALADA,MAFALDA,11-SLIK-2,V NEGRO,,16490,39990,8,,,,,296
LP CONSOLIDADO GILDA TEVEZ  INVIERNO 2026.xlsm,GILDA,GILDA TEVEZ,CHALADA,MAFALDA,11-SLIK-2,V BURDEO,,16490,39990,12,,,,,297
LP CONSOLIDADO GILDA TEVEZ  INVIERNO 2026.xlsm,GILDA,GILDA TEVEZ,CHALADA,MAFALDA,11-SLIK-2,V BURDEO,,16490,39990,8,,,,,298
LP CONSOLIDADO GILDA TEVEZ  INVIERNO 2026.xlsm,GILDA,GILDA TEVEZ,CHALADA,ZAPATO,12-CAROL-1,V NEGRO,,14990,34990,12,,,,,299
LP CONSOLIDADO GILDA TEVEZ  INVIERNO 2026.xlsm,GILDA,GILDA TEVEZ,CHALADA,ZAPATO,12-CAROL-1,V NEGRO,,14990,34990,12,,,,,300
LP CONSOLIDADO GILDA TEVEZ  INVIERNO 2026.xlsm,GILDA,GILDA TEVEZ,CHALADA,ZAPATO,12-CAROL-1,V NEGRO,,14990,34990,8,,,,,301
LP CONSOLIDADO GILDA TEVEZ  INVIERNO 2026.xlsm,GILDA,GILDA TEVEZ,CHALADA,ZAPATO,12-CAROL-5,V NEGRO,,13990,34990,12,,,,,302
LP CONSOLIDADO GILDA TEVEZ  INVIERNO 2026.xlsm,GILDA,GILDA TEVEZ,CHALADA,ZAPATO,12-CAROL-5,V NEGRO,,13990,34990,8,,,,,303
LP CONSOLIDADO GILDA TEVEZ  INVIERNO 2026.xlsm,GILDA,GILDA TEVEZ,CHALADA,ZAPATO,12-COLES-1,BLACK,,13490,34990,12,12/fact 9907 23/02/2026,12/fact 9907 23/02/2026,12/fact 9907 23/02/2026,,304
LP CONSOLIDADO GILDA TEVEZ  INVIERNO 2026.xlsm,GILDA,GILDA TEVEZ,CHALADA,ZAPATO,12-COLES-1,BLACK,,13490,34990,12,,,,,305
LP CONSOLIDADO GILDA TEVEZ  INVIERNO 2026.xlsm,GILDA,GILDA TEVEZ,CHALADA,ZAPATO,12-COLES-1,BLACK,,13490,34990,0,,,,,306
LP CONSOLIDADO GILDA TEVEZ  INVIERNO 2026.xlsm,GILDA,GILDA TEVEZ,CHALADA,ZAPATO,12-COLES-1,N NEGRO,,13490,34990,12,,,,,307
LP CONSOLIDADO GILDA TEVEZ  INVIERNO 2026.xlsm,GILDA,GILDA TEVEZ,CHALADA,ZAPATO,12-COLES-1,N NEGRO,,13490,34990,12,,,,,308
LP CONSOLIDADO GILDA TEVEZ  INVIERNO 2026.xlsm,GILDA,GILDA TEVEZ,CHALADA,ZAPATO,12-COLES-1,N NEGRO,,13490,34990,8,,,,,309
LP CONSOLIDADO GILDA TEVEZ  INVIERNO 2026.xlsm,GILDA,GILDA TEVEZ,CHALADA,ZAPATO,12-COLES-1,NAVY,,13490,34990,12,,,,,310
LP CONSOLIDADO GILDA TEVEZ  INVIERNO 2026.xlsm,GILDA,GILDA TEVEZ,CHALADA,ZAPATO,12-COLES-1,NAVY,,13490,34990,12,,,,,311
LP CONSOLIDADO GILDA TEVEZ  INVIERNO 2026.xlsm,GILDA,GILDA TEVEZ,CHALADA,ZAPATO,12-COLES-1,NAVY,,13490,34990,12,,,,,312
LP CONSOLIDADO GILDA TEVEZ  INVIERNO 2026.xlsm,GILDA,GILDA TEVEZ,CHALADA,ZAPATO,12-COLES-6,NEGRO,,13490,34990,12,,,,,313
LP CONSOLIDADO GILDA TEVEZ  INVIERNO 2026.xlsm,GILDA,GILDA TEVEZ,CHALADA,ZAPATO,12-COLES-6,NEGRO,,13490,34990,8,,,,,314
LP CONSOLIDADO GILDA TEVEZ  INVIERNO 2026.xlsm,GILDA,GILDA TEVEZ,CHALADA,ZAPATO,12-DANA-13,V NEGRO,,13490,29990,12,,,,,315
LP CONSOLIDADO GILDA TEVEZ  INVIERNO 2026.xlsm,GILDA,GILDA TEVEZ,CHALADA,ZAPATO,12-DANA-13,V NEGRO,,13490,29990,8,,,,,316
LP CONSOLIDADO GILDA TEVEZ  INVIERNO 2026.xlsm,GILDA,GILDA TEVEZ,CHALADA,ZAPATO,12-FLEXI-15,BLACK,,13490,34990,12,,,,,317
LP CONSOLIDADO GILDA TEVEZ  INVIERNO 2026.xlsm,GILDA,GILDA TEVEZ,CHALADA,ZAPATO,12-FLEXI-15,BLACK,,13490,34990,12,,,,,318
LP CONSOLIDADO GILDA TEVEZ  INVIERNO 2026.xlsm,GILDA,GILDA TEVEZ,CHALADA,ZAPATO,12-FLEXI-24,BLACK,,13490,29990,12,,,,,319
LP CONSOLIDADO GILDA TEVEZ  INVIERNO 2026.xlsm,GILDA,GILDA TEVEZ,CHALADA,ZAPATO,12-FLEXI-24,BLACK,,13490,29990,12,12/fact 9907 23/02/2026,12/fact 9907 23/02/2026,12/fact 9907 23/02/2026,,320
LP CONSOLIDADO GILDA TEVEZ  INVIERNO 2026.xlsm,GILDA,GILDA TEVEZ,CHALADA,ZAPATO,12-FLEXI-25,V BLACK,,13490,29990,12,,,,,321
LP CONSOLIDADO GILDA TEVEZ  INVIERNO 2026.xlsm,GILDA,GILDA TEVEZ,CHALADA,ZAPATO,12-FLEXI-25,V BLACK,,13490,29990,12,12/fact 9907 23/02/2026,12/fact 9907 23/02/2026,12/fact 9907 23/02/2026,,322
LP CONSOLIDADO GILDA TEVEZ  INVIERNO 2026.xlsm,GILDA,GILDA TEVEZ,CHALADA,ZAPATO,12-FLEXI-27,BLACK,,13490,29990,12,,,,,323
LP CONSOLIDADO GILDA TEVEZ  INVIERNO 2026.xlsm,GILDA,GILDA TEVEZ,CHALADA,ZAPATO,12-FLEXI-27,BLACK,,13490,29990,12,,,,,324
LP CONSOLIDADO GILDA TEVEZ  INVIERNO 2026.xlsm,GILDA,GILDA TEVEZ,CHALADA,ZAPATO,12-FLEXI-27,BLACK,,13490,29990,8,,,,,325
LP CONSOLIDADO GILDA TEVEZ  INVIERNO 2026.xlsm,GILDA,GILDA TEVEZ,CHALADA,ZAPATO,12-FLEXI-27,N NEGRO,,13490,29990,12,,,,,326
LP CONSOLIDADO GILDA TEVEZ  INVIERNO 2026.xlsm,GILDA,GILDA TEVEZ,CHALADA,ZAPATO,12-FLEXI-27,N NEGRO,,13490,29990,12,,,,,327
LP CONSOLIDADO GILDA TEVEZ  INVIERNO 2026.xlsm,GILDA,GILDA TEVEZ,CHALADA,ZAPATO,12-FLEXI-27,N NEGRO,,13490,29990,8,,,,,328
LP CONSOLIDADO GILDA TEVEZ  INVIERNO 2026.xlsm,GILDA,GILDA TEVEZ,CHALADA,ZAPATO,12-FLEXI-42,NEGRO,,13990,34990,12,12/fact 9907 23/02/2026,12/fact 9907 23/02/2026,,,329
LP CONSOLIDADO GILDA TEVEZ  INVIERNO 2026.xlsm,GILDA,GILDA TEVEZ,CHALADA,ZAPATO,12-FLEXI-42,NEGRO,,13990,34990,12,,,,,330
LP CONSOLIDADO GILDA TEVEZ  INVIERNO 2026.xlsm,GILDA,GILDA TEVEZ,CHALADA,ZAPATO,12-FLEXI-42,V BURDEO,,13990,34990,12,,12/fact 9907 23/02/2026,,,331
LP CONSOLIDADO GILDA TEVEZ  INVIERNO 2026.xlsm,GILDA,GILDA TEVEZ,CHALADA,ZAPATO,12-FLEXI-42,V BURDEO,,13990,34990,12,,,,,332
LP CONSOLIDADO GILDA TEVEZ  INVIERNO 2026.xlsm,GILDA,GILDA TEVEZ,CHALADA,ZAPATO,12-FLEXI-42,V BURDEO,,13990,34990,9,,,,,333
LP CONSOLIDADO GILDA TEVEZ  INVIERNO 2026.xlsm,GILDA,GILDA TEVEZ,CHALADA,ZAPATO,12-FLEXI-43,NEGRO,,13990,34990,12,,,,,334
LP CONSOLIDADO GILDA TEVEZ  INVIERNO 2026.xlsm,GILDA,GILDA TEVEZ,CHALADA,ZAPATO,12-FLEXI-43,NEGRO,,13990,34990,12,12/fact 9907 23/02/2026,12/fact 9907 23/02/2026,12/fact 9907 23/02/2026,,335
LP CONSOLIDADO GILDA TEVEZ  INVIERNO 2026.xlsm,GILDA,GILDA TEVEZ,CHALADA,ZAPATO,12-FLEXI-48,NEGRO,,13490,29990,12,,,,,336
LP CONSOLIDADO GILDA TEVEZ  INVIERNO 2026.xlsm,GILDA,GILDA TEVEZ,CHALADA,ZAPATO,12-FLEXI-48,NEGRO,,13490,29990,12,,,,,337
LP CONSOLIDADO GILDA TEVEZ  INVIERNO 2026.xlsm,GILDA,GILDA TEVEZ,CHALADA,ZAPATO,12-FLEXI-48,NEGRO,,13490,29990,8,,,,,338
LP CONSOLIDADO GILDA TEVEZ  INVIERNO 2026.xlsm,GILDA,GILDA TEVEZ,CHALADA,ZAPATO,12-FLEXI-51,V NEGRO,,13490,34990,12,,,,,339
LP CONSOLIDADO GILDA TEVEZ  INVIERNO 2026.xlsm,GILDA,GILDA TEVEZ,CHALADA,ZAPATO,12-FLEXI-51,V NEGRO,,13490,34990,12,,12/fact 9795 09/02/2026,12/fact 9795 09/02/2026,,340
LP CONSOLIDADO GILDA TEVEZ  INVIERNO 2026.xlsm,GILDA,GILDA TEVEZ,CHALADA,ZAPATO,12-FLEXI-51,V NEGRO,,13490,34990,8,,,,,341
LP CONSOLIDADO GILDA TEVEZ  INVIERNO 2026.xlsm,GILDA,GILDA TEVEZ,CHALADA,ZAPATO,12-FLEXI-54,NEGRO,,13990,34990,12,,,,,342
LP CONSOLIDADO GILDA TEVEZ  INVIERNO 2026.xlsm,GILDA,GILDA TEVEZ,CHALADA,ZAPATO,12-FLEXI-54,NEGRO,,13990,34990,12,,,,,343
LP CONSOLIDADO GILDA TEVEZ  INVIERNO 2026.xlsm,GILDA,GILDA TEVEZ,CHALADA,ZAPATO,12-FLEXI-54,NEGRO,,13990,34990,8,,,,,344
LP CONSOLIDADO GILDA TEVEZ  INVIERNO 2026.xlsm,GILDA,GILDA TEVEZ,CHALADA,ZAPATO,12-FLEXI-58,V NEGRO,,13490,34990,12,,,,,345
LP CONSOLIDADO GILDA TEVEZ  INVIERNO 2026.xlsm,GILDA,GILDA TEVEZ,CHALADA,ZAPATO,12-FLEXI-58,V NEGRO,,13490,34990,12,,,,,346
LP CONSOLIDADO GILDA TEVEZ  INVIERNO 2026.xlsm,GILDA,GILDA TEVEZ,CHALADA,ZAPATO,12-FLEXI-58,V NEGRO,,13490,34990,8,,,,,347
LP CONSOLIDADO GILDA TEVEZ  INVIERNO 2026.xlsm,GILDA,GILDA TEVEZ,CHALADA,ZAPATO,12-FLEXIB-60,V NEGRO,,18490,39990,12,,,,,348
LP CONSOLIDADO GILDA TEVEZ  INVIERNO 2026.xlsm,GILDA,GILDA TEVEZ,CHALADA,ZAPATO,12-FLEXIB-60,V NEGRO,,18490,39990,12,,,,,349
LP CONSOLIDADO GILDA TEVEZ  INVIERNO 2026.xlsm,GILDA,GILDA TEVEZ,CHALADA,ZAPATO,12-FLEXIB-60,V NEGRO,,18490,39990,8,,,,,350
LP CONSOLIDADO GILDA TEVEZ  INVIERNO 2026.xlsm,GILDA,GILDA TEVEZ,CHALADA,BOTIN,12-FLEXIB-61,NEGRO,,18490,39990,12,,,,,351
LP CONSOLIDADO GILDA TEVEZ  INVIERNO 2026.xlsm,GILDA,GILDA TEVEZ,CHALADA,BOTIN,12-FLEXIB-61,NEGRO,,18490,39990,12,,,,,352
LP CONSOLIDADO GILDA TEVEZ  INVIERNO 2026.xlsm,GILDA,GILDA TEVEZ,CHALADA,BOTIN,12-FLEXIB-61,NEGRO,,18490,39990,8,,,,,353
LP CONSOLIDADO GILDA TEVEZ  INVIERNO 2026.xlsm,GILDA,GILDA TEVEZ,CHALADA,ZAPATO,12-HOT-70,NEGRO,,14990,29990,12,,12/fact 9795 09/02/2026,12/fact 9795 09/02/2026,,354
LP CONSOLIDADO GILDA TEVEZ  INVIERNO 2026.xlsm,GILDA,GILDA TEVEZ,CHALADA,ZAPATO,12-REBI-3,NEGRO,,16990,39990,12,,,,,355
LP CONSOLIDADO GILDA TEVEZ  INVIERNO 2026.xlsm,GILDA,GILDA TEVEZ,CHALADA,ZAPATO,12-REBI-3,NEGRO,,16990,39990,8,,,,,356
LP CONSOLIDADO GILDA TEVEZ  INVIERNO 2026.xlsm,GILDA,GILDA TEVEZ,FUNWAY,BOTIN,20-NEVADO-2,OLIVA,,19990,39990,12,,,,,357
LP CONSOLIDADO GILDA TEVEZ  INVIERNO 2026.xlsm,GILDA,GILDA TEVEZ,FUNWAY,BOTIN,20-NEVADO-2,OLIVA,,19990,39990,8,,,,,358
LP CONSOLIDADO GILDA TEVEZ  INVIERNO 2026.xlsm,GILDA,GILDA TEVEZ,FUNWAY,ZAPATO/OUTDOOR,20-OVO-1,GRIS,,16990,34990,12,,,,,359
LP CONSOLIDADO GILDA TEVEZ  INVIERNO 2026.xlsm,GILDA,GILDA TEVEZ,FUNWAY,ZAPATO/OUTDOOR,20-OVO-1,GRIS,,16990,34990,8,,,,,360
LP CONSOLIDADO GILDA TEVEZ  INVIERNO 2026.xlsm,GILDA,GILDA TEVEZ,FUNWAY,ZAPATO/OUTDOOR,20-OVO-1,BEIGE,,16990,34990,12,,,,,361
LP CONSOLIDADO GILDA TEVEZ  INVIERNO 2026.xlsm,GILDA,GILDA TEVEZ,FUNWAY,ZAPATO/OUTDOOR,20-OVO-1,BEIGE,,16990,34990,8,,,,,362
LP CONSOLIDADO GILDA TEVEZ  INVIERNO 2026.xlsm,GILDA,GILDA TEVEZ,FUNWAY,BOTIN,20-OVO-2,BEIGE,,17990,39990,12,,,,,363
LP CONSOLIDADO GILDA TEVEZ  INVIERNO 2026.xlsm,GILDA,GILDA TEVEZ,FUNWAY,BOTIN,20-OVO-2,BEIGE,,16990,39990,8,,,,,364
LP CONSOLIDADO GILDA TEVEZ  INVIERNO 2026.xlsm,GILDA,GILDA TEVEZ,FUNWAY,BOTIN,20-POLAR-1,NEGRO,,19990,39990,12,,,,,365
LP CONSOLIDADO GILDA TEVEZ  INVIERNO 2026.xlsm,GILDA,GILDA TEVEZ,FUNWAY,BOTIN,20-POLAR-1,NEGRO,,19990,39990,8,,,,,366
LP CONSOLIDADO GILDA TEVEZ  INVIERNO 2026.xlsm,GILDA,GILDA TEVEZ,FUNWAY,BOTIN,20-PUCLARO-1,NEGRO,,17990,39990,12,,,,,367
LP CONSOLIDADO GILDA TEVEZ  INVIERNO 2026.xlsm,GILDA,GILDA TEVEZ,FUNWAY,BOTIN,20-PUCLARO-1,NEGRO,,17990,39990,8,,,,,368
LP CONSOLIDADO GILDA TEVEZ  INVIERNO 2026.xlsm,GILDA,GILDA TEVEZ,CHALADA,ZAPATILLA,23-BOLKI-2,NEGRO/NEGRO,,13990,34990,15,,,,,369
LP CONSOLIDADO GILDA TEVEZ  INVIERNO 2026.xlsm,GILDA,GILDA TEVEZ,CHALADA,ZAPATILLA,23-JETTIX-2,NEGRO,,14490,34990,12,,,12/F 9685,,370
LP CONSOLIDADO GILDA TEVEZ  INVIERNO 2026.xlsm,GILDA,GILDA TEVEZ,CHALADA,ZAPATILLA,23-JETTIX-2,NEGRO,,14490,34990,8,,,,,371
LP CONSOLIDADO GILDA TEVEZ  INVIERNO 2026.xlsm,GILDA,GILDA TEVEZ,CHALADA,ZAPATILLA,23-JETTIX-2,CAFE,,14490,34990,12,,,12/fact 9795 09/02/2026,,372
LP CONSOLIDADO GILDA TEVEZ  INVIERNO 2026.xlsm,GILDA,GILDA TEVEZ,CHALADA,ZAPATILLA,23-JETTIX-2,CAFE,,14490,34990,8,,,,,373
LP CONSOLIDADO GILDA TEVEZ  INVIERNO 2026.xlsm,GILDA,GILDA TEVEZ,CHALADA,ZAPATILLA,23-JETTIX-3,ORO,,14490,34990,12,,,12,,374
LP CONSOLIDADO GILDA TEVEZ  INVIERNO 2026.xlsm,GILDA,GILDA TEVEZ,CHALADA,ZAPATILLA,23-JETTIX-3,ORO,,14490,34990,12,,,,,375
LP CONSOLIDADO GILDA TEVEZ  INVIERNO 2026.xlsm,GILDA,GILDA TEVEZ,CHALADA,ZAPATILLA,23-JETTIX-3,BLANCO,,14490,34990,12,,,12,,376
LP CONSOLIDADO GILDA TEVEZ  INVIERNO 2026.xlsm,GILDA,GILDA TEVEZ,CHALADA,ZAPATILLA,23-JETTIX-3,BLANCO,,14490,34990,12,,,,,377
LP CONSOLIDADO GILDA TEVEZ  INVIERNO 2026.xlsm,GILDA,GILDA TEVEZ,CHALADA,ZAPATILLA,23-JOGGO-7,BLANCO,,11490,29990,15,,,12/fact 9795 09/02/2026,,378
LP CONSOLIDADO GILDA TEVEZ  INVIERNO 2026.xlsm,GILDA,GILDA TEVEZ,CHALADA,ZAPATILLA,23-JOGGO-7,NEGRO/NEGRO,,11490,29990,15,,,,,379
LP CONSOLIDADO GILDA TEVEZ  INVIERNO 2026.xlsm,GILDA,GILDA TEVEZ,CHALADA,ZAPATILLA,23-JOGGO-8,BLANCO,,11490,27990,15,,,,,380
LP CONSOLIDADO GILDA TEVEZ  INVIERNO 2026.xlsm,GILDA,GILDA TEVEZ,CHALADA,ZAPATILLA,23-JOKER-1,BLANCO,,11490,24990,15,,,,,381
LP CONSOLIDADO GILDA TEVEZ  INVIERNO 2026.xlsm,GILDA,GILDA TEVEZ,CHALADA,ZAPATILLA,23-JOKER-1,BLANCO,,11490,24990,15,,,,,382
LP CONSOLIDADO GILDA TEVEZ  INVIERNO 2026.xlsm,GILDA,GILDA TEVEZ,CHALADA,ZAPATILLA,23-JOKER-3,BLANCO/NEGRO,,11990,29990,15,,,,,383
LP CONSOLIDADO GILDA TEVEZ  INVIERNO 2026.xlsm,GILDA,GILDA TEVEZ,CHALADA,ZAPATILLA,23-JUVE-1,NEGRO/NEGRO,,11490,29990,15,,,,,384
LP CONSOLIDADO GILDA TEVEZ  INVIERNO 2026.xlsm,GILDA,GILDA TEVEZ,CHALADA,ZAPATILLA,23-JUVE-1,NEGRO/NEGRO,,11490,29990,15,,,,,385
LP CONSOLIDADO GILDA TEVEZ  INVIERNO 2026.xlsm,GILDA,GILDA TEVEZ,CHALADA,ZAPATILLA,23-JUVE-1,BLANCO,,11490,29990,15,,,,,386
LP CONSOLIDADO GILDA TEVEZ  INVIERNO 2026.xlsm,GILDA,GILDA TEVEZ,CHALADA,ZAPATILLA,23-ANTULOW-2,BLANCO,,11490,27990,12,,,,,387
LP CONSOLIDADO GILDA TEVEZ  INVIERNO 2026.xlsm,GILDA,GILDA TEVEZ,CHALADA,ZAPATILLA,23-MATRIX-1,BLANCO/PLATA,,13490,34990,15,12,,,,388
LP CONSOLIDADO GILDA TEVEZ  INVIERNO 2026.xlsm,GILDA,GILDA TEVEZ,CHALADA,ZAPATILLA,23-MATRIX-1,BLANCO/PLATA,,13490,34990,15,,,,,389
LP CONSOLIDADO GILDA TEVEZ  INVIERNO 2026.xlsm,GILDA,GILDA TEVEZ,CHALADA,ZAPATILLA,23-METTA-2,WHITE,,11490,24990,15,,,,,390
LP CONSOLIDADO GILDA TEVEZ  INVIERNO 2026.xlsm,GILDA,GILDA TEVEZ,CHALADA,ZAPATILLA,23-METTA-2,WHITE,,11490,24990,12,,,,,391
LP CONSOLIDADO GILDA TEVEZ  INVIERNO 2026.xlsm,GILDA,GILDA TEVEZ,CHALADA,ZAPATILLA,23-METTA-15,NEGRO,,11990,29990,15,,,,,392
LP CONSOLIDADO GILDA TEVEZ  INVIERNO 2026.xlsm,GILDA,GILDA TEVEZ,CHALADA,ZAPATILLA,23-METTA-15,NEGRO,,11990,29990,12,,,,,393
LP CONSOLIDADO GILDA TEVEZ  INVIERNO 2026.xlsm,GILDA,GILDA TEVEZ,CHALADA,ZAPATILLA,23-METTA-15,BEIGE,,11990,29990,15,,,,,394
LP CONSOLIDADO GILDA TEVEZ  INVIERNO 2026.xlsm,GILDA,GILDA TEVEZ,CHALADA,ZAPATILLA,23-METTA-15,BEIGE,,11990,29990,12,,,,,395
LP CONSOLIDADO GILDA TEVEZ  INVIERNO 2026.xlsm,GILDA,GILDA TEVEZ,CHALADA,ZAPATILLA,23-METTA-15,BLANCO,,11990,29990,15,,,,,396
LP CONSOLIDADO GILDA TEVEZ  INVIERNO 2026.xlsm,GILDA,GILDA TEVEZ,CHALADA,ZAPATILLA,23-METTA-15,BLANCO,,11990,29990,12,,,,,397
LP CONSOLIDADO GILDA TEVEZ  INVIERNO 2026.xlsm,GILDA,GILDA TEVEZ,CHALADA,ZAPATILLA,23-MEMPHI-1,NEGRO/NEGRO,,12490,27990,15,,,,,398
LP CONSOLIDADO GILDA TEVEZ  INVIERNO 2026.xlsm,GILDA,GILDA TEVEZ,CHALADA,ZAPATILLA,23-MEMPHI-1,BLANCO,,12490,27990,15,,,,,399
LP CONSOLIDADO GILDA TEVEZ  INVIERNO 2026.xlsm,GILDA,GILDA TEVEZ,CHALADA,ZAPATILLA,23-MEMPHI-2,BLANCO,,12490,27990,15,12/F 9685,12/ FACT 9685,,,400
LP CONSOLIDADO GILDA TEVEZ  INVIERNO 2026.xlsm,GILDA,GILDA TEVEZ,CHALADA,ZAPATILLA,23-MEMPHI-2,BEIGE,,12490,27990,15,,,,,401
LP CONSOLIDADO GILDA TEVEZ  INVIERNO 2026.xlsm,GILDA,GILDA TEVEZ,CHALADA,ZAPATILLA,23-MITSU-1,BLANCO,,12990,34990,15,,,,,402
LP CONSOLIDADO GILDA TEVEZ  INVIERNO 2026.xlsm,GILDA,GILDA TEVEZ,CHALADA,ZAPATILLA,23-MITSU-1,BLANCO,,12990,34990,15,,,,,403
LP CONSOLIDADO GILDA TEVEZ  INVIERNO 2026.xlsm,GILDA,GILDA TEVEZ,CHALADA,ZAPATILLA,23-MITSU-2,BLANCO,,13490,34990,15,12,12,,,404
LP CONSOLIDADO GILDA TEVEZ  INVIERNO 2026.xlsm,GILDA,GILDA TEVEZ,CHALADA,ZAPATILLA,23-MITSU-2,BLANCO,,13490,34990,15,,,,,405
LP CONSOLIDADO GILDA TEVEZ  INVIERNO 2026.xlsm,GILDA,GILDA TEVEZ,CHALADA,ZAPATILLA,23-MITSU-2,BEIGE,,13490,34990,15,12/fact 9795 09/02/2026,12/fact 9795 09/02/2026,,,406
LP CONSOLIDADO GILDA TEVEZ  INVIERNO 2026.xlsm,GILDA,GILDA TEVEZ,CHALADA,ZAPATILLA,23-MITSU-2,BEIGE,,13490,34990,15,,,,,407
LP CONSOLIDADO GILDA TEVEZ  INVIERNO 2026.xlsm,GILDA,GILDA TEVEZ,CHALADA,ZAPATILLA,23-MITSU-3,NEGRO,,12990,34990,15,,,,,408
LP CONSOLIDADO GILDA TEVEZ  INVIERNO 2026.xlsm,GILDA,GILDA TEVEZ,CHALADA,ZAPATILLA,23-MITSU-3,BLANCO,,12990,34990,15,,,,,409
LP CONSOLIDADO GILDA TEVEZ  INVIERNO 2026.xlsm,GILDA,GILDA TEVEZ,CHALADA,ZAPATILLA,23-MITSU-3,BEIGE,,12990,34990,15,,,,,410
LP CONSOLIDADO GILDA TEVEZ  INVIERNO 2026.xlsm,GILDA,GILDA TEVEZ,CHALADA,BOTIN,25-CAMP-15,BLACK,,16490,39990,12,,,,,411
LP CONSOLIDADO GILDA TEVEZ  INVIERNO 2026.xlsm,GILDA,GILDA TEVEZ,CHALADA,BOTIN,25-CAMP-15,BLACK,,16490,39990,12,,,,,412
LP CONSOLIDADO GILDA TEVEZ  INVIERNO 2026.xlsm,GILDA,GILDA TEVEZ,CHALADA,BOTIN,25-CAMP-15,NAVY,,16490,39990,12,,,,,413
LP CONSOLIDADO GILDA TEVEZ  INVIERNO 2026.xlsm,GILDA,GILDA TEVEZ,CHALADA,BOTIN,25-CAMP-15,NAVY,,16490,39990,12,,,,,414
LP CONSOLIDADO GILDA TEVEZ  INVIERNO 2026.xlsm,GILDA,GILDA TEVEZ,CHALADA,BOTIN,25-CAMP-30,BLACK,,17490,39990,12,,,,,415
LP CONSOLIDADO GILDA TEVEZ  INVIERNO 2026.xlsm,GILDA,GILDA TEVEZ,CHALADA,BOTIN,25-CAMP-30,BLACK,,17490,39990,12,,,,,416
LP CONSOLIDADO GILDA TEVEZ  INVIERNO 2026.xlsm,GILDA,GILDA TEVEZ,CHALADA,BOTIN,25-CAMP-30,TAUPE,,17490,39990,12,,,,,417
LP CONSOLIDADO GILDA TEVEZ  INVIERNO 2026.xlsm,GILDA,GILDA TEVEZ,CHALADA,BOTIN,25-CAMP-30,TAUPE,,17490,39990,12,,,,,418
LP CONSOLIDADO GILDA TEVEZ  INVIERNO 2026.xlsm,GILDA,GILDA TEVEZ,CHALADA,BOTIN,25-CAMP-30,TAUPE,,17490,39990,12,,,,,419
LP CONSOLIDADO GILDA TEVEZ  INVIERNO 2026.xlsm,GILDA,GILDA TEVEZ,CHALADA,BOTIN,25-CAMP-31,V BLACK,,17490,39990,12,,,,,420
LP CONSOLIDADO GILDA TEVEZ  INVIERNO 2026.xlsm,GILDA,GILDA TEVEZ,CHALADA,BOTIN,25-CAMP-31,V BLACK,,17490,39990,12,,,,,421
LP CONSOLIDADO GILDA TEVEZ  INVIERNO 2026.xlsm,GILDA,GILDA TEVEZ,CHALADA,BOTIN,25-CAMP-31,V BLACK,,17490,39990,8,,,,,422
LP CONSOLIDADO GILDA TEVEZ  INVIERNO 2026.xlsm,GILDA,GILDA TEVEZ,CHALADA,BOTIN,25-CAMP-31,TOSTADO,,17490,39990,12,,,,,423
LP CONSOLIDADO GILDA TEVEZ  INVIERNO 2026.xlsm,GILDA,GILDA TEVEZ,CHALADA,BOTIN,25-CAMP-31,TOSTADO,,17490,39990,12,,,,,424
LP CONSOLIDADO GILDA TEVEZ  INVIERNO 2026.xlsm,GILDA,GILDA TEVEZ,CHALADA,BOTIN,25-CAMP-31,TOSTADO,,17490,39990,8,,,,,425
LP CONSOLIDADO GILDA TEVEZ  INVIERNO 2026.xlsm,GILDA,GILDA TEVEZ,CHALADA,BOTIN,25-CAMP-31,AZUL,,17490,39990,12,,,,,426
LP CONSOLIDADO GILDA TEVEZ  INVIERNO 2026.xlsm,GILDA,GILDA TEVEZ,CHALADA,BOTIN,25-CAMP-31,AZUL,,17490,39990,12,,,,,427
LP CONSOLIDADO GILDA TEVEZ  INVIERNO 2026.xlsm,GILDA,GILDA TEVEZ,CHALADA,BOTIN,25-CAMP-31,AZUL,,17490,39990,8,,,,,428
LP CONSOLIDADO GILDA TEVEZ  INVIERNO 2026.xlsm,GILDA,GILDA TEVEZ,CHALADA,BOTIN,25-CAMP-38,BLACK,,18490,39990,12,,,,,429
LP CONSOLIDADO GILDA TEVEZ  INVIERNO 2026.xlsm,GILDA,GILDA TEVEZ,CHALADA,BOTIN,25-CAMP-38,BLACK,,18490,39990,12,,,,,430
LP CONSOLIDADO GILDA TEVEZ  INVIERNO 2026.xlsm,GILDA,GILDA TEVEZ,CHALADA,BOTIN,25-CAMP-38,BLACK,,18490,39990,12,,,,,431
LP CONSOLIDADO GILDA TEVEZ  INVIERNO 2026.xlsm,GILDA,GILDA TEVEZ,CHALADA,BOTIN,25-CAMP-50,NEGRO,,18490,39990,12,,,,,432
LP CONSOLIDADO GILDA TEVEZ  INVIERNO 2026.xlsm,GILDA,GILDA TEVEZ,CHALADA,BOTIN,25-CAMP-50,NEGRO,,18490,39990,8,,,,,433
LP CONSOLIDADO GILDA TEVEZ  INVIERNO 2026.xlsm,GILDA,GILDA TEVEZ,CHALADA,BOTIN,25-CAMP-50,CAFE,,18490,39990,12,,,,,434
LP CONSOLIDADO GILDA TEVEZ  INVIERNO 2026.xlsm,GILDA,GILDA TEVEZ,CHALADA,BOTIN,25-CAMP-50,CAFE,,18490,39990,8,,,,,435
LP CONSOLIDADO GILDA TEVEZ  INVIERNO 2026.xlsm,GILDA,GILDA TEVEZ,CHALADA,BOTIN,25-CAMP-51,NEGRO,,19490,39990,12,,,,,436
LP CONSOLIDADO GILDA TEVEZ  INVIERNO 2026.xlsm,GILDA,GILDA TEVEZ,CHALADA,BOTIN,25-CAMP-51,,,19490,39990,12,,,,,437
LP CONSOLIDADO GILDA TEVEZ  INVIERNO 2026.xlsm,GILDA,GILDA TEVEZ,CHALADA,BOTIN,25-CAMP-52,NEGRO,,19490,39990,12,,,,,438
LP CONSOLIDADO GILDA TEVEZ  INVIERNO 2026.xlsm,GILDA,GILDA TEVEZ,CHALADA,BOTIN,25-CAMP-52,BEIGE,,19490,39990,12,,,,,439
LP CONSOLIDADO GILDA TEVEZ  INVIERNO 2026.xlsm,GILDA,GILDA TEVEZ,CHALADA,BOTA,25-CAMP-53,NEGRO,,23990,49990,12,,,,,440
LP CONSOLIDADO GILDA TEVEZ  INVIERNO 2026.xlsm,GILDA,GILDA TEVEZ,CHALADA,BOTA,25-CAMP-53,TOSTADO,,23990,49990,12,,,,,441
LP CONSOLIDADO GILDA TEVEZ  INVIERNO 2026.xlsm,GILDA,GILDA TEVEZ,CHALADA,BOTIN,25-CORSO-1,TOSTADO,,19490,44990,12,,,,,442
LP CONSOLIDADO GILDA TEVEZ  INVIERNO 2026.xlsm,GILDA,GILDA TEVEZ,CHALADA,BOTIN,25-CORSO-1,TOSTADO,,19490,44990,12,,,,,443
LP CONSOLIDADO GILDA TEVEZ  INVIERNO 2026.xlsm,GILDA,GILDA TEVEZ,CHALADA,BOTA,25-MERATI-1,NEGRO,,23990,49990,12,,,,,444
LP CONSOLIDADO GILDA TEVEZ  INVIERNO 2026.xlsm,GILDA,GILDA TEVEZ,CHALADA,BOTA,25-MERATI-1,TAUPE,,23990,49990,12,,,,,445
LP CONSOLIDADO GILDA TEVEZ  INVIERNO 2026.xlsm,GILDA,GILDA TEVEZ,CHALADA,BOTIN,25-SINDY-1,NEGRO,,21990,49990,12,,,,,446
LP CONSOLIDADO GILDA TEVEZ  INVIERNO 2026.xlsm,GILDA,GILDA TEVEZ,CHALADA,BOTIN,25-SINDY-1,NEGRO,,21990,49990,12,,,,,447
LP CONSOLIDADO GILDA TEVEZ  INVIERNO 2026.xlsm,GILDA,GILDA TEVEZ,CHALADA,BOTIN,25-SINDY-1,NEGRO,,21990,49990,10,,,,,448
LP CONSOLIDADO GILDA TEVEZ  INVIERNO 2026.xlsm,GILDA,GILDA TEVEZ,CHALADA,BOTIN,25-SINDY-1,TOSTADO,,21990,49990,12,,,,,449
LP CONSOLIDADO GILDA TEVEZ  INVIERNO 2026.xlsm,GILDA,GILDA TEVEZ,CHALADA,BOTIN,25-SINDY-1,TOSTADO,,21990,49990,12,,,,,450
LP CONSOLIDADO GILDA TEVEZ  INVIERNO 2026.xlsm,GILDA,GILDA TEVEZ,CHALADA,BOTIN,25-SINDY-1,TOSTADO,,21990,49990,10,,,,,451
LP CONSOLIDADO GILDA TEVEZ  INVIERNO 2026.xlsm,GILDA,GILDA TEVEZ,CHALADA,BOTIN,25-SINDY-1,CAFE,,21990,49990,12,,,,,452
LP CONSOLIDADO GILDA TEVEZ  INVIERNO 2026.xlsm,GILDA,GILDA TEVEZ,CHALADA,BOTIN,25-SINDY-6,CAFE,,21990,49990,12,,,,,453
LP CONSOLIDADO GILDA TEVEZ  INVIERNO 2026.xlsm,GILDA,GILDA TEVEZ,CHALADA,BOTIN,25-SINDY-6,NEGRO,,21990,49990,12,,,,,454
LP CONSOLIDADO GILDA TEVEZ  INVIERNO 2026.xlsm,GILDA,GILDA TEVEZ,CHALADA,BOTIN,25-STAR-1,CAFE,,21990,49990,12,,,,,455
LP CONSOLIDADO GILDA TEVEZ  INVIERNO 2026.xlsm,GILDA,GILDA TEVEZ,CHALADA,BOTIN,25-STAR-1,NEGRO,,21990,49990,12,,,,,456
LP CONSOLIDADO GILDA TEVEZ  INVIERNO 2026.xlsm,GILDA,GILDA TEVEZ,CHALADA,BOTIN,25-TADY-2,NEGRO,,21990,49990,12,,,,,457
LP CONSOLIDADO GILDA TEVEZ  INVIERNO 2026.xlsm,GILDA,GILDA TEVEZ,CHALADA,BOTIN,25-TADY-2,NEGRO,,21990,49990,12,,,,,458
LP CONSOLIDADO GILDA TEVEZ  INVIERNO 2026.xlsm,GILDA,GILDA TEVEZ,CHALADA,BOTIN,25-TADY-3,BEIGE,,21990,49990,12,,,,,459
LP CONSOLIDADO GILDA TEVEZ  INVIERNO 2026.xlsm,GILDA,GILDA TEVEZ,CHALADA,BOTIN,25-TADY-3,NEGRO,,21990,49990,12,,,,,460
LP CONSOLIDADO GILDA TEVEZ  INVIERNO 2026.xlsm,GILDA,GILDA TEVEZ,CHALADA,BOTIN,25-TORINO-1,BEIGE,,19990,44990,12,,,,,461
LP CONSOLIDADO GILDA TEVEZ  INVIERNO 2026.xlsm,GILDA,GILDA TEVEZ,CHALADA,BOTIN,25-TORINO-1,NEGRO,,19990,44990,12,,,,,462
LP CONSOLIDADO GILDA TEVEZ  INVIERNO 2026.xlsm,GILDA,GILDA TEVEZ,CHALADA,BOTIN,25-TURIN-1,NEGRO,,19990,44990,12,,,,,463
LP CONSOLIDADO GILDA TEVEZ  INVIERNO 2026.xlsm,GILDA,GILDA TEVEZ,CHALADA,BOTIN,25-TURIN-1,CAMEL,,19990,44990,12,,,,,464
LP CONSOLIDADO GILDA TEVEZ  INVIERNO 2026.xlsm,GILDA,GILDA TEVEZ,CHALADA,BOTIN,25-TRINI-20,TOSTADO,,21990,49990,12,,,,,465
LP CONSOLIDADO GILDA TEVEZ  INVIERNO 2026.xlsm,GILDA,GILDA TEVEZ,CHALADA,BOTIN,25-TRINI-20,TOSTADO,,21990,49990,8,,,,,466
LP CONSOLIDADO GILDA TEVEZ  INVIERNO 2026.xlsm,GILDA,GILDA TEVEZ,CHALADA,BOTIN,25-TROSI-1,NEGRO,,19490,39990,12,,,,,467
LP CONSOLIDADO GILDA TEVEZ  INVIERNO 2026.xlsm,GILDA,GILDA TEVEZ,CHALADA,BOTIN,25-TROSI-1,NEGRO,,19490,39990,8,,,,,468
LP CONSOLIDADO GILDA TEVEZ  INVIERNO 2026.xlsm,GILDA,GILDA TEVEZ,CHALADA,BOTIN,25-TROSI-1,CAFE,,19490,39990,12,,,,,469
LP CONSOLIDADO GILDA TEVEZ  INVIERNO 2026.xlsm,GILDA,GILDA TEVEZ,CHALADA,BOTIN,25-TROSI-1,CAFE,,19490,39990,8,,,,,470
LP CONSOLIDADO GILDA TEVEZ  INVIERNO 2026.xlsm,GILDA,GILDA TEVEZ,CHALADA,BOTIN,25-VARESE-1,NEGRO,,19990,44990,12,,,,,471
LP CONSOLIDADO GILDA TEVEZ  INVIERNO 2026.xlsm,GILDA,GILDA TEVEZ,CHALADA,BOTIN,25-VARESE-1,CAFE,,19990,44990,12,,,,,472
LP CONSOLIDADO GILDA TEVEZ  INVIERNO 2026.xlsm,GILDA,GILDA TEVEZ,CHALADA,BOTIN,25-VARESE-2,TAUPE,,19990,44990,12,,,,,473
LP CONSOLIDADO GILDA TEVEZ  INVIERNO 2026.xlsm,GILDA,GILDA TEVEZ,CHALADA,BOTIN,25-VARESE-2,NEGRO,,19990,44990,12,,,,,474
LP CONSOLIDADO GILDA TEVEZ  INVIERNO 2026.xlsm,GILDA,GILDA TEVEZ,CHALADA,BOTIN,36-BRIKE-1,NEGRO,,19990,44990,12,,,,,475
LP CONSOLIDADO GILDA TEVEZ  INVIERNO 2026.xlsm,GILDA,GILDA TEVEZ,CHALADA,BOTIN,36-BRIKE-1,NEGRO,,19990,44990,8,,,,,476
LP CONSOLIDADO GILDA TEVEZ  INVIERNO 2026.xlsm,GILDA,GILDA TEVEZ,CHALADA,BOTIN,36-BRIKE-1,TOSTADO,,19990,44990,12,,,,,477
LP CONSOLIDADO GILDA TEVEZ  INVIERNO 2026.xlsm,GILDA,GILDA TEVEZ,CHALADA,BOTIN,36-BRIKE-1,TOSTADO,,19990,44990,8,,,,,478
LP CONSOLIDADO GILDA TEVEZ  INVIERNO 2026.xlsm,GILDA,GILDA TEVEZ,CHALADA,BOTIN,36-BRIKE-2,NEGRO,,19990,44990,12,,,,,479
LP CONSOLIDADO GILDA TEVEZ  INVIERNO 2026.xlsm,GILDA,GILDA TEVEZ,CHALADA,BOTIN,36-BRIKE-2,NEGRO,,19990,44990,8,,,,,480
LP CONSOLIDADO GILDA TEVEZ  INVIERNO 2026.xlsm,GILDA,GILDA TEVEZ,CHALADA,BOTIN,36-BRIKE-2,TOSTADO,,19990,44990,12,,,,,481
LP CONSOLIDADO GILDA TEVEZ  INVIERNO 2026.xlsm,GILDA,GILDA TEVEZ,CHALADA,BOTIN,36-BRIKE-2,TOSTADO,,19990,44990,8,,,,,482
LP CONSOLIDADO GILDA TEVEZ  INVIERNO 2026.xlsm,GILDA,GILDA TEVEZ,CHALADA,BOTIN,36-CONFORT-4,BLACK,,13990,34990,15,,,,,483
LP CONSOLIDADO GILDA TEVEZ  INVIERNO 2026.xlsm,GILDA,GILDA TEVEZ,CHALADA,BOTIN,36-CONFORT-4,BLACK,,13990,34990,12,,,,,484
LP CONSOLIDADO GILDA TEVEZ  INVIERNO 2026.xlsm,GILDA,GILDA TEVEZ,CHALADA,BOTIN,36-CONFORT-4,BLACK,,13990,34990,12,,,,,485
LP CONSOLIDADO GILDA TEVEZ  INVIERNO 2026.xlsm,GILDA,GILDA TEVEZ,CHALADA,BOTIN,36-CONFORT-4,BROWN,,13990,26990,15,,,,,486
LP CONSOLIDADO GILDA TEVEZ  INVIERNO 2026.xlsm,GILDA,GILDA TEVEZ,CHALADA,BOTIN,36-CONFORT-4,BROWN,,13990,26990,12,,,,,487
LP CONSOLIDADO GILDA TEVEZ  INVIERNO 2026.xlsm,GILDA,GILDA TEVEZ,CHALADA,BOTIN,36-CURVE-5,NEGRO,,13490,34990,15,,,,,488
LP CONSOLIDADO GILDA TEVEZ  INVIERNO 2026.xlsm,GILDA,GILDA TEVEZ,CHALADA,BOTIN,36-CURVE-5,NEGRO,,13490,34990,8,,,,,489
LP CONSOLIDADO GILDA TEVEZ  INVIERNO 2026.xlsm,GILDA,GILDA TEVEZ,CHALADA,BOTIN,36-CURVE-5,TOSTADO,,13490,34990,15,,,,,490
LP CONSOLIDADO GILDA TEVEZ  INVIERNO 2026.xlsm,GILDA,GILDA TEVEZ,CHALADA,BOTIN,36-CURVE-5,TOSTADO,,13490,34990,8,,,,,491
LP CONSOLIDADO GILDA TEVEZ  INVIERNO 2026.xlsm,GILDA,GILDA TEVEZ,CHALADA,ZAPATILLA,36-DANAY-1,NEGRO,,14990,32990,15,12/fact 9795 09/02/2026,,,,492
LP CONSOLIDADO GILDA TEVEZ  INVIERNO 2026.xlsm,GILDA,GILDA TEVEZ,CHALADA,ZAPATILLA,36-DANAY-1,BEIGE,,14990,32990,15,12/fact 9795 09/02/2026,,,,493
LP CONSOLIDADO GILDA TEVEZ  INVIERNO 2026.xlsm,GILDA,GILDA TEVEZ,CHALADA,BOTIN,36-DIVA-4,NEGRO,,19990,44990,12,,,,,494
LP CONSOLIDADO GILDA TEVEZ  INVIERNO 2026.xlsm,GILDA,GILDA TEVEZ,CHALADA,BOTIN,36-DIVA-4,NEGRO,,19990,44990,8,,,,,495
LP CONSOLIDADO GILDA TEVEZ  INVIERNO 2026.xlsm,GILDA,GILDA TEVEZ,CHALADA,ZAPATILLA,36-GRAKI-3,NEGRO,,14490,29990,15,,,,,496
LP CONSOLIDADO GILDA TEVEZ  INVIERNO 2026.xlsm,GILDA,GILDA TEVEZ,CHALADA,ZAPATILLA,36-GRAKI-3,BEIGE,,14490,29990,15,,,,,497
LP CONSOLIDADO GILDA TEVEZ  INVIERNO 2026.xlsm,GILDA,GILDA TEVEZ,CHALADA,BOTIN,36-GRAMY-1,NEGRO,,15990,34990,15,,,,,498
LP CONSOLIDADO GILDA TEVEZ  INVIERNO 2026.xlsm,GILDA,GILDA TEVEZ,CHALADA,BOTIN,36-GRAMY-1,CAFE,,15990,34990,15,,,,,499
LP CONSOLIDADO GILDA TEVEZ  INVIERNO 2026.xlsm,GILDA,GILDA TEVEZ,CHALADA,ZAPATILLA,36-JOGGO-9,NEGRO,,9990,24990,15,,,,,500
LP CONSOLIDADO GILDA TEVEZ  INVIERNO 2026.xlsm,GILDA,GILDA TEVEZ,CHALADA,ZAPATILLA,36-JOGGO-9,NEGRO,,9990,24990,8,,,,,501
LP CONSOLIDADO GILDA TEVEZ  INVIERNO 2026.xlsm,GILDA,GILDA TEVEZ,CHALADA,ZAPATILLA,36-JOGGO-9,BLANCO,,9990,24990,15,,,,,502
LP CONSOLIDADO GILDA TEVEZ  INVIERNO 2026.xlsm,GILDA,GILDA TEVEZ,CHALADA,ZAPATILLA,36-JOGGO-9,BLANCO,,9990,24990,8,,,,,503
LP CONSOLIDADO GILDA TEVEZ  INVIERNO 2026.xlsm,GILDA,GILDA TEVEZ,CHALADA,BOTIN,36-MATTER-20,NEGRO,,14490,34990,15,,12,12,,504
LP CONSOLIDADO GILDA TEVEZ  INVIERNO 2026.xlsm,GILDA,GILDA TEVEZ,CHALADA,BOTIN,36-MATTER-20,NEGRO,,14490,34990,8,,,,,505
LP CONSOLIDADO GILDA TEVEZ  INVIERNO 2026.xlsm,GILDA,GILDA TEVEZ,CHALADA,BOTIN,36-MONZA-2,NEGRO,,19990,39990,15,,,,,506
LP CONSOLIDADO GILDA TEVEZ  INVIERNO 2026.xlsm,GILDA,GILDA TEVEZ,CHALADA,BOTIN,36-MONZA-2,TOSTADO,,19990,39990,15,,,,,507
LP CONSOLIDADO GILDA TEVEZ  INVIERNO 2026.xlsm,GILDA,GILDA TEVEZ,CHALADA,BOTIN,36-LAICA-1,NEGRO,,14490,34990,12,,,,,508
LP CONSOLIDADO GILDA TEVEZ  INVIERNO 2026.xlsm,GILDA,GILDA TEVEZ,CHALADA,BOTIN,36-LAICA-1,NEGRO,,14490,34990,8,,,,,509
LP CONSOLIDADO GILDA TEVEZ  INVIERNO 2026.xlsm,GILDA,GILDA TEVEZ,CHALADA,BOTIN,36-LAICA-1,BEIGE,,14490,34990,12,,,,,510
LP CONSOLIDADO GILDA TEVEZ  INVIERNO 2026.xlsm,GILDA,GILDA TEVEZ,CHALADA,BOTIN,36-LAICA-1,BEIGE,,14490,34990,8,,,,,511
LP CONSOLIDADO GILDA TEVEZ  INVIERNO 2026.xlsm,GILDA,GILDA TEVEZ,CHALADA,BOTIN,36-LELIA-1,NEGRO,,19490,39990,12,,,,,512
LP CONSOLIDADO GILDA TEVEZ  INVIERNO 2026.xlsm,GILDA,GILDA TEVEZ,CHALADA,BOTIN,36-LELIA-1,NEGRO,,19490,39990,8,,,,,513
LP CONSOLIDADO GILDA TEVEZ  INVIERNO 2026.xlsm,GILDA,GILDA TEVEZ,CHALADA,BOTIN,36-LILI-1,NEGRO,,14490,34990,15,,,,,514
LP CONSOLIDADO GILDA TEVEZ  INVIERNO 2026.xlsm,GILDA,GILDA TEVEZ,CHALADA,BOTIN,36-LILI-1,NEGRO,,14490,34990,8,,,,,515
LP CONSOLIDADO GILDA TEVEZ  INVIERNO 2026.xlsm,GILDA,GILDA TEVEZ,CHALADA,ZAPATILLA,36-ONIX-1,NEGRO,,13490,29990,15,,,,,516
LP CONSOLIDADO GILDA TEVEZ  INVIERNO 2026.xlsm,GILDA,GILDA TEVEZ,CHALADA,ZAPATILLA,36-ONIX-1,NEGRO,,13490,29990,8,,,,,517
LP CONSOLIDADO GILDA TEVEZ  INVIERNO 2026.xlsm,GILDA,GILDA TEVEZ,CHALADA,ZAPATILLA,36-ONIX-1,BRONZE,,13490,29990,15,,,,,518
LP CONSOLIDADO GILDA TEVEZ  INVIERNO 2026.xlsm,GILDA,GILDA TEVEZ,CHALADA,ZAPATILLA,36-ONIX-1,BRONZE,,13490,29990,8,,,,,519
LP CONSOLIDADO GILDA TEVEZ  INVIERNO 2026.xlsm,GILDA,GILDA TEVEZ,CHALADA,BOTIN,36-PUBA-1,BLACK,,13490,29990,15,,,,,520
LP CONSOLIDADO GILDA TEVEZ  INVIERNO 2026.xlsm,GILDA,GILDA TEVEZ,CHALADA,BOTIN,36-PUBA-1,BLACK,,13490,29990,15,,,,,521
LP CONSOLIDADO GILDA TEVEZ  INVIERNO 2026.xlsm,GILDA,GILDA TEVEZ,CHALADA,BOTIN,36-PUBA-1,KAKI,,13490,29990,15,,,,,522
LP CONSOLIDADO GILDA TEVEZ  INVIERNO 2026.xlsm,GILDA,GILDA TEVEZ,CHALADA,BOTIN,36-PUBA-1,KAKI,,13490,29990,15,,,,,523
LP CONSOLIDADO GILDA TEVEZ  INVIERNO 2026.xlsm,GILDA,GILDA TEVEZ,CHALADA,BOTIN,36-QUAL-7,NEGRO,,14990,34990,12,,,,,524
LP CONSOLIDADO GILDA TEVEZ  INVIERNO 2026.xlsm,GILDA,GILDA TEVEZ,CHALADA,BOTIN,36-QUAL-7,NEGRO,,14990,34990,8,,,,,525
LP CONSOLIDADO GILDA TEVEZ  INVIERNO 2026.xlsm,GILDA,GILDA TEVEZ,CHALADA,BOTIN,36-QUAL-7,CAFE,,14990,34990,12,,,,,526
LP CONSOLIDADO GILDA TEVEZ  INVIERNO 2026.xlsm,GILDA,GILDA TEVEZ,CHALADA,BOTIN,36-QUAL-7,CAFE,,14990,34990,8,,,,,527
LP CONSOLIDADO GILDA TEVEZ  INVIERNO 2026.xlsm,GILDA,GILDA TEVEZ,CHALADA,BOTIN,36-QUAL-7,OLIVO,,14990,34990,12,,,,,528
LP CONSOLIDADO GILDA TEVEZ  INVIERNO 2026.xlsm,GILDA,GILDA TEVEZ,CHALADA,BOTIN,36-QUAL-7,OLIVO,,14990,34990,8,,,,,529
LP CONSOLIDADO GILDA TEVEZ  INVIERNO 2026.xlsm,GILDA,GILDA TEVEZ,CHALADA,BOTIN,36-QUAL-8,NEGRO,,15990,39990,12,,,,,530
LP CONSOLIDADO GILDA TEVEZ  INVIERNO 2026.xlsm,GILDA,GILDA TEVEZ,CHALADA,BOTIN,36-QUAL-8,NEGRO,,15990,39990,8,,,,,531
LP CONSOLIDADO GILDA TEVEZ  INVIERNO 2026.xlsm,GILDA,GILDA TEVEZ,CHALADA,BOTIN,36-QUAL-8,CAMEL,,15990,39990,12,,,,,532
LP CONSOLIDADO GILDA TEVEZ  INVIERNO 2026.xlsm,GILDA,GILDA TEVEZ,CHALADA,BOTIN,36-QUAL-8,CAMEL,,15990,39990,8,,,,,533
LP CONSOLIDADO GILDA TEVEZ  INVIERNO 2026.xlsm,GILDA,GILDA TEVEZ,CHALADA,BOTIN,36-QUAL-9,NEGRO,,14990,34990,12,,,,,534
LP CONSOLIDADO GILDA TEVEZ  INVIERNO 2026.xlsm,GILDA,GILDA TEVEZ,CHALADA,BOTIN,36-QUAL-9,CAMEL,,14990,34990,12,,,,,535
LP CONSOLIDADO GILDA TEVEZ  INVIERNO 2026.xlsm,GILDA,GILDA TEVEZ,CHALADA,ZAPATO,36-QUAL-10,NEGRO,,12490,29990,12,,,,,536
LP CONSOLIDADO GILDA TEVEZ  INVIERNO 2026.xlsm,GILDA,GILDA TEVEZ,CHALADA,ZAPATO,36-QUAL-10,CAFE,,12490,29990,12,,,,,537
LP CONSOLIDADO GILDA TEVEZ  INVIERNO 2026.xlsm,GILDA,GILDA TEVEZ,CHALADA,BOTIN,36-QUAL-11,NEGRO,,14990,34990,12,,,,,538
LP CONSOLIDADO GILDA TEVEZ  INVIERNO 2026.xlsm,GILDA,GILDA TEVEZ,CHALADA,BOTIN,36-QUAL-11,AZUL,,14990,34990,12,,,,,539
LP CONSOLIDADO GILDA TEVEZ  INVIERNO 2026.xlsm,GILDA,GILDA TEVEZ,CHALADA,BOTIN,36-QUAL-11,CAFE,,14990,34990,12,,,,,540
LP CONSOLIDADO GILDA TEVEZ  INVIERNO 2026.xlsm,GILDA,GILDA TEVEZ,CHALADA,BOTIN,36-RAYO-2,NEGRO,,13490,29990,15,,,12/fact 9795 09/02/2026,,541
LP CONSOLIDADO GILDA TEVEZ  INVIERNO 2026.xlsm,GILDA,GILDA TEVEZ,CHALADA,BOTIN,36-RAYO-2,NEGRO,,13490,29990,8,,,,,542
LP CONSOLIDADO GILDA TEVEZ  INVIERNO 2026.xlsm,GILDA,GILDA TEVEZ,CHALADA,BOTIN,36-RAYO-3,V NEGRO,,13990,34990,15,,12/fact 9795 09/02/2026,,,543
LP CONSOLIDADO GILDA TEVEZ  INVIERNO 2026.xlsm,GILDA,GILDA TEVEZ,CHALADA,BOTIN,36-RAYO-3,V NEGRO,,13990,34990,8,,,,,544
LP CONSOLIDADO GILDA TEVEZ  INVIERNO 2026.xlsm,GILDA,GILDA TEVEZ,CHALADA,BOTIN,36-TORKE-3,AZUL,,19990,44990,12,,,,,545
LP CONSOLIDADO GILDA TEVEZ  INVIERNO 2026.xlsm,GILDA,GILDA TEVEZ,CHALADA,BOTIN,36-TORKE-3,CAFE,,19990,44990,12,,,,,546
LP CONSOLIDADO GILDA TEVEZ  INVIERNO 2026.xlsm,GILDA,GILDA TEVEZ,CHALADA,BOTIN,36-TORKE-3,OLIVO,,19990,44990,12,,,,,547
LP CONSOLIDADO GILDA TEVEZ  INVIERNO 2026.xlsm,GILDA,GILDA TEVEZ,CHALADA,BOTA,36-TRAFUN-1,NEGRO,,22490,49990,12,,,,,548
LP CONSOLIDADO GILDA TEVEZ  INVIERNO 2026.xlsm,GILDA,GILDA TEVEZ,CHALADA,BOTA,36-TRAFUN-1,CAFE,,22490,49990,12,,,,,549
LP CONSOLIDADO GILDA TEVEZ  INVIERNO 2026.xlsm,GILDA,GILDA TEVEZ,CHALADA,BOTA,36-TRAFFAM-60,NEGRO,,22490,49990,12,,,,,550
LP CONSOLIDADO GILDA TEVEZ  INVIERNO 2026.xlsm,GILDA,GILDA TEVEZ,CHALADA,BOTA,36-TRAFFAM-60,NEGRO,,22490,49990,8,,,,,551
LP CONSOLIDADO GILDA TEVEZ  INVIERNO 2026.xlsm,GILDA,GILDA TEVEZ,CHALADA,BOTA,36-TRAFFAM-60,CAFE,,22490,49990,12,,,,,552
LP CONSOLIDADO GILDA TEVEZ  INVIERNO 2026.xlsm,GILDA,GILDA TEVEZ,CHALADA,BOTA,36-TRAFFAM-60,CAFE,,22490,49990,8,,,,,553
LP CONSOLIDADO GILDA TEVEZ  INVIERNO 2026.xlsm,GILDA,GILDA TEVEZ,CHALADA,BOTA,36-TRAFFA-50,NEGRO,,21990,49990,12,,,,,554
LP CONSOLIDADO GILDA TEVEZ  INVIERNO 2026.xlsm,GILDA,GILDA TEVEZ,CHALADA,BOTA,36-TRAFFA-50,NEGRO,,21990,49990,8,,,,,555
LP CONSOLIDADO GILDA TEVEZ  INVIERNO 2026.xlsm,GILDA,GILDA TEVEZ,CHALADA,BOTIN,36-WINTER-1,BLACK,,14990,34990,15,,,,,556
LP CONSOLIDADO GILDA TEVEZ  INVIERNO 2026.xlsm,GILDA,GILDA TEVEZ,CHALADA,BOTIN,36-WINTER-1,BLACK,,14990,34990,8,,,,,557
LP CONSOLIDADO GILDA TEVEZ  INVIERNO 2026.xlsm,GILDA,GILDA TEVEZ,CHALADA,BOTIN,36-WINTER-1,BROWN,,14990,34990,15,,,,,558
LP CONSOLIDADO GILDA TEVEZ  INVIERNO 2026.xlsm,GILDA,GILDA TEVEZ,CHALADA,BOTIN,36-WINTER-1,BROWN,,14990,34990,8,,,,,559
LP CONSOLIDADO GILDA TEVEZ  INVIERNO 2026.xlsm,GILDA,GILDA TEVEZ,CHALADA,BOTIN,36-WINTER-7,BLACK,,15990,39990,15,,,,,560
LP CONSOLIDADO GILDA TEVEZ  INVIERNO 2026.xlsm,GILDA,GILDA TEVEZ,CHALADA,BOTIN,36-WINTER-7,BLACK,,15990,39990,8,,,,,561
LP CONSOLIDADO GILDA TEVEZ  INVIERNO 2026.xlsm,GILDA,GILDA TEVEZ,CHALADA,ZAPATILLA,37-ANDY-11,NEGRO/MIEL,,11990,29990,15,,,,,562
LP CONSOLIDADO GILDA TEVEZ  INVIERNO 2026.xlsm,GILDA,GILDA TEVEZ,CHALADA,ZAPATILLA,37-ANDY-11,ROJO,,11990,29990,15,,,,,563
LP CONSOLIDADO GILDA TEVEZ  INVIERNO 2026.xlsm,GILDA,GILDA TEVEZ,CHALADA,ZAPATILLA,37-ANDY-11,ROSADO,,11990,29990,15,,,,,564
LP CONSOLIDADO GILDA TEVEZ  INVIERNO 2026.xlsm,GILDA,GILDA TEVEZ,CHALADA,ZAPATILLA,37-ANDY-12,NEGRO,,11990,29990,15,12/FACT 9859,,,,565
LP CONSOLIDADO GILDA TEVEZ  INVIERNO 2026.xlsm,GILDA,GILDA TEVEZ,CHALADA,ZAPATILLA,37-ANDY-12,BEIGE,,11990,29990,15,,,,,566
LP CONSOLIDADO GILDA TEVEZ  INVIERNO 2026.xlsm,GILDA,GILDA TEVEZ,CHALADA,ZAPATILLA,37-ANDY-13,VERDE,,11990,29990,15,,,,,567
LP CONSOLIDADO GILDA TEVEZ  INVIERNO 2026.xlsm,GILDA,GILDA TEVEZ,CHALADA,ZAPATILLA,37-ANNIE-1,NEGRO,,11990,27990,12,12/fact 9795 09/02/2026,12/fact 9795 09/02/2026,12/fact 9795 09/02/2026,,568
LP CONSOLIDADO GILDA TEVEZ  INVIERNO 2026.xlsm,GILDA,GILDA TEVEZ,CHALADA,ZAPATILLA,37-ANNIE-1,BEIGE,,11990,27990,12,12/F 9685,12/F 9685,,,569
LP CONSOLIDADO GILDA TEVEZ  INVIERNO 2026.xlsm,GILDA,GILDA TEVEZ,CHALADA,ZAPATILLA,37-ANNIE-1,OLIVO,,11990,27990,12,,,,,570
LP CONSOLIDADO GILDA TEVEZ  INVIERNO 2026.xlsm,GILDA,GILDA TEVEZ,CHALADA,ZAPATILLA,37-ANTU-2,NEGRO/NEGRO,,10990,24990,15,,,,,571
LP CONSOLIDADO GILDA TEVEZ  INVIERNO 2026.xlsm,GILDA,GILDA TEVEZ,CHALADA,ZAPATILLA,37-ANTU-2,BLANCO/PLATA,,10990,24990,15,,,,,572
LP CONSOLIDADO GILDA TEVEZ  INVIERNO 2026.xlsm,GILDA,GILDA TEVEZ,CHALADA,ZAPATILLA,37-ANTU-2,BLANCO/ORO,,10990,24990,15,,,,,573
LP CONSOLIDADO GILDA TEVEZ  INVIERNO 2026.xlsm,GILDA,GILDA TEVEZ,CHALADA,ZAPATILLA,37-CAJU-1,NEGRO,,11990,27990,15,,,,,574
LP CONSOLIDADO GILDA TEVEZ  INVIERNO 2026.xlsm,GILDA,GILDA TEVEZ,CHALADA,ZAPATILLA,37-CAJU-1,AZUL,,11990,27990,15,,,,,575
LP CONSOLIDADO GILDA TEVEZ  INVIERNO 2026.xlsm,GILDA,GILDA TEVEZ,CHALADA,ZAPATILLA,37-CAJU-1,GRIS,,11990,27990,15,,,,,576
LP CONSOLIDADO GILDA TEVEZ  INVIERNO 2026.xlsm,GILDA,GILDA TEVEZ,,ZAPATILLA,37-GALLYNEW-1,NEGRO,,,,15,,,,,577
LP CONSOLIDADO GILDA TEVEZ  INVIERNO 2026.xlsm,GILDA,GILDA TEVEZ,,ZAPATILLA,37-GALLYNEW-1,BEIGE,,,,15,,,,,578
LP CONSOLIDADO GILDA TEVEZ  INVIERNO 2026.xlsm,GILDA,GILDA TEVEZ,,ZAPATILLA,37-JANE-1,BEIGE,,,,15,,,,,579
LP CONSOLIDADO GILDA TEVEZ  INVIERNO 2026.xlsm,GILDA,GILDA TEVEZ,,ZAPATILLA,37-JANE-1,NEGRO,,,,15,,,,,580
LP CONSOLIDADO GILDA TEVEZ  INVIERNO 2026.xlsm,GILDA,GILDA TEVEZ,,ZAPATILLA,37-JETUR-1,NEGRO,,,,15,,,,,581
LP CONSOLIDADO GILDA TEVEZ  INVIERNO 2026.xlsm,GILDA,GILDA TEVEZ,,ZAPATILLA,37-JETUR-1,CAFE,,,,15,,,,,582
LP CONSOLIDADO GILDA TEVEZ  INVIERNO 2026.xlsm,GILDA,GILDA TEVEZ,CHALADA,ZAPATILLA,37-JETTIXLOW1,ORO,,13490,29990,12,12,12,,,583
LP CONSOLIDADO GILDA TEVEZ  INVIERNO 2026.xlsm,GILDA,GILDA TEVEZ,CHALADA,ZAPATILLA,37-JETTIXLOW1,PLATA,,13490,29990,12,12,,,,584
LP CONSOLIDADO GILDA TEVEZ  INVIERNO 2026.xlsm,GILDA,GILDA TEVEZ,,BOTIN,37-PIERCE-1,NEGRO,,,,15,,,,,585
LP CONSOLIDADO GILDA TEVEZ  INVIERNO 2026.xlsm,GILDA,GILDA TEVEZ,,BOTIN,37-PIERCE-1,TOSTADO,,,,15,,,,,586
LP CONSOLIDADO GILDA TEVEZ  INVIERNO 2026.xlsm,GILDA,GILDA TEVEZ,,BOTIN,37-PIERCE-1,BEIGE,,,,15,,,,,587
LP CONSOLIDADO GILDA TEVEZ  INVIERNO 2026.xlsm,GILDA,GILDA TEVEZ,CHALADA,BOTIN,37-PINGUIH-1,NEGRO,,9990,24990,12,12/fact 9795 09/02/2026,,12/fact 9795 09/02/2026,,588
LP CONSOLIDADO GILDA TEVEZ  INVIERNO 2026.xlsm,GILDA,GILDA TEVEZ,CHALADA,BOTIN,37-PINGUIH-1,NEGRO,,9990,24990,12,,,,,589
LP CONSOLIDADO GILDA TEVEZ  INVIERNO 2026.xlsm,GILDA,GILDA TEVEZ,CHALADA,BOTIN,37-PINGUIH-1,TOSTADO,,9990,24990,12,12/fact 9795 09/02/2026,,12/fact 9795 09/02/2026,,590
LP CONSOLIDADO GILDA TEVEZ  INVIERNO 2026.xlsm,GILDA,GILDA TEVEZ,CHALADA,BOTIN,37-PINGUIH-1,TOSTADO,,9990,24990,12,,,,,591
LP CONSOLIDADO GILDA TEVEZ  INVIERNO 2026.xlsm,GILDA,GILDA TEVEZ,CHALADA,BOTIN,37-PINGUIH-1,TAUPE,,9990,24990,12,,,12/FACT 9859 16/02/2026,,592
LP CONSOLIDADO GILDA TEVEZ  INVIERNO 2026.xlsm,GILDA,GILDA TEVEZ,CHALADA,BOTIN,37-PINGUIH-1,TAUPE,,9990,24990,12,,,,,593
LP CONSOLIDADO GILDA TEVEZ  INVIERNO 2026.xlsm,GILDA,GILDA TEVEZ,CHALADA,BOTIN,37-PINGUIH-1,OLIVO,,9990,24990,12,,,,,594
LP CONSOLIDADO GILDA TEVEZ  INVIERNO 2026.xlsm,GILDA,GILDA TEVEZ,CHALADA,BOTIN,37-PINGUIH-2,NEGRO,,9990,24990,12,,,,,595
LP CONSOLIDADO GILDA TEVEZ  INVIERNO 2026.xlsm,GILDA,GILDA TEVEZ,CHALADA,BOTIN,37-PINGUIH-2,NEGRO,,9990,24990,12,,,,,596
LP CONSOLIDADO GILDA TEVEZ  INVIERNO 2026.xlsm,GILDA,GILDA TEVEZ,CHALADA,BOTIN,37-PINGUIH-2,TOSTADO,,9990,24990,12,,,,,597
LP CONSOLIDADO GILDA TEVEZ  INVIERNO 2026.xlsm,GILDA,GILDA TEVEZ,CHALADA,BOTIN,37-PINGUIH-2,TOSTADO,,9990,24990,12,,,,,598
LP CONSOLIDADO GILDA TEVEZ  INVIERNO 2026.xlsm,GILDA,GILDA TEVEZ,CHALADA,BOTIN,37-PINGUIH-2,TAUPE,,9990,24990,12,,,,,599
LP CONSOLIDADO GILDA TEVEZ  INVIERNO 2026.xlsm,GILDA,GILDA TEVEZ,CHALADA,BOTIN,37-PINGUIH-2,TAUPE,,9990,24990,12,,,,,600
LP CONSOLIDADO GILDA TEVEZ  INVIERNO 2026.xlsm,GILDA,GILDA TEVEZ,CHALADA,PANTUFLAS,37-PINGUIH-3,NEGRO,,9990,24990,12,,,,,601
LP CONSOLIDADO GILDA TEVEZ  INVIERNO 2026.xlsm,GILDA,GILDA TEVEZ,CHALADA,PANTUFLAS,37-PINGUIH-3,TOSTADO,,9990,24990,12,,,,,602
LP CONSOLIDADO GILDA TEVEZ  INVIERNO 2026.xlsm,GILDA,GILDA TEVEZ,CHALADA,PANTUFLAS,37-PINGUIH-3,BEIGE,,9990,24990,12,,,,,603
LP CONSOLIDADO GILDA TEVEZ  INVIERNO 2026.xlsm,GILDA,GILDA TEVEZ,CHALADA,BOTIN,37-PINGUIH-4,NEGRO,,9990,29990,12,,,,,604
LP CONSOLIDADO GILDA TEVEZ  INVIERNO 2026.xlsm,GILDA,GILDA TEVEZ,CHALADA,BOTIN,37-PINGUIH-4,TOSTADO,,9990,29990,12,,,,,605
LP CONSOLIDADO GILDA TEVEZ  INVIERNO 2026.xlsm,GILDA,GILDA TEVEZ,CHALADA,BOTIN,37-PINGUIH-5,TAUPE,,10990,29990,12,,,,,606
LP CONSOLIDADO GILDA TEVEZ  INVIERNO 2026.xlsm,GILDA,GILDA TEVEZ,CHALADA,BOTIN,37-PINGUIH-6,NEGRO,,,,12,,,,,607
LP CONSOLIDADO GILDA TEVEZ  INVIERNO 2026.xlsm,GILDA,GILDA TEVEZ,CHALADA,BOTIN,37-PINGUIH-6,TAUPE,,,,12,,,,,608
LP CONSOLIDADO GILDA TEVEZ  INVIERNO 2026.xlsm,GILDA,GILDA TEVEZ,CHALADA,BOTIN,37-PINGUIH-7,TAUPE,,,,12,,,,,609
LP CONSOLIDADO GILDA TEVEZ  INVIERNO 2026.xlsm,GILDA,GILDA TEVEZ,CHALADA,BOTIN,37-PINGUIH-8,NEGRO,,,,12,,,,,610
LP CONSOLIDADO GILDA TEVEZ  INVIERNO 2026.xlsm,GILDA,GILDA TEVEZ,CHALADA,BOTIN,37-PINGUIH-8,NEGRO,,,,12,,,,,611
LP CONSOLIDADO GILDA TEVEZ  INVIERNO 2026.xlsm,GILDA,GILDA TEVEZ,CHALADA,BOTIN,37-PINGUIH-8,TOSTADO,,,,12,,,,,612
LP CONSOLIDADO GILDA TEVEZ  INVIERNO 2026.xlsm,GILDA,GILDA TEVEZ,CHALADA,BOTIN,37-PINGUIH-8,TOSTADO,,,,12,,,,,613
LP CONSOLIDADO GILDA TEVEZ  INVIERNO 2026.xlsm,GILDA,GILDA TEVEZ,CHALADA,BOTIN,37-PINGUIH-9,NEGRO,,,,12,,,,,614
LP CONSOLIDADO GILDA TEVEZ  INVIERNO 2026.xlsm,GILDA,GILDA TEVEZ,CHALADA,BOTIN,37-PINGUIH-9,TOSTADO,,,,12,,,,,615
LP CONSOLIDADO GILDA TEVEZ  INVIERNO 2026.xlsm,GILDA,GILDA TEVEZ,CHALADA,BOTIN,37-PINGUIH-9,TAUPE,,,,12,,,,,616
LP CONSOLIDADO GILDA TEVEZ  INVIERNO 2026.xlsm,GILDA,GILDA TEVEZ,CHALADA,BOTIN,37-PINGUIH-10,NEGRO,,,,12,,,,,617
LP CONSOLIDADO GILDA TEVEZ  INVIERNO 2026.xlsm,GILDA,GILDA TEVEZ,CHALADA,BOTIN,37-PINGUIH-10,TAUPE,,,,12,,,,,618
LP CONSOLIDADO GILDA TEVEZ  INVIERNO 2026.xlsm,GILDA,GILDA TEVEZ,CHALADA,BOTIN,37-PINGUIH-11,TAUPE,,,,12,,,,,619
LP CONSOLIDADO GILDA TEVEZ  INVIERNO 2026.xlsm,GILDA,GILDA TEVEZ,CHALADA,BOTIN,37-PINHEEL-1,NEGRO,,9990,26990,12,,,,,620
LP CONSOLIDADO GILDA TEVEZ  INVIERNO 2026.xlsm,GILDA,GILDA TEVEZ,CHALADA,BOTIN,37-PINHEEL-1,TAUPE,,,26990,12,,,,,621
LP CONSOLIDADO GILDA TEVEZ  INVIERNO 2026.xlsm,GILDA,GILDA TEVEZ,CHALADA,BOTIN,37-SPIN-1,NEGRO,,,,12,,,,,622
LP CONSOLIDADO GILDA TEVEZ  INVIERNO 2026.xlsm,GILDA,GILDA TEVEZ,CHALADA,BOTIN,38-AILEN-1,NEGRO,,,,12,,,12/FACT 9859 16/02/2026,,623
LP CONSOLIDADO GILDA TEVEZ  INVIERNO 2026.xlsm,GILDA,GILDA TEVEZ,CHALADA,BOTIN,38-AILEN-1,BEIGE,,,,12,,,12/fact 10163 23/03/2026,,624
LP CONSOLIDADO GILDA TEVEZ  INVIERNO 2026.xlsm,GILDA,GILDA TEVEZ,CHALADA,BOTIN,38-ANDY-1,NEGRO,,18990,44990,12,,,,,625
LP CONSOLIDADO GILDA TEVEZ  INVIERNO 2026.xlsm,GILDA,GILDA TEVEZ,CHALADA,BOTIN,38-ANDY-1,NEGRO,,18990,44990,8,,,,,626
LP CONSOLIDADO GILDA TEVEZ  INVIERNO 2026.xlsm,GILDA,GILDA TEVEZ,CHALADA,BOTIN,38-ANDY-1,CAMEL,,18990,44990,12,,,,,627
LP CONSOLIDADO GILDA TEVEZ  INVIERNO 2026.xlsm,GILDA,GILDA TEVEZ,CHALADA,BOTIN,38-ANDY-1,CAMEL,,18990,44990,8,,,,,628
LP CONSOLIDADO GILDA TEVEZ  INVIERNO 2026.xlsm,GILDA,GILDA TEVEZ,CHALADA,BOTIN,38-ANDY-2,NEGRO,,18990,39990,12,,,,,629
LP CONSOLIDADO GILDA TEVEZ  INVIERNO 2026.xlsm,GILDA,GILDA TEVEZ,CHALADA,BOTIN,38-ANDY-2,NEGRO,,18990,39990,8,,,,,630
LP CONSOLIDADO GILDA TEVEZ  INVIERNO 2026.xlsm,GILDA,GILDA TEVEZ,CHALADA,BOTIN,38-ANDY-3,GRIS,,,,12,,,,,631
LP CONSOLIDADO GILDA TEVEZ  INVIERNO 2026.xlsm,GILDA,GILDA TEVEZ,CHALADA,BOTIN,38-BARI-1,NEGRO,,,,12,,,,,632
LP CONSOLIDADO GILDA TEVEZ  INVIERNO 2026.xlsm,GILDA,GILDA TEVEZ,CHALADA,BOTA,38-BIKA-1,NEGRO,,,,12,,,,,633
LP CONSOLIDADO GILDA TEVEZ  INVIERNO 2026.xlsm,GILDA,GILDA TEVEZ,CHALADA,BOTA,38-BIKA-1,BURDEO,,,,12,,,,,634
LP CONSOLIDADO GILDA TEVEZ  INVIERNO 2026.xlsm,GILDA,GILDA TEVEZ,CHALADA,BOTA,38-BIKER-2,NEGRO,,24990,49990,12,,,,,635
LP CONSOLIDADO GILDA TEVEZ  INVIERNO 2026.xlsm,GILDA,GILDA TEVEZ,CHALADA,BOTA,38-BIKER-2,NEGRO,,24990,49990,8,,,,,636
LP CONSOLIDADO GILDA TEVEZ  INVIERNO 2026.xlsm,GILDA,GILDA TEVEZ,CHALADA,BOTA,38-BIKER-5,NEGRO,,22490,49990,12,,,,,637
LP CONSOLIDADO GILDA TEVEZ  INVIERNO 2026.xlsm,GILDA,GILDA TEVEZ,CHALADA,BOTA,38-BIKER-5,NEGRO,,22490,49990,8,,,,,638
LP CONSOLIDADO GILDA TEVEZ  INVIERNO 2026.xlsm,GILDA,GILDA TEVEZ,CHALADA,BOTA,38-BIKER-6,NEGRO,,22990,49990,12,,,,,639
LP CONSOLIDADO GILDA TEVEZ  INVIERNO 2026.xlsm,GILDA,GILDA TEVEZ,CHALADA,BOTA,38-BIKER-6,NEGRO,,22990,49990,8,,,,,640
LP CONSOLIDADO GILDA TEVEZ  INVIERNO 2026.xlsm,GILDA,GILDA TEVEZ,CHALADA,BOTA,38-BIKER-7,NEGRO,,24990,49990,12,,,,,641
LP CONSOLIDADO GILDA TEVEZ  INVIERNO 2026.xlsm,GILDA,GILDA TEVEZ,CHALADA,BOTA,38-BIKER-7,NEGRO,,24990,49990,8,,,,,642
LP CONSOLIDADO GILDA TEVEZ  INVIERNO 2026.xlsm,GILDA,GILDA TEVEZ,CHALADA,ZAPATO,38-BRESH-1,NEGRO,,18990,39990,12,,,,,643
LP CONSOLIDADO GILDA TEVEZ  INVIERNO 2026.xlsm,GILDA,GILDA TEVEZ,CHALADA,ZAPATO,38-BRESH-1,NEGRO,,18990,39990,12,,,,,644
LP CONSOLIDADO GILDA TEVEZ  INVIERNO 2026.xlsm,GILDA,GILDA TEVEZ,CHALADA,ZAPATO,38-BRESH-1,NEGRO,,18990,39990,8,,,,,645
LP CONSOLIDADO GILDA TEVEZ  INVIERNO 2026.xlsm,GILDA,GILDA TEVEZ,CHALADA,ZAPATO,38-BRESH-1,CAFE,,18990,39990,12,,,,,646
LP CONSOLIDADO GILDA TEVEZ  INVIERNO 2026.xlsm,GILDA,GILDA TEVEZ,CHALADA,ZAPATO,38-BRESH-1,CAFE,,18990,39990,8,,,,,647
LP CONSOLIDADO GILDA TEVEZ  INVIERNO 2026.xlsm,GILDA,GILDA TEVEZ,CHALADA,BOTIN,38-CALM-1,NEGRO,,19990,49990,12,,,,,648
LP CONSOLIDADO GILDA TEVEZ  INVIERNO 2026.xlsm,GILDA,GILDA TEVEZ,CHALADA,BOTIN,38-CALM-1,NEGRO,,19990,49990,12,,,,,649
LP CONSOLIDADO GILDA TEVEZ  INVIERNO 2026.xlsm,GILDA,GILDA TEVEZ,CHALADA,BOTIN,38-CALM-1,NEGRO,,19990,49990,12,,,,,650
LP CONSOLIDADO GILDA TEVEZ  INVIERNO 2026.xlsm,GILDA,GILDA TEVEZ,CHALADA,BOTA,38-FARA-1,NEGRO,,,,12,,,,,651
LP CONSOLIDADO GILDA TEVEZ  INVIERNO 2026.xlsm,GILDA,GILDA TEVEZ,CHALADA,BOTIN,38-FLEY-3,NEGRO,,21990,49990,12,,,,,652
LP CONSOLIDADO GILDA TEVEZ  INVIERNO 2026.xlsm,GILDA,GILDA TEVEZ,CHALADA,BOTIN,38-FLEY-3,NEGRO,,21990,49990,12,,,,,653
LP CONSOLIDADO GILDA TEVEZ  INVIERNO 2026.xlsm,GILDA,GILDA TEVEZ,CHALADA,BOTIN,38-FLEY-3,NEGRO,,21990,49990,8,,,,,654
LP CONSOLIDADO GILDA TEVEZ  INVIERNO 2026.xlsm,GILDA,GILDA TEVEZ,CHALADA,BOTIN,38-FLEY-4,NEGRO,,,,12,,,,,655
LP CONSOLIDADO GILDA TEVEZ  INVIERNO 2026.xlsm,GILDA,GILDA TEVEZ,CHALADA,BOTIN,38-FLEY-4,CAFE,,,,12,,,,,656
LP CONSOLIDADO GILDA TEVEZ  INVIERNO 2026.xlsm,GILDA,GILDA TEVEZ,CHALADA,BOTIN,38-FRISH-1,NEGRO,,,,12,,,,,657
LP CONSOLIDADO GILDA TEVEZ  INVIERNO 2026.xlsm,GILDA,GILDA TEVEZ,CHALADA,BOTIN,38-FRISH-1,BURDEO,,,,12,,,,,658
LP CONSOLIDADO GILDA TEVEZ  INVIERNO 2026.xlsm,GILDA,GILDA TEVEZ,CHALADA,ZAPATO,38-JOOP-1,V NEGRO,,16490,36990,12,,,,,659
LP CONSOLIDADO GILDA TEVEZ  INVIERNO 2026.xlsm,GILDA,GILDA TEVEZ,CHALADA,ZAPATO,38-JOOP-1,V NEGRO,,16490,36990,12,,,,,660
LP CONSOLIDADO GILDA TEVEZ  INVIERNO 2026.xlsm,GILDA,GILDA TEVEZ,CHALADA,ZAPATO,38-JOOP-1,V NEGRO,,16490,36990,10,,,,,661
LP CONSOLIDADO GILDA TEVEZ  INVIERNO 2026.xlsm,GILDA,GILDA TEVEZ,CHALADA,ZAPATO,38-JOING-1,V NEGRO,,14990,34990,12,,,,,662
LP CONSOLIDADO GILDA TEVEZ  INVIERNO 2026.xlsm,GILDA,GILDA TEVEZ,CHALADA,ZAPATO,38-JOING-1,V NEGRO,,14990,34990,12,,,,,663
LP CONSOLIDADO GILDA TEVEZ  INVIERNO 2026.xlsm,GILDA,GILDA TEVEZ,CHALADA,ZAPATO,38-JOING-1,V NEGRO,,14990,34990,8,,,,,664
LP CONSOLIDADO GILDA TEVEZ  INVIERNO 2026.xlsm,GILDA,GILDA TEVEZ,CHALADA,ZAPATO,38-JUPPI-1,V NEGRO,,17990,36990,12,,,,,665
LP CONSOLIDADO GILDA TEVEZ  INVIERNO 2026.xlsm,GILDA,GILDA TEVEZ,CHALADA,ZAPATO,38-JUPPI-1,V NEGRO,,17990,36990,12,,,,,666
LP CONSOLIDADO GILDA TEVEZ  INVIERNO 2026.xlsm,GILDA,GILDA TEVEZ,CHALADA,ZAPATO,38-JUPPI-1,V NEGRO,,17990,36990,8,,,,,667
LP CONSOLIDADO GILDA TEVEZ  INVIERNO 2026.xlsm,GILDA,GILDA TEVEZ,CHALADA,ZAPATO,38-LENIN-1,NEGRO,,16490,39990,12,,,,,668
LP CONSOLIDADO GILDA TEVEZ  INVIERNO 2026.xlsm,GILDA,GILDA TEVEZ,CHALADA,ZAPATO,38-LENIN-1,NEGRO,,16490,39990,12,,,,,669
LP CONSOLIDADO GILDA TEVEZ  INVIERNO 2026.xlsm,GILDA,GILDA TEVEZ,CHALADA,ZAPATO,38-LENIN-1,NEGRO,,16490,39990,8,,,,,670
LP CONSOLIDADO GILDA TEVEZ  INVIERNO 2026.xlsm,GILDA,GILDA TEVEZ,CHALADA,ZAPATO,38-LENIN-1,CAFE,,16490,39990,12,,,,,671
LP CONSOLIDADO GILDA TEVEZ  INVIERNO 2026.xlsm,GILDA,GILDA TEVEZ,CHALADA,ZAPATO,38-LENIN-1,CAFE,,16490,39990,12,,,,,672
LP CONSOLIDADO GILDA TEVEZ  INVIERNO 2026.xlsm,GILDA,GILDA TEVEZ,CHALADA,ZAPATO,38-LENIN-2,NEGRO,,16490,36990,12,,,,,673
LP CONSOLIDADO GILDA TEVEZ  INVIERNO 2026.xlsm,GILDA,GILDA TEVEZ,CHALADA,ZAPATO,38-LENIN-2,NEGRO,,16490,36990,12,,,,,674
LP CONSOLIDADO GILDA TEVEZ  INVIERNO 2026.xlsm,GILDA,GILDA TEVEZ,CHALADA,ZAPATO,38-LENIN-2,NEGRO,,16490,36990,8,,,,,675
LP CONSOLIDADO GILDA TEVEZ  INVIERNO 2026.xlsm,GILDA,GILDA TEVEZ,CHALADA,ZAPATO,38-LEWIS-1,NEGRO,,16990,39990,12,,,,,676
LP CONSOLIDADO GILDA TEVEZ  INVIERNO 2026.xlsm,GILDA,GILDA TEVEZ,CHALADA,ZAPATO,38-LEWIS-1,NEGRO,,16990,39990,12,,,,,677
LP CONSOLIDADO GILDA TEVEZ  INVIERNO 2026.xlsm,GILDA,GILDA TEVEZ,CHALADA,ZAPATO,38-LEWIS-1,V NEGRO,,16990,39990,12,,,,,678
LP CONSOLIDADO GILDA TEVEZ  INVIERNO 2026.xlsm,GILDA,GILDA TEVEZ,CHALADA,ZAPATO,38-LEWIS-1,V NEGRO,,16990,39990,12,,,,,679
LP CONSOLIDADO GILDA TEVEZ  INVIERNO 2026.xlsm,GILDA,GILDA TEVEZ,CHALADA,ZAPATO,38-LEWIS-1,V NEGRO,,16990,39990,8,,,,,680
LP CONSOLIDADO GILDA TEVEZ  INVIERNO 2026.xlsm,GILDA,GILDA TEVEZ,CHALADA,BOTIN,38-MICCA-1,NEGRO,,18990,39990,12,,,,,681
LP CONSOLIDADO GILDA TEVEZ  INVIERNO 2026.xlsm,GILDA,GILDA TEVEZ,CHALADA,BOTIN,38-MICCA-1,NEGRO,,18990,39990,12,,,,,682
LP CONSOLIDADO GILDA TEVEZ  INVIERNO 2026.xlsm,GILDA,GILDA TEVEZ,CHALADA,MOCASIN,38-MOCCA-1,CAMEL,,13490,29990,12,,,,,683
LP CONSOLIDADO GILDA TEVEZ  INVIERNO 2026.xlsm,GILDA,GILDA TEVEZ,CHALADA,MOCASIN,38-MOCCA-1,CAMEL,,13490,29990,8,,,,,684
LP CONSOLIDADO GILDA TEVEZ  INVIERNO 2026.xlsm,GILDA,GILDA TEVEZ,CHALADA,MOCASIN,38-MOCCA-2,V NEGRO,,13490,29990,12,,,,,685
LP CONSOLIDADO GILDA TEVEZ  INVIERNO 2026.xlsm,GILDA,GILDA TEVEZ,CHALADA,MOCASIN,38-MOCCA-2,V NEGRO,,13490,29990,8,,,,,686
LP CONSOLIDADO GILDA TEVEZ  INVIERNO 2026.xlsm,GILDA,GILDA TEVEZ,CHALADA,MOCASIN,38-MOCCA-2,PEWTER,,13490,29990,12,,,,,687
LP CONSOLIDADO GILDA TEVEZ  INVIERNO 2026.xlsm,GILDA,GILDA TEVEZ,CHALADA,MOCASIN,38-MOCCA-2,PEWTER,,13490,29990,8,,,,,688
LP CONSOLIDADO GILDA TEVEZ  INVIERNO 2026.xlsm,GILDA,GILDA TEVEZ,CHALADA,BOTIN,38-NATIRUS-1,NEGRO,,19990,49990,12,,,,,689
LP CONSOLIDADO GILDA TEVEZ  INVIERNO 2026.xlsm,GILDA,GILDA TEVEZ,CHALADA,BOTA,38-NATIRUS-2,NEGRO,,24990,59990,12,,,,,690
LP CONSOLIDADO GILDA TEVEZ  INVIERNO 2026.xlsm,GILDA,GILDA TEVEZ,CHALADA,BOTA,38-NATIRUS-2,NEGRO,,24990,59990,8,,,,,691
LP CONSOLIDADO GILDA TEVEZ  INVIERNO 2026.xlsm,GILDA,GILDA TEVEZ,CHALADA,ZAPATO,38-NATIRUS-3,GRIS,,18490,39990,12,,,,,692
LP CONSOLIDADO GILDA TEVEZ  INVIERNO 2026.xlsm,GILDA,GILDA TEVEZ,CHALADA,ZAPATO,38-NATIRUS-3,GRIS,,18490,39990,12,,,,,693
LP CONSOLIDADO GILDA TEVEZ  INVIERNO 2026.xlsm,GILDA,GILDA TEVEZ,CHALADA,ZAPATO,38-NATIRUS-3,GRIS,,18490,39990,8,,,,,694
LP CONSOLIDADO GILDA TEVEZ  INVIERNO 2026.xlsm,GILDA,GILDA TEVEZ,CHALADA,BOTA,38-NEVADA-1,NEGRO,,,,12,,,,,695
LP CONSOLIDADO GILDA TEVEZ  INVIERNO 2026.xlsm,GILDA,GILDA TEVEZ,CHALADA,BOTA,38-NEVADA-1,CAFE,,,,12,,,,,696
LP CONSOLIDADO GILDA TEVEZ  INVIERNO 2026.xlsm,GILDA,GILDA TEVEZ,CHALADA,BOTIN,38-POOL-3,BLACK,,19990,44990,12,,,,,697
LP CONSOLIDADO GILDA TEVEZ  INVIERNO 2026.xlsm,GILDA,GILDA TEVEZ,CHALADA,BOTIN,38-POOL-3,BLACK,,19990,44990,12,,,,,698
LP CONSOLIDADO GILDA TEVEZ  INVIERNO 2026.xlsm,GILDA,GILDA TEVEZ,CHALADA,BOTIN,38-POOLH-9,BLACK,,19990,44990,12,,,,,699
LP CONSOLIDADO GILDA TEVEZ  INVIERNO 2026.xlsm,GILDA,GILDA TEVEZ,CHALADA,BOTIN,38-POOLH-9,BLACK,,19990,44990,12,,,,,700
LP CONSOLIDADO GILDA TEVEZ  INVIERNO 2026.xlsm,GILDA,GILDA TEVEZ,CHALADA,BOTIN,38-POOLH-11,NEGRO,,19990,44990,12,,,,,701
LP CONSOLIDADO GILDA TEVEZ  INVIERNO 2026.xlsm,GILDA,GILDA TEVEZ,CHALADA,BOTIN,38-POOLH-11,NEGRO,,19990,44990,12,,,,,702
LP CONSOLIDADO GILDA TEVEZ  INVIERNO 2026.xlsm,GILDA,GILDA TEVEZ,CHALADA,BOTIN,38-POOLL-10,BLACK,,18990,44990,12,,,,,703
LP CONSOLIDADO GILDA TEVEZ  INVIERNO 2026.xlsm,GILDA,GILDA TEVEZ,CHALADA,BOTIN,38-POOLL-10,BLACK,,18990,44990,12,,,,,704
LP CONSOLIDADO GILDA TEVEZ  INVIERNO 2026.xlsm,GILDA,GILDA TEVEZ,CHALADA,BOTIN,38-POOLL-21,BLACK,,18990,44990,12,,,,,705
LP CONSOLIDADO GILDA TEVEZ  INVIERNO 2026.xlsm,GILDA,GILDA TEVEZ,CHALADA,BOTIN,38-POOLL-21,BLACK,,18990,44990,12,,,,,706
LP CONSOLIDADO GILDA TEVEZ  INVIERNO 2026.xlsm,GILDA,GILDA TEVEZ,CHALADA,BOTIN,38-POOLL-23,NEGRO,,17990,39990,12,,,,,707
LP CONSOLIDADO GILDA TEVEZ  INVIERNO 2026.xlsm,GILDA,GILDA TEVEZ,CHALADA,BOTIN,38-POOLL-23,NEGRO,,17990,39990,12,,,,,708
LP CONSOLIDADO GILDA TEVEZ  INVIERNO 2026.xlsm,GILDA,GILDA TEVEZ,CHALADA,BOTIN,38-POOL-24,V NEGRO,,19990,44990,12,,,,,709
LP CONSOLIDADO GILDA TEVEZ  INVIERNO 2026.xlsm,GILDA,GILDA TEVEZ,CHALADA,BOTIN,38-POOL-24,V NEGRO,,19990,44990,12,,,,,710
LP CONSOLIDADO GILDA TEVEZ  INVIERNO 2026.xlsm,GILDA,GILDA TEVEZ,CHALADA,BOTIN,38-PRATA-1,S BLACK,,18490,39990,12,,,,,711
LP CONSOLIDADO GILDA TEVEZ  INVIERNO 2026.xlsm,GILDA,GILDA TEVEZ,CHALADA,BOTIN,38-PRATA-1,S BLACK,,18490,39990,8,,,,,712
LP CONSOLIDADO GILDA TEVEZ  INVIERNO 2026.xlsm,GILDA,GILDA TEVEZ,CHALADA,BOTIN,38-PRATA-2,BLACK,,18990,39990,12,,,,,713
LP CONSOLIDADO GILDA TEVEZ  INVIERNO 2026.xlsm,GILDA,GILDA TEVEZ,CHALADA,BOTIN,38-PRATA-2,BLACK,,18990,39990,12,,,,,714
LP CONSOLIDADO GILDA TEVEZ  INVIERNO 2026.xlsm,GILDA,GILDA TEVEZ,CHALADA,BOTIN,38-PRATA-3,BLACK,,18490,39990,12,,,,,715
LP CONSOLIDADO GILDA TEVEZ  INVIERNO 2026.xlsm,GILDA,GILDA TEVEZ,CHALADA,BOTIN,38-PRATA-3,TOSTADO,,18490,39990,12,,,,,716
LP CONSOLIDADO GILDA TEVEZ  INVIERNO 2026.xlsm,GILDA,GILDA TEVEZ,CHALADA,BOTIN,38-PRATA-3,TOSTADO,,18490,39990,12,,,,,717
LP CONSOLIDADO GILDA TEVEZ  INVIERNO 2026.xlsm,GILDA,GILDA TEVEZ,CHALADA,BOTIN,38-PRATA-3,TOSTADO,,18490,39990,8,,,,,718
LP CONSOLIDADO GILDA TEVEZ  INVIERNO 2026.xlsm,GILDA,GILDA TEVEZ,CHALADA,BOTIN,38-PRATA-6,NEGRO,,18490,39990,12,,,,,719
LP CONSOLIDADO GILDA TEVEZ  INVIERNO 2026.xlsm,GILDA,GILDA TEVEZ,CHALADA,BOTIN,38-PRATA-6,NEGRO,,18490,39990,12,,,,,720
LP CONSOLIDADO GILDA TEVEZ  INVIERNO 2026.xlsm,GILDA,GILDA TEVEZ,CHALADA,BOTIN,38-PRATA-6,NEGRO,,18490,39990,8,,,,,721
LP CONSOLIDADO GILDA TEVEZ  INVIERNO 2026.xlsm,GILDA,GILDA TEVEZ,CHALADA,BOTA,38-PRATA-7,NEGRO,,,,12,,,,,722
LP CONSOLIDADO GILDA TEVEZ  INVIERNO 2026.xlsm,GILDA,GILDA TEVEZ,CHALADA,BOTA,38-PRATA-7,BURDEO,,,,12,,,,,723
LP CONSOLIDADO GILDA TEVEZ  INVIERNO 2026.xlsm,GILDA,GILDA TEVEZ,CHALADA,BOTIN,33-QUAL-1,CAMEL,,19990,44990,12,,,,,724
LP CONSOLIDADO GILDA TEVEZ  INVIERNO 2026.xlsm,GILDA,GILDA TEVEZ,CHALADA,BOTIN,33-QUAL-1,CAMEL,,19990,44990,12,,,,,725
LP CONSOLIDADO GILDA TEVEZ  INVIERNO 2026.xlsm,GILDA,GILDA TEVEZ,CHALADA,BOTIN,33-QUAL-1,CAMEL,,19990,44990,8,,,,,726
LP CONSOLIDADO GILDA TEVEZ  INVIERNO 2026.xlsm,GILDA,GILDA TEVEZ,CHALADA,BOTIN,38-RUST-2,NEGRO,,19990,44990,12,,,,,727
LP CONSOLIDADO GILDA TEVEZ  INVIERNO 2026.xlsm,GILDA,GILDA TEVEZ,CHALADA,BOTIN,38-RUST-2,NEGRO,,19990,44990,12,,,,,728
LP CONSOLIDADO GILDA TEVEZ  INVIERNO 2026.xlsm,GILDA,GILDA TEVEZ,CHALADA,BOTIN,38-RUST-2,NEGRO,,19990,44990,8,,,,,729
LP CONSOLIDADO GILDA TEVEZ  INVIERNO 2026.xlsm,GILDA,GILDA TEVEZ,CHALADA,BOTA,38-RUST-10,NEGRO,,24990,59990,12,,,,,730
LP CONSOLIDADO GILDA TEVEZ  INVIERNO 2026.xlsm,GILDA,GILDA TEVEZ,CHALADA,BOTA,38-RUST-10,NEGRO,,24990,59990,8,,,,,731
LP CONSOLIDADO GILDA TEVEZ  INVIERNO 2026.xlsm,GILDA,GILDA TEVEZ,CHALADA,BOTIN,38-RUST-21,NEGRO,,19990,44990,12,,,,,732
LP CONSOLIDADO GILDA TEVEZ  INVIERNO 2026.xlsm,GILDA,GILDA TEVEZ,CHALADA,BOTIN,38-RUST-21,NEGRO,,19990,44990,12,,,,,733
LP CONSOLIDADO GILDA TEVEZ  INVIERNO 2026.xlsm,GILDA,GILDA TEVEZ,CHALADA,BOTIN,38-TRENI-1,NEGRO,,,,12,,,,,734
LP CONSOLIDADO GILDA TEVEZ  INVIERNO 2026.xlsm,GILDA,GILDA TEVEZ,CHALADA,BOTIN,38-TRENI-1,CAFE,,,,12,,,,,735
LP CONSOLIDADO GILDA TEVEZ  INVIERNO 2026.xlsm,GILDA,GILDA TEVEZ,CHALADA,BOTA,38-WEST-20,NEGRO/NEGRO,,24490,49990,12,,,,,736
LP CONSOLIDADO GILDA TEVEZ  INVIERNO 2026.xlsm,GILDA,GILDA TEVEZ,CHALADA,BOTA,38-WEST-20,NEGRO/NEGRO,,24490,49990,12,,,,,737
LP CONSOLIDADO GILDA TEVEZ  INVIERNO 2026.xlsm,GILDA,GILDA TEVEZ,CHALADA,BOTA,38-WEST-20,NEGRO/NEGRO,,24490,49990,8,,,,,738
LP CONSOLIDADO GILDA TEVEZ  INVIERNO 2026.xlsm,GILDA,GILDA TEVEZ,CHALADA,BOTA,38-WEST-22,NEGRO,,23490,49990,12,,,,,739
LP CONSOLIDADO GILDA TEVEZ  INVIERNO 2026.xlsm,GILDA,GILDA TEVEZ,CHALADA,BOTA,38-WEST-22,PLATA,,23490,49990,12,,,,,740
LP CONSOLIDADO GILDA TEVEZ  INVIERNO 2026.xlsm,GILDA,GILDA TEVEZ,CHALADA,BOTIN,38-WEDING-1,NEGRO,,,,12,,,,,741
LP CONSOLIDADO GILDA TEVEZ  INVIERNO 2026.xlsm,GILDA,GILDA TEVEZ,CHALADA,BOTIN,38-WEDING-1,TOSTADO,,,,12,,,,,742
LP CONSOLIDADO GILDA TEVEZ  INVIERNO 2026.xlsm,GILDA,GILDA TEVEZ,CHALADA,ZAPATO,38-WONDER-1,NEGRO,,18490,39990,12,,,,,743
LP CONSOLIDADO GILDA TEVEZ  INVIERNO 2026.xlsm,GILDA,GILDA TEVEZ,CHALADA,ZAPATO,38-WONDER-1,NEGRO,,18490,39990,12,,,,,744
LP CONSOLIDADO GILDA TEVEZ  INVIERNO 2026.xlsm,GILDA,GILDA TEVEZ,CHALADA,ZAPATO,38-WONDER-1,NEGRO,,18490,39990,8,,,,,745
LP CONSOLIDADO GILDA TEVEZ  INVIERNO 2026.xlsm,GILDA,GILDA TEVEZ,CHALADA,ZAPATO,38-WONDER-1,BRONCE,,18490,39990,12,,,,,746
LP CONSOLIDADO GILDA TEVEZ  INVIERNO 2026.xlsm,GILDA,GILDA TEVEZ,CHALADA,ZAPATO,38-WONDER-1,BRONCE,,18490,39990,8,,,,,747
LP CONSOLIDADO GILDA TEVEZ  INVIERNO 2026.xlsm,GILDA,GILDA TEVEZ,CHALADA,BOTIN,38-WONDER-4,GRIS,,21990,46990,12,,,,,748
LP CONSOLIDADO GILDA TEVEZ  INVIERNO 2026.xlsm,GILDA,GILDA TEVEZ,CHALADA,BOTIN,38-WONDER-4,GRIS,,21990,46990,12,,,,,749
LP CONSOLIDADO GILDA TEVEZ  INVIERNO 2026.xlsm,GILDA,GILDA TEVEZ,CHALADA,BOTIN,38-WONDER-4,GRIS,,21990,46990,10,,,,,750
LP CONSOLIDADO GILDA TEVEZ  INVIERNO 2026.xlsm,GILDA,GILDA TEVEZ,CHALADA,ZAPATILLA,39-FLUMI-10,BEIGE,,15990,39990,12,,,,,751
LP CONSOLIDADO GILDA TEVEZ  INVIERNO 2026.xlsm,GILDA,GILDA TEVEZ,CHALADA,ZAPATILLA,39-FLUMI-10,BEIGE,,15990,39990,8,,,,,752
LP CONSOLIDADO GILDA TEVEZ  INVIERNO 2026.xlsm,GILDA,GILDA TEVEZ,CHALADA,ZAPATILLA,39-JOKA-2,NEGRO,,19990,39990,12,,,12/fact 9981 02/03/2026,,753
LP CONSOLIDADO GILDA TEVEZ  INVIERNO 2026.xlsm,GILDA,GILDA TEVEZ,CHALADA,ZAPATILLA,39-JOKA-2,NEGRO/PRINT,,19990,39990,12,,,,,754
LP CONSOLIDADO GILDA TEVEZ  INVIERNO 2026.xlsm,GILDA,GILDA TEVEZ,CHALADA,ZAPATILLA,39-JOKA-3,NEGRO,,19990,39990,12,,12,,,755
LP CONSOLIDADO GILDA TEVEZ  INVIERNO 2026.xlsm,GILDA,GILDA TEVEZ,CHALADA,ZAPATILLA,39-JOKA-3,BEIGE/ORO,,19990,39990,12,,12/fact 9981 02/03/2026,,,756
LP CONSOLIDADO GILDA TEVEZ  INVIERNO 2026.xlsm,GILDA,GILDA TEVEZ,CHALADA,ZAPATILLA,39-NIVA-2,SNAKE BEIGE,,14990,29990,12,,,,,757
LP CONSOLIDADO GILDA TEVEZ  INVIERNO 2026.xlsm,GILDA,GILDA TEVEZ,CHALADA,ZAPATILLA,39-NIVA-2,BLANCO,,14990,29990,12,,,,,758
LP CONSOLIDADO GILDA TEVEZ  INVIERNO 2026.xlsm,GILDA,GILDA TEVEZ,CHALADA,ZAPATILLA,39-TIGER-1,NEGRO,,14990,29990,12,,,,,759
LP CONSOLIDADO GILDA TEVEZ  INVIERNO 2026.xlsm,GILDA,GILDA TEVEZ,CHALADA,ZAPATILLA,39-TIGER-1,CAFE,,14990,29990,12,,,,,760
LP CONSOLIDADO GILDA TEVEZ  INVIERNO 2026.xlsm,GILDA,GILDA TEVEZ,CHALADA,ZAPATILLA,39-TROYA-4,NEGRO/NEGRO,,14990,39990,12,,,,,761
LP CONSOLIDADO GILDA TEVEZ  INVIERNO 2026.xlsm,GILDA,GILDA TEVEZ,CHALADA,ZAPATILLA,39-TROYA-4,NEGRO/NEGRO,,14990,39990,8,,,,,762
LP CONSOLIDADO GILDA TEVEZ  INVIERNO 2026.xlsm,GILDA,GILDA TEVEZ,CHALADA,ZAPATILLA,39-TROYA-4,BLANCO,,14990,39990,12,,,,,763
LP CONSOLIDADO GILDA TEVEZ  INVIERNO 2026.xlsm,GILDA,GILDA TEVEZ,CHALADA,ZAPATILLA,39-TROYA-4,BLANCO,,14990,39990,8,,,,,764
LP CONSOLIDADO GILDA TEVEZ  INVIERNO 2026.xlsm,GILDA,GILDA TEVEZ,CHALADA,ZAPATILLA,39-TROYA-4,BEIGE,,14990,39990,12,,,,,765
LP CONSOLIDADO GILDA TEVEZ  INVIERNO 2026.xlsm,GILDA,GILDA TEVEZ,CHALADA,ZAPATILLA,39-TROYA-4,BEIGE,,14990,39990,8,,,,,766
LP CONSOLIDADO GILDA TEVEZ  INVIERNO 2026.xlsm,GILDA,GILDA TEVEZ,CHALADA,BOTIN,46-COSTA-1,NEGRO,,18490,44990,12,,,,,767
LP CONSOLIDADO GILDA TEVEZ  INVIERNO 2026.xlsm,GILDA,GILDA TEVEZ,CHALADA,BOTIN,46-COSTA-1,NEGRO,,18490,44990,12,,,,,768
LP CONSOLIDADO GILDA TEVEZ  INVIERNO 2026.xlsm,GILDA,GILDA TEVEZ,CHALADA,BOTIN,46-COSTA-2,NEGRO,,17990,44990,12,12/fact 10182 23/03/2026,12/fact 10182 23/03/2026,,,769
LP CONSOLIDADO GILDA TEVEZ  INVIERNO 2026.xlsm,GILDA,GILDA TEVEZ,CHALADA,BOTIN,46-COSTA-2,NEGRO,,17990,44990,12,,,,,770
LP CONSOLIDADO GILDA TEVEZ  INVIERNO 2026.xlsm,GILDA,GILDA TEVEZ,CHALADA,BOTIN,46-COSTA-2,TOSTADO,,17990,44990,12,12/fact 10182 23/03/2026,12/fact 10182 23/03/2026,,,771
LP CONSOLIDADO GILDA TEVEZ  INVIERNO 2026.xlsm,GILDA,GILDA TEVEZ,CHALADA,BOTIN,46-COSTA-2,TOSTADO,,17990,44990,12,,,,,772
LP CONSOLIDADO GILDA TEVEZ  INVIERNO 2026.xlsm,GILDA,GILDA TEVEZ,CHALADA,BOTIN,46-COSTA-3,NEGRO,,17990,44990,12,,,,,773
LP CONSOLIDADO GILDA TEVEZ  INVIERNO 2026.xlsm,GILDA,GILDA TEVEZ,CHALADA,BOTIN,46-COSTA-3,NEGRO,,17990,44990,12,,,,,774
LP CONSOLIDADO GILDA TEVEZ  INVIERNO 2026.xlsm,GILDA,GILDA TEVEZ,CHALADA,BOTIN,46-COSTA-3,NEGRO,,17990,44990,8,,,,,775
LP CONSOLIDADO GILDA TEVEZ  INVIERNO 2026.xlsm,GILDA,GILDA TEVEZ,CHALADA,BOTIN,46-COSTA-3,TOSTADO,,17990,44990,12,,,,,776
LP CONSOLIDADO GILDA TEVEZ  INVIERNO 2026.xlsm,GILDA,GILDA TEVEZ,CHALADA,BOTIN,46-COSTA-3,TOSTADO,,17990,44990,12,,,,,777
LP CONSOLIDADO GILDA TEVEZ  INVIERNO 2026.xlsm,GILDA,GILDA TEVEZ,CHALADA,BOTIN,46-COSTA-3,TOSTADO,,17990,44990,8,,,,,778
LP CONSOLIDADO GILDA TEVEZ  INVIERNO 2026.xlsm,GILDA,GILDA TEVEZ,CHALADA,BOTIN,46-DEILA-1,NEGRO,,17990,44990,12,,,,,779
LP CONSOLIDADO GILDA TEVEZ  INVIERNO 2026.xlsm,GILDA,GILDA TEVEZ,CHALADA,BOTIN,46-DEILA-1,NEGRO,,17990,44990,12,,,,,780
LP CONSOLIDADO GILDA TEVEZ  INVIERNO 2026.xlsm,GILDA,GILDA TEVEZ,CHALADA,BOTIN,46-DEILA-1,NEGRO,,17990,44990,8,,,,,781
LP CONSOLIDADO GILDA TEVEZ  INVIERNO 2026.xlsm,GILDA,GILDA TEVEZ,CHALADA,BOTA,46-TRAFA-1,NEGRO,,24990,59990,12,,,,,782
LP CONSOLIDADO GILDA TEVEZ  INVIERNO 2026.xlsm,GILDA,GILDA TEVEZ,CHALADA,BOTA,46-TRAFA-1,NEGRO,,24990,59990,8,,,,,783
LP CONSOLIDADO GILDA TEVEZ  INVIERNO 2026.xlsm,GILDA,GILDA TEVEZ,CHALADA,BOTA,46-TRAFA-1,TOSTADO,,24990,59990,12,,,,,784
LP CONSOLIDADO GILDA TEVEZ  INVIERNO 2026.xlsm,GILDA,GILDA TEVEZ,CHALADA,BOTA,46-TRAFA-1,TOSTADO,,24990,59990,8,,,,,785
LP CONSOLIDADO GILDA TEVEZ  INVIERNO 2026.xlsm,GILDA,GILDA TEVEZ,CHALADA,BOTIN,47-BRIKLIN-1,NEGRO,,17490,36990,12,,,,,786
LP CONSOLIDADO GILDA TEVEZ  INVIERNO 2026.xlsm,GILDA,GILDA TEVEZ,CHALADA,BOTIN,47-BRIKLIN-1,TOSTADO,,17490,36990,12,,,,,787
LP CONSOLIDADO GILDA TEVEZ  INVIERNO 2026.xlsm,GILDA,GILDA TEVEZ,CHALADA,BOTIN,47-CONA-3,AZUL,,13990,29990,12,,,,,788
LP CONSOLIDADO GILDA TEVEZ  INVIERNO 2026.xlsm,GILDA,GILDA TEVEZ,CHALADA,BOTIN,47-CONA-3,NEGRO,,13990,29990,12,,,,,789
LP CONSOLIDADO GILDA TEVEZ  INVIERNO 2026.xlsm,GILDA,GILDA TEVEZ,CHALADA,BOTIN,47-DEZA-5,NEGRO,,13490,29990,12,,,,,790
LP CONSOLIDADO GILDA TEVEZ  INVIERNO 2026.xlsm,GILDA,GILDA TEVEZ,CHALADA,BOTIN,47-DEZA-5,OLIVO,,13490,29990,12,,,,,791
LP CONSOLIDADO GILDA TEVEZ  INVIERNO 2026.xlsm,GILDA,GILDA TEVEZ,CHALADA,BOTIN,47-DEZA-5,CAFE,,13490,29990,12,,,,,792
LP CONSOLIDADO GILDA TEVEZ  INVIERNO 2026.xlsm,GILDA,GILDA TEVEZ,CHALADA,ZAPATO,47-MALU-4,NEGRO,,10990,24990,12,,,,,793
LP CONSOLIDADO GILDA TEVEZ  INVIERNO 2026.xlsm,GILDA,GILDA TEVEZ,CHALADA,ZAPATO,47-MALU-4,CAMEL,,10990,24990,12,,,,,794
LP CONSOLIDADO GILDA TEVEZ  INVIERNO 2026.xlsm,GILDA,GILDA TEVEZ,CHALADA,BOTIN,47-PETRA-1,NEGRO,,17990,36990,12,,,,,795
LP CONSOLIDADO GILDA TEVEZ  INVIERNO 2026.xlsm,GILDA,GILDA TEVEZ,CHALADA,BOTIN,47-PETRA-1,OLIVO,,17990,36990,12,,,,,796
LP CONSOLIDADO GILDA TEVEZ  INVIERNO 2026.xlsm,GILDA,GILDA TEVEZ,CHALADA,BOTIN,47-PETRA-1,CAFE,,17990,36990,12,,,,,797
LP CONSOLIDADO GILDA TEVEZ  INVIERNO 2026.xlsm,GILDA,GILDA TEVEZ,CHALADA,BOTIN,47-TORKE-1,NEGRO,,19490,39990,12,,,,,798
LP CONSOLIDADO GILDA TEVEZ  INVIERNO 2026.xlsm,GILDA,GILDA TEVEZ,CHALADA,BOTIN,47-TORKE-1,TAUPE,,19490,39990,12,,,,,799
LP CONSOLIDADO GILDA TEVEZ  INVIERNO 2026.xlsm,GILDA,GILDA TEVEZ,CHALADA,BOTIN,47-TORKE-2,NEGRO,,19990,39990,12,,,,,800
LP CONSOLIDADO GILDA TEVEZ  INVIERNO 2026.xlsm,GILDA,GILDA TEVEZ,CHALADA,BOTIN,47-TORKE-2,OLIVO,,19990,39990,12,,,,,801
LP CONSOLIDADO GILDA TEVEZ  INVIERNO 2026.xlsm,GILDA,GILDA TEVEZ,CHALADA,BOTIN,47-TORKE-2,TOSTADO,,19990,39990,12,,,,,802
LP CONSOLIDADO GILDA TEVEZ  INVIERNO 2026.xlsm,GILDA,GILDA TEVEZ,CHALADA,BOTIN,47-YORKI-1,NEGRO,,19490,39990,12,,,,,803
LP CONSOLIDADO GILDA TEVEZ  INVIERNO 2026.xlsm,GILDA,GILDA TEVEZ,CHALADA,BOTIN,47-YORKI-1,CAFE,,19490,39990,12,,,,,804
LP CONSOLIDADO GILDA TEVEZ  INVIERNO 2026.xlsm,GILDA,GILDA TEVEZ,CHALADA,BOTIN,47-YORKI-1,OLIVO,,19490,39990,12,,,,,805
LP CONSOLIDADO GILDA TEVEZ  INVIERNO 2026.xlsm,GILDA,GILDA TEVEZ,CHALADA,ZAPATO,50-CALAFATE-1,MARRON,,24990,49990,12,,,,,806
LP CONSOLIDADO GILDA TEVEZ  INVIERNO 2026.xlsm,GILDA,GILDA TEVEZ,CHALADA,BOTIN,50-MAQUI-1,NEGRO,,29990,59990,12,,,,,807
LP CONSOLIDADO GILDA TEVEZ  INVIERNO 2026.xlsm,GILDA,GILDA TEVEZ,CHALADA,BOTIN,50-MAQUI-1,CAFE,,29990,59990,12,,,,,808
LP CONSOLIDADO GILDA TEVEZ  INVIERNO 2026.xlsm,GILDA,GILDA TEVEZ,CHALADA,BOTIN,50-MOSQUETA-1,NEGRO,,34990,69990,12,,,,,809
LP CONSOLIDADO GILDA TEVEZ  INVIERNO 2026.xlsm,GILDA,GILDA TEVEZ,CHALADA,BOTIN,50-MOSQUETA-1,MARRON,,34990,69990,12,,,,,810
LP CONSOLIDADO GILDA TEVEZ  INVIERNO 2026.xlsm,GILDA,GILDA TEVEZ,CHALADA,BOTA,50-PALENA-1,NEGRO,,54990,109990,12,,,,,811
LP CONSOLIDADO GILDA TEVEZ  INVIERNO 2026.xlsm,GILDA,GILDA TEVEZ,CHALADA,BOTA,50-PALENA-1,MARRON,,54990,109990,12,,,,,812
LP CONSOLIDADO GILDA TEVEZ  INVIERNO 2026.xlsm,GILDA,GILDA TEVEZ,CHALADA,BOTA,50-PUELO-3,NEGRO,,54990,109990,12,,,,,813
LP CONSOLIDADO GILDA TEVEZ  INVIERNO 2026.xlsm,GILDA,GILDA TEVEZ,CHALADA,BOTA,50-ROCKY-1,BLACK,,44990,89990,12,,,,,814
LP CONSOLIDADO GILDA TEVEZ  INVIERNO 2026.xlsm,GILDA,GILDA TEVEZ,CHALADA,ZAPATO,51-BALDI-1,NEGRO,,14490,29990,12,,,,,815
LP CONSOLIDADO GILDA TEVEZ  INVIERNO 2026.xlsm,GILDA,GILDA TEVEZ,CHALADA,ZAPATO,51-BALDI-1,V NEGRO,,14490,29990,12,,,12/fact 9795 09/02/2026,,816
LP CONSOLIDADO GILDA TEVEZ  INVIERNO 2026.xlsm,GILDA,GILDA TEVEZ,CHALADA,ZAPATO,51-BALDI-1,V NEGRO,,14490,29990,12,,,,,817
LP CONSOLIDADO GILDA TEVEZ  INVIERNO 2026.xlsm,GILDA,GILDA TEVEZ,CHALADA,ZAPATO,51-BALDI-1,V NEGRO,,14490,29990,8,,,,,818
LP CONSOLIDADO GILDA TEVEZ  INVIERNO 2026.xlsm,GILDA,GILDA TEVEZ,CHALADA,ZAPATO,51-BALDI-2,V NEGRO,,14490,29990,12,,,,,819
LP CONSOLIDADO GILDA TEVEZ  INVIERNO 2026.xlsm,GILDA,GILDA TEVEZ,CHALADA,ZAPATO,51-BALDI-2,V NEGRO,,14490,29990,12,,,,,820
LP CONSOLIDADO GILDA TEVEZ  INVIERNO 2026.xlsm,GILDA,GILDA TEVEZ,CHALADA,ZAPATO,51-BALDI-2,V NEGRO,,14490,29990,8,,,,,821
LP CONSOLIDADO GILDA TEVEZ  INVIERNO 2026.xlsm,GILDA,GILDA TEVEZ,CHALADA,ZAPATO,51-BALDI-3,NEGRO/PRINT,,14490,29990,12,,,,,822
LP CONSOLIDADO GILDA TEVEZ  INVIERNO 2026.xlsm,GILDA,GILDA TEVEZ,CHALADA,ZAPATO,51-BALDI-3,NEGRO/PRINT,,14490,29990,12,,,,,823
LP CONSOLIDADO GILDA TEVEZ  INVIERNO 2026.xlsm,GILDA,GILDA TEVEZ,CHALADA,ZAPATO,51-BALDI-3,NEGRO/PRINT,,14490,29990,8,,,,,824
LP CONSOLIDADO GILDA TEVEZ  INVIERNO 2026.xlsm,GILDA,GILDA TEVEZ,CHALADA,ZAPATO,51-BALDI-4,NEGRO,,14490,29990,12,,,,,825
LP CONSOLIDADO GILDA TEVEZ  INVIERNO 2026.xlsm,GILDA,GILDA TEVEZ,CHALADA,ZAPATO,51-BALDI-4,NEGRO,,14490,29990,12,,,,,826
LP CONSOLIDADO GILDA TEVEZ  INVIERNO 2026.xlsm,GILDA,GILDA TEVEZ,CHALADA,ZAPATO,51-BALDI-4,NEGRO,,14490,29990,8,,,,,827
LP CONSOLIDADO GILDA TEVEZ  INVIERNO 2026.xlsm,GILDA,GILDA TEVEZ,CHALADA,ZAPATO,51-BALDI-5,S NEGRO,,15490,34990,12,,,,,828
LP CONSOLIDADO GILDA TEVEZ  INVIERNO 2026.xlsm,GILDA,GILDA TEVEZ,CHALADA,ZAPATO,51-BALDI-5,S NEGRO,,15490,34990,12,,,,,829
LP CONSOLIDADO GILDA TEVEZ  INVIERNO 2026.xlsm,GILDA,GILDA TEVEZ,CHALADA,ZAPATO,51-BALDI-5,S NEGRO,,15490,34990,8,,,,,830
LP CONSOLIDADO GILDA TEVEZ  INVIERNO 2026.xlsm,GILDA,GILDA TEVEZ,CHALADA,ZAPATO,51-BICCARI-1,V NEGRO,,14490,34990,12,,,,,831
LP CONSOLIDADO GILDA TEVEZ  INVIERNO 2026.xlsm,GILDA,GILDA TEVEZ,CHALADA,ZAPATO,51-BICCARI-1,V NEGRO,,14490,34990,8,,,,,832
LP CONSOLIDADO GILDA TEVEZ  INVIERNO 2026.xlsm,GILDA,GILDA TEVEZ,CHALADA,ZAPATO,51-BICCARI-1,PEWTER,,14490,29990,12,,,,,833
LP CONSOLIDADO GILDA TEVEZ  INVIERNO 2026.xlsm,GILDA,GILDA TEVEZ,CHALADA,ZAPATO,51-BICCARI-2,NEGRO,,14490,29990,12,,,,,834
LP CONSOLIDADO GILDA TEVEZ  INVIERNO 2026.xlsm,GILDA,GILDA TEVEZ,CHALADA,ZAPATO,51-BICCARI-2,NEGRO,,14490,29990,8,,,,,835
LP CONSOLIDADO GILDA TEVEZ  INVIERNO 2026.xlsm,GILDA,GILDA TEVEZ,CHALADA,ZAPATO,51-BOLSE-1,NEGRO,,14490,29990,12,,,,,836
LP CONSOLIDADO GILDA TEVEZ  INVIERNO 2026.xlsm,GILDA,GILDA TEVEZ,CHALADA,ZAPATO,51-BOLSE-1,NEGRO,,14490,29990,8,,,,,837
LP CONSOLIDADO GILDA TEVEZ  INVIERNO 2026.xlsm,GILDA,GILDA TEVEZ,CHALADA,ZAPATO,51-BOLSE-52,NEGRO,,14490,29990,12,,,,,838
LP CONSOLIDADO GILDA TEVEZ  INVIERNO 2026.xlsm,GILDA,GILDA TEVEZ,CHALADA,ZAPATO,51-BOLSE-52,NEGRO,,14490,29990,12,,,,,839
LP CONSOLIDADO GILDA TEVEZ  INVIERNO 2026.xlsm,GILDA,GILDA TEVEZ,CHALADA,ZAPATO,51-BOLSE-52,NEGRO,,14490,29990,8,,,,,840
LP CONSOLIDADO GILDA TEVEZ  INVIERNO 2026.xlsm,GILDA,GILDA TEVEZ,CHALADA,ZAPATO,51-BRUNA-1,V NEGRO,,15490,34990,12,,,,,841
LP CONSOLIDADO GILDA TEVEZ  INVIERNO 2026.xlsm,GILDA,GILDA TEVEZ,CHALADA,ZAPATO,51-BRUNA-1,V NEGRO,,15490,34990,12,,,,,842
LP CONSOLIDADO GILDA TEVEZ  INVIERNO 2026.xlsm,GILDA,GILDA TEVEZ,CHALADA,ZAPATO,51-BRUNA-1,V NEGRO,,15490,34990,8,,,,,843
LP CONSOLIDADO GILDA TEVEZ  INVIERNO 2026.xlsm,GILDA,GILDA TEVEZ,CHALADA,ZAPATO,51-BRUNA-3,V NEGRO,,15490,34990,12,,,12,,844
LP CONSOLIDADO GILDA TEVEZ  INVIERNO 2026.xlsm,GILDA,GILDA TEVEZ,CHALADA,ZAPATO,51-BRUNA-3,V NEGRO,,15490,34990,12,,,,,845
LP CONSOLIDADO GILDA TEVEZ  INVIERNO 2026.xlsm,GILDA,GILDA TEVEZ,CHALADA,ZAPATO,51-BRUNA-3,V NEGRO,,15490,34990,8,,,,,846
LP CONSOLIDADO GILDA TEVEZ  INVIERNO 2026.xlsm,GILDA,GILDA TEVEZ,CHALADA,ZAPATO,51-BRUNA-3,V BEIGE,,15490,34990,12,,,12,,847
LP CONSOLIDADO GILDA TEVEZ  INVIERNO 2026.xlsm,GILDA,GILDA TEVEZ,CHALADA,ZAPATO,51-BRUNA-3,V BEIGE,,15490,34990,12,,,,,848
LP CONSOLIDADO GILDA TEVEZ  INVIERNO 2026.xlsm,GILDA,GILDA TEVEZ,CHALADA,ZAPATO,51-BRUNA-3,V BEIGE,,15490,34990,8,,,,,849
LP CONSOLIDADO GILDA TEVEZ  INVIERNO 2026.xlsm,GILDA,GILDA TEVEZ,CHALADA,ZAPATO,51-CAMILLE-1,NEGRO,,13990,26990,12,,,,,850
LP CONSOLIDADO GILDA TEVEZ  INVIERNO 2026.xlsm,GILDA,GILDA TEVEZ,CHALADA,ZAPATO,51-CAMILLE-1,NEGRO,,13990,26990,12,,,,,851
LP CONSOLIDADO GILDA TEVEZ  INVIERNO 2026.xlsm,GILDA,GILDA TEVEZ,CHALADA,ZAPATO,51-CAMILLE-1,NEGRO,,13990,26990,8,,,,,852
LP CONSOLIDADO GILDA TEVEZ  INVIERNO 2026.xlsm,GILDA,GILDA TEVEZ,CHALADA,ZAPATO,51-CAMILLE-1,V NEGRO,,13990,26990,12,,,,,853
LP CONSOLIDADO GILDA TEVEZ  INVIERNO 2026.xlsm,GILDA,GILDA TEVEZ,CHALADA,ZAPATO,51-CAMILLE-1,V NEGRO,,13990,26990,12,,,,,854
LP CONSOLIDADO GILDA TEVEZ  INVIERNO 2026.xlsm,GILDA,GILDA TEVEZ,CHALADA,ZAPATO,51-CAMILLE-1,V NEGRO,,13990,26990,8,,,,,855
LP CONSOLIDADO GILDA TEVEZ  INVIERNO 2026.xlsm,GILDA,GILDA TEVEZ,CHALADA,ZAPATO,51-GIANNI-1,V NEGRO,,14990,29990,12,,,,,856
LP CONSOLIDADO GILDA TEVEZ  INVIERNO 2026.xlsm,GILDA,GILDA TEVEZ,CHALADA,ZAPATO,51-GIANNI-1,V BURDEO,,14990,29990,12,,,,,857
LP CONSOLIDADO GILDA TEVEZ  INVIERNO 2026.xlsm,GILDA,GILDA TEVEZ,CHALADA,ZAPATO,51-NEVE-1,V NEGRO,,12990,26990,12,,,,,858
LP CONSOLIDADO GILDA TEVEZ  INVIERNO 2026.xlsm,GILDA,GILDA TEVEZ,CHALADA,ZAPATO,51-NEVE-1,NEGRO,,12990,26990,12,,,,,859
LP CONSOLIDADO GILDA TEVEZ  INVIERNO 2026.xlsm,GILDA,GILDA TEVEZ,CHALADA,ZAPATO,51-NEVE-1,NUDE,,12990,26990,12,,,,,860
LP CONSOLIDADO GILDA TEVEZ  INVIERNO 2026.xlsm,GILDA,GILDA TEVEZ,CHALADA,ZAPATO,59-MAIPO-1,NEGRO,,,,12,,,,,861
LP CONSOLIDADO GILDA TEVEZ  INVIERNO 2026.xlsm,GILDA,GILDA TEVEZ,CHALADA,ZAPATO,59-TORTEL-1,NEGRO,,,,12,,,,,862
LP CONSOLIDADO GILDA TEVEZ  INVIERNO 2026.xlsm,GILDA,GILDA TEVEZ,,,X,,,,,,,,,,864
TEBES  ESCOLAR 2026.xlsm,TEBES,TEBES ESCOLAR,UNS,NIÑO,2936,FULL NEGRO,,15490,,,,,,,9
TEBES  ESCOLAR 2026.xlsm,TEBES,TEBES ESCOLAR,UNS,NIÑO,2936,PLANTILLA HONECOMB,,15490,,,,,,,9
TEBES  ESCOLAR 2026.xlsm,TEBES,TEBES ESCOLAR,ALQUIMIA,MUJER,3041,NEGRO,36 - 41,14490,,,,,,,14
TEBES  ESCOLAR 2026.xlsm,TEBES,TEBES ESCOLAR,ALQUIMIA,MUJER,3041,MEMORY FOAM,36 - 41,14490,,,,,,,14
TEBES  ESCOLAR 2026.xlsm,TEBES,TEBES ESCOLAR,UNS,HOMBRE,9868,FULL NEGRO,,15990,,,,,,,19
TEBES  ESCOLAR 2026.xlsm,TEBES,TEBES ESCOLAR,UNS,HOMBRE,9868,BLANCO / AZUL,,15990,,,,,,,19
TEBES  ESCOLAR 2026.xlsm,TEBES,TEBES ESCOLAR,UNS,HOMBRE,9868,PLANTILLA HONECOMB,,15990,,,,,,,19
TEBES  ESCOLAR 2026.xlsm,TEBES,TEBES ESCOLAR,UNS,HOMBRE,9884,NEGRO,,15990,,,,,,,23
TEBES  ESCOLAR 2026.xlsm,TEBES,TEBES ESCOLAR,UNS,HOMBRE,9884,PLANTILLA HONECOMB,,15990,,,,,,,23
