sku,producto_talla_id,sucursal_id,sucursal_alias,sucursal_nombre,articulo,talla,stock_legacy,stock_lotes,stock_kardex,ajuste_necesario,direccion
4826021,94568,2,PAO1,,2062,38,1,1,3,0,SIN_CAMBIO
4805897,95110,2,PAO1,,2077,41,3,1,7,-2,DISMINUIR
4804007,332852,2,PAO1,,A15,31,2,1,4,-1,DISMINUIR
4801526,586781,2,PAO1,,ZM22-12082-90,41,2,1,4,-1,DISMINUIR
4773052,285794,2,PAO1,,788,39,1,0,2,-1,DISMINUIR
4806091,541133,2,PAO1,,S402A0767-B,40,2,1,5,-1,DISMINUIR
4790652,362952,2,PAO1,,BOLSA GENERO,00,491,197,698,-294,DISMINUIR
4811146,462050,2,PAO1,,H-182,37,2,2,4,0,SIN_CAMBIO
4818371,158352,2,PAO1,,3334-20,38,5,4,10,-1,DISMINUIR
4797676,535685,2,PAO1,,R72-1,35,2,0,3,-2,DISMINUIR
4813834,423712,2,PAO1,,FC61153-91,38,2,1,4,-1,DISMINUIR
4822617,535109,2,PAO1,,R1905,38,1,2,4,1,AUMENTAR
4697635,266584,2,PAO1,,658,40,2,1,4,-1,DISMINUIR
4821405,80905,2,PAO1,,183004-WHT,42,2,1,4,-1,DISMINUIR
4730081,280134,2,PAO1,,73690-WHT,38,2,1,4,-1,DISMINUIR
4820692,88213,6,NICK1,,1BM02488-013,10,1,0,2,-1,DISMINUIR
4809092,24109,6,NICK1,,1149,"4,0",11,6,19,-5,DISMINUIR
4819216,424285,6,NICK1,,FD6476-600,"7,5",4,3,11,-1,DISMINUIR
4812815,362969,6,NICK1,,BOLSA REAL,00,939,538,1746,-401,DISMINUIR
4821172,507530,6,NICK1,,MEDIA POLYESTER ECO AD,00,37,43,92,6,AUMENTAR
4790354,460543,6,NICK1,,GZ5921,"8,0",1,1,6,0,SIN_CAMBIO
4744685,51316,6,NICK1,,1361700-002,S,1,0,3,-1,DISMINUIR
4748432,52628,6,NICK1,,1370542-012,M,2,2,5,0,SIN_CAMBIO
4827695,373505,6,NICK1,,CCPOLV2636NE,Xl,1,0,2,-1,DISMINUIR
4809094,24349,6,NICK1,,1163,"4,0",2,3,6,1,AUMENTAR
4828361,496777,6,NICK1,,KD4245,00,3,9,14,6,AUMENTAR
4827095,485617,6,NICK1,,IM1652-002,"7,5",1,0,2,-1,DISMINUIR
4756366,231066,6,NICK1,,533263 01,S,4,3,8,-1,DISMINUIR
4807656,516135,6,NICK1,,P7310-407Q88,L,1,0,2,-1,DISMINUIR
4827247,426912,6,NICK1,,FQ1833-401,"8,5",1,1,3,0,SIN_CAMBIO
4782078,527379,4,PAO3,,PI-74503500000765,39,1,2,3,1,AUMENTAR
4790652,362953,4,PAO3,,BOLSA GENERO,00,1731,759,2755,-972,DISMINUIR
4802934,486760,4,PAO3,,IX7989,00,5,7,13,2,AUMENTAR
4811813,124861,4,PAO3,,275-5596,36,4,0,5,-4,DISMINUIR
4830335,589630,4,PAO3,,224-0385,36,4,0,5,-4,DISMINUIR
4744021,202787,4,PAO3,,45-1,00,933,967,1939,34,AUMENTAR
4832414,599105,4,PAO3,,6G30,38,2,0,4,-2,DISMINUIR
4831867,597391,4,PAO3,,5Y44-1,37,1,0,2,-1,DISMINUIR
4816074,249974,4,PAO3,,5T23-1,37,2,2,6,0,SIN_CAMBIO
4828995,591913,4,PAO3,,881-6785,43,1,0,2,-1,DISMINUIR
4788441,549167,4,PAO3,,SS24PO103,39,2,2,5,0,SIN_CAMBIO
4776571,521252,4,PAO3,,PI-13018500000280,38,4,4,9,0,SIN_CAMBIO
4782390,98535,4,PAO3,,2106.1041.13488.16072,21,1,1,3,0,SIN_CAMBIO
4790997,455757,4,PAO3,,GW6468,"8,0",2,1,4,-1,DISMINUIR
4819867,195372,4,PAO3,,406-0069,37,3,2,6,-1,DISMINUIR
4823918,154147,4,PAO3,,314089L-WMLT,37,2,1,5,-1,DISMINUIR
4821780,147276,4,PAO3,,303982L-BKPK,36,1,0,3,-1,DISMINUIR
4825499,233119,4,PAO3,,5500.112.9569-15745,37,2,1,5,-1,DISMINUIR
4771860,477321,4,PAO3,,IC1311,L,19,19,39,0,SIN_CAMBIO
4819240,553711,4,PAO3,,SX7676-100,L,11,10,22,-1,DISMINUIR
4810624,490448,4,PAO3,,JF8541,XS,1,2,3,1,AUMENTAR
4788440,549164,4,PAO3,,SS24PO103,38,3,2,6,-1,DISMINUIR
4788392,549143,4,PAO3,,SS24PO102,38,2,2,5,0,SIN_CAMBIO
4823632,277231,4,PAO3,,7203.102.29986-15745,35,1,0,2,-1,DISMINUIR
4783921,554378,4,PAO3,,T2110,38,1,0,2,-1,DISMINUIR
4816249,116566,5,PAO4,,24-29,36,1,3,3,2,AUMENTAR
4790652,362948,5,PAO4,,BOLSA GENERO,00,99,0,109,-99,DISMINUIR
4802539,177539,5,PAO4,,384-0606,37,1,0,2,-1,DISMINUIR
4782505,263824,5,PAO4,,6469.100.7286.15745,35,1,0,2,-1,DISMINUIR
4405472,377401,5,PAO4,,CH153,00,3,0,6,-3,DISMINUIR
4705210,278073,5,PAO4,,728-1190,39,1,1,3,0,SIN_CAMBIO
4805442,300730,5,PAO4,,8360.353.26508-23146,35,1,0,2,-1,DISMINUIR
4803458,488702,3,PAO2,,J0628,44,1,0,2,-1,DISMINUIR
4818417,89559,3,PAO2,,2.20.00,00,12,14,31,2,AUMENTAR
4826831,225211,3,PAO2,,5207015179799,00,7,7,16,0,SIN_CAMBIO
4827985,363063,3,PAO2,,BOTELLA B,00,6,5,12,-1,DISMINUIR
4817246,530632,3,PAO2,,PPS-03,00,14,16,31,2,AUMENTAR
4814933,338574,3,PAO2,,AHM,"6,0",3,1,6,-2,DISMINUIR
4821941,566175,3,PAO2,,VENDA DE BOX,00,5,5,11,0,SIN_CAMBIO
4818852,313106,3,PAO2,,889-1746,39,1,0,2,-1,DISMINUIR
4790652,362949,3,PAO2,,BOLSA GENERO,00,556,290,1064,-266,DISMINUIR
4760688,315425,3,PAO2,,9.55.15,L,6,7,18,1,AUMENTAR
4756403,227543,3,PAO2,,521520013,L,3,2,6,-1,DISMINUIR
4787833,227437,3,PAO2,,5215100152114,00,3,5,10,2,AUMENTAR
4826024,94641,3,PAO2,,2062,41,1,0,2,-1,DISMINUIR
4828383,357487,3,PAO2,,BALON STORM XXV,00,5,4,11,-1,DISMINUIR
4759156,225296,3,PAO2,,5207016198980,00,6,19,27,13,AUMENTAR
4827472,89495,3,PAO2,,2.00.50,00,5,5,11,0,SIN_CAMBIO
4821294,224133,3,PAO2,,520532170,"7,0",2,1,4,-1,DISMINUIR
4827987,518087,3,PAO2,,PELOTA TACA TACA,00,83,30,131,-53,DISMINUIR
4711197,547601,3,PAO2,,SP0040-101,L,10,12,23,2,AUMENTAR
4768159,441242,3,PAO2,,G8242,41,0,1,1,1,AUMENTAR
159821,511267,3,PAO2,,MSAFTOE,00,1,3,5,2,AUMENTAR
4754467,553541,3,PAO2,,SX7670-100,L,19,22,42,3,AUMENTAR
4750887,104368,3,PAO2,,21JS28,37,3,2,6,-1,DISMINUIR
4814262,397422,3,PAO2,,DCA91102-40,37,1,0,2,-1,DISMINUIR
4812542,491379,3,PAO2,,JI6953,00,3,3,7,0,SIN_CAMBIO
4808780,449994,3,PAO2,,GR-NBA-12245,42,2,1,4,-1,DISMINUIR
4780112,124148,3,PAO2,,2714271307,28,3,2,6,-1,DISMINUIR
4817288,547105,3,PAO2,,SJ-3,42,2,2,5,0,SIN_CAMBIO
4771651,474455,3,PAO2,,HT6356,M,6,4,12,-2,DISMINUIR
4820671,296422,3,PAO2,,82223U-090,10,1,0,2,-1,DISMINUIR
4816214,117918,3,PAO2,,25-14,37,4,2,8,-2,DISMINUIR
4780506,5542,7,NICK2,,066143999335,00,13,7,28,-6,DISMINUIR
4780577,16795,7,NICK2,,1014019402,00,80,23,119,-57,DISMINUIR
4790421,540211,7,NICK2,,S20-2A,27,8,7,19,-1,DISMINUIR
4780576,16789,7,NICK2,,1014019401,00,81,88,185,7,AUMENTAR
4821284,490035,7,NICK2,,JD6021,S,5,7,15,2,AUMENTAR
4796840,485936,7,NICK2,,IP3995,S,24,27,52,3,AUMENTAR
4768917,360310,7,NICK2,,BBS-02,00,23,28,54,5,AUMENTAR
4780429,519217,7,NICK2,,PH830,00,93,98,194,5,AUMENTAR
4812815,362970,7,NICK2,,BOLSA REAL,00,861,900,2084,39,AUMENTAR
4780470,89708,7,NICK2,,2.40.32,M,9,16,28,7,AUMENTAR
4822489,529400,7,NICK2,,PIZARRA,00,2,7,10,5,AUMENTAR
4820462,119343,7,NICK2,,252061L-BKPK,32,1,0,2,-1,DISMINUIR
4809587,510420,7,NICK2,,MO22009,00,1,1,3,0,SIN_CAMBIO
4807618,486134,7,NICK2,,IS5399,S,15,15,38,0,SIN_CAMBIO
4770703,16775,7,NICK2,,1014019301,00,86,92,192,6,AUMENTAR
4744021,202786,7,NICK2,,45-1,00,987,3375,4407,2388,AUMENTAR
4806886,391610,7,NICK2,,D-RV-809172,00,4,4,9,0,SIN_CAMBIO
4798177,534652,7,NICK2,,R.10.01,XS,40,7,63,-33,DISMINUIR
4780574,16783,7,NICK2,,1014019313,00,55,53,112,-2,DISMINUIR
4780482,9057,7,NICK2,,1.00.15,00,4,5,10,1,AUMENTAR
4776343,9066,7,NICK2,,1.60.04,00,36,41,79,5,AUMENTAR
4777881,90072,7,NICK2,,2.90.33,00,15,22,41,7,AUMENTAR
4770700,16763,7,NICK2,,1014019202,00,79,82,176,3,AUMENTAR
4770696,16742,7,NICK2,,1014017902,00,98,85,194,-13,DISMINUIR
4828267,510458,7,NICK2,,MO22217,00,26,33,61,7,AUMENTAR
4817928,508539,7,NICK2,,MI3715,"9,0",15,13,30,-2,DISMINUIR
4770699,16762,7,NICK2,,1014019201,00,74,82,181,8,AUMENTAR
4819179,425354,7,NICK2,,FJ2610-300,"3,0",2,1,4,-1,DISMINUIR
4772981,216530,7,NICK2,,5.00.11,00,43,72,116,29,AUMENTAR
4818254,470811,7,NICK2,,HM0283-001,"9,0",5,4,10,-1,DISMINUIR
4797990,16876,7,NICK2,,1014077901,00,36,17,69,-19,DISMINUIR
4819287,427393,7,NICK2,,FQ8333-500,"9,0",1,1,3,0,SIN_CAMBIO
4799321,405137,7,NICK2,,DV4342-300,"8,5",2,1,4,-1,DISMINUIR
4776921,89748,7,NICK2,,2.40.38,Xl,4,5,10,1,AUMENTAR
4799509,16862,7,NICK2,,1014057901,00,20,37,74,17,AUMENTAR
4803436,16868,7,NICK2,,1014057944,00,11,15,32,4,AUMENTAR
4808417,203170,7,NICK2,,451017300,M,1,1,3,0,SIN_CAMBIO
4769769,2026,7,NICK2,,02-601,00,3,0,4,-3,DISMINUIR
4780578,16796,7,NICK2,,1014019413,00,61,26,97,-35,DISMINUIR
4803997,563266,7,NICK2,,V25,00,2,23,27,21,AUMENTAR
4817964,519086,7,NICK2,,PH0605,00,1,3,5,2,AUMENTAR
4810067,413640,7,NICK2,,EGOTIKO STELLAR PRO,10,1,0,2,-1,DISMINUIR
4814761,398454,7,NICK2,,DEPBOMBRP005,00,1,1,4,0,SIN_CAMBIO
4820430,119307,7,NICK2,,252060L-BKPK,33,1,0,2,-1,DISMINUIR
4799510,16800,7,NICK2,,1014019444,00,42,11,62,-31,DISMINUIR
4814408,372658,7,NICK2,,CAMISETA RECAMBIO,M,2,1,4,-1,DISMINUIR
4821152,496929,7,NICK2,,KFEP-NLR 32MM,00,4,7,14,3,AUMENTAR
4827962,453042,7,NICK2,,GUANTE FITNESS,S,1,2,4,1,AUMENTAR
4760686,315433,7,NICK2,,9.55.15,S,51,14,76,-37,DISMINUIR
4803090,405272,7,NICK2,,DV4344-400,10,2,1,4,-1,DISMINUIR
4789881,335324,7,NICK2,,ACCB014,00,2,2,5,0,SIN_CAMBIO
4824608,451245,7,NICK2,,GR-RI-12303,40,4,4,9,0,SIN_CAMBIO
4793239,22172,7,NICK2,,110025,S,4,3,16,-1,DISMINUIR
4421664,511336,7,NICK2,,MSCOIN45-C,00,20,2,25,-18,DISMINUIR
4828093,53274,7,NICK2,,1379774-001,M,3,3,7,0,SIN_CAMBIO
4799593,553230,7,NICK2,,SX5728-010,L,13,24,43,11,AUMENTAR
4750928,104560,2,PAO1,,21JS35,36,2,1,4,-1,DISMINUIR
4809720,541504,2,PAO1,,S410E1153-RS,20,1,0,2,-1,DISMINUIR
4742037,547061,2,PAO1,,SJ-2,41,6,4,12,-2,DISMINUIR
4712487,97000,2,PAO1,,20XH14,41,6,5,12,-1,DISMINUIR
4809682,541435,2,PAO1,,S410D1165-AM,28,1,0,2,-1,DISMINUIR
4723841,138648,2,PAO1,,302430L-GYMT,31,0,1,1,1,AUMENTAR
4806754,495822,2,PAO1,,K22853-Y0,33,2,2,4,0,SIN_CAMBIO
4701058,462506,2,PAO1,,H-91,37,9,7,17,-2,DISMINUIR
4790808,114062,2,PAO1,,232478-BBK,43,1,0,2,-1,DISMINUIR
4801219,463065,2,PAO1,,H01,40,2,1,4,-1,DISMINUIR
252189,318298,2,PAO1,,908,41,3,1,6,-2,DISMINUIR
4825941,95632,2,PAO1,,2083,41,1,0,2,-1,DISMINUIR
4806127,588045,2,PAO1,,ZX1577,39,2,1,4,-1,DISMINUIR
4687941,465560,2,PAO1,,H8,00,2,2,5,0,SIN_CAMBIO
4832650,600140,6,NICK1,,DA001/A 2026,M,9,0,10,-9,DISMINUIR
4812281,185633,6,NICK1,,400139N-BKSL,21,2,1,4,-1,DISMINUIR
4826766,16015,6,NICK1,,100251859,"9,0",1,2,4,1,AUMENTAR
4812220,145388,6,NICK1,,303573N-BLK,23,2,0,4,-2,DISMINUIR
4821174,507531,6,NICK1,,MEDIA POLYESTER ECO AD,00,37,43,82,6,AUMENTAR
4812117,114628,6,NICK1,,232714-BKLM,46,1,0,2,-1,DISMINUIR
4827323,376039,6,NICK1,,CD7782-602,"5,5",4,3,8,-1,DISMINUIR
4701283,553324,6,NICK1,,SX7664-010,M,33,37,71,4,AUMENTAR
4827053,445195,6,NICK1,,GORRO CDA,00,15,20,38,5,AUMENTAR
4798735,479703,6,NICK1,,IE1023,"9,5",3,2,6,-1,DISMINUIR
4821169,507532,6,NICK1,,MEDIA POLYESTER ECO JR,00,41,52,98,11,AUMENTAR
4744591,51021,6,NICK1,,1361561-432,S,2,1,4,-1,DISMINUIR
4813233,406040,6,NICK1,,DV5457-002,13,2,2,4,0,SIN_CAMBIO
4827124,467849,6,NICK1,,HJ8485-602,"9,5",2,1,4,-1,DISMINUIR
4815962,507542,6,NICK1,,MEDIA POLYESTER ECO JUV,00,41,54,98,13,AUMENTAR
4801250,464123,4,PAO3,,H09,41,4,3,9,-1,DISMINUIR
4816109,246720,4,PAO3,,5B06-1,37,1,0,2,-1,DISMINUIR
4764451,273253,4,PAO3,,7-DECO-2,38,2,3,6,1,AUMENTAR
4801233,463399,4,PAO3,,H03,42,6,5,12,-1,DISMINUIR
4813518,316129,4,PAO3,,9013-02,40,1,0,2,-1,DISMINUIR
4801297,461696,4,PAO3,,H-116,37,1,0,2,-1,DISMINUIR
4823234,142491,4,PAO3,,3027-04,37,1,0,2,-1,DISMINUIR
4760540,71714,4,PAO3,,161-5353,25,1,0,2,-1,DISMINUIR
4813385,228303,4,PAO3,,52458-WHT,41,1,1,3,0,SIN_CAMBIO
4781146,279638,4,PAO3,,73690-BBK,"38,5",1,0,2,-1,DISMINUIR
4784316,485597,4,PAO3,,IK8360,M,4,5,10,1,AUMENTAR
4811262,171862,4,PAO3,,373-0072,40,1,0,2,-1,DISMINUIR
4822628,535092,4,PAO3,,R1905,37,1,0,2,-1,DISMINUIR
4796423,522167,4,PAO3,,PI-14313300000277,38,1,0,2,-1,DISMINUIR
4776606,522099,4,PAO3,,PI-14313300000241,37,4,2,7,-2,DISMINUIR
4811038,188926,4,PAO3,,403694L-BBK,38,2,2,5,0,SIN_CAMBIO
4813496,201543,4,PAO3,,4421-16,37,1,1,3,0,SIN_CAMBIO
4826307,287007,4,PAO3,,801-01,35,2,1,4,-1,DISMINUIR
4783658,110264,4,PAO3,,23-18005-02,38,2,1,4,-1,DISMINUIR
4813797,378557,4,PAO3,,CHL62101-90,37,1,1,3,0,SIN_CAMBIO
4697646,272784,4,PAO3,,699,39,2,0,4,-2,DISMINUIR
4711202,553451,4,PAO3,,SX7667-100,L,10,10,22,0,SIN_CAMBIO
4781766,177564,4,PAO3,,384-0621,38,1,0,2,-1,DISMINUIR
4771859,477331,4,PAO3,,IC1311,M,19,19,39,0,SIN_CAMBIO
4810239,490048,4,PAO3,,JD9556,00,15,13,29,-2,DISMINUIR
4823826,67716,5,PAO4,,155506-BKRG,"36,5",2,1,4,-1,DISMINUIR
4804669,297205,5,PAO4,,8224.826.9830-15745,40,1,0,2,-1,DISMINUIR
4776368,280363,5,PAO4,,7377.102.21949.16579,36,2,1,4,-1,DISMINUIR
4820208,40396,5,PAO4,,1290.532.7286-15745,36,2,2,5,0,SIN_CAMBIO
4823572,212654,5,PAO4,,489-6877,35,1,0,2,-1,DISMINUIR
4791065,141323,5,PAO4,,302604L-WHT,29,1,0,2,-1,DISMINUIR
4814318,16585,5,PAO4,,101-9597,24,1,1,3,0,SIN_CAMBIO
4820184,28734,5,PAO4,,1184.1101.29960-41,38,1,0,2,-1,DISMINUIR
4744021,202783,5,PAO4,,45-1,00,1138,949,2135,-189,DISMINUIR
4804422,31984,5,PAO4,,12-HOT-70,38,1,0,2,-1,DISMINUIR
4788761,332146,5,PAO4,,A07181-1,37,1,0,2,-1,DISMINUIR
4693427,247856,5,PAO4,,5CE177,38,1,0,2,-1,DISMINUIR
4774819,114162,5,PAO4,,232591-BBK,42,1,0,2,-1,DISMINUIR
4807947,27380,5,PAO4,,117550-QUAL,"39,5",1,0,2,-1,DISMINUIR
4812079,27502,5,PAO4,,117560-WHT,39,1,0,2,-1,DISMINUIR
4414196,428269,5,PAO4,,FT173-430X3-90A,32,3,2,6,-1,DISMINUIR
4745782,239534,5,PAO4,,581-0445,37,3,2,6,-1,DISMINUIR
4818560,144772,5,PAO4,,303535L-BKMT,33,2,1,4,-1,DISMINUIR
4808782,450025,3,PAO2,,GR-NBA-12245,44,1,0,2,-1,DISMINUIR
4778718,315441,3,PAO2,,9.65.00,M,5,4,10,-1,DISMINUIR
4820638,304144,3,PAO2,,8461TL3005,12,2,1,4,-1,DISMINUIR
4801161,89563,3,PAO2,,2.20.01,00,10,10,21,0,SIN_CAMBIO
4817245,530628,3,PAO2,,PPS-02,00,16,16,33,0,SIN_CAMBIO
4798173,534642,3,PAO2,,R.10.0,XS,2,1,4,-1,DISMINUIR
4692666,225253,3,PAO2,,5207016101010,00,21,30,55,9,AUMENTAR
4772982,416552,3,PAO2,,F.00.09,S,1,1,2,0,SIN_CAMBIO
4826806,226307,3,PAO2,,520890510,M,5,4,10,-1,DISMINUIR
4750950,104484,3,PAO2,,21JS29,40,2,1,4,-1,DISMINUIR
4750956,104485,3,PAO2,,21JS29,40,1,0,2,-1,DISMINUIR
4718377,553566,3,PAO2,,SX7670-901,M,3,7,11,4,AUMENTAR
4754728,578731,3,PAO2,,X18250-62-90,37,2,1,4,-1,DISMINUIR
4777875,90054,3,PAO2,,2.90.13,00,35,13,50,-22,DISMINUIR
4784812,501219,3,PAO2,,M.20.50,00,5,6,12,1,AUMENTAR
4794835,286578,3,PAO2,,8-TANDA-200,40,1,0,2,-1,DISMINUIR
4810017,89868,3,PAO2,,2.70.70,00,8,7,17,-1,DISMINUIR
4820539,110860,3,PAO2,,23-JAVA-2,37,1,0,2,-1,DISMINUIR
4806356,241443,3,PAO2,,5835,37,1,0,2,-1,DISMINUIR
4828547,233726,3,PAO2,,551-6396,37,1,2,4,1,AUMENTAR
4819617,172593,3,PAO2,,375689 02,"1,0",2,1,4,-1,DISMINUIR
4819903,288418,3,PAO2,,804-0111,33,3,2,6,-1,DISMINUIR
4744214,476623,3,PAO2,,I9691,41,1,0,2,-1,DISMINUIR
4811481,193753,3,PAO2,,405097L-BKYL,36,2,1,4,-1,DISMINUIR
4798439,554286,3,PAO2,,T122,42,2,1,4,-1,DISMINUIR
4820649,296470,3,PAO2,,82223U-N84,"8,5",2,0,5,-2,DISMINUIR
4777865,216640,3,PAO2,,5.30.01,L,3,2,6,-1,DISMINUIR
4821977,362987,3,PAO2,,BOLSO BOTINERO,00,8,8,17,0,SIN_CAMBIO
4820761,246795,3,PAO2,,5B10-10,37,2,1,4,-1,DISMINUIR
4756413,225218,3,PAO2,,5207015198981,00,4,4,10,0,SIN_CAMBIO
4818455,379309,3,PAO2,,CINTILLO KASUP,00,5,7,15,2,AUMENTAR
4789355,90077,3,PAO2,,2.90.73,00,1,26,28,25,AUMENTAR
4812221,145390,3,PAO2,,303573N-BLK,24,2,0,3,-2,DISMINUIR
4797347,225139,3,PAO2,,52070151,00,33,22,66,-11,DISMINUIR
4750042,457569,3,PAO2,,GY0155,11,1,0,2,-1,DISMINUIR
4817101,488595,7,NICK2,,J0619-1,31,3,2,7,-1,DISMINUIR
4789466,507301,7,NICK2,,MB70203,00,18,15,35,-3,DISMINUIR
4770698,16759,7,NICK2,,1014017944,00,51,54,123,3,AUMENTAR
4815954,282913,7,NICK2,,7603,S,7,12,24,5,AUMENTAR
4810630,490265,7,NICK2,,JE8342,00,6,9,16,3,AUMENTAR
4748207,32239,7,NICK2,,1201,10,8,9,19,1,AUMENTAR
4817778,15191,7,NICK2,,100209617,"2,0",2,1,4,-1,DISMINUIR
4790546,415509,7,NICK2,,ENVIOS,00,674,774,509,100,AUMENTAR
4826690,15609,7,NICK2,,100232573,"7,0",1,0,2,-1,DISMINUIR
4760688,315427,7,NICK2,,9.55.15,L,15,32,56,17,AUMENTAR
4775483,16821,7,NICK2,,1014027920,00,35,43,80,8,AUMENTAR
4818286,427288,7,NICK2,,FQ8313-800,"3,0",2,1,4,-1,DISMINUIR
4822017,357565,7,NICK2,,BANDA CADERA WORK OUT,00,4,4,9,0,SIN_CAMBIO
4813255,424170,7,NICK2,,FD6454-001,"9,5",2,0,4,-2,DISMINUIR
4803987,488724,7,NICK2,,J0628-1,31,1,0,2,-1,DISMINUIR
4826479,90057,7,NICK2,,2.90.14,00,75,74,167,-1,DISMINUIR
4827437,365773,7,NICK2,,BS28-0,33,1,1,3,0,SIN_CAMBIO
4757433,384143,7,NICK2,,CODERA Y RODILLERA,00,11,11,23,0,SIN_CAMBIO
4818440,345996,7,NICK2,,ASIMETRIX SPINE AD,"9,0",1,1,3,0,SIN_CAMBIO
4805586,53783,7,NICK2,,1382911-408,M,5,0,8,-5,DISMINUIR
4802263,16750,7,NICK2,,1014017911,00,10,22,36,12,AUMENTAR
4810046,580970,7,NICK2,,XT-004AC,00,4,7,12,3,AUMENTAR
4818255,470814,7,NICK2,,HM0283-001,"9,5",2,1,4,-1,DISMINUIR
4770397,516876,7,NICK2,,PANTALON MOYA,00,4,1,7,-3,DISMINUIR
4770697,16753,7,NICK2,,1014017913,00,40,0,53,-40,DISMINUIR
4778431,16816,7,NICK2,,1014027911,00,15,20,36,5,AUMENTAR
4785480,89532,7,NICK2,,2.00.73,00,5,8,15,3,AUMENTAR
4821034,474268,7,NICK2,,HT3448,M,7,8,16,1,AUMENTAR
4692658,226640,7,NICK2,,5211201800008,00,2,3,6,1,AUMENTAR
4775370,89723,7,NICK2,,2.40.32,Xl,3,2,7,-1,DISMINUIR
4790081,511517,7,NICK2,,MSMVR-2.3,00,1,0,2,-1,DISMINUIR
4798178,534649,7,NICK2,,R.10.01,S,2,18,23,16,AUMENTAR
4698822,5538,7,NICK2,,066143441414,00,18,17,39,-1,DISMINUIR
4775357,89733,7,NICK2,,2.40.36,XXS,3,0,5,-3,DISMINUIR
4810631,486164,7,NICK2,,IS7065,00,8,11,20,3,AUMENTAR
4828277,510174,7,NICK2,,MO21650,00,52,58,113,6,AUMENTAR
4779700,454543,7,NICK2,,GW3020,"8,5",1,1,3,0,SIN_CAMBIO
4778356,510328,7,NICK2,,MO21850,00,21,21,46,0,SIN_CAMBIO
4775482,16809,7,NICK2,,1014027902,00,11,2,22,-9,DISMINUIR
4775481,16802,7,NICK2,,1014027901,00,21,14,48,-7,DISMINUIR
4821119,485727,7,NICK2,,IN6128,00,24,11,36,-13,DISMINUIR
4793237,22174,7,NICK2,,110025,S,4,5,17,1,AUMENTAR
4745709,508187,7,NICK2,,MI34666,00,49,50,100,1,AUMENTAR
4798011,171641,7,NICK2,,372427730,37,1,0,2,-1,DISMINUIR
4788615,2003,7,NICK2,,019228,"7,5",8,7,16,-1,DISMINUIR
4779519,510386,7,NICK2,,MO21939,"7,0",86,11,98,-75,DISMINUIR
4784647,315479,7,NICK2,,9.70.18,00,2,1,5,-1,DISMINUIR
4773799,403984,7,NICK2,,DR5938-810,10,1,0,2,-1,DISMINUIR
4775479,16739,7,NICK2,,1014017901,00,50,7,83,-43,DISMINUIR
4806889,391592,7,NICK2,,D-PX-283313,00,25,46,72,21,AUMENTAR
4801582,103980,7,NICK2,,2196991OG-1,29,3,2,6,-1,DISMINUIR
4824417,79102,7,NICK2,,1806,"7,0",2,1,5,-1,DISMINUIR
4824202,444259,7,NICK2,,GH8166,S,3,2,7,-1,DISMINUIR
4807876,402864,7,NICK2,,DN3614-420,M,10,9,20,-1,DISMINUIR
4770701,16768,7,NICK2,,1014019213,00,62,32,97,-30,DISMINUIR
4409805,467543,7,NICK2,,HG01,00,52,53,114,1,AUMENTAR
4781506,16757,7,NICK2,,1014017920,00,49,25,78,-24,DISMINUIR
4767958,546917,7,NICK2,,SI-02,40,1,0,2,-1,DISMINUIR
4797080,372927,7,NICK2,,CAS-02B,S,8,7,18,-1,DISMINUIR
4809986,427112,7,NICK2,,FQ8284-400,"3,5",1,0,2,-1,DISMINUIR
4715052,363366,7,NICK2,,BQ3198-001,"7,5",1,0,2,-1,DISMINUIR
4818445,569430,7,NICK2,,VORTEX SPINE,"8,0",1,0,2,-1,DISMINUIR
4797991,16881,7,NICK2,,1014077944,00,44,53,100,9,AUMENTAR
4778426,17241,7,NICK2,,102046004,"4,0",64,65,130,1,AUMENTAR
4823478,518088,7,NICK2,,PELOTA TACA-TACA,00,160,184,373,24,AUMENTAR
4800079,398622,7,NICK2,,DEPVOLACC053,00,35,36,76,1,AUMENTAR
4770706,16869,7,NICK2,,1014067901,00,17,29,55,12,AUMENTAR
4819518,253154,7,NICK2,,6.00.38,00,1,1,3,0,SIN_CAMBIO
4421027,510245,7,NICK2,,MO21761,00,25,62,88,37,AUMENTAR
4817967,519228,7,NICK2,,PH831,00,66,78,157,12,AUMENTAR
4809743,398568,7,NICK2,,DEPFUTGUA03,"9,0",1,1,3,0,SIN_CAMBIO
4770707,16874,7,NICK2,,1014067944,00,28,50,81,22,AUMENTAR
4820461,119338,7,NICK2,,252061L-BKPK,31,1,1,3,0,SIN_CAMBIO
4800331,223887,7,NICK2,,5205192027025,"3,0",26,39,68,13,AUMENTAR
4813324,470956,7,NICK2,,HM9862-001,"9,5",3,0,4,-3,DISMINUIR
4812756,488875,7,NICK2,,J0705-2,36,2,1,4,-1,DISMINUIR
4827631,426863,7,NICK2,,FQ1833-012,"9,0",3,0,5,-3,DISMINUIR
4826376,143527,7,NICK2,,3028409-100,38,1,0,2,-1,DISMINUIR
4801765,93182,2,PAO1,,2026,22,3,1,5,-2,DISMINUIR
4780605,128209,2,PAO1,,2918,30,1,0,2,-1,DISMINUIR
4814882,464285,2,PAO1,,H11,41,2,1,4,-1,DISMINUIR
4818413,93304,2,PAO1,,2026-02,25,1,1,3,0,SIN_CAMBIO
4758190,535408,2,PAO1,,R51,38,4,1,7,-3,DISMINUIR
4825175,548241,2,PAO1,,SPCFITH034,44,1,0,2,-1,DISMINUIR
4713858,247839,2,PAO1,,5CE176,38,1,0,2,-1,DISMINUIR
4820726,182536,2,PAO1,,3E19-1,38,1,0,2,-1,DISMINUIR
4771249,403599,6,NICK1,,DQ5930-010,00,7,10,19,3,AUMENTAR
4790546,415508,6,NICK1,,ENVIOS,00,802,9734,9558,8932,AUMENTAR
4810239,490045,6,NICK1,,JD9556,00,7,0,3,-7,DISMINUIR
4818580,144100,6,NICK1,,303158N-LPMT,25,1,2,4,1,AUMENTAR
4819166,425540,6,NICK1,,FJ9509-001,10,3,3,7,0,SIN_CAMBIO
4807699,248294,6,NICK1,,5FM00704-125,"8,0",3,1,5,-2,DISMINUIR
4821466,106134,6,NICK1,,220866-BKW,"43,5",1,0,2,-1,DISMINUIR
4786348,19183,6,NICK1,,1040023008,00,14,12,30,-2,DISMINUIR
4819098,476994,6,NICK1,,IB2764-001,"7,5",1,1,3,0,SIN_CAMBIO
4820689,88220,6,NICK1,,1BM02488-013,"8,5",2,0,4,-2,DISMINUIR
4744021,202779,6,NICK1,,45-1,00,882,1880,3686,998,AUMENTAR
4799213,376017,6,NICK1,,CD7782-404,"6,0",2,1,4,-1,DISMINUIR
4799211,376011,6,NICK1,,CD7782-404,"5,0",1,1,3,0,SIN_CAMBIO
4754474,409160,6,NICK1,,EE1152,M,8,10,20,2,AUMENTAR
4810627,490463,6,NICK1,,JF8542,XS,3,0,5,-3,DISMINUIR
4825061,30501,4,PAO3,,119506-NAT,36,2,1,4,-1,DISMINUIR
4813636,285184,4,PAO3,,775-02,39,2,0,5,-2,DISMINUIR
4822364,74479,4,PAO3,,16H0052,41,2,1,4,-1,DISMINUIR
4784098,369590,4,PAO3,,C25F2011-70,37,1,0,2,-1,DISMINUIR
4798123,481563,4,PAO3,,IF0826,"6,0",1,0,2,-1,DISMINUIR
4693915,326766,4,PAO3,,9844,39,2,1,4,-1,DISMINUIR
4786888,159280,4,PAO3,,3374,37,1,0,2,-1,DISMINUIR
4816652,79223,4,PAO3,,180745-12,44,1,0,2,-1,DISMINUIR
4828533,164403,4,PAO3,,354-6062,30,3,2,6,-1,DISMINUIR
4825815,586356,4,PAO3,,ZL-100,42,3,2,6,-1,DISMINUIR
4822059,573032,4,PAO3,,WA62-1,36,2,1,4,-1,DISMINUIR
4705264,278333,4,PAO3,,729-1190,43,2,1,5,-1,DISMINUIR
4805921,94970,5,PAO4,,2076,41,1,0,2,-1,DISMINUIR
4819969,242710,5,PAO4,,589-6887,35,1,0,2,-1,DISMINUIR
4819916,284737,5,PAO4,,772-0131,36,2,1,4,-1,DISMINUIR
4796000,28677,5,PAO4,,1184.1101.26565-41,36,4,4,9,0,SIN_CAMBIO
4824704,448910,5,PAO4,,GR-IP-27277,32,1,1,3,0,SIN_CAMBIO
4750773,469181,5,PAO4,,HLC-752,39,2,0,4,-2,DISMINUIR
4750673,461385,5,PAO4,,H-106,39,1,0,2,-1,DISMINUIR
4765539,542020,3,PAO2,,S5-14B,41,3,2,6,-1,DISMINUIR
4701283,553317,3,PAO2,,SX7664-010,M,2,5,8,3,AUMENTAR
4822490,13432,3,PAO2,,10009,00,15,28,47,13,AUMENTAR
4819992,250875,3,PAO2,,5Y23-1,36,1,0,2,-1,DISMINUIR
4786888,159282,3,PAO2,,3374,37,4,4,10,0,SIN_CAMBIO
4819715,158308,3,PAO2,,3334-02,35,1,0,2,-1,DISMINUIR
4820763,246805,3,PAO2,,5B10-10,39,1,0,2,-1,DISMINUIR
4770626,455918,3,PAO2,,GW6521,"3,0",1,0,2,-1,DISMINUIR
4818311,416566,3,PAO2,,F.00.11,S,1,1,3,0,SIN_CAMBIO
4827982,507023,3,PAO2,,MANGA VOLEY ACOL,00,23,10,34,-13,DISMINUIR
4812362,572940,3,PAO2,,WA60-1,35,1,0,2,-1,DISMINUIR
4811158,462128,3,PAO2,,H-186,37,1,1,3,0,SIN_CAMBIO
4825780,75707,3,PAO2,,1711/1,38,1,1,3,0,SIN_CAMBIO
4828137,510584,3,PAO2,,MORRAL DEPORTIVO,00,6,10,18,4,AUMENTAR
4773385,110517,3,PAO2,,23-72,40,1,0,2,-1,DISMINUIR
4825787,75734,3,PAO2,,1711/2,43,1,1,3,0,SIN_CAMBIO
4801164,416595,7,NICK2,,F.30.05,00,11,10,25,-1,DISMINUIR
4827458,254380,7,NICK2,,602053811,00,9,11,21,2,AUMENTAR
4821847,491447,7,NICK2,,JJ4298,Xl,1,0,2,-1,DISMINUIR
4827638,474804,7,NICK2,,HV4506-200,"8,5",2,1,4,-1,DISMINUIR
4818938,53563,7,NICK2,,1382611-001,L,11,1,14,-10,DISMINUIR
4803435,16864,7,NICK2,,1014057902,00,26,3,33,-23,DISMINUIR
4815955,282910,7,NICK2,,7603,M,11,10,26,-1,DISMINUIR
4818931,53196,7,NICK2,,1379503-011,M,4,6,11,2,AUMENTAR
4826482,501229,7,NICK2,,M.50.40,00,14,16,31,2,AUMENTAR
4770705,16788,7,NICK2,,1014019344,00,57,74,133,17,AUMENTAR
4818141,157547,7,NICK2,,3319313137,31,1,0,2,-1,DISMINUIR
4807619,486128,7,NICK2,,IS5399,M,25,28,56,3,AUMENTAR
4814412,372650,7,NICK2,,CAMISETA KIDS,12,2,2,7,0,SIN_CAMBIO
4799473,1712,7,NICK2,,011207,"6,0",1,0,1,-1,DISMINUIR
4798179,534645,7,NICK2,,R.10.01,M,7,2,16,-5,DISMINUIR
4827140,473163,7,NICK2,,HQ2276-400,"9,0",1,1,4,0,SIN_CAMBIO
4818169,499133,7,NICK2,,LADRILLO YOGA,00,8,6,16,-2,DISMINUIR
4763291,408122,7,NICK2,,DZ9365,M,2,4,7,2,AUMENTAR
4791897,485480,7,NICK2,,II3552,M,20,19,40,-1,DISMINUIR
4711201,553457,7,NICK2,,SX7667-100,M,8,0,10,-8,DISMINUIR
4816598,515676,7,NICK2,,OXSANDN003,00,9,9,19,0,SIN_CAMBIO
4797081,372937,7,NICK2,,CAS-03B,S,13,12,30,-1,DISMINUIR
4826483,501222,7,NICK2,,M.50.10,00,10,14,25,4,AUMENTAR
4818003,285402,7,NICK2,,78058570091,00,9,9,21,0,SIN_CAMBIO
4817249,372910,7,NICK2,,CAS-01,00,8,3,16,-5,DISMINUIR
4820466,119359,7,NICK2,,252061L-BKPK,36,5,6,12,1,AUMENTAR
4832656,600119,7,NICK2,,DA001/N 2026,14,8,0,8,-8,DISMINUIR
4805602,10188,7,NICK2,,100000116,"2,0",2,1,4,-1,DISMINUIR
4820989,142515,7,NICK2,,3027000-001,"42,5",4,1,6,-3,DISMINUIR
4817144,484572,7,NICK2,,IH0923,12,2,1,4,-1,DISMINUIR
4773800,403987,7,NICK2,,DR5938-810,"10,5",2,1,4,-1,DISMINUIR
4784386,1214,7,NICK2,,009283624231,00,36,61,105,25,AUMENTAR
4810426,189002,2,PAO1,,403695L-BBK,30,4,3,8,-1,DISMINUIR
4402165,214825,2,PAO1,,5-COBNA-2,36,2,1,4,-1,DISMINUIR
4783975,554882,2,PAO1,,T2119,38,2,1,3,-1,DISMINUIR
4801249,464109,2,PAO1,,H09,40,4,3,8,-1,DISMINUIR
4824507,192505,2,PAO1,,404,42,1,1,3,0,SIN_CAMBIO
4739649,209694,2,PAO1,,4802.103.21225.72391,37,3,3,7,0,SIN_CAMBIO
4761268,308851,2,PAO1,,880-330-00,39,1,0,2,-1,DISMINUIR
4773299,105029,2,PAO1,,22-25,38,1,0,2,-1,DISMINUIR
4797678,535689,2,PAO1,,R72-1,37,3,0,4,-3,DISMINUIR
4812090,39985,6,NICK1,,128606-BBK,"36,5",1,0,2,-1,DISMINUIR
4816309,151037,6,NICK1,,310321L-LPMT,33,1,0,2,-1,DISMINUIR
4818634,486017,6,NICK1,,IP9862,00,5,5,12,0,SIN_CAMBIO
4714750,340678,6,NICK1,,AO1742-401,"7,5",2,1,4,-1,DISMINUIR
4813907,27410,6,NICK1,,117560-BBK,"37,5",2,2,5,0,SIN_CAMBIO
4828360,494523,6,NICK1,,JY7992,00,16,6,23,-10,DISMINUIR
4780555,19147,6,NICK1,,1040019007,00,7,7,-2,0,SIN_CAMBIO
4718113,493752,4,PAO3,,JS1806,39,1,0,2,-1,DISMINUIR
4814908,22085,4,PAO3,,11-SLIK-2,37,1,0,2,-1,DISMINUIR
4818370,158348,4,PAO3,,3334-20,37,1,0,2,-1,DISMINUIR
4763814,158751,4,PAO3,,3359-02,38,1,0,2,-1,DISMINUIR
4763298,408226,4,PAO3,,DZ9385,L,13,7,21,-6,DISMINUIR
4813503,315929,4,PAO3,,9004-20,42,1,1,3,0,SIN_CAMBIO
4773082,281518,4,PAO3,,749,39,1,0,2,-1,DISMINUIR
4773064,282423,4,PAO3,,756,39,1,0,2,-1,DISMINUIR
4823284,123153,4,PAO3,,2610-05/1,39,2,1,4,-1,DISMINUIR
4810434,194969,4,PAO3,,405635L-WHT,36,0,3,3,3,AUMENTAR
4804996,30655,4,PAO3,,119759-BBK,35,1,1,2,0,SIN_CAMBIO
4805399,98700,4,PAO3,,2106.1043.28706-15745,21,1,0,2,-1,DISMINUIR
4790681,236175,4,PAO3,,556-6284,37,2,1,4,-1,DISMINUIR
4760268,5413,4,PAO3,,0630-10,40,1,0,2,-1,DISMINUIR
4820061,118311,4,PAO3,,2502.1009.9569-15745,26,1,0,2,-1,DISMINUIR
4815207,111966,4,PAO3,,231148-4,34,1,0,2,-1,DISMINUIR
4770614,455867,4,PAO3,,GW6513,"3,0",1,1,3,0,SIN_CAMBIO
4810627,490459,4,PAO3,,JF8542,XS,2,5,8,3,AUMENTAR
4798360,481593,4,PAO3,,IF0827,"6,0",2,1,4,-1,DISMINUIR
4815277,526290,5,PAO4,,PI-65406300000004,36,2,1,4,-1,DISMINUIR
4774937,37215,5,PAO4,,124959-BLK,36,1,0,2,-1,DISMINUIR
4804421,31982,5,PAO4,,12-HOT-70,37,2,0,3,-2,DISMINUIR
4824485,539404,5,PAO4,,S02-B,41,3,2,6,-1,DISMINUIR
4733258,175503,5,PAO4,,381-5683,32,4,3,8,-1,DISMINUIR
4774936,37214,5,PAO4,,124959-BLK,"35,5",2,0,3,-2,DISMINUIR
4820514,215819,5,PAO4,,5-MIU-3,35,1,0,2,-1,DISMINUIR
4828554,233749,5,PAO4,,551-6408,38,1,2,4,1,AUMENTAR
4777861,315416,3,PAO2,,9.55.04,00,22,29,52,7,AUMENTAR
4821287,225820,3,PAO2,,5208320405191,XS,6,4,11,-2,DISMINUIR
4814598,484353,3,PAO2,,IH0085,"10,5",2,2,5,0,SIN_CAMBIO
4773524,211030,3,PAO2,,4810,36,2,1,4,-1,DISMINUIR
4790164,315400,3,PAO2,,9.55.02,L,2,1,4,-1,DISMINUIR
4761958,310940,3,PAO2,,881-6673,40,3,2,6,-1,DISMINUIR
4790546,415512,3,PAO2,,ENVIOS,00,920,593,528,-327,DISMINUIR
4803992,224689,3,PAO2,,520609501,Xl,24,24,49,0,SIN_CAMBIO
4803476,488774,3,PAO2,,J0630-1,34,1,0,2,-1,DISMINUIR
4748425,52313,3,PAO2,,1370076-001,L,5,5,11,0,SIN_CAMBIO
4824693,448879,3,PAO2,,GR-IP-27114,37,1,0,2,-1,DISMINUIR
4797374,9078,3,PAO2,,1.80.00,00,11,11,23,0,SIN_CAMBIO
4795839,224434,3,PAO2,,5205502416,33,2,1,4,-1,DISMINUIR
4816918,89581,3,PAO2,,2.20.07,00,30,29,60,-1,DISMINUIR
4798178,534650,3,PAO2,,R.10.01,S,10,10,21,0,SIN_CAMBIO
4798891,1217,7,NICK2,,009283624255,00,93,36,133,-57,DISMINUIR
4815904,548816,7,NICK2,,SPSTMES005,00,12,17,30,5,AUMENTAR
4727212,376071,7,NICK2,,CD7783-100,"1,5",1,0,2,-1,DISMINUIR
4819000,546812,7,NICK2,,SHORT ARQUERO,L,6,8,15,2,AUMENTAR
4817182,486463,7,NICK2,,IV6019,XS,4,3,8,-1,DISMINUIR
4820997,142560,7,NICK2,,3027000-404,"9,5",2,1,4,-1,DISMINUIR
4827346,426141,7,NICK2,,FN0228-001,"8,0",2,1,4,-1,DISMINUIR
4788094,481359,7,NICK2,,IE9441,11,2,0,3,-2,DISMINUIR
4827941,7190,7,NICK2,,091165 01,00,4,2,8,-2,DISMINUIR
4772991,286671,7,NICK2,,8.10.26,00,5,3,12,-2,DISMINUIR
4772992,286676,7,NICK2,,8.10.27,00,9,58,72,49,AUMENTAR
4819290,427380,7,NICK2,,FQ8333-500,"10,5",2,1,4,-1,DISMINUIR
4784807,315359,7,NICK2,,9.10.06,00,8,16,25,8,AUMENTAR
1000372,511173,7,NICK2,,MSAFCMN-23,00,59,27,138,-32,DISMINUIR
4824596,451101,7,NICK2,,GR-RI-11768,36,2,1,4,-1,DISMINUIR
4818258,470794,7,NICK2,,HM0283-001,11,1,2,4,1,AUMENTAR
4711196,547605,7,NICK2,,SP0040-101,M,53,53,108,0,SIN_CAMBIO
4777861,315417,7,NICK2,,9.55.04,00,28,15,48,-13,DISMINUIR
4730833,408181,7,NICK2,,DZ9384,L,1,0,2,-1,DISMINUIR
4746164,408217,7,NICK2,,DZ9385,L,39,39,82,0,SIN_CAMBIO
4819317,467133,7,NICK2,,HF6279-002,"4,0",2,0,3,-2,DISMINUIR
4743228,502275,7,NICK2,,M2010,00,1,0,1,-1,DISMINUIR
4815902,548812,7,NICK2,,SPSTCOS003,00,11,15,27,4,AUMENTAR
4818163,372269,7,NICK2,,CALCETA ANTIDES MASC,00,36,47,84,11,AUMENTAR
4817641,214137,2,PAO1,,4Q08,32,2,1,4,-1,DISMINUIR
4820835,248818,2,PAO1,,5K07-13,35,1,0,2,-1,DISMINUIR
4790955,247228,2,PAO1,,5CE118,38,4,4,9,0,SIN_CAMBIO
4766049,445715,2,PAO1,,GR-CT-10954,43,1,0,2,-1,DISMINUIR
4765203,323727,2,PAO1,,9547,42,2,1,4,-1,DISMINUIR
4819945,93027,2,PAO1,,2023-1,36,2,2,5,0,SIN_CAMBIO
4811051,188962,2,PAO1,,403694L-W,36,1,1,3,0,SIN_CAMBIO
4820399,579597,2,PAO1,,X601,36,3,2,6,-1,DISMINUIR
4784035,75103,2,PAO1,,17-NATHAN-54,39,2,2,5,0,SIN_CAMBIO
4810548,242922,2,PAO1,,5902,41,1,2,4,1,AUMENTAR
4405282,538894,2,PAO1,,RS722-1-AO,40,3,2,6,-1,DISMINUIR
4801296,461671,2,PAO1,,H-116,36,1,0,2,-1,DISMINUIR
4772029,240896,2,PAO1,,581-9475,37,3,2,6,-1,DISMINUIR
4745782,239533,2,PAO1,,581-0445,37,4,3,8,-1,DISMINUIR
4811145,462032,2,PAO1,,H-182,36,1,0,2,-1,DISMINUIR
4773156,179514,2,PAO1,,388-0501,37,1,0,2,-1,DISMINUIR
4828047,423149,6,NICK1,,FB5625-410,M,10,11,21,1,AUMENTAR
4809117,17236,6,NICK1,,102041020,"3,0",10,7,20,-3,DISMINUIR
4799715,17292,6,NICK1,,102201031,"3,0",1,5,7,4,AUMENTAR
4819701,373457,6,NICK1,,CCPOLI2544NE,Xl,1,0,2,-1,DISMINUIR
4820473,119388,6,NICK1,,252061L-WTQP,34,1,1,3,0,SIN_CAMBIO
4790758,194868,6,NICK1,,405627L-WHT,36,2,1,5,-1,DISMINUIR
4811555,30448,6,NICK1,,11949-WSL,38,2,1,4,-1,DISMINUIR
4807675,515738,6,NICK1,,P0893-549314,M,2,1,4,-1,DISMINUIR
4818541,191960,6,NICK1,,403908L-RDBK,28,2,0,3,-2,DISMINUIR
4823575,212665,4,PAO3,,489-6877,38,2,1,4,-1,DISMINUIR
4813390,228367,4,PAO3,,52458-WHT,44,1,0,2,-1,DISMINUIR
4770223,330220,4,PAO3,,A00983C-014,"7,5",1,0,2,-1,DISMINUIR
4750927,104550,4,PAO3,,21JS35,35,2,1,4,-1,DISMINUIR
4784412,214919,4,PAO3,,5-COBNA-6,39,1,0,2,-1,DISMINUIR
4790955,247226,4,PAO3,,5CE118,38,6,3,10,-3,DISMINUIR
4820077,119678,4,PAO3,,2528.123.13488-15745,28,2,1,4,-1,DISMINUIR
4781778,178157,4,PAO3,,384-2201,38,2,3,5,1,AUMENTAR
4739656,209986,4,PAO3,,4802.113.21942.79429,38,2,1,4,-1,DISMINUIR
4739518,209735,4,PAO3,,4802.103.22767.72391,38,2,1,4,-1,DISMINUIR
4820149,237099,4,PAO3,,5635.887.7800-35312,35,1,1,3,0,SIN_CAMBIO
4822662,581534,4,PAO3,,XT322B,29,2,1,4,-1,DISMINUIR
4820073,118335,4,PAO3,,2502.1009.9569-16072,30,1,0,2,-1,DISMINUIR
4747010,201052,5,PAO4,,440002,24,2,1,2,-1,DISMINUIR
4825545,108890,5,PAO4,,2293.201.30502-104863,39,1,0,2,-1,DISMINUIR
4418287,45215,5,PAO4,,13141041784621000,38,1,0,2,-1,DISMINUIR
4817055,241129,5,PAO4,,5821.102.7800-15758,39,2,1,4,-1,DISMINUIR
4812556,350851,5,PAO4,,AZ210011268-411,37,4,2,7,-2,DISMINUIR
4713877,229889,5,PAO4,,52631-BBK,"41,5",1,1,3,0,SIN_CAMBIO
4785718,455459,5,PAO4,,GW5483,"9,0",2,1,4,-1,DISMINUIR
4812906,350916,5,PAO4,,AZ210011274,39,1,0,2,-1,DISMINUIR
4760698,315349,3,PAO2,,9.00.31,00,14,15,32,1,AUMENTAR
4786708,268761,3,PAO2,,6608,44,4,7,12,3,AUMENTAR
4816954,391580,3,PAO2,,D-MP-820739,00,16,15,32,-1,DISMINUIR
4803991,224680,3,PAO2,,520609501,L,9,2,13,-7,DISMINUIR
4775463,578186,3,PAO2,,WW701-1,40,1,0,2,-1,DISMINUIR
4819634,180111,3,PAO2,,390987 04,"7,0",1,0,2,-1,DISMINUIR
4784804,89574,3,PAO2,,2.20.04,00,5,5,11,0,SIN_CAMBIO
4819028,176992,3,PAO2,,384-0141,38,1,1,3,0,SIN_CAMBIO
4773541,207510,3,PAO2,,4715,35,1,0,2,-1,DISMINUIR
4790183,302449,3,PAO2,,8433000138015,00,39,42,83,3,AUMENTAR
4803457,488701,3,PAO2,,J0628,43,3,2,6,-1,DISMINUIR
4828568,175665,3,PAO2,,381-6542,32,2,2,5,0,SIN_CAMBIO
4818453,507025,3,PAO2,,MANGA VOLEY KAS,00,9,8,18,-1,DISMINUIR
4815900,547840,7,NICK2,,SPACAPI002,00,12,17,32,5,AUMENTAR
4791856,478619,7,NICK2,,ID5271,"9,0",1,1,3,0,SIN_CAMBIO
4793895,480731,7,NICK2,,IE4979,"8,5",1,0,2,-1,DISMINUIR
4770998,403033,7,NICK2,,DO1344-101,"9,5",1,0,2,-1,DISMINUIR
4818995,507029,7,NICK2,,MANGAS VOLLEY,M,29,10,43,-19,DISMINUIR
4724748,375478,7,NICK2,,CD6892-009,13C,1,0,2,-1,DISMINUIR
4819328,467210,7,NICK2,,HF6279-601,"6,5",2,2,5,0,SIN_CAMBIO
4744545,42772,7,NICK2,,13027,"11,5",1,1,3,0,SIN_CAMBIO
4827395,424208,7,NICK2,,FD6454-010,11,2,1,4,-1,DISMINUIR
4788491,446971,7,NICK2,,GR-CT-11710,43,2,1,5,-1,DISMINUIR
4826472,23167,7,NICK2,,11203,"9,0",1,0,2,-1,DISMINUIR
4785756,477121,7,NICK2,,IB3242,L,3,6,10,3,AUMENTAR
4763293,408208,7,NICK2,,DZ9384,S,2,3,6,1,AUMENTAR
4800340,227037,7,NICK2,,521150030,XS,4,3,8,-1,DISMINUIR
4769655,39968,7,NICK2,,1286016-716,00,15,17,35,2,AUMENTAR
4767078,471011,7,NICK2,,HN0913,Xl,1,0,2,-1,DISMINUIR
4711197,547604,7,NICK2,,SP0040-101,L,36,34,71,-2,DISMINUIR
4790413,474313,7,NICK2,,HT3911,00,47,49,96,2,AUMENTAR
4789251,370447,7,NICK2,,CA09857,S,2,1,4,-1,DISMINUIR
4801563,103931,7,NICK2,,2195471OG-2,36,3,2,6,-1,DISMINUIR
4814927,308949,7,NICK2,,8801,L,1,2,4,1,AUMENTAR
4817926,513703,7,NICK2,,NIS01536,00,4,5,10,1,AUMENTAR
4818883,398658,7,NICK2,,DEPVOLBAL137,00,2,8,12,6,AUMENTAR
4825316,501998,7,NICK2,,M1970,00,15,32,52,17,AUMENTAR
4816606,547872,7,NICK2,,SPACONE001,Xl,2,1,4,-1,DISMINUIR
4750659,461342,2,PAO1,,H-106,37,5,7,13,2,AUMENTAR
4826284,297276,2,PAO1,,8224.826.9830-81140,36,3,0,4,-3,DISMINUIR
4744021,202782,2,PAO1,,45-1,00,485,435,940,-50,DISMINUIR
4801225,463248,2,PAO1,,H02,40,1,0,2,-1,DISMINUIR
4801767,93210,2,PAO1,,2026,24,2,1,4,-1,DISMINUIR
4740373,461484,2,PAO1,,H-107,38,3,1,5,-2,DISMINUIR
4830921,591398,2,PAO1,,605-16,38,3,0,3,-3,DISMINUIR
4810625,490444,6,NICK1,,JF8541,Xl,2,2,8,0,SIN_CAMBIO
4818597,146227,6,NICK1,,303722L-LBMT,28,1,0,3,-1,DISMINUIR
4827794,187891,6,NICK1,,402823 01,10,1,0,3,-1,DISMINUIR
4810262,505102,6,NICK1,,M7650C-102,"5,0",3,2,6,-1,DISMINUIR
4822863,558967,6,NICK1,,U574YCE,12,1,0,2,-1,DISMINUIR
4807774,407869,6,NICK1,,DZ5485-130,"8,0",1,0,2,-1,DISMINUIR
4798732,479689,6,NICK1,,IE1023,"8,0",1,0,2,-1,DISMINUIR
4821177,507534,6,NICK1,,MEDIA POLYESTER ECO JR,00,26,30,58,4,AUMENTAR
4828362,496827,6,NICK1,,KE0460,00,11,11,23,0,SIN_CAMBIO
4810429,189018,6,NICK1,,403695L-BBK,33,1,1,3,0,SIN_CAMBIO
4756928,386338,6,NICK1,,CP101884M,10,1,0,2,-1,DISMINUIR
4830728,592909,6,NICK1,,FJ9510-604,"9,0",1,0,1,-1,DISMINUIR
4819174,424135,6,NICK1,,FD6034-001,"9,0",2,2,4,0,SIN_CAMBIO
4816596,553814,6,NICK1,,SX7677-964,L,9,20,32,11,AUMENTAR
4821176,507533,6,NICK1,,MEDIA POLYESTER ECO JR,00,36,34,73,-2,DISMINUIR
4827302,553390,6,NICK1,,SX7664-964,L,18,25,45,7,AUMENTAR
4815442,522749,4,PAO3,,PI-14323000000002,39,2,1,4,-1,DISMINUIR
4813630,280332,4,PAO3,,737-30,39,1,0,2,-1,DISMINUIR
4790546,415513,4,PAO3,,ENVIOS,00,876,992,872,116,AUMENTAR
4816644,79199,4,PAO3,,180745-03,42,4,3,8,-1,DISMINUIR
4820082,119688,4,PAO3,,2528.123.13488-15745,33,1,1,3,0,SIN_CAMBIO
4823187,149300,4,PAO3,,307-16,39,1,1,3,0,SIN_CAMBIO
4781015,152554,4,PAO3,,310545L-WHT,35,1,0,2,-1,DISMINUIR
4763812,158745,4,PAO3,,3359-02,36,1,0,2,-1,DISMINUIR
4775434,179601,4,PAO3,,388-0901,37,1,0,2,-1,DISMINUIR
4822666,581504,4,PAO3,,XT322B,27,1,1,3,0,SIN_CAMBIO
4803191,121941,4,PAO3,,2585,30,1,0,2,-1,DISMINUIR
4418195,319272,4,PAO3,,914,42,1,0,2,-1,DISMINUIR
4820081,119685,4,PAO3,,2528.123.13488-15745,32,1,0,2,-1,DISMINUIR
4825489,108884,4,PAO3,,2293.201.30131-103647,43,1,1,3,0,SIN_CAMBIO
4811798,31828,4,PAO3,,12-FLEXI-51,39,1,0,2,-1,DISMINUIR
4821118,490005,4,PAO3,,JD1328,00,3,3,9,0,SIN_CAMBIO
4813455,242245,5,PAO4,,5871-02,38,3,2,6,-1,DISMINUIR
4793954,311238,5,PAO4,,881-6892,42,2,2,5,0,SIN_CAMBIO
4718096,493617,5,PAO4,,JS1803,40,2,1,5,-1,DISMINUIR
4779946,214578,5,PAO4,,5-CLORA-20,37,1,0,2,-1,DISMINUIR
4816635,38238,5,PAO4,,126308-02,39,1,0,2,-1,DISMINUIR
4719366,572510,5,PAO4,,W9-450,40,2,1,4,-1,DISMINUIR
4816619,24067,5,PAO4,,114858-08,41,4,3,8,-1,DISMINUIR
4819240,553713,5,PAO4,,SX7676-100,L,9,8,18,-1,DISMINUIR
4770804,106327,5,PAO4,,221-6016,29,3,0,3,-3,DISMINUIR
4831600,596568,5,PAO4,,150291-BBK,39,1,0,1,-1,DISMINUIR
4832418,599207,5,PAO4,,6G53,36,1,0,1,-1,DISMINUIR
4804710,238214,3,PAO2,,5797.209.25612-17165,39,1,1,3,0,SIN_CAMBIO
4812537,490085,3,PAO2,,JE3217,00,2,6,9,4,AUMENTAR
4781060,310549,3,PAO2,,881-6281,43,2,0,3,-2,DISMINUIR
4760686,315432,3,PAO2,,9.55.15,S,1,5,7,4,AUMENTAR
4824507,192507,3,PAO2,,404,42,1,2,4,1,AUMENTAR
4820652,296458,3,PAO2,,82223U-N84,10,3,1,5,-2,DISMINUIR
4746292,328477,3,PAO2,,999341-BBK,42,1,1,3,0,SIN_CAMBIO
4817252,545671,3,PAO2,,SB4-12,"4,0",7,9,17,2,AUMENTAR
4760760,487426,3,PAO2,,J0175,44,2,1,4,-1,DISMINUIR
4819745,313598,3,PAO2,,889-6787,41,1,1,3,0,SIN_CAMBIO
4823439,110928,3,PAO2,,23-JOGGO-7,35,1,0,2,-1,DISMINUIR
4790564,519223,3,PAO2,,PH831,00,11,10,22,-1,DISMINUIR
4798794,511461,3,PAO2,,MSFTGPCML,00,9,7,18,-2,DISMINUIR
4818743,511669,3,PAO2,,MUÑEQUERA VECTOR,00,3,1,6,-2,DISMINUIR
4819882,195438,3,PAO2,,406-0521,40,1,0,2,-1,DISMINUIR
4779596,227457,3,PAO2,,5215100161109,00,8,7,16,-1,DISMINUIR
4769813,286886,3,PAO2,,8001,XS,19,18,38,-1,DISMINUIR
4696342,225335,3,PAO2,,5207017102023,00,15,20,36,5,AUMENTAR
4818162,372266,3,PAO2,,CALCETA ANTIDES INF,00,8,9,18,1,AUMENTAR
4798857,334301,3,PAO2,,A8-1,38,1,0,2,-1,DISMINUIR
266275,182985,3,PAO2,,3J233C-410,105,4,3,2,-1,DISMINUIR
4803015,481783,3,PAO2,,IF1406,"3,5",2,1,4,-1,DISMINUIR
4810737,484306,3,PAO2,,IH0083,"8,5",1,0,2,-1,DISMINUIR
4797224,224727,3,PAO2,,5206095012019,M,8,9,18,1,AUMENTAR
4801163,89566,3,PAO2,,2.20.01,00,2,7,10,5,AUMENTAR
4789299,373254,3,PAO2,,CCAS-01,M,4,2,9,-2,DISMINUIR
4818002,185804,3,PAO2,,4004221012565,00,10,10,22,0,SIN_CAMBIO
4407161,117118,3,PAO2,,24032ROJO,00,3,2,26,-1,DISMINUIR
4814109,336885,3,PAO2,,AD90210M-WS,"8,5",2,1,4,-1,DISMINUIR
1000762,560237,3,PAO2,,V2050,00,25,22,38,-3,DISMINUIR
4827576,270938,3,PAO2,,672-6670,40,3,2,6,-1,DISMINUIR
4823571,212650,3,PAO2,,489-6877,34,2,1,4,-1,DISMINUIR
4781332,187153,3,PAO2,,401675N-BKGY,21,2,0,3,-2,DISMINUIR
4818363,158314,3,PAO2,,3334-02,36,6,7,14,1,AUMENTAR
4721315,326374,3,PAO2,,9838,39,2,2,5,0,SIN_CAMBIO
4789282,548398,7,NICK2,,SPJSSS24055,S,30,28,60,-2,DISMINUIR
4800954,482423,7,NICK2,,IF6429,"2,5",1,0,2,-1,DISMINUIR
4780474,253173,7,NICK2,,6.50.00,00,5,7,13,2,AUMENTAR
4822530,450174,7,NICK2,,GR-NBA-12378,45,2,2,5,0,SIN_CAMBIO
4827137,473132,7,NICK2,,HQ2048-400,"5,5",2,2,5,0,SIN_CAMBIO
301631,400293,7,NICK2,,DISCOACERO,00,1,0,1,-1,DISMINUIR
4809958,427467,7,NICK2,,FQ8449-400,"10,5",3,1,7,-2,DISMINUIR
4818996,507027,7,NICK2,,MANGAS VOLLEY,L,21,21,46,0,SIN_CAMBIO
4818893,491429,7,NICK2,,JJ3613,L,5,3,10,-2,DISMINUIR
4784521,293562,7,NICK2,,81865U-LU8,"9,5",3,2,6,-1,DISMINUIR
4800078,398619,7,NICK2,,DEPVOLACC051,00,22,22,47,0,SIN_CAMBIO
4828061,105911,7,NICK2,,220572BPD,10,3,1,5,-2,DISMINUIR
4827136,473131,7,NICK2,,HQ2048-400,"5,0",3,1,5,-2,DISMINUIR
4777873,315445,7,NICK2,,9.65.00,S,27,17,46,-10,DISMINUIR
4827372,470838,7,NICK2,,HM4402-003,"5,5",1,2,4,1,AUMENTAR
171801,278881,7,NICK2,,732,00,219,190,314,-29,DISMINUIR
4798163,483264,7,NICK2,,IG5438,"5,0",3,1,5,-2,DISMINUIR
4818281,425296,7,NICK2,,FJ2604-300,"6,0",3,1,5,-2,DISMINUIR
4818263,165043,7,NICK2,,355152-106,"9,0",1,0,2,-1,DISMINUIR
4711202,553447,7,NICK2,,SX7667-100,L,7,0,9,-7,DISMINUIR
4818192,394766,7,NICK2,,DA015/A,S,1,0,1,-1,DISMINUIR
4823074,143197,7,NICK2,,3028095-673,"7,0",2,2,5,0,SIN_CAMBIO
4804345,407251,7,NICK2,,DX4610-010,S,2,1,4,-1,DISMINUIR
4787833,227439,7,NICK2,,5215100152114,00,24,13,43,-11,DISMINUIR
4799715,17290,7,NICK2,,102201031,"3,0",1,3,5,2,AUMENTAR
4797685,535612,2,PAO1,,R71,38,2,2,6,0,SIN_CAMBIO
4750657,332061,2,PAO1,,A070689,40,2,0,3,-2,DISMINUIR
4753164,90272,2,PAO1,,20-CREW-3,38,3,2,6,-1,DISMINUIR
4805860,96262,2,PAO1,,2098,40,2,1,4,-1,DISMINUIR
4736782,445638,2,PAO1,,GR-CT-10954,40,1,0,2,-1,DISMINUIR
4791060,141638,6,NICK1,,302629L-BBK,33,1,1,3,0,SIN_CAMBIO
4815957,507456,6,NICK1,,MEDIA BAMBOO,00,2,25,29,23,AUMENTAR
4821167,507528,6,NICK1,,MEDIA POLYESTER ECO AD,00,75,71,158,-4,DISMINUIR
4771392,470866,6,NICK1,,HM4970,"7,0",3,0,6,-3,DISMINUIR
4808946,507473,6,NICK1,,MEDIA ECO JUV,00,20,21,42,1,AUMENTAR
4828591,27512,6,NICK1,,117560-WHT,40,1,1,2,0,SIN_CAMBIO
4821181,507458,6,NICK1,,MEDIA BAMBOO JUV,00,60,51,113,-9,DISMINUIR
4827351,426124,6,NICK1,,FN0228-001,"10,5",1,0,2,-1,DISMINUIR
4827191,473175,6,NICK1,,HQ2312-005,"6,5",3,3,7,0,SIN_CAMBIO
4802691,332572,6,NICK1,,A10392C-001,11,1,0,3,-1,DISMINUIR
4819598,150796,4,PAO3,,310168 11,"9,0",1,0,2,-1,DISMINUIR
4819880,195428,4,PAO3,,406-0521,38,3,2,6,-1,DISMINUIR
4814212,160131,4,PAO3,,338013171,25,1,0,2,-1,DISMINUIR
4781688,583175,4,PAO3,,Y9282-1,38,1,0,2,-1,DISMINUIR
4811782,31402,4,PAO3,,12-COLES-6,35,1,0,2,-1,DISMINUIR
4804429,31993,4,PAO3,,12-HOT-70,39,1,0,2,-1,DISMINUIR
4816102,246738,4,PAO3,,5B06-4,35,1,0,2,-1,DISMINUIR
4820814,248671,4,PAO3,,5K02-1,38,1,0,2,-1,DISMINUIR
4823572,212652,4,PAO3,,489-6877,35,2,2,4,0,SIN_CAMBIO
4748416,50845,4,PAO3,,1361459-012,M,3,3,7,0,SIN_CAMBIO
4776570,521247,4,PAO3,,PI-13018500000280,37,1,0,2,-1,DISMINUIR
4825945,100839,4,PAO3,,2123,38,1,0,2,-1,DISMINUIR
4765553,214732,4,PAO3,,5-CLORA-60,38,1,0,2,-1,DISMINUIR
4824818,569703,4,PAO3,,VU4013T,35,1,0,2,-1,DISMINUIR
4796684,21164,5,PAO4,,109-5127,22,1,0,2,-1,DISMINUIR
4824834,569743,5,PAO4,,VU4072T,37,2,1,4,-1,DISMINUIR
4785436,279428,5,PAO4,,7357.109.26252-83517,37,2,1,4,-1,DISMINUIR
4806538,55841,5,PAO4,,141603-09,42,2,1,4,-1,DISMINUIR
4782509,263832,5,PAO4,,6469.100.7286.15745,39,1,1,3,0,SIN_CAMBIO
4709367,503455,5,PAO4,,M3310C-006,"3,5",2,1,5,-1,DISMINUIR
4773900,52885,5,PAO4,,1376700-410,M,1,0,2,-1,DISMINUIR
4828278,510455,3,PAO2,,MO22203,"5,0",11,10,22,-1,DISMINUIR
4823979,36496,3,PAO2,,124686-BBK,38,1,1,3,0,SIN_CAMBIO
4798559,227411,3,PAO2,,5215100123015,00,8,6,16,-2,DISMINUIR
4818426,534671,3,PAO2,,R.50.07,"6,0",4,4,9,0,SIN_CAMBIO
4827565,308626,3,PAO2,,872-4622,40,5,4,10,-1,DISMINUIR
4773328,104997,3,PAO2,,22-20A,37,1,0,2,-1,DISMINUIR
4751890,398828,3,PAO2,,DES202-4A,40,2,1,4,-1,DISMINUIR
4805960,95141,3,PAO2,,2079,38,3,3,7,0,SIN_CAMBIO
4798891,1219,3,PAO2,,009283624255,00,7,7,16,0,SIN_CAMBIO
4820251,159478,3,PAO2,,338010773,27,1,0,2,-1,DISMINUIR
4821286,223794,3,PAO2,,5205018101083,00,19,36,57,17,AUMENTAR
4784159,495680,3,PAO2,,K21165-00,25,1,0,2,-1,DISMINUIR
4820042,249103,3,PAO2,,5R07-1,43,5,4,10,-1,DISMINUIR
4756318,366730,3,PAO2,,BT1705,36,1,1,3,0,SIN_CAMBIO
4817391,227553,3,PAO2,,5215200133013,L,1,3,7,2,AUMENTAR
4822493,10879,3,PAO2,,10002,00,3,6,10,3,AUMENTAR
4826177,440960,3,PAO2,,G679F3,37,3,2,6,-1,DISMINUIR
4803540,295431,3,PAO2,,82008U-U56,12,1,0,2,-1,DISMINUIR
4816919,89582,3,PAO2,,2.20.07,00,54,54,111,0,SIN_CAMBIO
4818421,89598,3,PAO2,,2.20.10,00,2,2,5,0,SIN_CAMBIO
4798475,116617,3,PAO2,,24-30,37,3,2,6,-1,DISMINUIR
4794634,471301,3,PAO2,,HP2509,"11,5",1,0,2,-1,DISMINUIR
4795699,260764,3,PAO2,,6320,39,2,1,4,-1,DISMINUIR
4709331,183435,3,PAO2,,3J256C-102,"3,0",3,2,6,-1,DISMINUIR
4766865,224878,3,PAO2,,520634005,L,2,1,4,-1,DISMINUIR
4803461,488744,3,PAO2,,J0630,42,3,2,6,-1,DISMINUIR
4793338,157195,3,PAO2,,33001-26-90,39,2,1,4,-1,DISMINUIR
4824306,57589,3,PAO2,,149-02,35,1,0,2,-1,DISMINUIR
4760693,315423,3,PAO2,,9.55.10,M,4,2,8,-2,DISMINUIR
4809087,519233,7,NICK2,,PH832,00,81,89,173,8,AUMENTAR
4794587,474285,7,NICK2,,HT3452,M,7,8,16,1,AUMENTAR
4794589,477546,7,NICK2,,IC9519,S,1,2,4,1,AUMENTAR
4755179,51605,7,NICK2,,1364180-012,00,12,26,40,14,AUMENTAR
4826350,50884,7,NICK2,,1361518-100,L,3,2,6,-1,DISMINUIR
4711928,363142,7,NICK2,,BOXER HOMBRE,XS,1,0,2,-1,DISMINUIR
4826494,216548,7,NICK2,,5.00.37,00,15,23,39,8,AUMENTAR
4778429,16766,7,NICK2,,1014019209,00,118,120,239,2,AUMENTAR
4817987,516866,7,NICK2,,PANTALON ARQUERO,2XL,2,1,4,-1,DISMINUIR
4701283,553312,7,NICK2,,SX7664-010,M,20,26,47,6,AUMENTAR
4771654,474158,7,NICK2,,HS9767,00,1,7,9,6,AUMENTAR
4797082,372943,7,NICK2,,CAS-04B,S,11,14,27,3,AUMENTAR
4780172,51297,7,NICK2,,1361673-001,S,1,0,2,-1,DISMINUIR
4697398,223260,7,NICK2,,5201411300221,00,46,49,96,3,AUMENTAR
4810064,223261,7,NICK2,,5201411300283,00,17,20,38,3,AUMENTAR
4821968,531008,7,NICK2,,PRIMERA CAPA,M,1,4,6,3,AUMENTAR
4797364,90085,7,NICK2,,2.90.78,00,7,17,26,10,AUMENTAR
4821196,494534,7,NICK2,,JY9621,L,1,0,2,-1,DISMINUIR
4754467,553540,7,NICK2,,SX7670-100,L,25,31,57,6,AUMENTAR
4778324,536572,7,NICK2,,RE0041,L,8,7,16,-1,DISMINUIR
4806870,580984,7,NICK2,,XT-006AC-VE,00,26,26,53,0,SIN_CAMBIO
4819374,467906,7,NICK2,,HJ9198-003,11,2,1,4,-1,DISMINUIR
4810258,23565,7,NICK2,,112816304,00,5,4,10,-1,DISMINUIR
116431,277726,7,NICK2,,728,00,23,12,-44,-11,DISMINUIR
4827414,365784,7,NICK2,,BS4-0,31,1,0,2,-1,DISMINUIR
4786351,19195,7,NICK2,,1040023008,00,43,46,91,3,AUMENTAR
4777886,9092,7,NICK2,,1.95.11,00,55,59,115,4,AUMENTAR
4807036,576658,7,NICK2,,WILWRS330560U,"10,5",3,1,5,-2,DISMINUIR
4801759,511949,7,NICK2,,MZG50,11,5,4,10,-1,DISMINUIR
4825798,75766,2,PAO1,,1712/1,38,1,0,2,-1,DISMINUIR
4820330,462009,2,PAO1,,H-126,39,1,0,2,-1,DISMINUIR
4825960,259897,2,PAO1,,6307,40,1,1,3,0,SIN_CAMBIO
4819885,187971,2,PAO1,,403-0250,37,2,1,4,-1,DISMINUIR
4819947,93057,2,PAO1,,2023-1,38,6,5,12,-1,DISMINUIR
4810812,247260,2,PAO1,,5CE119,37,4,4,9,0,SIN_CAMBIO
4818363,158311,2,PAO1,,3334-02,36,1,0,2,-1,DISMINUIR
4801812,152441,2,PAO1,,310545L-BLK,37,2,2,5,0,SIN_CAMBIO
4722207,558152,2,PAO1,,TS1902,38,1,0,2,-1,DISMINUIR
4793472,462421,2,PAO1,,H-90,38,6,0,7,-6,DISMINUIR
4828547,233724,2,PAO1,,551-6396,37,1,2,4,1,AUMENTAR
4823817,279808,6,NICK1,,73690-HTPK,"37,5",2,1,4,-1,DISMINUIR
4809809,402356,6,NICK1,,DM7590-100,"9,5",2,0,3,-2,DISMINUIR
4821143,492740,6,NICK1,,JR0543,"7,0",3,0,4,-3,DISMINUIR
4822551,450200,6,NICK1,,GR-NBA-12458,42,2,0,3,-2,DISMINUIR
4818684,486022,6,NICK1,,IP9863,00,9,10,20,1,AUMENTAR
4817149,492450,6,NICK1,,JQ2737,"7,0",2,1,4,-1,DISMINUIR
4822897,577594,6,NICK1,,WL515HSW,10,2,1,4,-1,DISMINUIR
4819328,467209,6,NICK1,,HF6279-601,"6,5",3,2,6,-1,DISMINUIR
4763296,408240,6,NICK1,,DZ9385,S,2,9,2,7,AUMENTAR
4819171,424128,6,NICK1,,FD6034-001,"7,5",3,1,6,-2,DISMINUIR
4762792,386710,6,NICK1,,CP102028M,"10,5",2,1,4,-1,DISMINUIR
4759294,324643,4,PAO3,,9700,39,1,0,2,-1,DISMINUIR
4744240,310171,4,PAO3,,881-4936,40,1,0,2,-1,DISMINUIR
4824827,569728,4,PAO3,,VU4024T,37,1,0,2,-1,DISMINUIR
4813994,280311,4,PAO3,,737-22,38,5,0,6,-5,DISMINUIR
4791085,195018,4,PAO3,,405638l-BBK,32,2,1,4,-1,DISMINUIR
4808106,65033,4,PAO3,,150201-BBK,36,2,1,4,-1,DISMINUIR
4770621,455856,4,PAO3,,GW6513,"13,5",1,1,2,0,SIN_CAMBIO
4816251,116579,4,PAO3,,24-29,38,1,0,2,-1,DISMINUIR
4827001,48305,4,PAO3,,134202-01,42,1,1,3,0,SIN_CAMBIO
4745783,239537,4,PAO3,,581-0445,38,4,3,8,-1,DISMINUIR
4771451,473620,4,PAO3,,HQ8809,"8,5",3,2,6,-1,DISMINUIR
4811040,189100,4,PAO3,,403695L-W,27,2,1,4,-1,DISMINUIR
4746500,456287,4,PAO3,,GW8342,"8,5",6,5,12,-1,DISMINUIR
4813628,280326,4,PAO3,,737-30,37,2,0,4,-2,DISMINUIR
4813661,271389,4,PAO3,,677-05,38,3,0,4,-3,DISMINUIR
4718119,493753,4,PAO3,,JS1806,39,1,0,2,-1,DISMINUIR
4752899,227955,4,PAO3,,52458-BLK,"41,5",2,0,4,-2,DISMINUIR
4816644,79197,5,PAO4,,180745-03,42,3,2,6,-1,DISMINUIR
4801250,464114,5,PAO4,,H09,41,1,1,3,0,SIN_CAMBIO
4811683,170217,5,PAO4,,37-PINGUIH-3,35,1,0,2,-1,DISMINUIR
4824641,451365,5,PAO4,,GR-RI-12455,42,3,3,7,0,SIN_CAMBIO
4771675,463515,5,PAO4,,H03794,"6,0",2,1,4,-1,DISMINUIR
4827933,6937,3,PAO2,,084344-01,"4,0",12,11,24,-1,DISMINUIR
4797791,295901,3,PAO2,,82041U-MDV,"7,0",1,1,2,0,SIN_CAMBIO
4803578,256470,3,PAO2,,62008U-DX4,"10,5",0,1,1,1,AUMENTAR
4779097,519188,3,PAO2,,PH613,00,8,9,17,1,AUMENTAR
4784802,286686,3,PAO2,,8.40.02,00,2,0,4,-2,DISMINUIR
4826182,440951,3,PAO2,,G679F3,36,1,0,2,-1,DISMINUIR
4823091,379298,3,PAO2,,CINTA CAPITAN,00,8,8,18,0,SIN_CAMBIO
4692677,225195,3,PAO2,,5207015106061,00,14,12,31,-2,DISMINUIR
4820317,330006,3,PAO2,,A005,38,2,1,4,-1,DISMINUIR
4801527,586784,3,PAO2,,ZM22-12082-90,42,3,2,6,-1,DISMINUIR
4818487,151218,3,PAO2,,310384L-WHT,35,1,1,3,0,SIN_CAMBIO
4794611,456490,3,PAO2,,GW9250,"8,5",0,0,0,0,SIN_CAMBIO
4803040,481832,3,PAO2,,IF1409,"2,5",1,0,2,-1,DISMINUIR
4402166,214848,3,PAO2,,5-COBNA-2,37,6,2,9,-4,DISMINUIR
4819855,195325,3,PAO2,,406-0018,37,2,1,4,-1,DISMINUIR
4790226,223414,3,PAO2,,520170340,00,1,2,3,1,AUMENTAR
4761933,240574,3,PAO2,,581-6669,35,1,0,2,-1,DISMINUIR
4818566,144124,3,PAO2,,303158N-PRMT,25,2,1,4,-1,DISMINUIR
4827967,302668,3,PAO2,,8434666247,00,10,10,22,0,SIN_CAMBIO
4804603,426612,3,PAO2,,FOX40-2,00,6,6,13,0,SIN_CAMBIO
4792122,9833,3,PAO2,,1000000168,"11,5",1,0,2,-1,DISMINUIR
4827568,308650,3,PAO2,,872-6640,40,3,4,8,1,AUMENTAR
4801784,94708,3,PAO2,,2069-2B,34,2,1,4,-1,DISMINUIR
4692190,225319,3,PAO2,,5207017100005,00,3,16,21,13,AUMENTAR
4796840,485935,3,PAO2,,IP3995,S,8,7,18,-1,DISMINUIR
4764858,185924,3,PAO2,,400602N-NVMT,23,1,0,2,-1,DISMINUIR
4824308,57596,3,PAO2,,149-02,37,4,3,8,-1,DISMINUIR
4758187,596233,3,PAO2,,R51,35,1,0,1,-1,DISMINUIR
4822085,541048,3,PAO2,,S3241-2,42,3,2,6,-1,DISMINUIR
4801154,253164,3,PAO2,,6.20.02,M,8,8,17,0,SIN_CAMBIO
4824466,7013,3,PAO2,,089-5396,20,2,2,5,0,SIN_CAMBIO
4801804,121124,3,PAO2,,257-2M,40,2,1,4,-1,DISMINUIR
4774217,473001,3,PAO2,,HP9426,"7,0",2,1,4,-1,DISMINUIR
4818411,93297,3,PAO2,,2026-02,23,2,1,4,-1,DISMINUIR
4780591,16884,7,NICK2,,1014098001,00,25,30,57,5,AUMENTAR
4821282,490479,7,NICK2,,JH3745,"5,0",10,21,33,11,AUMENTAR
4782321,51038,7,NICK2,,1361586-001,M,1,1,3,0,SIN_CAMBIO
4811182,508567,7,NICK2,,MI37451,00,12,15,28,3,AUMENTAR
4817672,394576,7,NICK2,,DA001/A,M,3,38,42,35,AUMENTAR
215841,218707,7,NICK2,,505025,00,1,0,1,-1,DISMINUIR
4798818,1135,7,NICK2,,0092836203,14,4,3,9,-1,DISMINUIR
4814947,352159,7,NICK2,,B2001,00,10,20,32,10,AUMENTAR
4769078,216523,7,NICK2,,5.00.08,00,47,60,112,13,AUMENTAR
4784648,315347,7,NICK2,,9.00.27,00,1,4,6,3,AUMENTAR
4787728,480706,7,NICK2,,IE4904,"7,0",2,1,4,-1,DISMINUIR
4828274,510466,7,NICK2,,MO22234,00,9,8,18,-1,DISMINUIR
4827966,507032,7,NICK2,,MANGAS VOLLEY,S,38,9,50,-29,DISMINUIR
424731,275326,7,NICK2,,7101,00,12,15,29,3,AUMENTAR
4770704,16777,7,NICK2,,1014019302,00,58,36,99,-22,DISMINUIR
4824270,426629,7,NICK2,,FP9597,M,1,1,3,0,SIN_CAMBIO
4817118,488732,7,NICK2,,J0628-1,33,1,1,3,0,SIN_CAMBIO
4789015,316302,7,NICK2,,90132,"4,0",6,11,21,5,AUMENTAR
4826463,23260,7,NICK2,,11206,"9,0",1,0,2,-1,DISMINUIR
4810711,484346,7,NICK2,,IH0084,"9,5",2,2,5,0,SIN_CAMBIO
4826464,23247,7,NICK2,,11206,10,2,1,4,-1,DISMINUIR
4772782,581346,7,NICK2,,XT23830-438,43,1,0,2,-1,DISMINUIR
4790526,23054,7,NICK2,,11202,11,2,0,3,-2,DISMINUIR
4797291,46199,7,NICK2,,13219,10,1,1,3,0,SIN_CAMBIO
4827855,152969,7,NICK2,,311732 06,"4,5",2,1,4,-1,DISMINUIR
4827863,153030,7,NICK2,,312041 01,"8,0",2,0,4,-2,DISMINUIR
4742104,539897,7,NICK2,,S17-6B,43,1,0,2,-1,DISMINUIR
4819360,467893,7,NICK2,,HJ9153-600,"8,5",1,0,2,-1,DISMINUIR
4734827,211867,7,NICK2,,486R,00,1,1,3,0,SIN_CAMBIO
4817930,536730,7,NICK2,,RE0078,"6,0",2,1,4,-1,DISMINUIR
4825337,516751,7,NICK2,,PA97402-65,00,6,5,12,-1,DISMINUIR
4826798,509049,7,NICK2,,MK-856 30CM,00,10,8,22,-2,DISMINUIR
4779093,519216,7,NICK2,,PH830,00,44,65,116,21,AUMENTAR
4816549,427147,7,NICK2,,FQ8284-800,"1,0",2,1,4,-1,DISMINUIR
4818629,490026,7,NICK2,,JD3826,"4,0",28,30,59,2,AUMENTAR
4824398,55583,7,NICK2,,14079,"7,5",1,0,2,-1,DISMINUIR
4773679,404012,7,NICK2,,DR5950-810,"11,5",1,2,4,1,AUMENTAR
4779568,576606,7,NICK2,,WILWR5600170,00,13,16,32,3,AUMENTAR
4798672,49629,7,NICK2,,1356705-100,00,2,5,9,3,AUMENTAR
4818142,157550,7,NICK2,,3319313137,32,1,0,2,-1,DISMINUIR
4780438,453113,7,NICK2,,GUANTE TERMICO,S,7,6,15,-1,DISMINUIR
4827455,253793,7,NICK2,,601063014,00,10,13,24,3,AUMENTAR
4818189,394639,7,NICK2,,DA0020/A,L,2,1,4,-1,DISMINUIR
4825308,398549,7,NICK2,,DEPFUTGUA,"8,0",2,1,4,-1,DISMINUIR
4814939,324304,7,NICK2,,9634,S,6,5,12,-1,DISMINUIR
4788385,549138,2,PAO1,,SS24PO102,37,2,2,5,0,SIN_CAMBIO
4748331,464626,2,PAO1,,H20,35,1,0,2,-1,DISMINUIR
4200715,362877,2,PAO1,,BNY18009,38,2,1,1,-1,DISMINUIR
4773297,105020,2,PAO1,,22-25,36,2,0,4,-2,DISMINUIR
4757187,129843,2,PAO1,,300-27,38,1,0,2,-1,DISMINUIR
4726875,474925,2,PAO1,,HWICCFW21011B,26,2,1,4,-1,DISMINUIR
4825908,98021,2,PAO1,,2104,41,1,0,2,-1,DISMINUIR
4738776,128970,2,PAO1,,2970,34,1,0,2,-1,DISMINUIR
4709593,210382,2,PAO1,,4807.102.20115.73734,39,2,1,4,-1,DISMINUIR
4820479,544950,2,PAO1,,SALDO/1,00,8,14,-19,6,AUMENTAR
4825912,97988,2,PAO1,,2104,39,1,0,2,-1,DISMINUIR
4805854,94511,2,PAO1,,2060,40,1,0,2,-1,DISMINUIR
4820310,332288,2,PAO1,,A0817,36,1,0,2,-1,DISMINUIR
4826243,300706,2,PAO1,,8360.303.9569-52531,37,3,2,6,-1,DISMINUIR
4824647,451387,6,NICK1,,GR-RI-12492,43,3,2,6,-1,DISMINUIR
4822868,577437,6,NICK1,,WL373SL2,"7,5",2,1,4,-1,DISMINUIR
4821529,195119,6,NICK1,,405638N-RDW,23,2,1,4,-1,DISMINUIR
4810908,480499,6,NICK1,,IE3925,"9,0",2,1,4,-1,DISMINUIR
4821356,185581,6,NICK1,,400139L-BKSL,26,1,0,2,-1,DISMINUIR
4805743,13930,6,NICK1,,100202156,"5,5",2,1,4,-1,DISMINUIR
4714752,340684,6,NICK1,,AO1742-401,"8,5",1,0,2,-1,DISMINUIR
4820711,413324,4,PAO3,,EGA61102-91N,35,1,0,2,-1,DISMINUIR
4819939,93104,4,PAO3,,2023-3,36,2,1,4,-1,DISMINUIR
4817861,63975,4,PAO3,,1500-0982,42,1,1,3,0,SIN_CAMBIO
4804341,553715,4,PAO3,,SX7676-100,M,10,9,22,-1,DISMINUIR
4819860,195363,4,PAO3,,406-0069,36,1,1,3,0,SIN_CAMBIO
4819859,195361,4,PAO3,,406-0069,35,1,0,2,-1,DISMINUIR
4825494,108910,4,PAO3,,2293.201.30502-82551,42,3,1,6,-2,DISMINUIR
4826028,94599,4,PAO3,,2062,39,2,1,4,-1,DISMINUIR
4813387,228325,4,PAO3,,52458-WHT,42,1,0,2,-1,DISMINUIR
4816670,189397,4,PAO3,,403718L-RDBK,27,1,0,2,-1,DISMINUIR
4822474,520473,4,PAO3,,PI-11016300000050,38,2,1,4,-1,DISMINUIR
4824672,448202,4,PAO3,,GR-GR18060,37,1,1,3,0,SIN_CAMBIO
4750585,470214,4,PAO3,,HLT-511,00,19,19,39,0,SIN_CAMBIO
4823597,303648,4,PAO3,,8449.402.27994-93542,35,1,0,2,-1,DISMINUIR
4819028,176989,4,PAO3,,384-0141,38,3,2,6,-1,DISMINUIR
4781143,279624,4,PAO3,,73690-BBK,37,2,1,4,-1,DISMINUIR
4820765,182669,4,PAO3,,3J02-16,35,1,0,2,-1,DISMINUIR
4817079,241297,5,PAO4,,5824.104.7800-35312,39,2,1,4,-1,DISMINUIR
4808001,36887,5,PAO4,,124799-BLK,"36,5",2,1,4,-1,DISMINUIR
4779069,461884,5,PAO4,,H-123,36,1,0,2,-1,DISMINUIR
4775725,333334,5,PAO4,,A30-11-90B,38,4,0,5,-4,DISMINUIR
4811574,77551,5,PAO4,,177289-BBK,"36,5",1,1,3,0,SIN_CAMBIO
4753923,309808,5,PAO4,,881-2317,39,1,0,2,-1,DISMINUIR
4822263,529471,5,PAO4,,PJH0065,40,1,1,3,0,SIN_CAMBIO
4753255,518416,5,PAO4,,PF01257.37B-F,40,1,0,2,-1,DISMINUIR
4813460,242254,5,PAO4,,5871-13,37,2,1,4,-1,DISMINUIR
4750672,461363,3,PAO2,,H-106,38,5,4,10,-1,DISMINUIR
4827044,156183,3,PAO2,,324015696,28,3,2,6,-1,DISMINUIR
4791434,247356,3,PAO2,,5CE122,37,1,0,2,-1,DISMINUIR
4825910,97968,3,PAO2,,2104,37,1,0,2,-1,DISMINUIR
4811409,37040,3,PAO2,,124836-BBK,38,2,1,4,-1,DISMINUIR
4723196,435169,3,PAO2,,G2016,37,1,1,3,0,SIN_CAMBIO
4769994,570885,3,PAO2,,W014,43,1,0,2,-1,DISMINUIR
4806889,391593,3,PAO2,,D-PX-283313,00,2,1,4,-1,DISMINUIR
4817914,278354,3,PAO2,,729-1400,40,4,1,6,-3,DISMINUIR
4803049,481819,3,PAO2,,IF1409,11,1,0,2,-1,DISMINUIR
4807619,486130,3,PAO2,,IS5399,M,3,2,6,-1,DISMINUIR
4770689,225426,3,PAO2,,5207021101012,00,25,24,53,-1,DISMINUIR
4798177,534651,3,PAO2,,R.10.01,XS,6,4,12,-2,DISMINUIR
4759154,225348,3,PAO2,,5207017104041,00,7,8,16,1,AUMENTAR
4813315,425190,7,NICK2,,FJ2587-300,"9,5",1,0,2,-1,DISMINUIR
4826787,416507,7,NICK2,,F-SB-356084,00,2,12,16,10,AUMENTAR
4700390,285577,7,NICK2,,7807998005210,00,8,12,21,4,AUMENTAR
4767146,466605,7,NICK2,,HD6367,L,4,3,8,-1,DISMINUIR
4828078,46537,7,NICK2,,1326413-408,L,1,1,3,0,SIN_CAMBIO
4798039,154537,7,NICK2,,315837027,43,2,2,5,0,SIN_CAMBIO
4799209,376004,7,NICK2,,CD7782-404,"4,0",1,0,2,-1,DISMINUIR
4783297,403955,7,NICK2,,DR2741-001,"10,5",2,1,4,-1,DISMINUIR
4779092,519219,7,NICK2,,PH830,00,107,134,252,27,AUMENTAR
4818323,327360,7,NICK2,,9886711,S,8,9,18,1,AUMENTAR
4814413,372652,7,NICK2,,CAMISETA KIDS,14,3,0,5,-3,DISMINUIR
4814926,308952,7,NICK2,,8801,S,1,1,3,0,SIN_CAMBIO
4818012,384610,7,NICK2,,COPA 203/A,00,3,1,6,-2,DISMINUIR
4818011,384656,7,NICK2,,COPA 3364/C,00,2,1,4,-1,DISMINUIR
4417930,518999,7,NICK2,,PG6,00,4,2,7,-2,DISMINUIR
4812769,488900,7,NICK2,,J0710-2,38,1,0,2,-1,DISMINUIR
4811394,143649,7,NICK2,,3028512-001,39,1,0,2,-1,DISMINUIR
4821070,479380,7,NICK2,,ID9156,10,4,1,6,-3,DISMINUIR
4782119,521407,2,PAO1,,PI-13019600000139,38,1,0,2,-1,DISMINUIR
4788389,549126,2,PAO1,,SS24PO102,35,1,0,2,-1,DISMINUIR
4801769,93232,2,PAO1,,2026,26,9,7,17,-2,DISMINUIR
4823210,172775,2,PAO1,,3765-02,36,1,1,3,0,SIN_CAMBIO
4823190,168021,2,PAO1,,3646-02,36,1,2,4,1,AUMENTAR
4815013,298397,2,PAO1,,826-16,39,3,0,6,-3,DISMINUIR
4794035,108936,2,PAO1,,2294-10,38,1,0,2,-1,DISMINUIR
4751866,398772,2,PAO1,,DES201-7A,40,2,1,4,-1,DISMINUIR
4825815,586353,2,PAO1,,ZL-100,42,2,2,5,0,SIN_CAMBIO
4751692,318290,2,PAO1,,908,40,3,2,6,-1,DISMINUIR
4402166,214849,2,PAO1,,5-COBNA-2,37,4,3,6,-1,DISMINUIR
4818376,148964,2,PAO1,,3054-02,35,1,0,2,-1,DISMINUIR
4707914,210509,2,PAO1,,4809.101.20788.75962,35,1,0,2,-1,DISMINUIR
4755278,308155,6,NICK1,,865157C-102,"3,0",3,4,8,1,AUMENTAR
4810439,141748,6,NICK1,,302630L-WHT,36,2,2,5,0,SIN_CAMBIO
4817745,15325,6,NICK1,,100211858,"7,5",1,0,2,-1,DISMINUIR
4810612,490055,6,NICK1,,JD9567,00,8,9,17,1,AUMENTAR
4798275,358488,6,NICK1,,BB480SCD,"9,0",3,2,6,-1,DISMINUIR
4829985,594486,6,NICK1,,IO6964-001,10,1,0,1,-1,DISMINUIR
4824094,103453,6,NICK1,,217074-NVY,40,1,0,2,-1,DISMINUIR
4827397,424283,6,NICK1,,FD6476-600,"7,0",1,0,2,-1,DISMINUIR
4824666,448201,4,PAO3,,GR-GR18060,37,1,2,4,1,AUMENTAR
4805301,303573,4,PAO3,,8449.402.27994-15758,34,1,0,2,-1,DISMINUIR
4805265,303619,4,PAO3,,8449.402.27994-17159,34,2,1,4,-1,DISMINUIR
4824671,448192,4,PAO3,,GR-GR18060,36,2,1,4,-1,DISMINUIR
4822540,450041,4,PAO3,,GR-NBA-12378,39,1,0,2,-1,DISMINUIR
4815136,585525,4,PAO3,,Z6714-1,37,4,1,8,-3,DISMINUIR
4814238,500170,4,PAO3,,LRWM-049-90,37,2,1,4,-1,DISMINUIR
4823231,142482,4,PAO3,,3027-02,40,1,0,2,-1,DISMINUIR
4828611,141789,4,PAO3,,302636L-WHT,34,3,2,6,-1,DISMINUIR
4825832,99368,4,PAO3,,2110,41,1,0,2,-1,DISMINUIR
4826882,122420,5,PAO4,,2594-01,26,2,1,4,-1,DISMINUIR
4825645,257665,5,PAO4,,6249.1116.30591-66,38,1,1,3,0,SIN_CAMBIO
4790762,194840,5,PAO4,,405627L-BBK,35,1,2,4,1,AUMENTAR
4790763,194845,5,PAO4,,405627L-BBK,36,1,2,4,1,AUMENTAR
4775927,330371,5,PAO4,,A01069C-001,"1,5",2,1,4,-1,DISMINUIR
4782162,520084,5,PAO4,,PI-11010200001104,39,2,0,4,-2,DISMINUIR
4781710,131601,5,PAO4,,301-8016,36,4,3,8,-1,DISMINUIR
4813572,255194,5,PAO4,,608-16,36,1,1,3,0,SIN_CAMBIO
4813959,266943,5,PAO4,,660-02,35,2,0,3,-2,DISMINUIR
4717551,31207,5,PAO4,,12-CAROL-1,36,1,1,3,0,SIN_CAMBIO
4742240,126471,5,PAO4,,281-65890,27,1,1,3,0,SIN_CAMBIO
4698823,5541,3,PAO2,,066143999007,00,7,8,17,1,AUMENTAR
4797740,295853,3,PAO2,,82038U-MDX,"9,0",1,0,2,-1,DISMINUIR
4814966,546602,3,PAO2,,SG258,00,4,3,8,-1,DISMINUIR
4755296,585608,3,PAO2,,Z8126-1,37,1,0,2,-1,DISMINUIR
4822550,450197,3,PAO2,,GR-NBA-12458,41,1,1,3,0,SIN_CAMBIO
4817780,15198,3,PAO2,,100209617,"3,0",2,1,4,-1,DISMINUIR
4819811,176842,3,PAO2,,384-0092,35,1,0,2,-1,DISMINUIR
4767540,487233,3,PAO2,,J0136/2,39,4,3,8,-1,DISMINUIR
4790563,8482,3,PAO2,,1-PH611,00,19,21,41,2,AUMENTAR
4820825,248717,3,PAO2,,5K02-16,37,2,1,4,-1,DISMINUIR
4819850,195338,3,PAO2,,406-0018,38,1,1,3,0,SIN_CAMBIO
345434,383958,3,PAO2,,CO-077911,38,3,2,3,-1,DISMINUIR
4750671,461333,3,PAO2,,H-106,37,2,1,4,-1,DISMINUIR
419832,320102,3,PAO2,,921,40,4,3,8,-1,DISMINUIR
4800331,223888,3,PAO2,,5205192027025,"3,0",8,9,18,1,AUMENTAR
4812955,14963,3,PAO2,,100209113,"4,5",1,0,2,-1,DISMINUIR
4795802,210989,3,PAO2,,481-8402,38,4,1,6,-3,DISMINUIR
4760114,227522,3,PAO2,,521520012,L,8,8,17,0,SIN_CAMBIO
4807614,490249,7,NICK2,,JE6708,00,3,2,6,-1,DISMINUIR
4776778,516737,7,NICK2,,PA97003,00,18,6,26,-12,DISMINUIR
4819342,467216,7,NICK2,,HF6280-001,"1,0",2,0,4,-2,DISMINUIR
4802992,485988,7,NICK2,,IP8455,L,5,9,15,4,AUMENTAR
4817671,394578,7,NICK2,,DA001/A,S,2,38,41,36,AUMENTAR
4811311,143372,7,NICK2,,3028293-016,11,2,0,3,-2,DISMINUIR
4797313,45871,7,NICK2,,13197,11,1,0,2,-1,DISMINUIR
4809588,547910,7,NICK2,,SPAPRNE001,00,8,8,17,0,SIN_CAMBIO
4821976,518078,7,NICK2,,PELOTA PING PONG,00,31,54,86,23,AUMENTAR
4821964,552556,7,NICK2,,STRAP,00,2,13,17,11,AUMENTAR
4826384,143543,7,NICK2,,3028409-107,"8,0",2,1,4,-1,DISMINUIR
159821,511266,7,NICK2,,MSAFTOE,00,1,0,2,-1,DISMINUIR
4806037,413588,7,NICK2,,EGOTICO ESTELAR PRO,11,1,0,2,-1,DISMINUIR
4827512,394735,7,NICK2,,DA012/A,Xl,2,1,4,-1,DISMINUIR
4742102,539885,7,NICK2,,S17-6B,41,3,5,9,2,AUMENTAR
4827836,152877,7,NICK2,,311481 01,10,1,1,3,0,SIN_CAMBIO
4827967,302669,7,NICK2,,8434666247,00,8,8,18,0,SIN_CAMBIO
4418876,511386,7,NICK2,,MSFCCC,00,4,6,12,2,AUMENTAR
4703304,507267,7,NICK2,,MAX50,00,3,4,8,1,AUMENTAR
4794525,488380,7,NICK2,,J0508-2,38,1,0,2,-1,DISMINUIR
4828134,253502,7,NICK2,,6006261-001,M,2,1,4,-1,DISMINUIR
4825320,518304,7,NICK2,,PETOE,00,47,27,80,-20,DISMINUIR
4808949,253932,7,NICK2,,6013113AMAN,00,6,1,13,-5,DISMINUIR
4830187,594583,7,NICK2,,J0934-1,34,1,0,1,-1,DISMINUIR
4769059,89655,7,NICK2,,2.40.06,XS,2,1,4,-1,DISMINUIR
4777858,89651,7,NICK2,,2.40.06,Xl,1,0,2,-1,DISMINUIR
4817986,516871,7,NICK2,,PANTALON ARQUERO,Xl,2,1,4,-1,DISMINUIR
4827554,576728,7,NICK2,,WILWZ4025410XB7,"7,0",4,3,8,-1,DISMINUIR
4823773,145467,2,PAO1,,303579N-NVHP,20,1,0,2,-1,DISMINUIR
4761856,136804,2,PAO1,,302349L-NVMT,28,1,0,2,-1,DISMINUIR
4750658,461313,2,PAO1,,H-106,36,2,1,4,-1,DISMINUIR
4767647,461376,2,PAO1,,H-106,39,2,1,4,-1,DISMINUIR
4820483,544958,2,PAO1,,SALDO/5,00,7,5,2,-2,DISMINUIR
4820731,182559,2,PAO1,,3E19-10,37,2,1,4,-1,DISMINUIR
4813035,14844,6,NICK1,,100208884,"5,5",1,0,2,-1,DISMINUIR
4817236,492387,6,NICK1,,JQ2735,"8,5",1,0,2,-1,DISMINUIR
4808988,547445,6,NICK1,,SP-03A,39,1,0,2,-1,DISMINUIR
4763295,408191,6,NICK1,,DZ9384,L,26,26,55,0,SIN_CAMBIO
4816172,151283,6,NICK1,,310387L-BKRG,29,2,1,4,-1,DISMINUIR
4827054,406066,6,NICK1,,DV5457-008,"1,0",1,0,2,-1,DISMINUIR
4821170,507529,6,NICK1,,MEDIA POLYESTER ECO AD,00,81,83,165,2,AUMENTAR
4812076,27487,6,NICK1,,117560-WHT,"37,5",1,1,3,0,SIN_CAMBIO
4828242,15695,6,NICK1,,100233092,"10,5",1,0,2,-1,DISMINUIR
4813796,378556,4,PAO3,,CHL62101-90,36,2,1,4,-1,DISMINUIR
4747414,179364,4,PAO3,,388-0104,40,1,0,2,-1,DISMINUIR
4818730,309072,4,PAO3,,880355-10,M,9,9,19,0,SIN_CAMBIO
4810883,247171,4,PAO3,,5CE115,41,3,2,6,-1,DISMINUIR
4742242,126478,4,PAO3,,281-65890,29,3,2,6,-1,DISMINUIR
4828610,141597,4,PAO3,,302627L-BBK,36,1,1,3,0,SIN_CAMBIO
4813532,316942,4,PAO3,,9028-03,42,6,2,9,-4,DISMINUIR
4821666,27574,4,PAO3,,117624-BBK,36,1,0,2,-1,DISMINUIR
4811633,309667,4,PAO3,,881-1821,43,3,0,4,-3,DISMINUIR
4822536,450040,4,PAO3,,GR-NBA-12378,39,1,0,2,-1,DISMINUIR
4802892,484712,4,PAO3,,IH4743,"7,0",1,0,2,-1,DISMINUIR
4820809,248781,5,PAO4,,5K03-20,39,2,1,4,-1,DISMINUIR
4790546,415514,5,PAO4,,ENVIOS,00,887,990,885,103,AUMENTAR
4820836,248822,5,PAO4,,5K07-13,36,1,0,2,-1,DISMINUIR
4811240,187947,5,PAO4,,403-0250,36,7,5,13,-2,DISMINUIR
4823618,306266,5,PAO4,,8527.111.29914-75365,39,1,0,2,-1,DISMINUIR
4815470,523042,5,PAO4,,PI-14505400000006,37,1,0,2,-1,DISMINUIR
419833,320124,3,PAO2,,921,41,3,2,6,-1,DISMINUIR
4812531,486147,3,PAO2,,IS7049,00,12,15,28,3,AUMENTAR
4826482,501231,3,PAO2,,M.50.40,00,1,2,4,1,AUMENTAR
4797196,179797,3,PAO2,,3891113,M,11,10,22,-1,DISMINUIR
4820632,304135,3,PAO2,,8461TL1005,M,2,2,5,0,SIN_CAMBIO
4692137,225326,3,PAO2,,5207017101019,00,10,20,34,10,AUMENTAR
4789282,548400,3,PAO2,,SPJSSS24055,S,19,19,40,0,SIN_CAMBIO
4786026,511216,3,PAO2,,MSAFGARTK,"7,0",1,0,2,-1,DISMINUIR
4818364,158317,3,PAO2,,3334-02,37,3,2,6,-1,DISMINUIR
4769805,490468,3,PAO2,,JG2600,00,3,2,6,-1,DISMINUIR
4818696,484386,3,PAO2,,IH0103,"10,5",1,0,2,-1,DISMINUIR
4816921,89603,3,PAO2,,2.20.11,00,6,8,15,2,AUMENTAR
4818422,89597,3,PAO2,,2.20.10,00,1,5,7,4,AUMENTAR
4717503,126307,3,PAO2,,281-5562,28,1,0,2,-1,DISMINUIR
4821780,147273,3,PAO2,,303982L-BKPK,36,1,0,2,-1,DISMINUIR
4805965,95139,3,PAO2,,2079,37,1,0,2,-1,DISMINUIR
4812845,490183,7,NICK2,,JE4150,Xl,3,6,10,3,AUMENTAR
4798161,483260,7,NICK2,,IG5438,"4,0",1,0,2,-1,DISMINUIR
4799648,405339,7,NICK2,,DV4345-002,"9,5",1,0,2,-1,DISMINUIR
4810844,46275,7,NICK2,,13221,"9,5",1,1,3,0,SIN_CAMBIO
4805838,489767,7,NICK2,,JB2322,00,17,25,43,8,AUMENTAR
4790438,588099,7,NICK2,,ZX80121057,43,1,0,2,-1,DISMINUIR
4810059,226683,7,NICK2,,52113400161,00,15,15,31,0,SIN_CAMBIO
4826478,16872,7,NICK2,,1014067902,00,13,50,66,37,AUMENTAR
4793240,22163,7,NICK2,,110025,M,1,3,9,2,AUMENTAR
4758411,90081,7,NICK2,,2.90.77,00,6,15,24,9,AUMENTAR
4825150,490038,7,NICK2,,JD8032,"5,0",21,6,31,-15,DISMINUIR
4824485,539406,7,NICK2,,S02-B,41,2,2,5,0,SIN_CAMBIO
4779153,548676,7,NICK2,,SPS-11,43,2,1,4,-1,DISMINUIR
4826406,511912,7,NICK2,,MZ701,00,3,21,25,18,AUMENTAR
4819349,467237,7,NICK2,,HF6280-001,13,3,3,7,0,SIN_CAMBIO
4825345,538249,7,NICK2,,RF878C,00,11,11,23,0,SIN_CAMBIO
4780505,268817,7,NICK2,,66143095365,00,5,4,10,-1,DISMINUIR
4827242,426823,7,NICK2,,FQ1833-009,"11,5",1,0,2,-1,DISMINUIR
4793670,401198,7,NICK2,,DJ5968-700,"9,0",2,2,5,0,SIN_CAMBIO
4778718,315443,7,NICK2,,9.65.00,M,25,4,35,-21,DISMINUIR
4800080,398627,7,NICK2,,DEPVOLACC077,00,3,2,6,-1,DISMINUIR
4800900,563684,7,NICK2,,V50,00,1,8,10,7,AUMENTAR
4828042,427276,7,NICK2,,FQ8313-600,"5,5",1,0,2,-1,DISMINUIR
4798930,203469,7,NICK2,,451140400 P,M,7,5,13,-2,DISMINUIR
4798209,425139,7,NICK2,,FJ2587-001,"9,5",1,0,2,-1,DISMINUIR
4790672,425448,7,NICK2,,FJ4861-010,M,1,1,3,0,SIN_CAMBIO
4809136,302724,7,NICK2,,8434666291,00,15,21,38,6,AUMENTAR
4784391,214341,2,PAO1,,5-CANNA-17,39,1,0,2,-1,DISMINUIR
4817625,214096,2,PAO1,,4Q07,28,2,1,4,-1,DISMINUIR
4820481,544954,2,PAO1,,SALDO/3,00,18,23,6,5,AUMENTAR
4753165,90274,2,PAO1,,20-CREW-3,39,2,1,5,-1,DISMINUIR
4746164,408220,2,PAO1,,DZ9385,L,8,9,18,1,AUMENTAR
4798447,104782,2,PAO1,,22-03,40,1,0,2,-1,DISMINUIR
4833750,602123,2,PAO1,,310286L-BLK,38.0,1,0,3,-1,DISMINUIR
4791857,478624,6,NICK1,,ID5271,"9,5",3,2,6,-1,DISMINUIR
4784677,505675,6,NICK1,,M9160C-001,"7,5",1,0,2,-1,DISMINUIR
4812534,489998,6,NICK1,,JD1303,00,3,15,24,12,AUMENTAR
4814668,490998,6,NICK1,,JI1543,"9,0",1,0,2,-1,DISMINUIR
4749397,443739,6,NICK1,,GF89H-YD6794,S,2,1,4,-1,DISMINUIR
4786351,19188,6,NICK1,,1040023008,00,11,13,26,2,AUMENTAR
4816475,376090,6,NICK1,,CD7783-100,"13,5",1,1,3,0,SIN_CAMBIO
4826701,15670,6,NICK1,,100233089,"2,5",1,0,2,-1,DISMINUIR
4827283,467105,6,NICK1,,HF6279-001,"3,5",1,0,2,-1,DISMINUIR
4819702,373449,6,NICK1,,CCPOLI2544NE,2XL,1,0,2,-1,DISMINUIR
4790654,390806,6,NICK1,,CW9301-010,00,4,5,10,1,AUMENTAR
4825105,40010,6,NICK1,,128606-BBK,40,1,0,2,-1,DISMINUIR
4826517,492844,6,NICK1,,JR4068,"5,0",1,0,2,-1,DISMINUIR
4827349,426149,6,NICK1,,FN0228-001,"9,5",1,1,3,0,SIN_CAMBIO
4817544,332686,6,NICK1,,A11457C-403,"5,5",1,0,2,-1,DISMINUIR
4807892,192312,6,NICK1,,403969L-RDBK,34,1,0,2,-1,DISMINUIR
4826477,17248,6,NICK1,,102050999,"5,0",7,9,18,2,AUMENTAR
4818895,474230,6,NICK1,,HT2430,"5,0",2,4,7,2,AUMENTAR
4828431,389053,6,NICK1,,CU8090-010,00,6,5,12,-1,DISMINUIR
4804578,529703,4,PAO3,,PK034A60001,41,2,1,4,-1,DISMINUIR
4816616,24059,4,PAO3,,114858-01,44,0,1,1,1,AUMENTAR
4813678,276759,4,PAO3,,717-16,37,1,0,2,-1,DISMINUIR
4823282,123147,4,PAO3,,2610-05/1,37,1,2,4,1,AUMENTAR
4793426,117794,4,PAO3,,24JS05,40,1,0,2,-1,DISMINUIR
4793351,397471,4,PAO3,,DCA91129-90,39,1,0,2,-1,DISMINUIR
4819717,128282,4,PAO3,,2918,35,3,1,6,-2,DISMINUIR
4732267,256681,4,PAO3,,620657REG,00,16,16,35,0,SIN_CAMBIO
4815449,522767,4,PAO3,,PI-14323100000006,40,2,0,3,-2,DISMINUIR
4750921,104549,4,PAO3,,21JS35,35,1,0,2,-1,DISMINUIR
4776627,523360,4,PAO3,,PI-14718000000020,40,1,0,2,-1,DISMINUIR
4762903,241356,4,PAO3,,5827,40,3,1,5,-2,DISMINUIR
4814899,351527,4,PAO3,,AZ254011205-411,38,2,2,5,0,SIN_CAMBIO
4687034,162507,4,PAO3,,351-2361,33,1,0,2,-1,DISMINUIR
4698754,281147,4,PAO3,,745,39,2,1,4,-1,DISMINUIR
4816295,239712,4,PAO3,,581-1542,35,1,0,2,-1,DISMINUIR
4813827,423683,4,PAO3,,FC61153-90,37,3,2,6,-1,DISMINUIR
4754467,553542,4,PAO3,,SX7670-100,L,28,15,44,-13,DISMINUIR
4805124,102380,4,PAO3,,2157.1091.14710-66,32,2,1,4,-1,DISMINUIR
4823922,61676,4,PAO3,,149692-BLK,36,1,0,2,-1,DISMINUIR
4822569,555526,4,PAO3,,T2210,38,2,2,5,0,SIN_CAMBIO
4824992,570076,4,PAO3,,VU5360T,38,2,1,4,-1,DISMINUIR
4804464,525802,4,PAO3,,PI-54036200000029,38,2,2,5,0,SIN_CAMBIO
4821617,29158,4,PAO3,,118431-BBK,"40,5",1,0,2,-1,DISMINUIR
4813902,195111,5,PAO4,,405638N-BKW,25,2,1,4,-1,DISMINUIR
4782615,258694,5,PAO4,,6282.465.7286.93371,37,2,1,4,-1,DISMINUIR
4809638,159702,5,PAO4,,338011699,22,1,0,2,-1,DISMINUIR
4826244,300712,5,PAO4,,8360.303.9569-52531,38,1,2,4,1,AUMENTAR
4817041,56543,5,PAO4,,1444.102.29575-102148,37,3,2,6,-1,DISMINUIR
4820768,182677,5,PAO4,,3J02-16,38,3,2,6,-1,DISMINUIR
4801253,464152,5,PAO4,,H09,44,1,0,2,-1,DISMINUIR
4750477,497320,5,PAO4,,KP042,32,2,1,4,-1,DISMINUIR
382891,264259,5,PAO4,,649,35,1,0,2,-1,DISMINUIR
4402168,214878,5,PAO4,,5-COBNA-2,39,7,5,12,-2,DISMINUIR
4760110,227190,3,PAO2,,521420030,S,3,2,6,-1,DISMINUIR
4819782,242729,3,PAO2,,589-6887,40,1,0,2,-1,DISMINUIR
4730819,408066,3,PAO2,,DZ9357,M,15,14,30,-1,DISMINUIR
4762607,581054,3,PAO2,,XT027-427,37,1,0,2,-1,DISMINUIR
4824547,329,3,PAO2,,003,36,2,1,5,-1,DISMINUIR
4811547,65224,3,PAO2,,150370-BBK,"38,5",1,0,2,-1,DISMINUIR
4818452,372273,3,PAO2,,CALCETA PRECORTADA JUV,00,33,15,51,-18,DISMINUIR
4790560,519203,3,PAO2,,PH811,00,35,37,73,2,AUMENTAR
4828139,557344,3,PAO2,,TO521277,00,12,11,24,-1,DISMINUIR
4820669,296437,3,PAO2,,82223U-090,"9,0",3,1,5,-2,DISMINUIR
4827983,357399,3,PAO2,,BALON ESPONJA,00,5,4,10,-1,DISMINUIR
4749290,332498,3,PAO2,,A1-BH100C,00,9,7,17,-2,DISMINUIR
4817854,63968,3,PAO2,,1500-0982,41,2,0,3,-2,DISMINUIR
4728617,126617,3,PAO2,,281-9289,28,1,0,2,-1,DISMINUIR
4813406,145353,3,PAO2,,303573L-BLK,32,5,2,8,-3,DISMINUIR
4809138,225150,3,PAO2,,52070151,00,1,8,10,7,AUMENTAR
4823088,518083,3,PAO2,,PELOTA PP BLISTER,00,22,20,44,-2,DISMINUIR
4804589,130060,3,PAO2,,3002,00,5,9,10,4,AUMENTAR
4821327,89622,3,PAO2,,2.20.22,00,12,10,24,-2,DISMINUIR
4823980,36497,3,PAO2,,124686-BBK,"38,5",1,0,2,-1,DISMINUIR
4817709,15226,7,NICK2,,100210019,"8,0",1,1,3,0,SIN_CAMBIO
4800115,43062,7,NICK2,,13032,11,4,4,9,0,SIN_CAMBIO
4827421,365741,7,NICK2,,BS20-1,38,3,2,6,-1,DISMINUIR
4801173,39967,7,NICK2,,1286016-698,00,7,18,26,11,AUMENTAR
4812770,488903,7,NICK2,,J0710-2,39,1,0,2,-1,DISMINUIR
4818630,490028,7,NICK2,,JD3826,"5,0",44,47,92,3,AUMENTAR
4802988,485972,7,NICK2,,IP8451,L,1,0,2,-1,DISMINUIR
4804343,553750,7,NICK2,,SX7676-964,M,5,6,12,1,AUMENTAR
4818291,427299,7,NICK2,,FQ8313-800,"5,5",2,1,4,-1,DISMINUIR
4806341,510247,7,NICK2,,MO21761,00,1,1,2,0,SIN_CAMBIO
4773901,52882,7,NICK2,,1376700-410,L,9,8,18,-1,DISMINUIR
4777857,89692,7,NICK2,,2.40.23,XXS,6,5,12,-1,DISMINUIR
4825329,308964,7,NICK2,,8802,L,2,3,6,1,AUMENTAR
4821971,531044,7,NICK2,,PRIMERA CAPA JUV,"8,0",3,2,7,-1,DISMINUIR
4812764,488891,7,NICK2,,J0707-1,33,2,1,4,-1,DISMINUIR
4800696,510274,7,NICK2,,MO21778,00,24,24,49,0,SIN_CAMBIO
4798208,425138,7,NICK2,,FJ2587-001,"9,0",2,2,5,0,SIN_CAMBIO
4793605,478843,7,NICK2,,ID5580,"10,5",1,0,2,-1,DISMINUIR
4826549,492811,7,NICK2,,JR2893,"9,5",2,1,4,-1,DISMINUIR
4791378,480754,7,NICK2,,IE4986,"9,0",2,2,5,0,SIN_CAMBIO
4827154,424234,7,NICK2,,FD6454-406,"7,5",1,0,2,-1,DISMINUIR
4805579,53650,7,NICK2,,1382797-001,L,5,2,8,-3,DISMINUIR
4821305,226274,7,NICK2,,5208903006029,00,12,0,13,-12,DISMINUIR
4828477,405341,7,NICK2,,DV4345-003,10,1,2,4,1,AUMENTAR
4800111,43070,7,NICK2,,13032,"8,5",1,1,3,0,SIN_CAMBIO
4826550,492795,7,NICK2,,JR2893,10,2,1,4,-1,DISMINUIR
4819892,188001,2,PAO1,,403-0250,38,2,1,5,-1,DISMINUIR
4801234,463409,2,PAO1,,H03,43,2,1,4,-1,DISMINUIR
4790546,415511,2,PAO1,,ENVIOS,00,479,385,-136,-94,DISMINUIR
4822692,352120,2,PAO1,,B1631,37,2,1,4,-1,DISMINUIR
4735655,560384,2,PAO1,,V21-S3721-7,42,1,0,2,-1,DISMINUIR
4822668,581540,2,PAO1,,XT322B,29,1,0,2,-1,DISMINUIR
4717462,583572,2,PAO1,,YDT-5372B,00,8,7,16,-1,DISMINUIR
4420095,517529,2,PAO1,,PD2317-A0,37,2,1,4,-1,DISMINUIR
4811170,462099,2,PAO1,,H-185,37,1,1,3,0,SIN_CAMBIO
4723785,184638,2,PAO1,,400030N-BBLM,21,1,1,3,0,SIN_CAMBIO
4690733,315704,2,PAO1,,9002,34,2,1,4,-1,DISMINUIR
4742301,313230,2,PAO1,,889-24360,40,3,2,6,-1,DISMINUIR
4771220,402970,6,NICK1,,DN4620-504,Xl,1,0,2,-1,DISMINUIR
4784356,402816,6,NICK1,,DN3577-101,"8,0",1,0,2,-1,DISMINUIR
4820465,119356,6,NICK1,,252061L-BKPK,35,2,1,4,-1,DISMINUIR
4815961,507541,6,NICK1,,MEDIA POLYESTER ECO JR,00,43,63,109,20,AUMENTAR
4818249,434000,6,NICK1,,FZ5630-102,"8,0",1,0,2,-1,DISMINUIR
4816395,188543,6,NICK1,,403659L-WGRD,38,1,2,4,1,AUMENTAR
4785756,477117,6,NICK1,,IB3242,L,2,4,-2,2,AUMENTAR
4819327,467208,6,NICK1,,HF6279-601,"6,0",3,2,6,-1,DISMINUIR
4824584,450626,6,NICK1,,GR-RI-11578,39,1,0,2,-1,DISMINUIR
4799815,241706,6,NICK1,,58363-BLK,43,1,1,3,0,SIN_CAMBIO
4815959,507519,6,NICK1,,MEDIA POLYESTER ECO,00,21,22,45,1,AUMENTAR
4814469,480202,6,NICK1,,IE3473,"3,0",1,0,2,-1,DISMINUIR
4747663,390530,6,NICK1,,CW6539-002,10,1,0,2,-1,DISMINUIR
4827239,426814,6,NICK1,,FQ1833-009,10,1,1,4,0,SIN_CAMBIO
4719065,378712,6,NICK1,,CI3710-001,"9,5",1,1,5,0,SIN_CAMBIO
4828376,492211,6,NICK1,,JP9402,"10,5",1,0,2,-1,DISMINUIR
4776251,454119,6,NICK1,,GW1988,"9,5",3,2,6,-1,DISMINUIR
4828382,492223,6,NICK1,,JP9402,"13,5",1,1,3,0,SIN_CAMBIO
4805691,14446,6,NICK1,,100205863,13,1,0,2,-1,DISMINUIR
4822533,450003,6,NICK1,,GR-NBA-12245,42,3,0,4,-3,DISMINUIR
4826715,15662,6,NICK1,,100233089,"12,5",1,0,2,-1,DISMINUIR
4821171,507549,6,NICK1,,MEDIA POLYESTER ECO JUV,00,43,44,89,1,AUMENTAR
4807911,69079,6,NICK1,,158861-MOC,"35,5",1,0,2,-1,DISMINUIR
4718381,553329,6,NICK1,,SX7664-010,S,10,10,21,0,SIN_CAMBIO
4827299,553343,6,NICK1,,SX7664-010,Xl,39,38,78,-1,DISMINUIR
4754467,553544,6,NICK1,,SX7670-100,L,29,26,57,-3,DISMINUIR
4738692,385428,6,NICK1,,CP101214W,"5,0",1,0,2,-1,DISMINUIR
4820758,246781,4,PAO3,,5B10-1,40,1,0,2,-1,DISMINUIR
4824559,2075,4,PAO3,,020,40,1,0,2,-1,DISMINUIR
4819613,171465,4,PAO3,,372010 38,"7,0",2,2,4,0,SIN_CAMBIO
4821500,81979,4,PAO3,,185160-OFWT,"38,5",1,0,2,-1,DISMINUIR
4753330,574867,4,PAO3,,WAG721W22,38,3,2,6,-1,DISMINUIR
4824046,145787,4,PAO3,,303643L-BKMT,34,2,1,4,-1,DISMINUIR
4812152,64252,4,PAO3,,150019-BBK,"36,5",1,0,2,-1,DISMINUIR
4756989,37501,4,PAO3,,125354-01,41,2,1,4,-1,DISMINUIR
4783897,555023,4,PAO3,,T2122,38,1,1,3,0,SIN_CAMBIO
4812292,186074,4,PAO3,,400604L-BKSL,32,2,1,4,-1,DISMINUIR
4825918,96251,4,PAO3,,2098,39,2,1,4,-1,DISMINUIR
4826279,297249,4,PAO3,,8224.826.9830-35312,37,3,4,8,1,AUMENTAR
4816257,557057,4,PAO3,,TFY91,39,3,0,4,-3,DISMINUIR
4794089,109072,4,PAO3,,2297-1,43,2,2,5,0,SIN_CAMBIO
4773353,105142,4,PAO3,,22-27A,38,3,0,8,-3,DISMINUIR
4793349,397465,4,PAO3,,DCA91129-90,37,2,0,4,-2,DISMINUIR
4811051,188957,4,PAO3,,403694L-W,36,2,2,5,0,SIN_CAMBIO
4824816,569697,4,PAO3,,VU4012T,40,1,0,2,-1,DISMINUIR
4826308,287009,4,PAO3,,801-01,36,1,0,2,-1,DISMINUIR
4794279,106939,4,PAO3,,224-0311,38,1,0,2,-1,DISMINUIR
4815280,526299,5,PAO4,,PI-65406300000004,39,2,1,4,-1,DISMINUIR
4823126,166405,5,PAO4,,36-PARATI-10,38,1,2,4,1,AUMENTAR
4816335,143990,5,PAO4,,303055L-LVPK,30,1,0,2,-1,DISMINUIR
4718116,493700,5,PAO4,,JS1806,36,2,0,4,-2,DISMINUIR
4753540,528118,5,PAO4,,PI-78100700000006,38,2,1,4,-1,DISMINUIR
4803794,519359,5,PAO4,,PI-110072,39,1,0,2,-1,DISMINUIR
4771677,463526,5,PAO4,,H03794,"7,0",2,1,4,-1,DISMINUIR
4813585,264197,5,PAO4,,648-02,37,2,1,4,-1,DISMINUIR
4813556,254937,5,PAO4,,6070-02,38,4,2,8,-2,DISMINUIR
4796309,519876,5,PAO4,,PI-11007200003208,38,1,0,2,-1,DISMINUIR
4812532,486155,5,PAO4,,IS7050,00,5,4,12,-1,DISMINUIR
4793141,173608,3,PAO2,,38-LENIN-2,39,1,1,3,0,SIN_CAMBIO
4758426,541837,3,PAO2,,S5-13B,33,1,0,2,-1,DISMINUIR
4824316,57628,3,PAO2,,149-16,39,1,1,3,0,SIN_CAMBIO
4797940,331951,3,PAO2,,A06391C-452,"4,0",1,0,2,-1,DISMINUIR
4827570,308654,3,PAO2,,872-6640,44,2,1,5,-1,DISMINUIR
4820648,296469,3,PAO2,,82223U-N84,"7,5",4,2,7,-2,DISMINUIR
4797359,89717,3,PAO2,,2.40.32,S,8,7,16,-1,DISMINUIR
4810933,490231,3,PAO2,,JE5658,M,17,17,35,0,SIN_CAMBIO
4693410,247546,3,PAO2,,5CE155,43,4,0,5,-4,DISMINUIR
4828144,557323,3,PAO2,,TO202205,00,7,6,17,-1,DISMINUIR
4741915,360709,3,PAO2,,BD192720-1-40,40,2,0,3,-2,DISMINUIR
4727040,225161,3,PAO2,,5207015100007,00,19,24,47,5,AUMENTAR
4818836,313793,3,PAO2,,889-9796,41,3,2,6,-1,DISMINUIR
4811032,194952,3,PAO2,,405635L-BBK,37,1,2,4,1,AUMENTAR
4816956,496921,3,PAO2,,KFEP-NLR 13MM,00,2,2,5,0,SIN_CAMBIO
4817793,15313,3,PAO2,,100211205,"6,0",1,0,2,-1,DISMINUIR
4737647,252453,3,PAO2,,5Z754,40,1,0,2,-1,DISMINUIR
4803612,207165,3,PAO2,,47-MALU-2,37,1,0,2,-1,DISMINUIR
4824469,84070,3,PAO2,,189-5396,23,1,1,3,0,SIN_CAMBIO
4780714,311366,3,PAO2,,881-6994,44,1,0,2,-1,DISMINUIR
4822491,13466,3,PAO2,,10013,00,3,8,12,5,AUMENTAR
4822376,74524,3,PAO2,,16H0056,41,1,1,3,0,SIN_CAMBIO
4722503,209033,3,PAO2,,4778,39,3,2,6,-1,DISMINUIR
4819899,288433,3,PAO2,,804-0111,34,3,1,6,-2,DISMINUIR
4819904,288432,3,PAO2,,804-0111,34,2,1,4,-1,DISMINUIR
4828138,557341,3,PAO2,,TO521147,00,18,11,30,-7,DISMINUIR
4777966,582310,3,PAO2,,XTCAN004,00,3,5,9,2,AUMENTAR
4723198,435199,3,PAO2,,G2016,39,1,0,2,-1,DISMINUIR
4825778,75699,3,PAO2,,1711/1,36,2,1,4,-1,DISMINUIR
334831,511184,3,PAO2,,MSAFGARMP,00,36,33,59,-3,DISMINUIR
4784824,89609,3,PAO2,,2.20.14,00,4,13,19,9,AUMENTAR
4802449,9882,3,PAO2,,100000024,"6,0",1,0,2,-1,DISMINUIR
4827572,270933,3,PAO2,,672-6670,38,4,5,10,1,AUMENTAR
4827838,152881,7,NICK2,,311481 01,"11,5",1,0,2,-1,DISMINUIR
4800239,485940,7,NICK2,,IP3996,M,20,20,41,0,SIN_CAMBIO
4771536,467549,7,NICK2,,HG0339,00,2,4,7,2,AUMENTAR
4809456,556474,7,NICK2,,TAPE07,00,5,12,22,7,AUMENTAR
4823031,143224,7,NICK2,,3028252-013,10,1,1,3,0,SIN_CAMBIO
4804215,467037,7,NICK2,,HF3630-100,"10,5",2,1,4,-1,DISMINUIR
4812818,491522,7,NICK2,,JK5073,S,7,5,13,-2,DISMINUIR
4824196,14082,7,NICK2,,100202648,"6,5",3,2,6,-1,DISMINUIR
4821232,492968,7,NICK2,,JR6674,"8,0",1,0,2,-1,DISMINUIR
4828413,473210,7,NICK2,,HQ2325-400,"9,5",3,2,6,-1,DISMINUIR
4770702,16772,7,NICK2,,1014019244,00,39,45,86,6,AUMENTAR
4771856,477415,7,NICK2,,IC4366,L,1,1,3,0,SIN_CAMBIO
4799583,376332,7,NICK2,,CDA KIDS 2020,10,2,1,4,-1,DISMINUIR
4827053,445194,7,NICK2,,GORRO CDA,00,66,71,140,5,AUMENTAR
4777863,286684,7,NICK2,,8.40.01,00,1,2,4,1,AUMENTAR
4809122,155883,7,NICK2,,32315,"6,0",1,0,2,-1,DISMINUIR
4806869,515678,7,NICK2,,OXSANDN004,00,5,17,23,12,AUMENTAR
4760687,315430,7,NICK2,,9.55.15,M,52,30,90,-22,DISMINUIR
4788586,576636,7,NICK2,,WILWRS328750U,"9,5",1,2,4,1,AUMENTAR
4818879,488996,7,NICK2,,J0848-1,31,2,0,3,-2,DISMINUIR
4797079,372918,7,NICK2,,CAS-01B,S,24,24,53,0,SIN_CAMBIO
4810852,55437,7,NICK2,,14066,"9,5",1,1,3,0,SIN_CAMBIO
4748206,32268,7,NICK2,,1201,"9,5",6,7,14,1,AUMENTAR
4818004,285401,7,NICK2,,78058570091,00,10,10,22,0,SIN_CAMBIO
4799058,401058,7,NICK2,,DJ5963-700,"8,0",1,0,2,-1,DISMINUIR
4827097,485624,7,NICK2,,IM1652-002,"8,5",2,1,4,-1,DISMINUIR
4819191,427216,7,NICK2,,FQ8291-800,13,2,1,4,-1,DISMINUIR
4775515,5516,7,NICK2,,0661432910,00,5,4,10,-1,DISMINUIR
4801603,104128,7,NICK2,,2197078KQ,"9,5",1,1,3,0,SIN_CAMBIO
4775339,473896,7,NICK2,,HR0537,10,2,1,4,-1,DISMINUIR
4800106,42463,7,NICK2,,13011,10,3,2,6,-1,DISMINUIR
4827973,302772,7,NICK2,,8434666308,00,12,11,24,-1,DISMINUIR
4801751,511860,7,NICK2,,MZ2308,"4,0",7,6,17,-1,DISMINUIR
4800902,308990,7,NICK2,,8803,00,1,0,2,-1,DISMINUIR
4787697,480809,7,NICK2,,IE6653,13,2,1,4,-1,DISMINUIR
4817111,488620,7,NICK2,,J0620-2,38,3,2,6,-1,DISMINUIR
4742097,539840,7,NICK2,,S17-5B,43,2,2,5,0,SIN_CAMBIO
4794592,485927,7,NICK2,,IP3994,M,6,6,13,0,SIN_CAMBIO
4819570,180555,4,PAO3,,392290 59,"8,0",3,2,6,-1,DISMINUIR
4796711,142164,4,PAO3,,302686L-MLT,33,2,1,4,-1,DISMINUIR
4784317,485590,4,PAO3,,IK8360,L,2,1,4,-1,DISMINUIR
4802012,64219,4,PAO3,,150012-BKW,39,1,0,2,-1,DISMINUIR
4824899,569817,4,PAO3,,VU4326T,35,2,1,4,-1,DISMINUIR
4804646,296647,4,PAO3,,8224.804.14194-31175,35,1,0,2,-1,DISMINUIR
4817216,491736,7,NICK2,,JN7434,M,6,6,13,0,SIN_CAMBIO
4820459,119332,7,NICK2,,252060L-WTQP,38,1,1,3,0,SIN_CAMBIO
4703980,553769,7,NICK2,,SX7677-010,M,9,18,29,9,AUMENTAR
4794111,488282,7,NICK2,,J0504-2,35,1,0,2,-1,DISMINUIR
4794522,488373,7,NICK2,,J0508-2,35,4,2,7,-2,DISMINUIR
4827831,152882,7,NICK2,,311481 01,"7,5",1,0,2,-1,DISMINUIR
4822802,490595,7,NICK2,,JH8854,"7,5",1,0,2,-1,DISMINUIR
4806879,547851,7,NICK2,,SPACAPV014,00,20,17,39,-3,DISMINUIR
4818288,427292,7,NICK2,,FQ8313-800,"4,0",1,0,3,-1,DISMINUIR
4824488,539448,2,PAO1,,S02-B,44,1,1,3,0,SIN_CAMBIO
4808150,16106,2,PAO1,,100468-BBK,"38,5",2,1,4,-1,DISMINUIR
4723059,435435,2,PAO1,,G2018,38,1,0,2,-1,DISMINUIR
4826258,300803,2,PAO1,,8360.353.26508-41,40,1,1,3,0,SIN_CAMBIO
4763974,136842,2,PAO1,,302349L-NVMT,36,1,0,2,-1,DISMINUIR
4818496,151319,2,PAO1,,310387L-LTPK,31,2,1,4,-1,DISMINUIR
4828149,42183,2,PAO1,,13-ANATOMIC69,37,3,4,8,1,AUMENTAR
4740540,505817,6,NICK1,,M9166C-001,"4,0",1,2,4,1,AUMENTAR
4818525,191880,6,NICK1,,403906N-BLK,25,2,1,4,-1,DISMINUIR
4810340,81440,6,NICK1,,185008-BBK,"36,5",2,1,4,-1,DISMINUIR
4756367,231064,6,NICK1,,533263 01,M,2,1,4,-1,DISMINUIR
4821362,185593,6,NICK1,,400139L-BKSL,32,2,1,4,-1,DISMINUIR
4816306,151025,6,NICK1,,310321L-LPMT,30,3,2,6,-1,DISMINUIR
4819173,424134,6,NICK1,,FD6034-001,"8,5",2,0,4,-2,DISMINUIR
4792133,11202,6,NICK1,,100032992,"7,5",1,0,2,-1,DISMINUIR
4819581,181012,6,NICK1,,394253 13,10,1,0,2,-1,DISMINUIR
4821175,507551,6,NICK1,,MEDIA POLYESTER ECO JUV,00,42,43,86,1,AUMENTAR
4784312,485537,6,NICK1,,IJ5632,00,1,2,2,1,AUMENTAR
4819324,467197,6,NICK1,,HF6279-601,"4,5",2,1,4,-1,DISMINUIR
4746500,456286,6,NICK1,,GW8342,"8,5",5,4,11,-1,DISMINUIR
4713732,443305,6,NICK1,,GE6133,L,1,1,0,0,SIN_CAMBIO
4742243,126661,4,PAO3,,281-95890,26,3,2,6,-1,DISMINUIR
4790676,165345,4,PAO3,,356-6284,32,2,0,3,-2,DISMINUIR
4822090,542654,4,PAO3,,S5391-8,41,3,2,6,-1,DISMINUIR
4816648,79210,4,PAO3,,180745-12,40,3,2,6,-1,DISMINUIR
4823789,279902,4,PAO3,,73690-LTDN,40,1,0,2,-1,DISMINUIR
4740387,73244,4,PAO3,,166800C-001,"6,5",1,0,2,-1,DISMINUIR
4820714,413329,4,PAO3,,EGA61102-91N,38,1,0,2,-1,DISMINUIR
4811779,31228,4,PAO3,,12-CAROL-5,38,2,1,4,-1,DISMINUIR
4697808,573311,4,PAO3,,WAG343W20,39,1,0,2,-1,DISMINUIR
4697077,333879,4,PAO3,,A51F2010-CA,39,1,0,2,-1,DISMINUIR
4816089,249867,4,PAO3,,5T01-1,37,3,2,6,-1,DISMINUIR
4809235,95845,4,PAO3,,2084,40,1,2,4,1,AUMENTAR
4819686,586880,4,PAO3,,ZM24-22610-91,41,1,1,3,0,SIN_CAMBIO
4811068,146912,5,PAO4,,303947L-WHT,30,1,0,2,-1,DISMINUIR
4823980,36499,5,PAO4,,124686-BBK,"38,5",1,0,2,-1,DISMINUIR
4823336,316273,5,PAO4,,9013-20/2,36,3,0,4,-3,DISMINUIR
4823338,316281,5,PAO4,,9013-20/2,38,4,1,6,-3,DISMINUIR
4816643,79196,5,PAO4,,180745-03,41,2,1,4,-1,DISMINUIR
4749625,466649,5,PAO4,,HD7236,L,11,12,24,1,AUMENTAR
4711201,553454,5,PAO4,,SX7667-100,M,6,5,12,-1,DISMINUIR
4819009,178182,5,PAO4,,384-2409,38,5,3,10,-2,DISMINUIR
4806888,391594,3,PAO2,,D-PX-329674,00,3,2,6,-1,DISMINUIR
4780479,286667,3,PAO2,,8.10.23,00,12,11,24,-1,DISMINUIR
4826658,14640,3,PAO2,,100208246,"9,0",2,1,4,-1,DISMINUIR
4819038,66062,3,PAO2,,1515-0005,41,2,1,4,-1,DISMINUIR
4712489,97044,3,PAO2,,20XH14,43,1,1,3,0,SIN_CAMBIO
4825230,2959,3,PAO2,,032-02,35,1,0,2,-1,DISMINUIR
4812076,27489,3,PAO2,,117560-WHT,"37,5",4,3,8,-1,DISMINUIR
4773554,207521,3,PAO2,,4715,36,2,1,4,-1,DISMINUIR
4815001,298072,3,PAO2,,824-16,39,2,0,4,-2,DISMINUIR
4823975,36484,3,PAO2,,124686-BBK,36,1,0,2,-1,DISMINUIR
4791058,141627,3,PAO2,,302629L-BBK,31,5,4,10,-1,DISMINUIR
4818633,477142,3,PAO2,,IB3244,00,20,22,43,2,AUMENTAR
4794832,286571,3,PAO2,,8-TANDA-200,37,1,0,2,-1,DISMINUIR
4762434,581967,3,PAO2,,XT7200-237,43,2,1,4,-1,DISMINUIR
4827596,511806,3,PAO2,,MUUKMUUKVX1601,00,4,3,8,-1,DISMINUIR
4804341,553718,3,PAO2,,SX7676-100,M,9,8,18,-1,DISMINUIR
4797358,225421,3,PAO2,,52070211,00,35,34,72,-1,DISMINUIR
4816967,474028,3,PAO2,,HRS-PR19,00,6,13,25,7,AUMENTAR
4820370,579813,3,PAO2,,X680,37,3,2,6,-1,DISMINUIR
4812535,490021,3,PAO2,,JD3091,00,8,10,19,2,AUMENTAR
4761957,310933,3,PAO2,,881-6673,39,1,0,2,-1,DISMINUIR
4790211,224865,3,PAO2,,5206340031000,00,11,10,22,-1,DISMINUIR
4767544,487260,3,PAO2,,J0138/2,37,1,0,2,-1,DISMINUIR
4820830,248790,3,PAO2,,5K07-1,36,1,0,2,-1,DISMINUIR
4812813,302756,3,PAO2,,843466630,"7,0",1,0,2,-1,DISMINUIR
4826233,308663,3,PAO2,,872-9632,43,1,0,2,-1,DISMINUIR
4421315,445197,3,PAO2,,GOS1,00,24,26,51,2,AUMENTAR
4827611,569446,7,NICK2,,VR-3889,00,20,18,40,-2,DISMINUIR
4793238,22165,7,NICK2,,110025,M,3,2,-4,-1,DISMINUIR
4817109,488616,7,NICK2,,J0620-2,36,3,2,6,-1,DISMINUIR
4793201,53238,7,NICK2,,1379515-002,M,1,0,2,-1,DISMINUIR
4784880,237748,7,NICK2,,5699226,"8,5",1,1,3,0,SIN_CAMBIO
4767954,546905,7,NICK2,,SI-01,43,3,2,6,-1,DISMINUIR
4694965,1801,7,NICK2,,015110,"7,0",5,4,10,-1,DISMINUIR
4779160,547531,7,NICK2,,SP-3,44,1,0,2,-1,DISMINUIR
4798155,483233,7,NICK2,,IG5438,"1,0",1,0,2,-1,DISMINUIR
4818670,491374,7,NICK2,,JI4959,"8,5",1,0,2,-1,DISMINUIR
4823083,143507,7,NICK2,,3028409-001,37,2,0,4,-2,DISMINUIR
4826361,143330,7,NICK2,,3028259-538,"8,5",2,0,3,-2,DISMINUIR
4816680,582401,7,NICK2,,XTREME PRO,10,2,1,4,-1,DISMINUIR
4811378,53818,7,NICK2,,1382942-001,L,27,27,55,0,SIN_CAMBIO
4816848,50994,7,NICK2,,1361547-003,S,2,2,5,0,SIN_CAMBIO
4812940,433494,7,NICK2,,FZ2632-710,"5,0",21,21,43,0,SIN_CAMBIO
4824629,451330,7,NICK2,,GR-RI-12438,41,1,1,3,0,SIN_CAMBIO
4790420,540210,7,NICK2,,S20-2A,26,6,9,16,3,AUMENTAR
4814972,553912,7,NICK2,,SY009-35,00,16,16,36,0,SIN_CAMBIO
4775987,226024,7,NICK2,,5208402121100,00,30,30,62,0,SIN_CAMBIO
4821033,474271,7,NICK2,,HT3448,S,10,9,20,-1,DISMINUIR
4828478,405342,7,NICK2,,DV4345-003,"10,5",3,1,6,-2,DISMINUIR
4827551,576609,7,NICK2,,WILWR5600370,00,5,4,11,-1,DISMINUIR
4825333,516767,7,NICK2,,PA97812-20,00,2,5,8,3,AUMENTAR
4789316,89694,7,NICK2,,2.40.26,XS,9,7,17,-2,DISMINUIR
4811365,50631,7,NICK2,,1360939-001,S,2,1,4,-1,DISMINUIR
4826481,273808,7,NICK2,,7.00.20,00,19,22,42,3,AUMENTAR
4828841,589505,7,NICK2,,2.40.32,L,1,0,1,-1,DISMINUIR
4777663,474420,7,NICK2,,HT5034,L,3,2,6,-1,DISMINUIR
4805572,53609,7,NICK2,,1382640-001,Xl,6,2,10,-4,DISMINUIR
4818284,427284,7,NICK2,,FQ8313-800,"2,0",1,0,2,-1,DISMINUIR
4791429,530637,7,NICK2,,PPS02-1,S,27,28,57,1,AUMENTAR
329577,218794,2,PAO1,,50527,33,1,0,2,-1,DISMINUIR
4819902,288412,2,PAO1,,804-0111,32,3,2,6,-1,DISMINUIR
4779057,461318,2,PAO1,,H-106,36,1,0,2,-1,DISMINUIR
4750598,167150,2,PAO1,,362-2606,38,1,0,2,-1,DISMINUIR
4734294,107864,2,PAO1,,2253.206.20693.57879,42,1,0,2,-1,DISMINUIR
4766059,445863,2,PAO1,,GR-CT-11020,42,1,0,2,-1,DISMINUIR
4797680,535693,2,PAO1,,R72-1,39,3,1,5,-2,DISMINUIR
4805886,95356,2,PAO1,,2082,36,1,0,2,-1,DISMINUIR
4773296,105014,2,PAO1,,22-25,35,1,0,2,-1,DISMINUIR
4750754,468186,2,PAO1,,HL-909-3A,38,2,1,4,-1,DISMINUIR
4814808,472074,6,NICK1,,HP6011,"9,5",2,2,5,0,SIN_CAMBIO
4815887,485026,6,NICK1,,IH7964,"7,0",1,0,2,-1,DISMINUIR
4818248,433997,6,NICK1,,FZ5630-102,"7,5",1,0,2,-1,DISMINUIR
4822861,558963,6,NICK1,,U574YCE,"10,5",1,0,2,-1,DISMINUIR
4812733,180599,6,NICK1,,392291 02,"9,0",1,1,3,0,SIN_CAMBIO
4791171,486025,6,NICK1,,IP9884,00,9,9,19,0,SIN_CAMBIO
4813859,179254,4,PAO3,,388-0073,39,2,1,4,-1,DISMINUIR
4825787,75735,4,PAO3,,1711/2,43,2,1,4,-1,DISMINUIR
4822104,582823,4,PAO3,,Y0877-1A,39,2,1,4,-1,DISMINUIR
4795705,260765,4,PAO3,,6320,39,3,2,7,-1,DISMINUIR
4819010,178184,4,PAO3,,384-2409,39,1,0,2,-1,DISMINUIR
4782293,522689,4,PAO3,,PI-14320600000007,38,2,2,5,0,SIN_CAMBIO
4805967,95153,4,PAO3,,2079,39,9,8,18,-1,DISMINUIR
4809236,95853,4,PAO3,,2084,41,1,1,4,0,SIN_CAMBIO
4794479,350668,5,PAO4,,AZ2100011138,37,1,0,2,-1,DISMINUIR
4779947,214587,5,PAO4,,5-CLORA-20,38,1,1,3,0,SIN_CAMBIO
4747783,497114,5,PAO4,,KN102A60022,29,2,1,4,-1,DISMINUIR
4813665,271400,5,PAO4,,677-16,36,3,0,4,-3,DISMINUIR
4730420,367892,5,PAO4,,BX13,35,1,0,2,-1,DISMINUIR
4820292,160272,5,PAO4,,338014756,24,1,0,2,-1,DISMINUIR
4794481,350674,5,PAO4,,AZ2100011138,39,1,0,2,-1,DISMINUIR
4820564,111144,5,PAO4,,23-MITSU-2,38,1,1,3,0,SIN_CAMBIO
4791488,198746,3,PAO2,,421-6016,36,11,4,16,-7,DISMINUIR
4750353,506015,3,PAO2,,M9613C-607,"8,5",2,1,4,-1,DISMINUIR
4795664,80439,3,PAO2,,1816,35,1,0,2,-1,DISMINUIR
4697350,227434,3,PAO2,,5215100152114,00,1,4,7,3,AUMENTAR
4801793,94742,3,PAO2,,2069-4B,31,1,0,2,-1,DISMINUIR
4811977,191985,3,PAO2,,403908N-BKRD,20,1,0,2,-1,DISMINUIR
4821107,481191,3,PAO2,,IE8562,"9,0",1,0,2,-1,DISMINUIR
4750952,104437,3,PAO2,,21JS29,36,2,1,4,-1,DISMINUIR
4805966,95142,3,PAO2,,2079,38,2,2,5,0,SIN_CAMBIO
4815636,53245,7,NICK2,,1379515-101,Xl,5,4,10,-1,DISMINUIR
4787792,479994,7,NICK2,,IE1587,11,3,1,5,-2,DISMINUIR
4780439,453110,7,NICK2,,GUANTE TERMICO,M,5,5,12,0,SIN_CAMBIO
4811180,510323,7,NICK2,,MO21841,00,12,11,25,-1,DISMINUIR
4754472,409142,7,NICK2,,EE1151,M,17,34,52,17,AUMENTAR
4788350,449833,7,NICK2,,GR-NB-12245,42,3,2,6,-1,DISMINUIR
4825332,557248,7,NICK2,,TIP007,00,263,557,559,294,AUMENTAR
4790144,302156,7,NICK2,,841212128089,L,19,4,24,-15,DISMINUIR
4816604,547868,7,NICK2,,SPACONE001,M,4,6,12,2,AUMENTAR
4810733,484292,7,NICK2,,IH0083,"6,5",2,0,3,-2,DISMINUIR
4819204,424056,7,NICK2,,FD4329-104,10,3,2,6,-1,DISMINUIR
4824476,539317,7,NICK2,,S01-B,39,1,0,2,-1,DISMINUIR
4805571,53605,7,NICK2,,1382640-001,M,3,2,6,-1,DISMINUIR
4820474,119391,7,NICK2,,252061L-WTQP,35,0,3,8,3,AUMENTAR
4827298,467188,7,NICK2,,HF6279-400,"7,0",3,3,7,0,SIN_CAMBIO
4770857,390802,7,NICK2,,CW9300-405,00,12,11,24,-1,DISMINUIR
4768220,398652,7,NICK2,,DEPVOLBAL132,00,24,26,51,2,AUMENTAR
4754378,544931,7,NICK2,,SACO CROSSFIT,00,3,2,6,-1,DISMINUIR
4819513,416588,7,NICK2,,F.22.04,00,5,3,10,-2,DISMINUIR
4816952,391558,7,NICK2,,D-BR-914736,00,1,1,3,0,SIN_CAMBIO
4827864,153034,7,NICK2,,312041 01,"8,5",1,1,3,0,SIN_CAMBIO
4701013,465545,2,PAO1,,H7,40,1,0,2,-1,DISMINUIR
4754356,251141,2,PAO1,,5Z1080,40,2,1,4,-1,DISMINUIR
4731428,239971,2,PAO1,,581-4037,37,4,3,8,-1,DISMINUIR
4824786,427610,2,PAO1,,FQT296-90,37,2,2,5,0,SIN_CAMBIO
4757198,130720,2,PAO1,,301-03,37,6,5,12,-1,DISMINUIR
4823869,27683,2,PAO1,,117730-WHT,"37,5",1,0,2,-1,DISMINUIR
4825977,259756,2,PAO1,,6303,39,2,1,4,-1,DISMINUIR
4774526,186455,2,PAO1,,401-8152,39,1,0,2,-1,DISMINUIR
4825940,95572,2,PAO1,,2083,40,1,1,3,0,SIN_CAMBIO
4810107,550887,2,PAO1,,ST2517,37,3,2,6,-1,DISMINUIR
4824421,242702,2,PAO1,,589-6871,38,2,2,5,0,SIN_CAMBIO
4803274,426081,2,PAO1,,FMC678-20,40,1,0,2,-1,DISMINUIR
4825774,290786,2,PAO1,,8100,43,1,0,2,-1,DISMINUIR
4775102,91119,2,PAO1,,20008-22,31,2,1,4,-1,DISMINUIR
4819887,188011,2,PAO1,,403-0250,39,2,1,4,-1,DISMINUIR
4740544,505848,6,NICK1,,M9166C-001,"6,0",2,2,5,0,SIN_CAMBIO
4823815,279804,6,NICK1,,73690-HTPK,"36,5",1,1,3,0,SIN_CAMBIO
4828028,470894,6,NICK1,,HM9593-002,10,2,1,4,-1,DISMINUIR
4818268,165091,6,NICK1,,355152-150,"7,0",3,3,7,0,SIN_CAMBIO
4827055,406070,6,NICK1,,DV5457-008,"1,5",3,0,4,-3,DISMINUIR
4807697,248286,6,NICK1,,5FM00704-125,"7,0",1,0,2,-1,DISMINUIR
4818579,144099,6,NICK1,,303158N-LPMT,24,2,1,5,-1,DISMINUIR
4793514,474241,6,NICK1,,HT3446,L,3,3,6,0,SIN_CAMBIO
4701284,553307,6,NICK1,,SX7664-010,L,35,37,73,2,AUMENTAR
4815986,331654,6,NICK1,,A04292C-007,"5,5",3,1,5,-2,DISMINUIR
4754472,409146,6,NICK1,,EE1151,M,5,9,15,4,AUMENTAR
4827166,426191,6,NICK1,,FN0228-006,"9,0",2,1,4,-1,DISMINUIR
4420040,276681,4,PAO3,,717,37,2,1,4,-1,DISMINUIR
4812920,273459,4,PAO3,,7-OSCAR-11,36,1,0,2,-1,DISMINUIR
4817865,188067,4,PAO3,,403-1012,36,1,2,4,1,AUMENTAR
4804999,30664,4,PAO3,,119759-BBK,38,1,1,3,0,SIN_CAMBIO
4819452,130304,4,PAO3,,301-0037,39,3,2,6,-1,DISMINUIR
4820826,248719,4,PAO3,,5K02-16,38,1,0,2,-1,DISMINUIR
4803501,350807,4,PAO3,,AZ210011196-411,36,1,0,2,-1,DISMINUIR
4698569,498503,5,PAO4,,KX195908BG,36,2,1,4,-1,DISMINUIR
4794238,8669,5,PAO4,,1-PLATAFORM30,35,2,0,3,-2,DISMINUIR
4810647,478408,5,PAO4,,ID3711,"8,5",1,0,2,-1,DISMINUIR
4815982,101743,3,PAO2,,21447U-MUL,S,8,9,18,1,AUMENTAR
4791896,477555,3,PAO2,,IC9521,M,6,3,10,-3,DISMINUIR
4820253,159482,3,PAO2,,338010773,29,1,0,2,-1,DISMINUIR
4825816,586371,3,PAO2,,ZL-100,43,3,2,6,-1,DISMINUIR
4774757,287245,3,PAO2,,801-2660,41,1,0,2,-1,DISMINUIR
4825184,548194,3,PAO2,,SPCFITH030,41,1,1,3,0,SIN_CAMBIO
4813004,15048,3,PAO2,,100209325,"10,5",1,0,2,-1,DISMINUIR
4811648,212641,3,PAO2,,489-6729,36,1,0,2,-1,DISMINUIR
4761960,310950,3,PAO2,,881-6673,42,5,4,10,-1,DISMINUIR
4818727,309070,3,PAO2,,880355-02,S,9,8,18,-1,DISMINUIR
4799770,192171,3,PAO2,,403926N-BKSL,23,2,1,4,-1,DISMINUIR
4770802,106314,3,PAO2,,221-6016,27,4,2,7,-2,DISMINUIR
4828572,126449,3,PAO2,,281-6542,28,3,3,7,0,SIN_CAMBIO
4821161,391614,3,PAO2,,D-SP-843221,00,4,4,9,0,SIN_CAMBIO
4827304,423150,7,NICK2,,FB5636-010,L,3,4,9,1,AUMENTAR
4827511,394730,7,NICK2,,DA012/A,L,4,3,8,-1,DISMINUIR
4802961,486216,7,NICK2,,IT2464,Xl,2,1,4,-1,DISMINUIR
4810749,492083,7,NICK2,,JP5789,"4,5",1,0,2,-1,DISMINUIR
4813267,405176,7,NICK2,,DV4342-601,"9,5",1,0,2,-1,DISMINUIR
4806838,169129,7,NICK2,,3658371307,32,1,0,2,-1,DISMINUIR
4793897,480735,7,NICK2,,IE4979,"9,5",1,0,2,-1,DISMINUIR
4822534,450008,7,NICK2,,GR-NBA-12245,43,2,2,5,0,SIN_CAMBIO
4768929,545765,7,NICK2,,SBST-02,00,28,27,56,-1,DISMINUIR
4768928,545757,7,NICK2,,SBST-01,00,7,9,17,2,AUMENTAR
4815785,490092,7,NICK2,,JE3932,L,1,2,4,1,AUMENTAR
4767952,546899,7,NICK2,,SI-01,41,3,2,6,-1,DISMINUIR
4777957,16824,7,NICK2,,1014027944,00,18,40,63,22,AUMENTAR
4817687,394888,7,NICK2,,DA031/A,2XL,2,1,4,-1,DISMINUIR
4802960,486209,7,NICK2,,IT2464,L,1,0,2,-1,DISMINUIR
4784033,75093,2,PAO1,,17-NATHAN-54,37,4,3,8,-1,DISMINUIR
4795705,260769,2,PAO1,,6320,39,1,0,2,-1,DISMINUIR
4775112,91103,2,PAO1,,20008-1,35,1,0,2,-1,DISMINUIR
4728506,327109,2,PAO1,,9870,41,1,0,2,-1,DISMINUIR
4763292,408108,2,PAO1,,DZ9365,L,13,13,27,0,SIN_CAMBIO
4822687,352119,2,PAO1,,B1631,37,1,0,3,-1,DISMINUIR
4796749,114608,2,PAO1,,232714-BKLM,"41,5",1,0,3,-1,DISMINUIR
4801230,463368,2,PAO1,,H03,39,1,0,2,-1,DISMINUIR
4814975,282309,2,PAO1,,752-02,37,1,0,2,-1,DISMINUIR
4713845,247508,2,PAO1,,5CE154,41,2,2,5,0,SIN_CAMBIO
4767424,74274,6,NICK1,,168817C-102,"6,0",3,2,6,-1,DISMINUIR
4824049,145805,6,NICK1,,303643L-BKMT,37,1,0,2,-1,DISMINUIR
4822535,450037,6,NICK1,,GR-NBA-12245,44,2,0,3,-2,DISMINUIR
4823882,27252,6,NICK1,,117497-LAV,39,1,0,2,-1,DISMINUIR
4828049,481170,6,NICK1,,IE8562,"6,0",1,1,3,0,SIN_CAMBIO
4813252,424160,6,NICK1,,FD6454-001,"8,0",1,0,1,-1,DISMINUIR
4819169,424122,6,NICK1,,FD6034-001,"6,5",1,1,3,0,SIN_CAMBIO
4826708,15685,6,NICK1,,100233089,"6,0",1,0,2,-1,DISMINUIR
4827305,423153,6,NICK1,,FB5636-100,L,4,6,12,2,AUMENTAR
4777093,389608,6,NICK1,,CV7-1493,00,4,4,9,0,SIN_CAMBIO
4804392,31500,4,PAO3,,12-COSIMO-26,38,2,1,4,-1,DISMINUIR
4802589,177284,4,PAO3,,384-0336,39,2,1,4,-1,DISMINUIR
4813492,201535,4,PAO3,,4421-02,39,2,1,4,-1,DISMINUIR
4813608,319425,4,PAO3,,915-02,39,2,1,4,-1,DISMINUIR
4816612,24047,4,PAO3,,114858-01,40,2,1,4,-1,DISMINUIR
4747011,201055,4,PAO3,,440002,25,1,1,3,0,SIN_CAMBIO
4820786,248867,4,PAO3,,5K10-1,40,1,0,2,-1,DISMINUIR
4724376,498399,4,PAO3,,KX1910613BK,38,2,1,4,-1,DISMINUIR
4816227,117989,4,PAO3,,25-33,38,1,0,2,-1,DISMINUIR
4782257,522579,4,PAO3,,PI-14320300000002,38,2,1,4,-1,DISMINUIR
4774547,179268,4,PAO3,,388-0100,36,1,1,3,0,SIN_CAMBIO
4820080,119684,4,PAO3,,2528.123.13488-15745,31,2,1,4,-1,DISMINUIR
4813627,280323,4,PAO3,,737-30,36,2,1,4,-1,DISMINUIR
4747786,497121,4,PAO3,,KN102A60022,32,2,2,5,0,SIN_CAMBIO
4718109,493689,4,PAO3,,JS1806,35,1,0,2,-1,DISMINUIR
4801510,177005,5,PAO4,,384-0141,39,2,0,3,-2,DISMINUIR
4718093,493574,5,PAO4,,JS1803,37,3,2,6,-1,DISMINUIR
4777409,191521,5,PAO4,,403853L-RYBK,27,2,1,4,-1,DISMINUIR
4824001,69099,5,PAO4,,158873-BBK,"37,5",1,0,2,-1,DISMINUIR
4819570,180558,5,PAO4,,392290 59,"8,0",2,0,4,-2,DISMINUIR
4811724,7667,5,PAO4,,1-BAMBINA-4,37,5,1,7,-4,DISMINUIR
4779047,461717,5,PAO4,,H-116,39,1,1,3,0,SIN_CAMBIO
4814259,397453,5,PAO4,,DCA91102-90,40,1,0,2,-1,DISMINUIR
398673,215218,5,PAO4,,5-COSIMO-3,37,2,1,4,-1,DISMINUIR
4772058,333681,5,PAO4,,A51F1060-90,37,1,1,3,0,SIN_CAMBIO
4797355,225235,3,PAO2,,52070161,00,17,22,40,5,AUMENTAR
4720640,399107,3,PAO2,,DES223-1,37,3,2,6,-1,DISMINUIR
4750891,104343,3,PAO2,,21JS28,35,1,0,2,-1,DISMINUIR
4777894,315331,3,PAO2,,9.00.01,00,8,17,27,9,AUMENTAR
4819913,288465,3,PAO2,,804-0131,33,4,2,7,-2,DISMINUIR
4790754,155602,3,PAO2,,321-6016,32,2,0,3,-2,DISMINUIR
3828910,264303,3,PAO2,,649,38,1,0,2,-1,DISMINUIR
252189,318300,3,PAO2,,908,41,2,0,3,-2,DISMINUIR
4819665,171056,3,PAO2,,371128 03,"8,0",1,0,2,-1,DISMINUIR
4811628,313099,3,PAO2,,889-1720,44,1,0,2,-1,DISMINUIR
4806241,587879,3,PAO2,,ZW03,38,2,1,4,-1,DISMINUIR
4815132,585559,3,PAO2,,Z6714-4,39,2,1,4,-1,DISMINUIR
4827575,270932,3,PAO2,,672-6670,38,1,4,6,3,AUMENTAR
4817264,547719,7,NICK2,,SP03-A,40,1,1,3,0,SIN_CAMBIO
4794400,142607,7,NICK2,,3027039-001,42,1,0,2,-1,DISMINUIR
4799356,486862,7,NICK2,,J.00.11,00,32,38,71,6,AUMENTAR
4780471,315450,7,NICK2,,9.65.02,M,2,2,5,0,SIN_CAMBIO
4818162,372268,7,NICK2,,CALCETA ANTIDES INF,00,15,31,48,16,AUMENTAR
4799006,372960,7,NICK2,,CAS-11B,S,4,5,10,1,AUMENTAR
4826490,9088,7,NICK2,,1.80.12,00,1,3,5,2,AUMENTAR
4728832,553917,7,NICK2,,SY009-50,00,19,21,41,2,AUMENTAR
4758377,457997,7,NICK2,,GY2874,11,1,0,2,-1,DISMINUIR
4811371,51052,7,NICK2,,1361586-025,L,2,2,5,0,SIN_CAMBIO
4824709,450704,7,NICK2,,GR-RI-11578,42,2,2,5,0,SIN_CAMBIO
4728828,553948,7,NICK2,,SY208-13,00,10,9,21,-1,DISMINUIR
4817378,398599,7,NICK2,,DEPPESACC030,00,3,2,6,-1,DISMINUIR
4809499,51619,7,NICK2,,1364181-601,00,4,5,10,1,AUMENTAR
4827292,467170,7,NICK2,,HF6279-400,"4,0",4,2,7,-2,DISMINUIR
4818161,507020,7,NICK2,,MANGA VOLEY,00,10,12,23,2,AUMENTAR
4779698,454535,7,NICK2,,GW3020,"7,5",3,2,6,-1,DISMINUIR
4828046,423120,7,NICK2,,FB5368-247,L,4,3,8,-1,DISMINUIR
4811690,216589,7,NICK2,,5.10.41BZ,00,11,0,12,-11,DISMINUIR
4748209,32243,7,NICK2,,1201,11,2,4,7,2,AUMENTAR
4800874,79090,7,NICK2,,1806,"5,5",3,4,8,1,AUMENTAR
4763604,546378,7,NICK2,,SET BOLAS DE POOL,00,4,4,9,0,SIN_CAMBIO
4811343,143857,7,NICK2,,3028641-101,"6,0",1,1,3,0,SIN_CAMBIO
4815933,515602,7,NICK2,,OXCFSOH006,43,1,1,3,0,SIN_CAMBIO
4815153,556093,2,PAO1,,T8306-8,36,3,2,6,-1,DISMINUIR
4763295,408192,2,PAO1,,DZ9384,L,11,10,22,-1,DISMINUIR
4810239,490047,2,PAO1,,JD9556,00,3,2,11,-1,DISMINUIR
4815154,556098,2,PAO1,,T8306-8,37,3,2,6,-1,DISMINUIR
4828150,42187,2,PAO1,,13-ANATOMIC69,38,3,3,7,0,SIN_CAMBIO
4420043,276729,2,PAO1,,717,40,1,0,2,-1,DISMINUIR
4815011,298391,2,PAO1,,826-16,37,3,2,6,-1,DISMINUIR
4751430,52624,2,PAO1,,1370542-012,M,9,8,18,-1,DISMINUIR
4734377,211316,2,PAO1,,4816.101.22334.72391,39,2,1,4,-1,DISMINUIR
4795706,260770,2,PAO1,,6320,40,1,0,2,-1,DISMINUIR
4811450,81629,6,NICK1,,185098-WBK,"38,5",2,1,4,-1,DISMINUIR
4740557,505903,6,NICK1,,M9166C-001,"9,0",2,1,4,-1,DISMINUIR
4814777,491352,6,NICK1,,JI4906,"8,0",2,1,4,-1,DISMINUIR
4822539,450169,6,NICK1,,GR-NBA-12378,45,2,1,4,-1,DISMINUIR
4762038,443241,6,NICK1,,GE1382,L,3,1,6,-2,DISMINUIR
4827301,553404,6,NICK1,,SX7664-964,M,24,28,53,4,AUMENTAR
4752544,377424,6,NICK1,,CH2006,00,6,9,16,3,AUMENTAR
4756731,389511,6,NICK1,,CV2-1045,00,15,17,33,2,AUMENTAR
4827201,473411,6,NICK1,,HQ4502-006,"9,5",2,1,4,-1,DISMINUIR
4825088,151079,6,NICK1,,310321L-WMLT,30,2,1,4,-1,DISMINUIR
4827678,373653,6,NICK1,,CCPOV2620RO,L,3,2,6,-1,DISMINUIR
4818266,165026,6,NICK1,,355152-106,"10,5",1,1,3,0,SIN_CAMBIO
4821491,187794,6,NICK1,,402303L-BLRD,32,2,1,4,-1,DISMINUIR
4813114,14340,6,NICK1,,100205099,"6,0",1,0,2,-1,DISMINUIR
4810762,490049,6,NICK1,,JD9563,00,5,10,12,5,AUMENTAR
4827948,2678,6,NICK1,,026275 01,00,5,6,13,1,AUMENTAR
4811888,82241,4,PAO3,,185223-BLK,"36,5",2,1,4,-1,DISMINUIR
4420041,276696,4,PAO3,,717,38,4,3,8,-1,DISMINUIR
419899,276690,4,PAO3,,717,37,2,0,3,-2,DISMINUIR
4811553,30432,4,PAO3,,11949-WSL,37,1,0,2,-1,DISMINUIR
4810825,247310,4,PAO3,,5CE120,34,7,2,10,-5,DISMINUIR
4825049,569926,4,PAO3,,VU4688T,35,1,0,2,-1,DISMINUIR
4803870,524219,4,PAO3,,PI-25023800000002,37,1,0,2,-1,DISMINUIR
4823245,161004,4,PAO3,,3410-02,36,1,0,2,-1,DISMINUIR
4828595,28069,4,PAO3,,118110-BBK,"40,5",1,0,2,-1,DISMINUIR
4709323,183369,4,PAO3,,3J253C-102,"3,0",1,1,3,0,SIN_CAMBIO
4693425,247846,4,PAO3,,5CE177,36,2,0,3,-2,DISMINUIR
4806310,242374,4,PAO3,,589-1736,36,1,1,3,0,SIN_CAMBIO
4804410,31603,4,PAO3,,12-FIRA-1,38,2,1,4,-1,DISMINUIR
4815129,585548,4,PAO3,,Z6714-4,36,3,2,6,-1,DISMINUIR
4698216,158796,4,PAO3,,336,42,1,0,2,-1,DISMINUIR
4828600,28096,4,PAO3,,118110-BBK,43,1,0,2,-1,DISMINUIR
4800752,324661,5,PAO4,,9700,40,1,0,2,-1,DISMINUIR
4824460,84170,5,PAO4,,189-9396,22,2,1,4,-1,DISMINUIR
4815014,298400,5,PAO4,,826-16,40,1,0,2,-1,DISMINUIR
4823648,115612,5,PAO4,,2347.100.28503-15745,32,1,0,2,-1,DISMINUIR
4812713,185750,5,PAO4,,400365 01,"6,5",1,0,2,-1,DISMINUIR
4780628,125875,5,PAO4,,281-0585,29,3,2,6,-1,DISMINUIR
4753321,574831,5,PAO4,,WAG720W22,35,2,1,4,-1,DISMINUIR
398672,215212,5,PAO4,,5-COSIMO-3,36,2,2,5,0,SIN_CAMBIO
4813467,266853,5,PAO4,,6591-02,37,4,2,7,-2,DISMINUIR
4813474,266866,5,PAO4,,6591-16,38,2,1,4,-1,DISMINUIR
4813975,274969,5,PAO4,,704-02,39,1,0,2,-1,DISMINUIR
4773343,104814,5,PAO4,,22-16,40,2,0,4,-2,DISMINUIR
4773333,110545,5,PAO4,,23-74A,36,2,1,4,-1,DISMINUIR
4819711,115043,5,PAO4,,2334-20,31,1,0,2,-1,DISMINUIR
4705263,278312,3,PAO2,,729-1190,42,8,3,12,-5,DISMINUIR
4804878,541391,3,PAO2,,S408B1031-D,39,1,0,2,-1,DISMINUIR
3828913,264263,3,PAO2,,649,35,1,0,2,-1,DISMINUIR
4760687,315431,3,PAO2,,9.55.15,M,9,11,22,2,AUMENTAR
4823966,36521,3,PAO2,,124686-NVY,37,2,1,4,-1,DISMINUIR
4766513,312439,3,PAO2,,884-5636,41,1,1,3,0,SIN_CAMBIO
4824506,192495,3,PAO2,,404,41,2,1,4,-1,DISMINUIR
4766512,312435,3,PAO2,,884-5636,40,1,1,3,0,SIN_CAMBIO
4803554,295313,3,PAO2,,82004U-U56,"10,5",1,0,2,-1,DISMINUIR
4773300,105037,3,PAO2,,22-25,39,4,1,6,-3,DISMINUIR
4813486,149936,3,PAO2,,3079-02,39,1,0,2,-1,DISMINUIR
4817820,284431,3,PAO2,,771-6013,39,2,1,4,-1,DISMINUIR
4826662,14596,3,PAO2,,100208246,11,1,0,2,-1,DISMINUIR
4801162,89564,3,PAO2,,2.20.01,00,23,23,47,0,SIN_CAMBIO
4822551,450199,3,PAO2,,GR-NBA-12458,42,1,0,2,-1,DISMINUIR
4814974,282305,3,PAO2,,752-02,36,1,0,2,-1,DISMINUIR
4814504,15287,3,PAO2,,100210027,"7,5",2,1,4,-1,DISMINUIR
4814457,9964,3,PAO2,,100000100,"7,0",1,0,2,-1,DISMINUIR
4822525,450145,3,PAO2,,GR-NBA-12378,43,4,3,8,-1,DISMINUIR
4718118,493730,3,PAO2,,JS1806,38,2,1,4,-1,DISMINUIR
4817707,15222,7,NICK2,,100210019,"7,0",1,1,3,0,SIN_CAMBIO
4801653,285453,7,NICK2,,78058570094,S,2,0,3,-2,DISMINUIR
4815632,51076,7,NICK2,,1361588-001,M,2,1,4,-1,DISMINUIR
4771237,403479,7,NICK2,,DQ5341-460,00,1,4,6,3,AUMENTAR
4802391,10284,7,NICK2,,100000120,"6,0",1,2,4,1,AUMENTAR
4801165,416601,7,NICK2,,F.30.07,00,10,8,20,-2,DISMINUIR
4705553,547590,7,NICK2,,SP0040-009,S,5,4,10,-1,DISMINUIR
4814604,484064,7,NICK2,,IG9249,"9,5",1,0,2,-1,DISMINUIR
4826451,23061,7,NICK2,,11202,"9,0",2,1,4,-1,DISMINUIR
4828120,54161,7,NICK2,,1386969-025,Xl,2,1,4,-1,DISMINUIR
4828476,405357,7,NICK2,,DV4345-003,"9,5",3,3,7,0,SIN_CAMBIO
4786348,19194,7,NICK2,,1040023008,00,123,124,247,1,AUMENTAR
4807620,486127,7,NICK2,,IS5399,L,6,7,15,1,AUMENTAR
4806038,345697,7,NICK2,,ARIES NEMESIS,11,1,0,2,-1,DISMINUIR
4827369,470831,7,NICK2,,HM4402-003,"4,0",1,1,3,0,SIN_CAMBIO
4785990,547581,7,NICK2,,SP0040-009,L,30,28,59,-2,DISMINUIR
4811314,52276,7,NICK2,,1369815-003,00,7,11,19,4,AUMENTAR
4797075,485955,7,NICK2,,IP3998,S,4,4,10,0,SIN_CAMBIO
4825327,308968,7,NICK2,,8802,S,1,2,4,1,AUMENTAR
4717824,254081,7,NICK2,,6013458XL,L,1,0,2,-1,DISMINUIR
4779679,459250,7,NICK2,,GZ0016,"8,5",2,1,4,-1,DISMINUIR
4817800,15371,7,NICK2,,100220935,"7,0",1,0,2,-1,DISMINUIR
4827544,484529,7,NICK2,,IH0790,12,1,0,2,-1,DISMINUIR
4818687,490480,7,NICK2,,JH3748,"5,0",19,23,43,4,AUMENTAR
4738650,49787,7,NICK2,,1357096-012,XL,1,0,2,-1,DISMINUIR
4691648,127747,2,PAO1,,2881L-12,36,1,0,3,-1,DISMINUIR
315374,352716,2,PAO1,,B24551,750,1,0,2,-1,DISMINUIR
4790095,7827,2,PAO1,,1-BIGGERH-2,39,1,0,3,-1,DISMINUIR
4420096,517537,2,PAO1,,PD2317-A0,38,1,0,2,-1,DISMINUIR
4811240,187963,2,PAO1,,403-0250,36,1,0,2,-1,DISMINUIR
4755306,585153,2,PAO1,,Z2705-1,35,2,1,4,-1,DISMINUIR
4753952,60422,2,PAO1,,149498-LAV,"38,5",1,0,2,-1,DISMINUIR
4750933,104490,2,PAO1,,21JS31,35,1,0,2,-1,DISMINUIR
4824645,451378,2,PAO1,,GR-RI-12492,41,2,1,4,-1,DISMINUIR
4819995,250894,2,PAO1,,5Y23-1,39,1,0,2,-1,DISMINUIR
4819909,288470,2,PAO1,,804-0131,34,3,2,6,-1,DISMINUIR
4773301,105041,2,PAO1,,22-25,40,1,1,3,0,SIN_CAMBIO
4797683,535603,2,PAO1,,R71,36,3,3,7,0,SIN_CAMBIO
4803979,555726,2,PAO1,,T38-3,36,1,0,2,-1,DISMINUIR
302215,254877,2,PAO1,,607,39,1,0,-2,-1,DISMINUIR
4775855,8998,2,PAO1,,1-WEDGE-44,40,1,0,2,-1,DISMINUIR
4806126,588037,2,PAO1,,ZX1577,38,2,1,4,-1,DISMINUIR
4407782,571464,2,PAO1,,W0711,37,1,0,2,-1,DISMINUIR
4722541,208360,2,PAO1,,4743,37,3,2,6,-1,DISMINUIR
4825057,569619,2,PAO1,,VT3369,42,1,1,3,0,SIN_CAMBIO
4823870,27686,2,PAO1,,117730-WHT,38,2,1,4,-1,DISMINUIR
4747166,355015,2,PAO1,,B68F7003-40,35,1,0,2,-1,DISMINUIR
4743691,211471,2,PAO1,,4820.104.23183.81733,38,1,0,2,-1,DISMINUIR
4750587,470124,2,PAO1,,HLM-516,00,5,4,10,-1,DISMINUIR
4747170,355031,2,PAO1,,B68F7003-40,39,1,0,2,-1,DISMINUIR
4740423,236814,6,NICK1,,561681C-001,"6,5",5,1,7,-4,DISMINUIR
4819215,424279,6,NICK1,,FD6476-600,"6,5",2,3,6,1,AUMENTAR
4823907,82396,6,NICK1,,185236-WTRG,"35,5",1,0,2,-1,DISMINUIR
4828229,15691,6,NICK1,,100233092,"1,0",1,0,3,-1,DISMINUIR
4809028,507438,6,NICK1,,ME420RB3,"9,5",1,0,2,-1,DISMINUIR
4827256,426942,6,NICK1,,FQ3680-007,"8,0",1,1,4,0,SIN_CAMBIO
4827275,429188,6,NICK1,,FV5524-501,"7,5",1,0,3,-1,DISMINUIR
4774083,474299,6,NICK1,,HT3900,M,6,5,12,-1,DISMINUIR
4827324,376042,6,NICK1,,CD7782-602,"6,0",4,3,8,-1,DISMINUIR
4823582,373598,6,NICK1,,CCPOV2607NE,M,1,0,2,-1,DISMINUIR
4819699,373453,6,NICK1,,CCPOLI2544NE,M,2,1,4,-1,DISMINUIR
4813158,14607,6,NICK1,,100208246,"5,0",1,0,2,-1,DISMINUIR
4819325,467202,6,NICK1,,HF6279-601,"5,0",4,3,8,-1,DISMINUIR
4823877,27241,6,NICK1,,117497-LAV,"36,5",1,0,2,-1,DISMINUIR
4827820,152717,6,NICK1,,310974 05,"6,5",2,1,4,-1,DISMINUIR
4717103,279663,6,NICK1,,73690-BLK,"35,5",1,0,2,-1,DISMINUIR
4820461,119340,6,NICK1,,252061L-BKPK,31,2,1,4,-1,DISMINUIR
4828364,477303,6,NICK1,,IC1306,M,11,16,30,5,AUMENTAR
4822357,558957,6,NICK1,,U574VPN,"9,0",2,1,4,-1,DISMINUIR
4754473,409140,6,NICK1,,EE1151,L,11,9,24,-2,DISMINUIR
4754475,409154,6,NICK1,,EE1152,L,21,23,45,2,AUMENTAR
4798354,477783,6,NICK1,,ID0733,"7,0",1,0,0,-1,DISMINUIR
4815835,247905,6,NICK1,,5CM00776-020,"8,0",2,1,4,-1,DISMINUIR
4827731,153188,6,NICK1,,313020 06,"6,5",2,2,5,0,SIN_CAMBIO
4828240,15727,6,NICK1,,100233092,"6,5",1,0,2,-1,DISMINUIR
4795183,160489,4,PAO3,,3386,37,2,2,5,0,SIN_CAMBIO
4825092,28307,4,PAO3,,118312-BBK,39,1,0,2,-1,DISMINUIR
4808300,525394,4,PAO3,,PI-50037900000005,39,2,1,4,-1,DISMINUIR
4771351,366669,4,PAO3,,BSDX1111A-90,39,2,0,3,-2,DISMINUIR
4817820,284428,4,PAO3,,771-6013,39,2,1,4,-1,DISMINUIR
4822133,583231,4,PAO3,,Y9654-3A,38,2,1,4,-1,DISMINUIR
4804901,152569,4,PAO3,,310545L-WHT,38,1,0,2,-1,DISMINUIR
4818862,304712,4,PAO3,,851-1775,43,2,1,4,-1,DISMINUIR
4811160,462137,4,PAO3,,H-186,39,1,0,2,-1,DISMINUIR
4773639,158735,4,PAO3,,3359,39,2,1,4,-1,DISMINUIR
4805866,97707,4,PAO3,,2100,40,2,1,4,-1,DISMINUIR
4814896,351517,4,PAO3,,AZ254011205-411,35,1,0,2,-1,DISMINUIR
4815285,527892,4,PAO3,,PI-74513500000123,38,1,0,2,-1,DISMINUIR
4824856,570239,4,PAO3,,VU6093T,38,2,1,4,-1,DISMINUIR
4825512,234595,4,PAO3,,5549.100.9569-35312,38,2,1,4,-1,DISMINUIR
4814260,397417,4,PAO3,,DCA91102-40,35,0,1,1,1,AUMENTAR
4828547,233725,4,PAO3,,551-6396,37,1,2,4,1,AUMENTAR
4793348,397460,4,PAO3,,DCA91129-90,36,2,2,5,0,SIN_CAMBIO
4816222,117958,4,PAO3,,25-14A,39,3,0,4,-3,DISMINUIR
4811796,31816,4,PAO3,,12-FLEXI-51,37,3,2,6,-1,DISMINUIR
4815515,523530,4,PAO3,,PI-14730800000018,35,1,0,2,-1,DISMINUIR
4822401,229732,4,PAO3,,5259.805.29859-82308,37,2,2,5,0,SIN_CAMBIO
4790396,454057,4,PAO3,,GW1987,13,2,1,4,-1,DISMINUIR
4752393,350007,4,PAO3,,AZ2050111003-411,36,1,0,2,-1,DISMINUIR
4822539,450178,4,PAO3,,GR-NBA-12378,45,1,1,3,0,SIN_CAMBIO
4823125,166402,5,PAO4,,36-PARATI-10,37,2,0,3,-2,DISMINUIR
4791086,195022,5,PAO4,,405638l-BBK,33,1,1,3,0,SIN_CAMBIO
4814897,351522,5,PAO4,,AZ254011205-411,36,1,0,2,-1,DISMINUIR
4779060,461384,5,PAO4,,H-106,39,2,2,5,0,SIN_CAMBIO
4693424,247844,5,PAO4,,5CE177,35,7,3,11,-4,DISMINUIR
4825676,262793,5,PAO4,,6428.139.26564-85432,39,1,0,2,-1,DISMINUIR
4823949,82302,5,PAO4,,185223-NTGD,"39,5",1,0,2,-1,DISMINUIR
4782131,519740,5,PAO4,,PI-11007200003149,38,1,0,2,-1,DISMINUIR
4813569,255187,5,PAO4,,608-02,39,2,1,4,-1,DISMINUIR
4813580,259057,5,PAO4,,629-02,38,4,0,5,-4,DISMINUIR
4816019,332835,5,PAO4,,A13787C-103,"10,5",1,0,2,-1,DISMINUIR
4776502,150226,5,PAO4,,3092.102.23572.15745,35,2,1,4,-1,DISMINUIR
4717608,173715,5,PAO4,,38-POOLL-10,36,3,2,6,-1,DISMINUIR
4817593,250772,5,PAO4,,5Y01-12,40,1,0,2,-1,DISMINUIR
4813568,255184,5,PAO4,,608-02,38,1,1,3,0,SIN_CAMBIO
4817057,241133,5,PAO4,,5821.103.6000-15758,35,1,0,2,-1,DISMINUIR
4791658,32045,3,PAO2,,12-REYNA-1,36,1,0,2,-1,DISMINUIR
3828916,264300,3,PAO2,,649,38,5,4,10,-1,DISMINUIR
4778962,331177,3,PAO2,,A02818C-001,"6,5",2,1,4,-1,DISMINUIR
382893,264290,3,PAO2,,649,37,1,0,2,-1,DISMINUIR
4817808,15505,3,PAO2,,100230410,"6,0",2,1,4,-1,DISMINUIR
4826832,225203,3,PAO2,,5207015173735,00,12,11,24,-1,DISMINUIR
4812811,224204,3,PAO2,,52053226,10,1,0,2,-1,DISMINUIR
4786348,19181,3,PAO2,,1040023008,00,21,21,44,0,SIN_CAMBIO
4705556,553695,3,PAO2,,SX7676-010,M,12,12,25,0,SIN_CAMBIO
4797377,90024,3,PAO2,,2.80.82,XS,4,3,8,-1,DISMINUIR
4696343,225256,3,PAO2,,5207016102024,00,6,9,16,3,AUMENTAR
4815266,111875,3,PAO2,,231141-1,37,1,0,2,-1,DISMINUIR
4814258,397451,3,PAO2,,DCA91102-90,39,1,0,2,-1,DISMINUIR
4421060,496287,3,PAO2,,KA101,00,4,3,8,-1,DISMINUIR
4777873,315446,3,PAO2,,9.65.00,S,6,6,13,0,SIN_CAMBIO
4823340,316288,3,PAO2,,9013-20/3,40,6,2,9,-4,DISMINUIR
4822690,352146,3,PAO2,,B1631,40,1,0,2,-1,DISMINUIR
4750069,458809,3,PAO2,,GY7806,"10,5",1,0,2,-1,DISMINUIR
4709388,504681,3,PAO2,,M5039C-006,"7,0",2,1,4,-1,DISMINUIR
4818380,148935,3,PAO2,,3054-02,29,5,4,10,-1,DISMINUIR
4776839,70978,3,PAO2,,160343-3,"10,5",1,0,2,-1,DISMINUIR
4823241,158964,3,PAO2,,3364-02,38,4,3,8,-1,DISMINUIR
4769960,89920,3,PAO2,,2.80.2,L,4,3,8,-1,DISMINUIR
4826026,94560,3,PAO2,,2062,37,1,1,3,0,SIN_CAMBIO
4702026,505110,3,PAO2,,M7650C-102,"5,5",1,0,2,-1,DISMINUIR
4794224,254873,3,PAO2,,607,39,2,0,3,-2,DISMINUIR
4815137,585530,3,PAO2,,Z6714-1,38,2,1,4,-1,DISMINUIR
4784805,89576,3,PAO2,,2.20.04,00,38,38,78,0,SIN_CAMBIO
4805866,97698,3,PAO2,,2100,40,2,1,4,-1,DISMINUIR
4799896,186774,3,PAO2,,401495N-RDBK,24,1,0,2,-1,DISMINUIR
4822688,352128,3,PAO2,,B1631,38,1,1,3,0,SIN_CAMBIO
4747099,332962,3,PAO2,,A1F19027-20,40,1,0,2,-1,DISMINUIR
4801387,469882,3,PAO2,,HLD-601A,39,5,4,10,-1,DISMINUIR
4814005,298541,3,PAO2,,828-02,39,2,1,5,-1,DISMINUIR
4818821,233549,3,PAO2,,551-1779,40,1,0,2,-1,DISMINUIR
4813975,274967,3,PAO2,,704-02,39,1,0,2,-1,DISMINUIR
4815000,298071,3,PAO2,,824-16,38,2,1,4,-1,DISMINUIR
4814594,484373,3,PAO2,,IH0085,"8,5",3,2,6,-1,DISMINUIR
4822661,581522,3,PAO2,,XT322B,28,2,1,4,-1,DISMINUIR
4804900,152565,3,PAO2,,310545L-WHT,37,1,0,2,-1,DISMINUIR
4821165,391575,7,NICK2,,D-MD-342615,00,4,8,13,4,AUMENTAR
4711838,547629,7,NICK2,,SP0040-419,M,31,30,63,-1,DISMINUIR
4828470,405148,7,NICK2,,DV4342-402,12,3,3,7,0,SIN_CAMBIO
4827724,153097,7,NICK2,,312266 16,"7,0",2,1,4,-1,DISMINUIR
4775635,55130,7,NICK2,,14004 205 VULC,"9,0",6,5,12,-1,DISMINUIR
4827246,426909,7,NICK2,,FQ1833-401,"8,0",2,1,4,-1,DISMINUIR
4705555,547577,7,NICK2,,SP0040-009,L,66,73,141,7,AUMENTAR
4798002,226676,7,NICK2,,5211202400016,00,3,1,5,-2,DISMINUIR
4748220,376094,7,NICK2,,CD7783-100,"2,0",1,0,2,-1,DISMINUIR
4823084,143508,7,NICK2,,3028409-001,"37,5",1,0,2,-1,DISMINUIR
4828303,394588,7,NICK2,,DA001/M,S,6,8,16,2,AUMENTAR
4817673,394572,7,NICK2,,DA001/A,L,3,27,31,24,AUMENTAR
4758539,510163,7,NICK2,,MO21634,00,11,9,21,-2,DISMINUIR
4817146,484576,7,NICK2,,IH0923,13,2,1,4,-1,DISMINUIR
4824598,451224,7,NICK2,,GR-RI-12223,31,1,0,2,-1,DISMINUIR
4818632,491706,7,NICK2,,JN6086,L,2,3,6,1,AUMENTAR
4800184,482326,7,NICK2,,IF6345,"8,5",1,1,3,0,SIN_CAMBIO
4817969,519229,7,NICK2,,PH831,00,54,67,126,13,AUMENTAR
4815764,486238,7,NICK2,,IU5011,Xl,2,1,4,-1,DISMINUIR
4797175,327353,7,NICK2,,9886711,M,12,14,27,2,AUMENTAR
4816602,547914,7,NICK2,,SPAPRNE003,M,1,3,4,2,AUMENTAR
4809745,398444,7,NICK2,,DEPBASARO100,00,5,4,10,-1,DISMINUIR
4816595,553820,7,NICK2,,SX7677-964,M,30,41,74,11,AUMENTAR
4814686,479820,7,NICK2,,IE1243,11,1,0,2,-1,DISMINUIR
4829960,593420,7,NICK2,,HQ2276-003,10,1,0,1,-1,DISMINUIR
4779896,474464,7,NICK2,,HT6538,M,1,1,3,0,SIN_CAMBIO
4818892,491430,7,NICK2,,JJ3613,M,25,30,56,5,AUMENTAR
4806915,474024,7,NICK2,,HRS-PR13,00,21,15,37,-6,DISMINUIR
4757227,432422,6,NICK1,,FY8958,"4,0",1,0,2,-1,DISMINUIR
4779518,510353,6,NICK1,,MO21872,"7,0",1,0,-1,-1,DISMINUIR
4827817,152712,6,NICK1,,310974 05,"5,0",2,2,5,0,SIN_CAMBIO
4821033,474273,6,NICK1,,HT3448,S,12,16,30,4,AUMENTAR
4827230,426204,6,NICK1,,FN0228-404,"8,5",2,1,4,-1,DISMINUIR
4815818,250739,6,NICK1,,5XM02360-013,"8,0",2,1,4,-1,DISMINUIR
4811554,30446,6,NICK1,,11949-WSL,"37,5",2,1,4,-1,DISMINUIR
4803285,369628,4,PAO3,,C25F21012-70,39,1,0,2,-1,DISMINUIR
4786911,160662,4,PAO3,,3394,36,1,0,2,-1,DISMINUIR
4803653,2750,4,PAO3,,027-015-01,36,2,0,3,-2,DISMINUIR
4751672,497129,4,PAO3,,KN102A60036,28,2,1,4,-1,DISMINUIR
4820798,248747,4,PAO3,,5K03-1,40,1,0,2,-1,DISMINUIR
4755862,496712,4,PAO3,,KC132A6030B-PG2,29,2,1,4,-1,DISMINUIR
4811544,65209,4,PAO3,,150370-BBK,37,1,0,2,-1,DISMINUIR
4732266,256677,4,PAO3,,620654REG,00,1,2,3,1,AUMENTAR
4811264,179153,4,PAO3,,388-0001,36,3,2,7,-1,DISMINUIR
4793785,240474,4,PAO3,,581-6565,36,2,1,4,-1,DISMINUIR
4806665,530362,4,PAO3,,PO-POS25Y086,35,2,1,5,-1,DISMINUIR
4819449,130276,4,PAO3,,301-0037,36,1,0,2,-1,DISMINUIR
4739646,210502,4,PAO3,,4809.101.20788.74330,40,1,0,2,-1,DISMINUIR
4823575,212663,5,PAO4,,489-6877,38,2,1,4,-1,DISMINUIR
4751936,510804,5,PAO4,,MR-W1652-R2661,36,1,0,2,-1,DISMINUIR
4813574,255200,5,PAO4,,608-16,38,2,0,4,-2,DISMINUIR
4705557,553691,7,NICK2,,SX7676-010,L,1,0,2,-1,DISMINUIR
4824706,450622,7,NICK2,,GR-RI-11578,38,1,0,2,-1,DISMINUIR
4818008,384652,7,NICK2,,COPA 3364/A+,00,1,0,2,-1,DISMINUIR
4812858,486605,7,NICK2,,IV8329,M,5,4,10,-1,DISMINUIR
4813283,427190,7,NICK2,,FQ8287-400,"3,0",3,2,6,-1,DISMINUIR
4822016,357561,7,NICK2,,BANDA CADERA HEAVY,00,5,5,11,0,SIN_CAMBIO
4825319,518305,7,NICK2,,PETOE,00,20,49,73,29,AUMENTAR
4817963,518298,7,NICK2,,PETOE,00,28,58,90,30,AUMENTAR
4828500,427344,7,NICK2,,FQ8331-001,11,3,0,5,-3,DISMINUIR
4819117,427322,7,NICK2,,FQ8317-600,"9,5",1,1,4,0,SIN_CAMBIO
4796842,485930,7,NICK2,,IP3995,L,25,26,52,1,AUMENTAR
4812538,486846,7,NICK2,,IZ1895,00,8,11,20,3,AUMENTAR
4810044,580981,7,NICK2,,XT-006AC,00,10,9,20,-1,DISMINUIR
4825768,290785,2,PAO1,,8100,43,1,2,4,1,AUMENTAR
4825775,290792,2,PAO1,,8100,44,1,1,3,0,SIN_CAMBIO
4722202,558098,2,PAO1,,TS1801,39,3,2,6,-1,DISMINUIR
4806237,587883,2,PAO1,,ZW03,39,2,1,4,-1,DISMINUIR
4796723,187803,2,PAO1,,402303N-BKRD,21,1,0,2,-1,DISMINUIR
4810549,242932,2,PAO1,,5902,42,1,0,2,-1,DISMINUIR
268721,501834,2,PAO1,,M18388,55,1,0,2,-1,DISMINUIR
4773138,179460,2,PAO1,,388-0402,37,1,2,4,1,AUMENTAR
4739662,213724,2,PAO1,,4909.10221787.80687,42,2,2,5,0,SIN_CAMBIO
4801298,461701,2,PAO1,,H-116,38,1,0,2,-1,DISMINUIR
4821860,492907,6,NICK1,,JR5585,"6,0",2,1,4,-1,DISMINUIR
4702031,505278,6,NICK1,,M7652C-102,"4,0",2,1,4,-1,DISMINUIR
4826780,247915,6,NICK1,,5CM01116-100,"7,0",5,0,6,-5,DISMINUIR
4813032,14837,6,NICK1,,100208884,"4,0",1,0,2,-1,DISMINUIR
4787737,485451,6,NICK1,,II3509,M,13,12,26,-1,DISMINUIR
4740538,505887,6,NICK1,,M9166C-001,"8,5",2,2,5,0,SIN_CAMBIO
4819613,171466,6,NICK1,,372010 38,"7,0",2,1,4,-1,DISMINUIR
4813410,424145,6,NICK1,,FD6454-001,"10,5",1,2,4,1,AUMENTAR
4819695,578149,6,NICK1,,WSNSHOT180WBPBK,00,9,8,18,-1,DISMINUIR
4811045,189129,6,NICK1,,403695L-W,32,2,2,6,0,SIN_CAMBIO
4786874,159259,4,PAO3,,3374,35,1,0,2,-1,DISMINUIR
4420042,276715,4,PAO3,,717,39,4,3,8,-1,DISMINUIR
4783873,109761,4,PAO3,,23-12904-01,37,1,0,2,-1,DISMINUIR
4819722,158280,4,PAO3,,3334-01,36,2,1,4,-1,DISMINUIR
4801526,586778,4,PAO3,,ZM22-12082-90,41,4,3,8,-1,DISMINUIR
4743742,408250,4,PAO3,,DZ9386,L,2,1,4,-1,DISMINUIR
4750670,461324,4,PAO3,,H-106,36,1,0,2,-1,DISMINUIR
4811266,179161,4,PAO3,,388-0001,38,2,2,5,0,SIN_CAMBIO
4810578,243682,4,PAO3,,5986,37,1,2,4,1,AUMENTAR
4810579,243684,4,PAO3,,5986,38,1,0,2,-1,DISMINUIR
4772162,179181,4,PAO3,,388-0051,36,2,1,4,-1,DISMINUIR
4815970,91683,4,PAO3,,201-4107,28,4,3,8,-1,DISMINUIR
4810626,490438,4,PAO3,,JF8541,2XL,5,8,14,3,AUMENTAR
4817868,188074,4,PAO3,,403-1012,39,2,1,4,-1,DISMINUIR
4821506,82313,4,PAO3,,185223-WSL,36,1,0,2,-1,DISMINUIR
4824159,192195,5,PAO4,,403926N-NVBL,24,2,1,4,-1,DISMINUIR
4821376,192857,5,PAO4,,404800L-BLK,30,2,1,4,-1,DISMINUIR
4806959,151247,5,PAO4,,310385L-FUS,38,1,1,3,0,SIN_CAMBIO
4755844,518496,5,PAO4,,PF02840.08A-F,40,2,1,4,-1,DISMINUIR
4819063,304732,5,PAO4,,851-1778,42,2,1,4,-1,DISMINUIR
4826267,297153,5,PAO4,,8224.826.19443-66,37,4,3,8,-1,DISMINUIR
4793952,311231,5,PAO4,,881-6892,40,1,0,2,-1,DISMINUIR
4796083,208981,5,PAO4,,4777.475.9569-15745,35,1,0,2,-1,DISMINUIR
4771338,376423,5,PAO4,,CDJ91107-90,38,1,0,2,-1,DISMINUIR
4775371,89726,3,PAO2,,2.40.36,XS,4,7,12,3,AUMENTAR
4747138,355279,3,PAO2,,B68F8007-BO,37,2,1,4,-1,DISMINUIR
4780996,152481,3,PAO2,,310545L-PNK,34,1,0,2,-1,DISMINUIR
4814127,336914,3,PAO2,,AD90231M-WB,"8,5",1,0,2,-1,DISMINUIR
4796716,191366,3,PAO2,,403818L-BKRB,28,1,0,2,-1,DISMINUIR
4813808,423521,3,PAO2,,FC1630-70,36,1,2,3,1,AUMENTAR
4801649,285428,3,PAO2,,78058570093,10,1,0,2,-1,DISMINUIR
4811625,313090,3,PAO2,,889-1720,41,2,2,5,0,SIN_CAMBIO
4773128,179446,3,PAO2,,388-0400 SINTETICO,39,1,0,2,-1,DISMINUIR
4784856,510409,7,NICK2,,MO21958,00,4,13,18,9,AUMENTAR
4769689,52215,7,NICK2,,1369226-558,00,1,2,4,1,AUMENTAR
4779559,576709,7,NICK2,,WILWTF1683XD53,00,9,8,18,-1,DISMINUIR
4784320,418572,7,NICK2,,F35539,"8,0",7,7,15,0,SIN_CAMBIO
4757235,460064,7,NICK2,,GZ3814,"8,0",2,2,5,0,SIN_CAMBIO
4770609,474385,7,NICK2,,HT4768,00,7,6,14,-1,DISMINUIR
4816914,315454,7,NICK2,,9.65.02,S,4,1,8,-3,DISMINUIR
4780405,398614,7,NICK2,,DEPPINPEL048,00,11,17,29,6,AUMENTAR
4742101,539882,7,NICK2,,S17-6B,40,3,3,7,0,SIN_CAMBIO
4798577,5526,7,NICK2,,066143291019,00,5,7,13,2,AUMENTAR
