fecha;sucursal;ticket;ticket_id;sku;producto_talla_id;articulo;vendidas;rebajadas;diferencia;estado;clase;stock_actual;saldo_kardex;accion;motivo
2026-04-17 13:19;NICK1;112623;133;4812815;362969;BOLSA REAL;1;0;1;sin_mov;;569;;NO;insumo (bolsa/envío): se revisa aparte
2026-04-17 14:02;PAO4;120160;161;4799940;425909;FM1240-70;1;0;1;sin_mov;A;1;1;REPARAR;
2026-04-17 14:02;PAO4;120160;161;4801300;461733;H-116;1;0;1;sin_mov;A;1;1;REPARAR;
2026-04-17 14:45;PAO2;133656;180;4827987;518087;PELOTA TACA TACA;1;0;1;sin_mov;A;57;57;REPARAR;
2026-04-17 14:45;PAO2;133657;181;4790652;362949;BOLSA GENERO;1;0;1;sin_mov;;558;;NO;insumo (bolsa/envío): se revisa aparte
2026-04-17 15:06;PAO2;133659;203;4790652;362949;BOLSA GENERO;1;0;1;sin_mov;;558;;NO;insumo (bolsa/envío): se revisa aparte
2026-04-17 15:34;NICK1;112639;218;4812815;362969;BOLSA REAL;1;0;1;sin_mov;;569;;NO;insumo (bolsa/envío): se revisa aparte
2026-04-17 15:52;NICK1;112645;235;4812815;362969;BOLSA REAL;1;0;1;sin_mov;;569;;NO;insumo (bolsa/envío): se revisa aparte
2026-04-17 16:01;PAO2;133664;247;278198;93265;2026;1;0;1;sin_mov;A;1;1;REPARAR;
2026-04-17 16:26;NICK2;179465;281;4790546;415509;ENVIOS;1;0;1;sin_mov;;558;;NO;insumo (bolsa/envío): se revisa aparte
2026-04-17 16:31;NICK1;112650;290;4828274;510468;MO22234;1;0;1;sin_mov;A;6;6;REPARAR;
2026-04-17 16:34;PAO4;120178;291;4717550;31202;12-CAROL-1;1;0;1;sin_mov;A;1;1;REPARAR;
2026-04-17 16:34;PAO4;120178;291;4784001;31340;12-COLES-2;1;0;1;sin_mov;A;1;1;REPARAR;
2026-04-17 16:46;PAO3;113438;307;4790652;362953;BOLSA GENERO;1;0;1;sin_mov;;1101;;NO;insumo (bolsa/envío): se revisa aparte
2026-04-17 16:47;PAO2;133680;309;4790652;362949;BOLSA GENERO;1;0;1;sin_mov;;558;;NO;insumo (bolsa/envío): se revisa aparte
2026-04-17 16:53;PAO4;120180;319;4754080;81193;18320-5C-90;1;0;1;sin_mov;A;1;1;REPARAR;
2026-04-17 16:59;PAO2;133687;325;4818417;89559;2.20.00;1;0;1;sin_mov;A;2;2;REPARAR;
2026-04-17 16:59;PAO2;133687;325;4817908;284804;772-0500;1;0;1;sin_mov;A;2;2;REPARAR;
2026-04-17 17:01;PAO4;120181;329;4809223;95939;2086;1;0;1;sin_mov;A;1;1;REPARAR;
2026-04-17 17:01;NICK2;179482;330;4812815;362970;BOLSA REAL;1;0;1;sin_mov;;583;;NO;insumo (bolsa/envío): se revisa aparte
2026-04-17 17:03;PAO1;10078;332;4760572;35958;124362-NVPR;1;0;1;sin_mov;A;1;1;REPARAR;
2026-04-17 17:03;PAO1;10078;332;4800755;324722;9700-02;1;0;1;sin_mov;A;1;1;REPARAR;
2026-04-17 17:03;PAO1;10078;332;4751978;566288;VF-BM001;1;0;1;sin_mov;A;1;1;REPARAR;
2026-04-17 17:05;PAO2;133688;336;4827470;89492;2.00.48;1;0;1;sin_mov;A;4;4;REPARAR;
2026-04-17 17:05;PAO2;133688;336;4777875;90054;2.90.13;1;0;1;sin_mov;A;18;18;REPARAR;
2026-04-17 17:05;PAO2;133688;336;4826829;226863;521140060;1;0;1;sin_mov;A;1;1;REPARAR;
2026-04-17 17:05;PAO2;133688;336;1000762;560237;V2050;1;0;1;sin_mov;C;23;11;NO;el kardex no explica el stock (clase C: stock 23, saldo 11): revisar a mano
2026-04-17 17:15;NICK2;179487;344;4823478;518088;PELOTA TACA-TACA;4;0;4;sin_mov;A;84;84;REPARAR;
2026-04-17 17:24;PAO4;120184;359;4819886;188000;403-0250;1;0;1;sin_mov;A;4;4;REPARAR;
2026-04-17 17:26;PAO4;120186;361;4781146;279637;73690-BBK;1;0;1;sin_mov;A;1;1;REPARAR;
2026-04-17 17:58;PAO4;120191;384;4802533;332368;A08410C-508;1;0;1;sin_mov;A;1;1;REPARAR;
2026-04-17 18:12;NICK2;179497;387;4763295;408187;DZ9384;1;0;1;sin_mov;A;30;30;REPARAR;
2026-04-17 18:27;PAO4;120194;395;4768852;55508;140726-04;1;0;1;sin_mov;A;3;3;REPARAR;
2026-04-17 18:43;PAO4;120195;400;4812926;273462;7-OSCAR-11;1;0;1;sin_mov;A;1;1;REPARAR;
2026-04-17 18:50;PAO4;120196;403;4806167;470086;HLD972-1;1;0;1;sin_mov;A;1;1;REPARAR;
2026-04-17 19:06;PAO3;113447;408;4790652;362953;BOLSA GENERO;1;0;1;sin_mov;;1101;;NO;insumo (bolsa/envío): se revisa aparte
2026-04-17 19:35;NICK2;179508;415;4775479;16739;1014017901;1;0;1;sin_mov;A;3;3;NO;después de la venta el saldo llegó a 3 (< faltante 4): contradice, revisar a mano
2026-04-17 19:35;NICK2;179508;415;4807618;486134;IS5399;1;0;1;sin_mov;A;2;2;REPARAR;
2026-04-17 19:47;NICK1;112664;420;4812815;362969;BOLSA REAL;1;0;1;sin_mov;;569;;NO;insumo (bolsa/envío): se revisa aparte
2026-04-18 10:33;NICK2;179513;435;4812815;362970;BOLSA REAL;1;0;1;sin_mov;;583;;NO;insumo (bolsa/envío): se revisa aparte
2026-04-18 10:43;NICK2;179515;440;4812815;362970;BOLSA REAL;1;0;1;sin_mov;;583;;NO;insumo (bolsa/envío): se revisa aparte
2026-04-18 11:23;PAO4;120203;457;4740558;505908;M9166C-001;1;0;1;sin_mov;A;1;1;REPARAR;
2026-04-18 11:34;PAO4;120204;460;4744021;202783;45-1;1;0;1;sin_mov;;1285;;NO;insumo (bolsa/envío): se revisa aparte
2026-04-18 11:37;PAO3;113452;464;4790652;362953;BOLSA GENERO;1;0;1;sin_mov;;1101;;NO;insumo (bolsa/envío): se revisa aparte
2026-04-18 11:57;NICK2;179528;474;4816976;362999;BOLSO PORTA BALON;1;0;1;sin_mov;A;7;7;REPARAR;
2026-04-18 11:57;NICK2;179528;474;4828277;510174;MO21650;1;0;1;sin_mov;A;42;42;REPARAR;
2026-04-18 11:57;NICK2;179528;474;4811681;510372;MO21934;2;0;2;sin_mov;A;10;10;REPARAR;
2026-04-18 12:06;PAO4;120207;481;363178;215967;5-MYRNA-3;1;0;1;sin_mov;C;1;0;NO;el kardex no explica el stock (clase C: stock 1, saldo 0): revisar a mano
2026-04-18 12:11;PAO4;120210;494;4800697;161774;34813;1;0;1;sin_mov;A;1;1;REPARAR;
2026-04-18 12:11;PAO4;120210;494;4744021;202783;45-1;1;0;1;sin_mov;;1285;;NO;insumo (bolsa/envío): se revisa aparte
2026-04-18 12:16;NICK2;179531;496;4812815;362970;BOLSA REAL;1;0;1;sin_mov;;583;;NO;insumo (bolsa/envío): se revisa aparte
2026-04-18 12:31;NICK1;112672;504;4812815;362969;BOLSA REAL;1;0;1;sin_mov;;569;;NO;insumo (bolsa/envío): se revisa aparte
2026-04-18 12:35;NICK2;179534;508;4812815;362970;BOLSA REAL;1;0;1;sin_mov;;583;;NO;insumo (bolsa/envío): se revisa aparte
2026-04-18 12:52;NICK1;112673;515;4831549;591172;58363-CCBK;1;0;1;sin_mov;A;1;1;REPARAR;
2026-04-18 12:52;NICK1;112673;515;4830975;595921;JZ7326;1;0;1;sin_mov;A;1;1;REPARAR;
2026-04-18 12:54;PAO4;120215;517;4808192;520441;PI-11016300000028;1;0;1;sin_mov;A;1;1;REPARAR;
2026-04-18 13:01;PAO4;120217;520;4816060;250052;5T24-5;1;0;1;sin_mov;A;1;1;REPARAR;
2026-04-18 13:04;NICK2;179538;523;4812815;362970;BOLSA REAL;1;0;1;sin_mov;;583;;NO;insumo (bolsa/envío): se revisa aparte
2026-04-18 13:13;PAO4;120221;530;4826555;545;008-02;1;0;1;sin_mov;A;1;1;REPARAR;
2026-04-18 13:15;NICK2;179541;533;4812815;362970;BOLSA REAL;1;0;1;sin_mov;;583;;NO;insumo (bolsa/envío): se revisa aparte
2026-04-18 13:26;NICK1;112675;538;4812815;362969;BOLSA REAL;1;0;1;sin_mov;;569;;NO;insumo (bolsa/envío): se revisa aparte
2026-04-18 13:54;PAO3;113469;561;4790652;362953;BOLSA GENERO;1;0;1;sin_mov;;1101;;NO;insumo (bolsa/envío): se revisa aparte
2026-04-18 14:04;PAO4;120224;564;4805022;145124;303555L-BKLV;1;0;1;sin_mov;A;1;1;REPARAR;
2026-04-18 14:17;PAO2;133732;570;4818454;507022;MANGA VOLEY;1;0;1;sin_mov;A;19;19;REPARAR;
2026-04-18 14:34;NICK2;179556;575;4812815;362970;BOLSA REAL;1;0;1;sin_mov;;583;;NO;insumo (bolsa/envío): se revisa aparte
2026-04-18 14:35;NICK2;179557;576;4779093;519216;PH830;2;0;2;sin_mov;A;6;6;REPARAR;
2026-04-18 14:35;NICK2;179557;576;4779092;519219;PH830;2;0;2;sin_mov;A;10;10;REPARAR;
2026-04-18 14:35;NICK2;179557;576;4817967;519228;PH831;1;0;1;sin_mov;A;19;19;REPARAR;
2026-04-18 14:35;NICK2;179557;576;4817969;519229;PH831;1;0;1;sin_mov;A;31;31;REPARAR;
2026-04-18 14:43;PAO2;133734;577;4770689;225426;5207021101012;1;0;1;sin_mov;A;20;20;REPARAR;
2026-04-18 14:47;PAO2;133736;580;4790652;362949;BOLSA GENERO;1;0;1;sin_mov;;558;;NO;insumo (bolsa/envío): se revisa aparte
2026-04-18 14:56;NICK2;179559;586;4812815;362970;BOLSA REAL;1;0;1;sin_mov;;583;;NO;insumo (bolsa/envío): se revisa aparte
2026-04-18 14:58;PAO4;120227;587;4820833;248808;5K07-1;1;0;1;sin_mov;A;1;1;REPARAR;
2026-04-18 14:58;PAO4;120227;587;4820839;248838;5K07-13;1;0;1;sin_mov;A;1;1;REPARAR;
2026-04-18 15:39;NICK2;179563;603;4744021;202786;45-1;1;0;1;sin_mov;;2562;;NO;insumo (bolsa/envío): se revisa aparte
2026-04-18 15:39;PAO4;120230;605;4744021;202783;45-1;1;0;1;sin_mov;;1285;;NO;insumo (bolsa/envío): se revisa aparte
2026-04-18 15:41;NICK2;179565;607;4812815;362970;BOLSA REAL;1;0;1;sin_mov;;583;;NO;insumo (bolsa/envío): se revisa aparte
2026-04-18 15:41;NICK2;179565;607;4790352;460535;GZ5921;1;0;1;sin_mov;A;1;1;REPARAR;
2026-04-18 15:46;PAO4;120231;611;4744021;202783;45-1;1;0;1;sin_mov;;1285;;NO;insumo (bolsa/envío): se revisa aparte
2026-04-18 15:49;NICK2;179568;612;4791429;530637;PPS02-1;1;0;1;sin_mov;A;22;22;REPARAR;
2026-04-18 15:57;NICK2;179570;616;4812815;362970;BOLSA REAL;1;0;1;sin_mov;;583;;NO;insumo (bolsa/envío): se revisa aparte
2026-04-18 16:06;NICK1;112685;619;4812815;362969;BOLSA REAL;1;0;1;sin_mov;;569;;NO;insumo (bolsa/envío): se revisa aparte
2026-04-18 16:11;PAO2;133749;625;4810571;243674;5986;1;0;1;sin_mov;A;1;1;REPARAR;
2026-04-18 16:15;PAO2;133755;632;4790652;362949;BOLSA GENERO;1;0;1;sin_mov;;558;;NO;insumo (bolsa/envío): se revisa aparte
2026-04-18 16:15;PAO4;120234;633;4821374;192848;404800L-BLK;1;0;1;sin_mov;A;1;1;REPARAR;
2026-04-18 16:24;NICK1;112688;637;4812815;362969;BOLSA REAL;1;0;1;sin_mov;;569;;NO;insumo (bolsa/envío): se revisa aparte
2026-04-18 16:32;PAO2;133757;643;4812305;145233;303557L-BLK;1;0;1;sin_mov;A;1;1;REPARAR;
2026-04-18 16:33;PAO3;113474;644;4790652;362953;BOLSA GENERO;1;0;1;sin_mov;;1101;;NO;insumo (bolsa/envío): se revisa aparte
2026-04-18 16:39;PAO3;113477;651;4744021;202787;45-1;1;0;1;sin_mov;;1180;;NO;insumo (bolsa/envío): se revisa aparte
2026-04-18 16:46;NICK1;112689;657;4812815;362969;BOLSA REAL;1;0;1;sin_mov;;569;;NO;insumo (bolsa/envío): se revisa aparte
2026-04-18 16:53;PAO4;120237;658;4757029;80281;181309-03;1;0;1;sin_mov;A;1;1;REPARAR;
2026-04-18 16:53;NICK2;179581;659;4812815;362970;BOLSA REAL;1;0;1;sin_mov;;583;;NO;insumo (bolsa/envío): se revisa aparte
2026-04-18 17:14;NICK1;112690;665;4812815;362969;BOLSA REAL;1;0;1;sin_mov;;569;;NO;insumo (bolsa/envío): se revisa aparte
2026-04-18 17:18;PAO4;120239;668;4779895;467560;HG0349;1;0;1;sin_mov;A;3;3;REPARAR;
2026-04-18 17:22;NICK2;179587;669;4774089;477318;IC1310;1;0;1;sin_mov;A;10;10;REPARAR;
2026-04-18 17:36;NICK2;179590;672;4805586;53783;1382911-408;1;0;1;sin_mov;A;2;2;REPARAR;
2026-04-18 17:36;NICK2;179590;672;4812815;362970;BOLSA REAL;1;0;1;sin_mov;;583;;NO;insumo (bolsa/envío): se revisa aparte
2026-04-18 17:41;NICK1;112692;678;4812815;362969;BOLSA REAL;1;0;1;sin_mov;;569;;NO;insumo (bolsa/envío): se revisa aparte
2026-04-18 17:58;NICK2;179594;685;4784386;1214;009283624231;1;0;1;sin_mov;A;2;2;NO;después de la venta el saldo llegó a 2 (< faltante 4): contradice, revisar a mano
2026-04-18 18:24;PAO4;120241;693;4795932;274155;7005.600.5536-15745;1;0;1;sin_mov;A;2;2;REPARAR;
2026-04-18 18:24;NICK1;112694;694;4812815;362969;BOLSA REAL;1;0;1;sin_mov;;569;;NO;insumo (bolsa/envío): se revisa aparte
2026-04-18 19:01;NICK1;112695;707;4754467;553544;SX7670-100;1;0;1;sin_mov;C;14;12;NO;el kardex no explica el stock (clase C: stock 14, saldo 12): revisar a mano
2026-04-18 19:34;PAO3;113490;712;4790652;362953;BOLSA GENERO;1;0;1;sin_mov;;1101;;NO;insumo (bolsa/envío): se revisa aparte
2026-04-18 19:47;PAO4;120244;714;4812005;28218;118303-BBK;1;0;1;sin_mov;A;1;1;REPARAR;
2026-04-18 19:47;PAO4;120244;714;4751432;52595;1370542-001;1;0;1;sin_mov;A;11;11;REPARAR;
2026-04-18 20:02;PAO4;120245;716;4782759;16052;10032.3.21817.15745;1;0;1;sin_mov;A;8;8;REPARAR;
2026-04-18 20:02;PAO4;120245;716;4812552;350843;AZ210011244-BOL;1;0;1;sin_mov;A;1;1;REPARAR;
2026-04-19 11:53;NICK2;179606;721;4812815;362970;BOLSA REAL;1;0;1;sin_mov;;583;;NO;insumo (bolsa/envío): se revisa aparte
2026-04-19 13:49;NICK2;179618;733;4812815;362970;BOLSA REAL;1;0;1;sin_mov;;583;;NO;insumo (bolsa/envío): se revisa aparte
2026-04-19 15:41;NICK2;179628;743;4812815;362970;BOLSA REAL;1;0;1;sin_mov;;583;;NO;insumo (bolsa/envío): se revisa aparte
2026-04-20 10:26;NICK1;112697;755;4744021;202779;45-1;1;0;1;sin_mov;;621;;NO;insumo (bolsa/envío): se revisa aparte
2026-04-20 11:07;NICK1;112703;767;4812815;362969;BOLSA REAL;1;0;1;sin_mov;;569;;NO;insumo (bolsa/envío): se revisa aparte
2026-04-20 11:16;PAO2;133770;768;4790652;362949;BOLSA GENERO;1;0;1;sin_mov;;558;;NO;insumo (bolsa/envío): se revisa aparte
2026-04-20 11:48;NICK1;112706;782;4812815;362969;BOLSA REAL;1;0;1;sin_mov;;569;;NO;insumo (bolsa/envío): se revisa aparte
2026-04-20 12:07;PAO4;120247;786;4812218;145378;303573N-BLK;1;0;1;sin_mov;A;3;3;REPARAR;
2026-04-20 14:19;PAO4;120249;805;4815088;80787;1830.501.7286-15745;1;0;1;sin_mov;A;1;1;REPARAR;
2026-04-20 14:19;PAO2;133775;806;4790652;362949;BOLSA GENERO;1;0;1;sin_mov;;558;;NO;insumo (bolsa/envío): se revisa aparte
2026-04-20 15:18;PAO4;120252;815;4820556;111127;23-MITSU-2;1;0;1;sin_mov;A;1;1;REPARAR;
2026-04-20 15:21;PAO3;113500;816;4790652;362953;BOLSA GENERO;1;0;1;sin_mov;;1101;;NO;insumo (bolsa/envío): se revisa aparte
2026-04-20 15:52;NICK1;112708;828;4812815;362969;BOLSA REAL;1;0;1;sin_mov;;569;;NO;insumo (bolsa/envío): se revisa aparte
2026-04-20 16:51;NICK1;112711;845;4812815;362969;BOLSA REAL;1;0;1;sin_mov;;569;;NO;insumo (bolsa/envío): se revisa aparte
2026-04-20 16:51;NICK1;112711;845;4821179;507455;MEDIA BAMBOO;1;24;-23;doble;;15;;NO;ya corregida con un ajuste posterior de la tienda
2026-04-20 17:00;PAO2;133783;848;4793436;117805;24JS05A;1;0;1;sin_mov;A;2;2;REPARAR;
2026-04-20 17:00;PAO2;133783;848;4720770;407549;DY124BR;1;0;1;sin_mov;A;1;1;REPARAR;
2026-04-20 17:29;NICK2;179681;858;4812815;362970;BOLSA REAL;1;0;1;sin_mov;;583;;NO;insumo (bolsa/envío): se revisa aparte
2026-04-20 17:29;PAO1;10107;859;4744021;202782;45-1;3;0;3;sin_mov;;898;;NO;insumo (bolsa/envío): se revisa aparte
2026-04-20 17:29;PAO1;10107;859;4814988;285841;790-02;1;0;1;sin_mov;A;2;2;REPARAR;
2026-04-20 17:29;PAO1;10107;859;4786931;291263;812;1;0;1;sin_mov;A;2;2;REPARAR;
2026-04-20 17:33;NICK2;179682;861;4812815;362970;BOLSA REAL;1;0;1;sin_mov;;583;;NO;insumo (bolsa/envío): se revisa aparte
2026-04-20 18:25;NICK2;179686;876;4812815;362970;BOLSA REAL;1;0;1;sin_mov;;583;;NO;insumo (bolsa/envío): se revisa aparte
2026-04-20 19:44;PAO3;113511;892;4790652;362953;BOLSA GENERO;1;0;1;sin_mov;;1101;;NO;insumo (bolsa/envío): se revisa aparte
2026-04-21 10:42;PAO2;133793;896;4790652;362949;BOLSA GENERO;1;0;1;sin_mov;;558;;NO;insumo (bolsa/envío): se revisa aparte
2026-04-21 11:15;PAO4;120261;900;4751432;52595;1370542-001;1;0;1;sin_mov;A;11;11;REPARAR;
2026-04-21 11:40;NICK1;112717;906;4790546;415508;ENVIOS;1;0;1;sin_mov;;770;;NO;insumo (bolsa/envío): se revisa aparte
2026-04-21 12:11;PAO2;133797;919;4790652;362949;BOLSA GENERO;1;0;1;sin_mov;;558;;NO;insumo (bolsa/envío): se revisa aparte
2026-04-21 12:13;PAO4;120266;921;4744021;202783;45-1;1;0;1;sin_mov;;1285;;NO;insumo (bolsa/envío): se revisa aparte
2026-04-21 12:20;PAO3;113514;923;4768415;67483;155399-BLK;1;0;1;sin_mov;A;2;2;REPARAR;
2026-04-21 12:20;PAO3;113514;923;4744021;202787;45-1;1;0;1;sin_mov;;1180;;NO;insumo (bolsa/envío): se revisa aparte
2026-04-21 12:55;PAO4;120268;935;4816091;249874;5T01-1;1;0;1;sin_mov;A;1;1;REPARAR;
2026-04-21 12:56;PAO3;113516;936;4790652;362953;BOLSA GENERO;1;0;1;sin_mov;;1101;;NO;insumo (bolsa/envío): se revisa aparte
2026-04-21 12:58;PAO4;120269;937;4744021;202783;45-1;1;0;1;sin_mov;;1285;;NO;insumo (bolsa/envío): se revisa aparte
2026-04-21 13:21;NICK2;179706;951;4770704;16777;1014019302;1;0;1;sin_mov;A;13;13;REPARAR;
2026-04-21 13:34;NICK2;179707;954;4780506;5542;066143999335;4;0;4;sin_mov;A;6;6;REPARAR;
2026-04-21 13:34;NICK2;179707;954;4740180;90889;200;2;0;2;sin_mov;A;2;2;REPARAR;
2026-04-21 13:34;NICK2;179707;954;4818358;416482;F-CL-990543;4;0;4;sin_mov;A;7;7;REPARAR;
2026-04-21 13:34;NICK2;179707;954;4421664;511336;MSCOIN45-C;2;0;2;sin_mov;A;2;2;REPARAR;
2026-04-21 15:04;PAO3;113522;968;4790652;362953;BOLSA GENERO;1;0;1;sin_mov;;1101;;NO;insumo (bolsa/envío): se revisa aparte
2026-04-21 15:54;PAO4;120278;976;4795663;80432;1816;1;0;1;sin_mov;A;1;1;REPARAR;
2026-04-21 15:54;PAO4;120278;976;4732278;90507;20-TIJA-1;1;0;1;sin_mov;A;1;1;REPARAR;
2026-04-21 15:54;PAO4;120278;976;4744021;202783;45-1;1;0;1;sin_mov;;1285;;NO;insumo (bolsa/envío): se revisa aparte
2026-04-21 16:18;NICK2;179714;979;4810075;413662;EGOTIKO VENGADOR PRO;1;0;1;sin_mov;A;1;1;REPARAR;
2026-04-21 17:57;NICK2;179717;1007;4812815;362970;BOLSA REAL;1;0;1;sin_mov;;583;;NO;insumo (bolsa/envío): se revisa aparte
2026-04-21 18:13;NICK1;112725;1017;4812815;362969;BOLSA REAL;1;0;1;sin_mov;;569;;NO;insumo (bolsa/envío): se revisa aparte
2026-04-21 18:34;NICK2;179725;1023;4799510;16800;1014019444;1;0;1;sin_mov;A;43;43;REPARAR;
2026-04-21 18:34;NICK2;179725;1023;4775482;16809;1014027902;1;0;1;sin_mov;A;3;3;REPARAR;
2026-04-21 18:34;NICK2;179725;1023;4826416;234406;55438107;1;0;1;sin_mov;A;1;1;REPARAR;
2026-04-21 19:01;NICK1;112728;1028;4811448;81623;185098-WBK;1;0;1;sin_mov;A;2;2;REPARAR;
2026-04-21 19:01;NICK1;112728;1028;4744021;202779;45-1;1;0;1;sin_mov;;621;;NO;insumo (bolsa/envío): se revisa aparte
2026-04-21 19:32;PAO4;120297;1036;4744021;202783;45-1;1;0;1;sin_mov;;1285;;NO;insumo (bolsa/envío): se revisa aparte
2026-04-21 19:32;PAO4;120297;1036;4771530;425614;FK0890;1;0;1;sin_mov;A;2;2;REPARAR;
2026-04-22 10:52;NICK2;179732;1047;4818062;479282;ID8797;1;0;1;sin_mov;;1;;NO;venta anulada con NC: el stock ya está bien
2026-04-22 11:14;NICK2;179735;1052;4769655;39968;1286016-716;1;0;1;sin_mov;A;1;1;REPARAR;
2026-04-22 11:14;NICK2;179735;1052;4812815;362970;BOLSA REAL;1;0;1;sin_mov;;583;;NO;insumo (bolsa/envío): se revisa aparte
2026-04-22 11:21;NICK1;112729;1056;4790546;415508;ENVIOS;1;0;1;sin_mov;;770;;NO;insumo (bolsa/envío): se revisa aparte
2026-04-22 11:28;NICK1;112730;1060;4789565;186881;401625L-CCBK;1;0;1;sin_mov;A;2;2;REPARAR;
2026-04-22 11:28;NICK1;112730;1060;4744021;202779;45-1;1;0;1;sin_mov;;621;;NO;insumo (bolsa/envío): se revisa aparte
2026-04-22 11:28;NICK1;112730;1060;4746500;456286;GW8342;1;0;1;sin_mov;A;1;1;REPARAR;
2026-04-22 11:28;NICK1;112730;1060;4826520;492852;JR4068;1;0;1;sin_mov;A;2;2;REPARAR;
2026-04-22 11:29;PAO4;120302;1061;4718377;553567;SX7670-901;1;0;1;sin_mov;A;15;15;REPARAR;
2026-04-22 11:34;PAO2;133819;1063;4790652;362949;BOLSA GENERO;1;0;1;sin_mov;;558;;NO;insumo (bolsa/envío): se revisa aparte
2026-04-22 11:34;PAO2;133819;1063;4776122;463900;H06106;1;0;1;sin_mov;A;2;2;REPARAR;
2026-04-22 11:49;NICK1;112734;1071;4812815;362969;BOLSA REAL;1;0;1;sin_mov;;569;;NO;insumo (bolsa/envío): se revisa aparte
2026-04-22 12:33;NICK2;179740;1085;4812815;362970;BOLSA REAL;1;0;1;sin_mov;;583;;NO;insumo (bolsa/envío): se revisa aparte
2026-04-22 12:38;NICK2;179742;1088;4774680;459072;GY9081;1;0;1;sin_mov;A;3;3;REPARAR;
2026-04-22 12:52;PAO4;120307;1090;4802658;130538;301-0116;1;0;1;sin_mov;A;1;1;REPARAR;
2026-04-22 13:19;NICK2;179745;1098;224241;444666;GL120001;1;0;1;sin_mov;C;4;3;NO;el kardex no explica el stock (clase C: stock 4, saldo 3): revisar a mano
2026-04-22 13:29;PAO4;120309;1101;4825060;30498;119506-NAT;1;0;1;sin_mov;A;1;1;REPARAR;
2026-04-22 13:32;NICK2;179747;1103;4812815;362970;BOLSA REAL;1;0;1;sin_mov;;583;;NO;insumo (bolsa/envío): se revisa aparte
2026-04-22 13:36;NICK1;112738;1105;4812815;362969;BOLSA REAL;1;0;1;sin_mov;;569;;NO;insumo (bolsa/envío): se revisa aparte
2026-04-22 14:32;NICK2;179756;1126;4812815;362970;BOLSA REAL;1;0;1;sin_mov;;583;;NO;insumo (bolsa/envío): se revisa aparte
2026-04-22 14:41;NICK1;112739;1129;4812815;362969;BOLSA REAL;1;0;1;sin_mov;;569;;NO;insumo (bolsa/envío): se revisa aparte
2026-04-22 14:49;PAO3;113546;1131;4790652;362953;BOLSA GENERO;1;0;1;sin_mov;;1101;;NO;insumo (bolsa/envío): se revisa aparte
2026-04-22 15:05;PAO3;113547;1133;4790652;362953;BOLSA GENERO;1;0;1;sin_mov;;1101;;NO;insumo (bolsa/envío): se revisa aparte
2026-04-22 15:53;NICK2;179762;1143;4812815;362970;BOLSA REAL;1;0;1;sin_mov;;583;;NO;insumo (bolsa/envío): se revisa aparte
2026-04-22 16:05;PAO3;113550;1148;4750928;104556;21JS35;1;0;1;sin_mov;A;2;2;REPARAR;
2026-04-22 16:05;PAO3;113550;1148;4811952;114717;232758-BLK;1;0;1;sin_mov;A;2;2;REPARAR;
2026-04-22 16:05;PAO3;113550;1148;4744021;202787;45-1;1;0;1;sin_mov;;1180;;NO;insumo (bolsa/envío): se revisa aparte
2026-04-22 16:28;NICK1;112742;1153;4812815;362969;BOLSA REAL;1;0;1;sin_mov;;569;;NO;insumo (bolsa/envío): se revisa aparte
2026-04-22 16:50;PAO2;133830;1157;4748416;50846;1361459-012;1;0;1;sin_mov;A;17;17;REPARAR;
2026-04-22 16:50;PAO2;133830;1157;4752687;171785;372837C-102;1;0;1;sin_mov;A;1;1;REPARAR;
2026-04-22 16:50;PAO2;133830;1157;4771792;457922;GY2578;1;0;1;sin_mov;A;2;2;REPARAR;
2026-04-22 16:50;PAO2;133830;1157;4703980;553766;SX7677-010;1;0;1;sin_mov;A;8;8;REPARAR;
2026-04-22 16:58;NICK2;179767;1158;4812815;362970;BOLSA REAL;1;0;1;sin_mov;;583;;NO;insumo (bolsa/envío): se revisa aparte
2026-04-22 17:33;PAO2;133832;1164;4790652;362949;BOLSA GENERO;1;0;1;sin_mov;;558;;NO;insumo (bolsa/envío): se revisa aparte
2026-04-22 17:45;PAO4;120317;1168;4744021;202783;45-1;1;0;1;sin_mov;;1285;;NO;insumo (bolsa/envío): se revisa aparte
2026-04-22 17:47;PAO4;120319;1170;4744021;202783;45-1;1;0;1;sin_mov;;1285;;NO;insumo (bolsa/envío): se revisa aparte
2026-04-22 18:20;NICK2;179772;1178;4777957;16824;1014027944;1;0;1;sin_mov;A;25;25;REPARAR;
2026-04-22 18:20;NICK2;179772;1178;4818162;372268;CALCETA ANTIDES INF;1;0;1;sin_mov;A;5;5;REPARAR;
2026-04-22 18:20;NICK2;179772;1178;4816551;427151;FQ8284-800;1;0;1;sin_mov;A;1;1;REPARAR;
2026-04-22 18:24;PAO4;120320;1179;4744021;202783;45-1;1;0;1;sin_mov;;1285;;NO;insumo (bolsa/envío): se revisa aparte
2026-04-22 18:39;PAO2;133836;1185;4818410;93288;2026-02;1;0;1;sin_mov;;3;;NO;ya corregida con un ajuste posterior de la tienda
2026-04-23 10:20;NICK2;179779;1197;4812815;362970;BOLSA REAL;1;0;1;sin_mov;;583;;NO;insumo (bolsa/envío): se revisa aparte
2026-04-23 10:36;PAO2;133842;1201;4790652;362949;BOLSA GENERO;1;0;1;sin_mov;;558;;NO;insumo (bolsa/envío): se revisa aparte
2026-04-23 10:38;NICK2;179781;1203;4775479;16739;1014017901;1;0;1;sin_mov;A;3;3;NO;después de la venta el saldo llegó a 3 (< faltante 4): contradice, revisar a mano
2026-04-23 11:05;PAO3;113558;1208;4421897;9714;1000;1;0;1;sin_mov;A;1;1;REPARAR;
2026-04-23 11:45;NICK2;179782;1218;4790546;415509;ENVIOS;1;0;1;sin_mov;;558;;NO;insumo (bolsa/envío): se revisa aparte
2026-04-23 11:47;PAO4;120327;1220;4811147;462058;H-182;1;0;1;sin_mov;A;2;2;REPARAR;
2026-04-23 11:55;NICK2;179784;1221;4770704;16777;1014019302;1;0;1;sin_mov;A;13;13;REPARAR;
2026-04-23 11:55;NICK2;179784;1221;4812815;362970;BOLSA REAL;1;0;1;sin_mov;;583;;NO;insumo (bolsa/envío): se revisa aparte
2026-04-23 12:08;PAO1;10143;1224;4820365;579822;X680;1;0;1;sin_mov;A;2;2;REPARAR;
2026-04-23 12:08;PAO1;10143;1224;4820371;579823;X680;1;0;1;sin_mov;A;1;1;REPARAR;
2026-04-23 12:08;PAO1;10143;1224;4820377;579824;X680;1;0;1;sin_mov;A;1;1;REPARAR;
2026-04-23 12:24;NICK1;112752;1227;4807008;14737;100208378;1;0;1;sin_mov;A;1;1;REPARAR;
2026-04-23 12:24;NICK1;112752;1227;4813042;15453;100221596;1;0;1;sin_mov;A;1;1;REPARAR;
2026-04-23 12:24;NICK1;112752;1227;4818574;147208;303981L-BKPK;1;0;1;sin_mov;A;2;2;REPARAR;
2026-04-23 12:24;NICK1;112752;1227;4744021;202779;45-1;2;0;2;sin_mov;;621;;NO;insumo (bolsa/envío): se revisa aparte
2026-04-23 12:42;NICK1;112753;1232;4744021;202779;45-1;1;0;1;sin_mov;;621;;NO;insumo (bolsa/envío): se revisa aparte
2026-04-23 12:48;PAO4;120332;1236;4775726;333341;A30-11-90B;1;0;1;sin_mov;A;1;1;REPARAR;
2026-04-23 13:32;NICK1;112756;1247;4790546;415508;ENVIOS;1;0;1;sin_mov;;770;;NO;insumo (bolsa/envío): se revisa aparte
2026-04-23 13:50;PAO4;120335;1250;4718116;493700;JS1806;1;0;1;sin_mov;A;1;1;REPARAR;
2026-04-23 13:51;NICK2;179788;1252;4775479;16739;1014017901;1;0;1;sin_mov;A;3;3;NO;después de la venta el saldo llegó a 3 (< faltante 4): contradice, revisar a mano
2026-04-23 14:02;PAO3;113563;1256;4790652;362953;BOLSA GENERO;1;0;1;sin_mov;;1101;;NO;insumo (bolsa/envío): se revisa aparte
2026-04-23 14:06;PAO3;113565;1258;4790652;362953;BOLSA GENERO;1;0;1;sin_mov;;1101;;NO;insumo (bolsa/envío): se revisa aparte
2026-04-23 14:30;PAO2;133855;1263;4780514;227443;521510016;1;0;1;sin_mov;A;1;1;REPARAR;
2026-04-23 14:52;NICK2;179792;1267;4806901;515415;OS-20-20135;1;0;1;sin_mov;A;1;1;REPARAR;
2026-04-23 15:21;PAO2;133860;1281;4777886;9094;1.95.11;1;0;1;sin_mov;A;5;5;REPARAR;
2026-04-23 15:21;PAO2;133860;1281;4692137;225326;5207017101019;1;0;1;sin_mov;A;2;2;REPARAR;
2026-04-23 15:28;PAO2;133861;1285;4790652;362949;BOLSA GENERO;1;0;1;sin_mov;;558;;NO;insumo (bolsa/envío): se revisa aparte
2026-04-23 15:30;NICK1;112759;1287;4812815;362969;BOLSA REAL;1;0;1;sin_mov;;569;;NO;insumo (bolsa/envío): se revisa aparte
2026-04-23 15:34;NICK1;112760;1289;4812815;362969;BOLSA REAL;1;0;1;sin_mov;;569;;NO;insumo (bolsa/envío): se revisa aparte
2026-04-23 15:42;PAO4;120339;1292;4776395;28930;1184.1501.14710.66;1;0;1;sin_mov;A;2;2;REPARAR;
2026-04-23 15:54;PAO3;113568;1297;4811832;124899;275-5813;1;0;1;sin_mov;A;4;4;REPARAR;
2026-04-23 15:54;PAO3;113568;1297;4744021;202787;45-1;1;0;1;sin_mov;;1180;;NO;insumo (bolsa/envío): se revisa aparte
2026-04-23 16:10;PAO3;113571;1304;4744021;202787;45-1;1;0;1;sin_mov;;1180;;NO;insumo (bolsa/envío): se revisa aparte
2026-04-23 16:10;PAO3;113571;1304;4813750;242649;589-6791;1;0;1;sin_mov;A;2;2;REPARAR;
2026-04-23 16:58;NICK2;179813;1324;4812815;362970;BOLSA REAL;1;0;1;sin_mov;;583;;NO;insumo (bolsa/envío): se revisa aparte
2026-04-23 17:02;PAO4;120341;1326;4753119;349988;AZ20501110003-N17;1;0;1;sin_mov;A;1;1;REPARAR;
2026-04-23 17:05;NICK1;112766;1327;4744021;202779;45-1;1;0;1;sin_mov;;621;;NO;insumo (bolsa/envío): se revisa aparte
2026-04-23 18:19;PAO4;120343;1358;4403077;214826;5-COBNA-2;1;0;1;sin_mov;;1;;NO;venta anulada con NC: el stock ya está bien
2026-04-23 18:19;PAO4;120343;1358;4790652;362948;BOLSA GENERO;1;0;1;sin_mov;;37;;NO;venta anulada con NC: el stock ya está bien
2026-04-23 18:37;PAO4;120346;1361;4804429;31995;12-HOT-70;1;0;1;sin_mov;A;2;2;REPARAR;
2026-04-23 18:49;PAO3;113581;1367;4744021;202787;45-1;1;0;1;sin_mov;;1180;;NO;insumo (bolsa/envío): se revisa aparte
2026-04-23 18:49;PAO3;113581;1367;4813640;293124;818-02;1;0;1;sin_mov;A;1;1;REPARAR;
2026-04-23 18:52;NICK1;112769;1370;4823824;67709;155506-BKRG;1;0;1;sin_mov;A;1;1;REPARAR;
2026-04-23 18:52;NICK1;112769;1370;4744021;202779;45-1;1;0;1;sin_mov;;621;;NO;insumo (bolsa/envío): se revisa aparte
2026-04-23 18:58;NICK2;179825;1371;4818005;302821;843514701;1;0;1;sin_mov;A;0;0;NO;después de la venta el saldo llegó a 0 (< faltante 1): contradice, revisar a mano
2026-04-23 18:58;NICK2;179825;1371;4812815;362970;BOLSA REAL;1;0;1;sin_mov;;583;;NO;insumo (bolsa/envío): se revisa aparte
2026-04-24 10:21;PAO2;133880;1388;4790652;362949;BOLSA GENERO;1;0;1;sin_mov;;558;;NO;insumo (bolsa/envío): se revisa aparte
2026-04-24 10:25;PAO3;113584;1389;4790652;362953;BOLSA GENERO;1;0;1;sin_mov;;1101;;NO;insumo (bolsa/envío): se revisa aparte
2026-04-24 10:25;PAO3;113584;1389;4726875;474926;HWICCFW21011B;1;0;1;sin_mov;A;1;1;REPARAR;
2026-04-24 10:46;PAO4;120351;1395;4813961;266951;660-02;1;0;1;sin_mov;A;1;1;REPARAR;
2026-04-24 10:46;PAO4;120351;1395;4815024;291315;812-02;1;0;1;sin_mov;A;1;1;REPARAR;
2026-04-24 11:01;NICK2;179833;1403;4812815;362970;BOLSA REAL;1;0;1;sin_mov;;583;;NO;insumo (bolsa/envío): se revisa aparte
2026-04-24 11:16;NICK2;179835;1406;4785480;89532;2.00.73;1;0;1;sin_mov;A;1;1;REPARAR;
2026-04-24 11:17;PAO2;133885;1409;4790652;362949;BOLSA GENERO;1;0;1;sin_mov;;558;;NO;insumo (bolsa/envío): se revisa aparte
2026-04-24 11:17;NICK2;179837;1411;4790546;415509;ENVIOS;1;0;1;sin_mov;;558;;NO;insumo (bolsa/envío): se revisa aparte
2026-04-24 11:26;PAO2;133886;1413;4790652;362949;BOLSA GENERO;1;0;1;sin_mov;;558;;NO;insumo (bolsa/envío): se revisa aparte
2026-04-24 11:31;NICK1;112779;1414;4812815;362969;BOLSA REAL;1;0;1;sin_mov;;569;;NO;insumo (bolsa/envío): se revisa aparte
2026-04-24 11:31;NICK1;112779;1414;4754473;409140;EE1151;1;0;1;sin_mov;A;4;4;REPARAR;
2026-04-24 11:32;PAO3;113589;1417;4790652;362953;BOLSA GENERO;1;0;1;sin_mov;;1101;;NO;insumo (bolsa/envío): se revisa aparte
2026-04-24 11:32;PAO2;133888;1418;4797358;225421;52070211;1;0;1;sin_mov;A;27;27;REPARAR;
2026-04-24 11:32;PAO2;133888;1418;4790652;362949;BOLSA GENERO;1;0;1;sin_mov;;558;;NO;insumo (bolsa/envío): se revisa aparte
2026-04-24 11:53;PAO3;113590;1422;4790652;362953;BOLSA GENERO;1;0;1;sin_mov;;1101;;NO;insumo (bolsa/envío): se revisa aparte
2026-04-24 11:54;PAO2;133889;1423;4789282;548400;SPJSSS24055;1;0;1;sin_mov;A;17;17;REPARAR;
2026-04-24 12:20;NICK2;179839;1428;4744021;202786;45-1;1;0;1;sin_mov;;2562;;NO;insumo (bolsa/envío): se revisa aparte
2026-04-24 12:28;PAO2;133893;1429;4790652;362949;BOLSA GENERO;1;0;1;sin_mov;;558;;NO;insumo (bolsa/envío): se revisa aparte
2026-04-24 12:49;NICK1;112781;1434;4812815;362969;BOLSA REAL;1;0;1;sin_mov;;569;;NO;insumo (bolsa/envío): se revisa aparte
2026-04-24 13:03;PAO3;113592;1439;4790652;362953;BOLSA GENERO;1;0;1;sin_mov;;1101;;NO;insumo (bolsa/envío): se revisa aparte
2026-04-24 13:08;NICK2;179842;1440;4812815;362970;BOLSA REAL;1;0;1;sin_mov;;583;;NO;insumo (bolsa/envío): se revisa aparte
2026-04-24 13:08;NICK2;179842;1440;4831140;591335;6010002-008;1;0;1;sin_mov;A;2;2;REPARAR;
2026-04-24 13:59;NICK2;179846;1457;4812815;362970;BOLSA REAL;1;0;1;sin_mov;;583;;NO;insumo (bolsa/envío): se revisa aparte
2026-04-24 13:59;NICK2;179846;1457;4809595;547875;SPACONE004;1;0;1;sin_mov;A;7;7;REPARAR;
2026-04-24 14:09;NICK2;179849;1460;4799510;16800;1014019444;1;0;1;sin_mov;A;43;43;REPARAR;
2026-04-24 14:09;NICK2;179849;1460;4812815;362970;BOLSA REAL;1;0;1;sin_mov;;583;;NO;insumo (bolsa/envío): se revisa aparte
2026-04-24 14:14;PAO4;120359;1461;4819469;130688;301-0232;1;0;1;sin_mov;A;2;2;REPARAR;
2026-04-24 14:16;NICK1;112784;1466;4744021;202779;45-1;1;0;1;sin_mov;;621;;NO;insumo (bolsa/envío): se revisa aparte
2026-04-24 14:22;PAO2;133903;1467;4825232;2963;032-02;1;0;1;sin_mov;A;1;1;REPARAR;
2026-04-24 14:22;PAO2;133903;1467;4774548;179274;388-0100;1;0;1;sin_mov;A;1;1;REPARAR;
2026-04-24 14:22;PAO2;133903;1467;4775434;179603;388-0901;1;0;1;sin_mov;A;1;1;REPARAR;
2026-04-24 14:22;PAO2;133903;1467;4827987;518087;PELOTA TACA TACA;3;0;3;sin_mov;A;57;57;REPARAR;
2026-04-24 14:37;NICK2;179852;1470;4780591;16884;1014098001;1;0;1;sin_mov;A;15;15;REPARAR;
2026-04-24 14:37;NICK2;179852;1470;4758054;327335;9886711;1;0;1;sin_mov;A;1;1;REPARAR;
2026-04-24 14:37;NICK2;179852;1470;4812815;362970;BOLSA REAL;1;0;1;sin_mov;;583;;NO;insumo (bolsa/envío): se revisa aparte
2026-04-24 14:47;PAO3;113598;1473;4790652;362953;BOLSA GENERO;1;0;1;sin_mov;;1101;;NO;insumo (bolsa/envío): se revisa aparte
2026-04-24 14:50;NICK1;112785;1475;4812815;362969;BOLSA REAL;1;0;1;sin_mov;;569;;NO;insumo (bolsa/envío): se revisa aparte
2026-04-24 14:50;NICK2;179855;1476;4816595;553820;SX7677-964;1;0;1;sin_mov;A;6;6;REPARAR;
2026-04-24 14:59;PAO4;120362;1483;4816436;186714;401495L-RDBK;1;0;1;sin_mov;A;1;1;REPARAR;
2026-04-24 14:59;PAO4;120362;1483;4790983;455801;GW6494;1;0;1;sin_mov;A;1;1;REPARAR;
2026-04-24 15:49;PAO3;113600;1497;4790652;362953;BOLSA GENERO;1;0;1;sin_mov;;1101;;NO;insumo (bolsa/envío): se revisa aparte
2026-04-24 16:08;NICK1;112793;1503;4812815;362969;BOLSA REAL;1;0;1;sin_mov;;569;;NO;insumo (bolsa/envío): se revisa aparte
2026-04-24 16:27;PAO2;133910;1510;4790652;362949;BOLSA GENERO;1;0;1;sin_mov;;558;;NO;insumo (bolsa/envío): se revisa aparte
2026-04-24 16:34;PAO3;113604;1514;4805966;95146;2079;1;0;1;sin_mov;A;1;1;NO;después de la venta el saldo llegó a 0 (< faltante 1): contradice, revisar a mano
2026-04-24 16:34;PAO3;113604;1514;4790652;362953;BOLSA GENERO;1;0;1;sin_mov;;1101;;NO;insumo (bolsa/envío): se revisa aparte
2026-04-24 16:52;NICK2;179865;1520;4799509;16862;1014057901;1;0;1;sin_mov;A;15;15;REPARAR;
2026-04-24 17:11;PAO4;120370;1527;4820325;462016;H-126;1;0;1;sin_mov;A;2;2;REPARAR;
2026-04-24 17:15;NICK1;112797;1531;4812815;362969;BOLSA REAL;1;0;1;sin_mov;;569;;NO;insumo (bolsa/envío): se revisa aparte
2026-04-24 17:16;PAO3;113606;1532;4790652;362953;BOLSA GENERO;1;0;1;sin_mov;;1101;;NO;insumo (bolsa/envío): se revisa aparte
2026-04-24 17:55;NICK2;179871;1542;4792230;12216;100033713;1;0;1;sin_mov;A;2;2;REPARAR;
2026-04-24 17:55;NICK2;179871;1542;4770706;16869;1014067901;1;0;1;sin_mov;A;1;1;NO;después de la venta el saldo llegó a 1 (< faltante 2): contradice, revisar a mano
2026-04-24 17:55;NICK2;179871;1542;4818635;490033;JD6021;1;0;1;sin_mov;A;13;13;REPARAR;
2026-04-24 17:56;PAO3;113609;1544;4790652;362953;BOLSA GENERO;1;0;1;sin_mov;;1101;;NO;insumo (bolsa/envío): se revisa aparte
2026-04-24 17:58;NICK1;112800;1545;4812815;362969;BOLSA REAL;1;0;1;sin_mov;;569;;NO;insumo (bolsa/envío): se revisa aparte
2026-04-24 18:02;PAO4;120373;1550;4813603;295234;820-02;1;0;1;sin_mov;A;3;3;REPARAR;
2026-04-24 18:05;NICK2;179873;1551;4812815;362970;BOLSA REAL;1;0;1;sin_mov;;583;;NO;insumo (bolsa/envío): se revisa aparte
2026-04-24 18:09;NICK2;179874;1552;4777665;476932;IA2113;1;0;1;sin_mov;A;5;5;REPARAR;
2026-04-24 18:13;NICK2;179877;1556;4812815;362970;BOLSA REAL;1;0;1;sin_mov;;583;;NO;insumo (bolsa/envío): se revisa aparte
2026-04-24 18:13;NICK2;179877;1556;4807618;486134;IS5399;1;0;1;sin_mov;A;2;2;REPARAR;
2026-04-24 18:23;PAO4;120374;1561;4790097;214353;5-CARTERA-1;1;0;1;sin_mov;A;2;2;REPARAR;
2026-04-24 18:23;PAO4;120374;1561;4790101;214362;5-CARTERA-3;1;0;1;sin_mov;A;3;3;REPARAR;
2026-04-24 18:34;PAO4;120375;1565;4806095;541150;S402A0767-B;1;0;1;sin_mov;A;1;1;REPARAR;
2026-04-24 18:43;NICK2;179884;1570;4809087;519233;PH832;1;0;1;sin_mov;A;70;70;REPARAR;
2026-04-24 18:46;NICK1;112802;1572;4812815;362969;BOLSA REAL;1;0;1;sin_mov;;569;;NO;insumo (bolsa/envío): se revisa aparte
2026-04-24 19:10;NICK2;179888;1577;4770702;16772;1014019244;1;0;1;sin_mov;A;27;27;REPARAR;
2026-04-24 19:10;NICK2;179888;1577;4812815;362970;BOLSA REAL;1;0;1;sin_mov;;583;;NO;insumo (bolsa/envío): se revisa aparte
2026-04-24 19:31;PAO4;120377;1582;4793440;117742;24JS01;1;0;1;sin_mov;A;1;1;REPARAR;
2026-04-24 19:57;NICK1;112806;1589;4812815;362969;BOLSA REAL;1;0;1;sin_mov;;569;;NO;insumo (bolsa/envío): se revisa aparte
2026-04-24 19:57;NICK1;112806;1589;4771249;403599;DQ5930-010;1;0;1;sin_mov;A;3;3;REPARAR;
2026-04-25 11:25;PAO2;133933;1614;4790652;362949;BOLSA GENERO;1;0;1;sin_mov;;558;;NO;insumo (bolsa/envío): se revisa aparte
2026-04-25 11:31;PAO4;120383;1618;4826038;440731;G654F3;1;0;1;sin_mov;A;1;1;REPARAR;
2026-04-25 11:36;PAO2;133936;1624;4790652;362949;BOLSA GENERO;1;0;1;sin_mov;;558;;NO;insumo (bolsa/envío): se revisa aparte
2026-04-25 12:16;NICK2;179906;1634;4812815;362970;BOLSA REAL;1;0;1;sin_mov;;583;;NO;insumo (bolsa/envío): se revisa aparte
2026-04-25 12:16;NICK2;179906;1634;4728828;553948;SY208-13;1;0;1;sin_mov;A;2;2;REPARAR;
2026-04-25 12:28;NICK1;112811;1637;4812815;362969;BOLSA REAL;1;0;1;sin_mov;;569;;NO;insumo (bolsa/envío): se revisa aparte
2026-04-25 13:02;PAO2;133944;1655;4790652;362949;BOLSA GENERO;1;0;1;sin_mov;;558;;NO;insumo (bolsa/envío): se revisa aparte
2026-04-25 13:02;PAO2;133944;1655;4827987;518087;PELOTA TACA TACA;2;0;2;sin_mov;A;57;57;REPARAR;
2026-04-25 13:09;PAO2;133945;1661;4790652;362949;BOLSA GENERO;1;0;1;sin_mov;;558;;NO;insumo (bolsa/envío): se revisa aparte
2026-04-25 13:23;NICK2;179916;1664;4812815;362970;BOLSA REAL;1;0;1;sin_mov;;583;;NO;insumo (bolsa/envío): se revisa aparte
2026-04-25 13:23;PAO4;120386;1665;4812706;185730;400365 01;1;0;1;sin_mov;A;1;1;REPARAR;
2026-04-25 13:35;PAO4;120387;1671;4815447;522763;PI-14323100000006;1;0;1;sin_mov;A;2;2;REPARAR;
2026-04-25 13:39;NICK1;112817;1673;4812815;362969;BOLSA REAL;1;0;1;sin_mov;;569;;NO;insumo (bolsa/envío): se revisa aparte
2026-04-25 13:39;NICK1;112817;1673;4821172;507530;MEDIA POLYESTER ECO AD;1;0;1;sin_mov;A;26;26;REPARAR;
2026-04-25 13:45;PAO4;120388;1676;4819570;180558;392290 59;1;0;1;sin_mov;A;1;1;REPARAR;
2026-04-25 14:07;PAO4;120390;1684;4828597;28083;118110-BBK;1;0;1;sin_mov;A;1;1;REPARAR;
2026-04-25 14:14;NICK2;179923;1688;4812815;362970;BOLSA REAL;1;0;1;sin_mov;;583;;NO;insumo (bolsa/envío): se revisa aparte
2026-04-25 14:25;PAO4;120392;1693;4820221;159466;338010372;1;0;1;sin_mov;A;1;1;REPARAR;
2026-04-25 14:25;PAO4;120392;1693;4815477;523055;PI-14505900000003;1;0;1;sin_mov;A;3;3;REPARAR;
2026-04-25 14:48;PAO4;120394;1698;4812542;491378;JI6953;1;0;1;sin_mov;A;1;1;REPARAR;
2026-04-25 15:00;NICK1;112820;1705;4818728;309061;880355-02;1;0;1;sin_mov;A;1;1;REPARAR;
2026-04-25 15:00;NICK1;112820;1705;4812815;362969;BOLSA REAL;1;0;1;sin_mov;;569;;NO;insumo (bolsa/envío): se revisa aparte
2026-04-25 15:06;NICK2;179929;1708;4779551;576693;WILWRZ535201;4;0;4;sin_mov;A;4;4;REPARAR;
2026-04-25 15:06;NICK2;179929;1708;4831842;596859;5015504068871;2;0;2;sin_mov;A;1;1;NO;después de la venta el saldo llegó a 1 (< faltante 2): contradice, revisar a mano
2026-04-25 15:11;NICK2;179930;1711;4812815;362970;BOLSA REAL;1;0;1;sin_mov;;583;;NO;insumo (bolsa/envío): se revisa aparte
2026-04-25 15:12;PAO3;113626;1712;4790652;362953;BOLSA GENERO;1;0;1;sin_mov;;1101;;NO;insumo (bolsa/envío): se revisa aparte
2026-04-25 15:22;NICK2;179933;1715;4744021;202786;45-1;1;0;1;sin_mov;;2562;;NO;insumo (bolsa/envío): se revisa aparte
2026-04-25 15:22;NICK2;179933;1715;4780472;315449;9.65.02;1;0;1;sin_mov;A;2;2;REPARAR;
2026-04-25 15:22;PAO3;113627;1716;4812274;185568;400139L-BKRD;1;0;1;sin_mov;A;1;1;REPARAR;
2026-04-25 15:22;PAO3;113627;1716;4812182;185680;400149L-BKGY;1;0;1;sin_mov;A;1;1;REPARAR;
2026-04-25 15:22;PAO3;113627;1716;4744021;202787;45-1;1;0;1;sin_mov;;1180;;NO;insumo (bolsa/envío): se revisa aparte
2026-04-25 15:26;NICK1;112822;1720;4827948;2678;026275 01;1;0;1;sin_mov;A;3;3;REPARAR;
2026-04-25 15:26;NICK1;112822;1720;4812815;362969;BOLSA REAL;1;0;1;sin_mov;;569;;NO;insumo (bolsa/envío): se revisa aparte
2026-04-25 15:32;PAO2;133958;1725;4827570;308654;872-6640;1;0;1;sin_mov;A;1;1;REPARAR;
2026-04-25 15:32;PAO2;133958;1725;4790652;362949;BOLSA GENERO;1;0;1;sin_mov;;558;;NO;insumo (bolsa/envío): se revisa aparte
2026-04-25 15:33;NICK2;179936;1727;4812815;362970;BOLSA REAL;1;0;1;sin_mov;;583;;NO;insumo (bolsa/envío): se revisa aparte
2026-04-25 15:51;NICK2;179938;1733;4797481;405120;DV4337-700;1;0;1;sin_mov;A;1;1;REPARAR;
2026-04-25 15:51;NICK2;179938;1733;4828495;427353;FQ8331-001;1;0;1;sin_mov;A;1;1;REPARAR;
2026-04-25 16:29;PAO4;120395;1739;4781142;279620;73690-BBK;1;0;1;sin_mov;A;2;2;REPARAR;
2026-04-25 16:37;NICK1;112829;1741;4812815;362969;BOLSA REAL;1;0;1;sin_mov;;569;;NO;insumo (bolsa/envío): se revisa aparte
2026-04-25 16:47;NICK2;179942;1745;4812815;362970;BOLSA REAL;1;0;1;sin_mov;;583;;NO;insumo (bolsa/envío): se revisa aparte
2026-04-25 16:51;PAO3;113629;1747;4790652;362953;BOLSA GENERO;1;0;1;sin_mov;;1101;;NO;insumo (bolsa/envío): se revisa aparte
2026-04-25 17:00;NICK2;179943;1749;4812815;362970;BOLSA REAL;1;0;1;sin_mov;;583;;NO;insumo (bolsa/envío): se revisa aparte
2026-04-25 17:18;PAO2;133968;1763;4790652;362949;BOLSA GENERO;1;0;1;sin_mov;;558;;NO;insumo (bolsa/envío): se revisa aparte
2026-04-25 17:34;PAO3;113632;1772;4790652;362953;BOLSA GENERO;1;0;1;sin_mov;;1101;;NO;insumo (bolsa/envío): se revisa aparte
2026-04-25 17:52;PAO3;113633;1776;4811834;124911;275-5813;1;0;1;sin_mov;A;3;3;REPARAR;
2026-04-25 17:52;PAO3;113633;1776;4744021;202787;45-1;1;0;1;sin_mov;;1180;;NO;insumo (bolsa/envío): se revisa aparte
2026-04-25 19:26;PAO3;113636;1789;4790652;362953;BOLSA GENERO;1;0;1;sin_mov;;1101;;NO;insumo (bolsa/envío): se revisa aparte
2026-04-26 13:39;NICK2;179969;1801;4812815;362970;BOLSA REAL;1;0;1;sin_mov;;583;;NO;insumo (bolsa/envío): se revisa aparte
2026-04-26 14:22;NICK2;179975;1807;4812815;362970;BOLSA REAL;1;0;1;sin_mov;;583;;NO;insumo (bolsa/envío): se revisa aparte
2026-04-26 14:22;NICK2;179975;1807;4780429;519217;PH830;1;0;1;sin_mov;A;53;53;REPARAR;
2026-04-26 14:58;NICK2;179977;1809;4812815;362970;BOLSA REAL;1;0;1;sin_mov;;583;;NO;insumo (bolsa/envío): se revisa aparte
2026-04-26 17:01;NICK2;179983;1815;4797078;16785;1014019320;1;0;1;sin_mov;A;49;49;REPARAR;
2026-04-26 17:01;NICK2;179983;1815;4780576;16789;1014019401;1;0;1;sin_mov;A;121;121;REPARAR;
2026-04-26 17:01;NICK2;179983;1815;4812815;362970;BOLSA REAL;1;0;1;sin_mov;;583;;NO;insumo (bolsa/envío): se revisa aparte
2026-04-26 17:01;NICK2;179983;1815;4819190;427215;FQ8291-800;1;0;1;sin_mov;A;1;1;REPARAR;
2026-04-26 17:01;NICK2;179983;1815;4789282;548398;SPJSSS24055;1;0;1;sin_mov;A;29;29;REPARAR;
2026-04-27 10:22;NICK2;179985;1817;4810308;216540;5.00.33;1;0;1;sin_mov;A;3;3;REPARAR;
2026-04-27 11:17;PAO3;113640;1828;4790652;362953;BOLSA GENERO;1;0;1;sin_mov;;1101;;NO;insumo (bolsa/envío): se revisa aparte
2026-04-27 11:32;NICK2;179990;1835;4812815;362970;BOLSA REAL;1;0;1;sin_mov;;583;;NO;insumo (bolsa/envío): se revisa aparte
2026-04-27 11:36;PAO2;133982;1838;4790652;362949;BOLSA GENERO;1;0;1;sin_mov;;558;;NO;insumo (bolsa/envío): se revisa aparte
2026-04-27 11:58;PAO3;113646;1844;4790546;415513;ENVIOS;1;0;1;sin_mov;;862;;NO;insumo (bolsa/envío): se revisa aparte
2026-04-27 12:36;NICK1;112837;1856;4790546;415508;ENVIOS;1;0;1;sin_mov;;770;;NO;insumo (bolsa/envío): se revisa aparte
2026-04-27 12:46;NICK2;179991;1858;4812815;362970;BOLSA REAL;1;0;1;sin_mov;;583;;NO;insumo (bolsa/envío): se revisa aparte
2026-04-27 12:46;NICK2;179991;1858;4827966;507032;MANGAS VOLLEY;1;0;1;sin_mov;A;38;38;REPARAR;
2026-04-27 13:02;NICK2;179994;1863;4790546;415509;ENVIOS;1;0;1;sin_mov;;558;;NO;insumo (bolsa/envío): se revisa aparte
2026-04-27 13:04;NICK2;179997;1866;4790546;415509;ENVIOS;1;0;1;sin_mov;;558;;NO;insumo (bolsa/envío): se revisa aparte
2026-04-27 13:06;NICK2;179999;1868;4790546;415509;ENVIOS;1;0;1;sin_mov;;558;;NO;insumo (bolsa/envío): se revisa aparte
2026-04-27 13:10;NICK2;180001;1870;4790546;415509;ENVIOS;1;0;1;sin_mov;;558;;NO;insumo (bolsa/envío): se revisa aparte
2026-04-27 13:22;NICK2;180003;1874;4728833;553922;SY009-70;1;0;1;sin_mov;A;1;1;REPARAR;
2026-04-27 13:30;NICK2;180006;1879;4812815;362970;BOLSA REAL;1;0;1;sin_mov;;583;;NO;insumo (bolsa/envío): se revisa aparte
2026-04-27 14:15;NICK2;180009;1892;4744021;202786;45-1;1;0;1;sin_mov;;2562;;NO;insumo (bolsa/envío): se revisa aparte
2026-04-27 14:15;NICK2;180009;1892;4818012;384610;COPA 203/A;1;0;1;sin_mov;A;1;1;REPARAR;
2026-04-27 15:10;PAO4;120408;1904;4811430;102912;216333-BBK;1;0;1;sin_mov;A;1;1;REPARAR;
2026-04-27 15:27;PAO4;120409;1909;4744021;202783;45-1;1;0;1;sin_mov;;1285;;NO;insumo (bolsa/envío): se revisa aparte
2026-04-27 15:47;NICK2;180016;1915;4826724;15867;100237345;1;0;1;sin_mov;A;1;1;REPARAR;
2026-04-27 16:05;PAO2;133992;1918;4790652;362949;BOLSA GENERO;1;0;1;sin_mov;;558;;NO;insumo (bolsa/envío): se revisa aparte
2026-04-27 16:07;PAO4;120411;1919;4818375;148955;3054-02/1;1;0;1;sin_mov;A;1;1;REPARAR;
2026-04-27 16:30;NICK1;112840;1924;4744021;202779;45-1;1;0;1;sin_mov;;621;;NO;insumo (bolsa/envío): se revisa aparte
2026-04-27 16:37;NICK1;112841;1925;4812815;362969;BOLSA REAL;1;0;1;sin_mov;;569;;NO;insumo (bolsa/envío): se revisa aparte
2026-04-27 16:48;PAO2;133994;1927;4790652;362949;BOLSA GENERO;1;0;1;sin_mov;;558;;NO;insumo (bolsa/envío): se revisa aparte
2026-04-27 17:02;NICK2;180018;1930;4818995;507029;MANGAS VOLLEY;1;0;1;sin_mov;A;33;33;REPARAR;
2026-04-27 17:02;NICK2;180018;1930;4823478;518088;PELOTA TACA-TACA;3;0;3;sin_mov;A;84;84;REPARAR;
2026-04-27 17:08;NICK2;180021;1934;4812815;362970;BOLSA REAL;1;0;1;sin_mov;;583;;NO;insumo (bolsa/envío): se revisa aparte
2026-04-27 17:15;PAO4;120415;1938;4744021;202783;45-1;1;0;1;sin_mov;;1285;;NO;insumo (bolsa/envío): se revisa aparte
2026-04-27 17:15;PAO4;120415;1938;4814257;397445;DCA91102-90;1;0;1;sin_mov;A;1;1;REPARAR;
2026-04-27 18:01;PAO4;120416;1947;4806962;151256;310385L-PUR;1;0;1;sin_mov;A;1;1;REPARAR;
2026-04-27 18:23;PAO2;133998;1954;4790652;362949;BOLSA GENERO;1;0;1;sin_mov;;558;;NO;insumo (bolsa/envío): se revisa aparte
2026-04-27 19:03;NICK2;180026;1964;4812540;490470;JG5786;1;0;1;sin_mov;A;8;8;REPARAR;
2026-04-27 19:03;NICK2;180027;1965;4805572;53609;1382640-001;1;0;1;sin_mov;A;3;3;REPARAR;
2026-04-27 19:03;NICK2;180027;1965;4728545;506509;MA29873;1;0;1;sin_mov;A;1;1;REPARAR;
2026-04-27 19:40;PAO4;120422;1972;4804427;31983;12-HOT-70;1;0;1;sin_mov;A;3;3;REPARAR;
2026-04-28 10:37;PAO3;113670;1981;4790546;415513;ENVIOS;1;0;1;sin_mov;;862;;NO;insumo (bolsa/envío): se revisa aparte
2026-04-28 11:09;NICK2;180032;1989;4812815;362970;BOLSA REAL;1;0;1;sin_mov;;583;;NO;insumo (bolsa/envío): se revisa aparte
2026-04-28 11:22;NICK1;112848;1993;4812815;362969;BOLSA REAL;1;0;1;sin_mov;;569;;NO;insumo (bolsa/envío): se revisa aparte
2026-04-28 11:22;NICK1;112848;1993;4827053;445195;GORRO CDA;1;0;1;sin_mov;A;7;7;REPARAR;
2026-04-28 11:25;PAO4;120427;1996;4796084;208982;4777.475.9569-15745;1;0;1;sin_mov;A;2;2;REPARAR;
2026-04-28 11:28;PAO4;120428;1998;4805082;192652;404015N-RDBK;1;0;1;sin_mov;A;2;2;REPARAR;
2026-04-28 11:39;NICK1;112851;2001;4828233;15712;100233092;1;0;1;sin_mov;A;1;1;REPARAR;
2026-04-28 11:39;NICK1;112851;2001;4744021;202779;45-1;1;0;1;sin_mov;;621;;NO;insumo (bolsa/envío): se revisa aparte
2026-04-28 11:44;NICK1;112852;2003;4812815;362969;BOLSA REAL;1;0;1;sin_mov;;569;;NO;insumo (bolsa/envío): se revisa aparte
2026-04-28 11:55;NICK2;180039;2011;4790546;415509;ENVIOS;1;0;1;sin_mov;;558;;NO;insumo (bolsa/envío): se revisa aparte
2026-04-28 12:38;PAO4;120430;2019;4782162;520084;PI-11010200001104;1;0;1;sin_mov;A;1;1;REPARAR;
2026-04-28 12:51;PAO2;134010;2022;4790652;362949;BOLSA GENERO;1;0;1;sin_mov;;558;;NO;insumo (bolsa/envío): se revisa aparte
2026-04-28 12:53;PAO4;120431;2023;4754073;81180;18320-5C-40;1;0;1;sin_mov;A;1;1;REPARAR;
2026-04-28 14:10;PAO2;134016;2041;4818451;372272;CALCETA PRECORTADA AD;1;0;1;sin_mov;A;18;18;REPARAR;
2026-04-28 14:10;PAO2;134016;2041;4817244;530619;PPS-01;1;0;1;sin_mov;A;1;1;REPARAR;
2026-04-28 15:41;NICK2;180052;2059;4812815;362970;BOLSA REAL;1;0;1;sin_mov;;583;;NO;insumo (bolsa/envío): se revisa aparte
2026-04-28 15:49;NICK2;180054;2062;4700355;254192;6013E2HOGAR;1;0;1;sin_mov;A;12;12;REPARAR;
2026-04-28 15:49;NICK2;180054;2062;4812815;362970;BOLSA REAL;1;0;1;sin_mov;;583;;NO;insumo (bolsa/envío): se revisa aparte
2026-04-28 15:49;NICK2;180054;2062;4816595;553820;SX7677-964;1;0;1;sin_mov;A;6;6;REPARAR;
2026-04-28 16:25;NICK2;180058;2074;4777957;16824;1014027944;1;0;1;sin_mov;A;25;25;REPARAR;
2026-04-28 16:25;NICK2;180058;2074;4812815;362970;BOLSA REAL;1;0;1;sin_mov;;583;;NO;insumo (bolsa/envío): se revisa aparte
2026-04-28 16:58;NICK2;180061;2085;4828494;427352;FQ8331-001;1;0;1;sin_mov;A;1;1;REPARAR;
2026-04-28 17:15;NICK2;180064;2089;4784386;1214;009283624231;1;0;1;sin_mov;A;2;2;NO;después de la venta el saldo llegó a 2 (< faltante 4): contradice, revisar a mano
2026-04-28 17:15;NICK2;180064;2089;4744021;202786;45-1;1;0;1;sin_mov;;2562;;NO;insumo (bolsa/envío): se revisa aparte
2026-04-28 17:45;NICK1;112863;2094;4812815;362969;BOLSA REAL;1;0;1;sin_mov;;569;;NO;insumo (bolsa/envío): se revisa aparte
2026-04-28 17:46;PAO4;120443;2096;4823748;276999;7190.104.21765-15745;1;0;1;sin_mov;A;2;2;REPARAR;
2026-04-28 17:50;PAO4;120444;2100;4820701;423454;FC1412-90CH;1;0;1;sin_mov;A;1;1;REPARAR;
2026-04-28 17:50;PAO3;113683;2101;4790652;362953;BOLSA GENERO;1;0;1;sin_mov;;1101;;NO;insumo (bolsa/envío): se revisa aparte
2026-04-28 18:07;PAO3;113684;2103;4790652;362953;BOLSA GENERO;1;0;1;sin_mov;;1101;;NO;insumo (bolsa/envío): se revisa aparte
2026-04-28 18:27;PAO4;120445;2107;4803836;521389;PI-130196000000167;1;0;1;sin_mov;A;1;1;REPARAR;
2026-04-28 18:34;NICK2;180070;2109;4812815;362970;BOLSA REAL;1;0;1;sin_mov;;583;;NO;insumo (bolsa/envío): se revisa aparte
2026-04-28 18:47;PAO2;134030;2115;4790652;362949;BOLSA GENERO;1;0;1;sin_mov;;558;;NO;insumo (bolsa/envío): se revisa aparte
2026-04-28 18:48;NICK2;180072;2116;4812815;362970;BOLSA REAL;1;0;1;sin_mov;;583;;NO;insumo (bolsa/envío): se revisa aparte
2026-04-28 18:58;PAO4;120446;2118;4805245;275683;7123.147.28289-79854;1;0;1;sin_mov;A;3;3;REPARAR;
2026-04-28 19:00;PAO4;120447;2120;4816994;223123;520.75.12812-3;1;0;1;sin_mov;A;1;1;REPARAR;
2026-04-28 19:01;NICK1;112867;2121;4812815;362969;BOLSA REAL;1;0;1;sin_mov;;569;;NO;insumo (bolsa/envío): se revisa aparte
2026-04-28 19:30;PAO4;120449;2126;4819976;250796;5Y13-16;1;0;1;sin_mov;A;1;1;REPARAR;
2026-04-28 19:30;PAO4;120449;2126;4819988;250816;5Y13-1A;1;0;1;sin_mov;A;2;2;REPARAR;
2026-04-29 10:50;PAO4;120453;2139;4813666;271403;677-16;1;0;1;sin_mov;A;1;1;REPARAR;
2026-04-29 11:10;PAO2;134033;2145;4790652;362949;BOLSA GENERO;1;0;1;sin_mov;;558;;NO;insumo (bolsa/envío): se revisa aparte
2026-04-29 11:24;PAO3;113691;2149;4744021;202787;45-1;1;0;1;sin_mov;;1180;;NO;insumo (bolsa/envío): se revisa aparte
2026-04-29 11:29;PAO3;113692;2150;4790652;362953;BOLSA GENERO;1;0;1;sin_mov;;1101;;NO;insumo (bolsa/envío): se revisa aparte
2026-04-29 12:17;PAO3;113694;2161;4790652;362953;BOLSA GENERO;1;0;1;sin_mov;;1101;;NO;insumo (bolsa/envío): se revisa aparte
2026-04-29 12:19;PAO2;134036;2164;4790652;362949;BOLSA GENERO;1;0;1;sin_mov;;558;;NO;insumo (bolsa/envío): se revisa aparte
2026-04-29 12:25;NICK2;180082;2165;4797990;16876;1014077901;1;0;1;sin_mov;A;4;4;REPARAR;
2026-04-29 12:25;NICK2;180082;2165;4812815;362970;BOLSA REAL;1;0;1;sin_mov;;583;;NO;insumo (bolsa/envío): se revisa aparte
2026-04-29 12:26;NICK1;112872;2167;4812815;362969;BOLSA REAL;1;0;1;sin_mov;;569;;NO;insumo (bolsa/envío): se revisa aparte
2026-04-29 12:29;PAO4;120459;2168;4815355;521002;PI-11712600000002;1;0;1;sin_mov;A;1;1;REPARAR;
2026-04-29 13:13;PAO2;134038;2179;4790652;362949;BOLSA GENERO;1;0;1;sin_mov;;558;;NO;insumo (bolsa/envío): se revisa aparte
2026-04-29 13:19;PAO2;134040;2185;4810630;490266;JE8342;1;0;1;sin_mov;A;19;19;REPARAR;
2026-04-29 14:02;NICK1;112876;2200;4805018;146114;303717L-BKMT;1;0;1;sin_mov;A;0;0;NO;después de la venta el saldo llegó a 0 (< faltante 1): contradice, revisar a mano
2026-04-29 14:02;NICK1;112876;2200;4744021;202779;45-1;1;0;1;sin_mov;;621;;NO;insumo (bolsa/envío): se revisa aparte
2026-04-29 14:43;NICK1;112878;2209;4781139;279602;73690-BBK;1;0;1;sin_mov;A;1;1;REPARAR;
2026-04-29 14:51;PAO4;120462;2210;4819995;250891;5Y23-1;1;0;1;sin_mov;A;1;1;REPARAR;
2026-04-29 15:37;NICK2;180103;2220;4700390;285577;7807998005210;1;0;1;sin_mov;A;5;5;REPARAR;
2026-04-29 15:37;NICK2;180103;2220;4812815;362970;BOLSA REAL;1;0;1;sin_mov;;583;;NO;insumo (bolsa/envío): se revisa aparte
2026-04-29 15:37;NICK2;180103;2220;4409805;467543;HG01;2;0;2;sin_mov;A;29;29;REPARAR;
2026-04-29 15:42;NICK1;112883;2223;4810475;81739;185110-BBK;1;0;1;sin_mov;A;1;1;REPARAR;
2026-04-29 15:42;NICK1;112883;2223;4744021;202779;45-1;1;0;1;sin_mov;;621;;NO;insumo (bolsa/envío): se revisa aparte
2026-04-29 16:03;NICK2;180107;2230;4780578;16796;1014019413;2;0;2;sin_mov;A;28;28;REPARAR;
2026-04-29 16:03;NICK2;180107;2230;4812815;362970;BOLSA REAL;1;0;1;sin_mov;;583;;NO;insumo (bolsa/envío): se revisa aparte
2026-04-29 16:03;NICK2;180107;2230;4821971;531044;PRIMERA CAPA JUV;1;0;1;sin_mov;A;1;1;REPARAR;
2026-04-29 16:06;NICK2;180108;2231;4812815;362970;BOLSA REAL;1;0;1;sin_mov;;583;;NO;insumo (bolsa/envío): se revisa aparte
2026-04-29 16:31;NICK2;180110;2236;4812815;362970;BOLSA REAL;1;0;1;sin_mov;;583;;NO;insumo (bolsa/envío): se revisa aparte
2026-04-29 16:31;NICK2;180110;2236;4797515;425239;FJ2603-100;1;0;1;sin_mov;A;1;1;REPARAR;
2026-04-29 16:38;PAO2;134045;2238;4790652;362949;BOLSA GENERO;1;0;1;sin_mov;;558;;NO;insumo (bolsa/envío): se revisa aparte
2026-04-29 16:41;PAO2;134046;2240;4814269;366591;BSDX1103-50;1;0;1;sin_mov;A;4;4;REPARAR;
2026-04-29 16:47;PAO4;120465;2241;4816079;250005;5T23-5;1;0;1;sin_mov;A;1;1;REPARAR;
2026-04-29 17:27;NICK2;180116;2252;4734795;226894;5211401004107;1;0;1;sin_mov;A;2;2;REPARAR;
2026-04-29 17:39;NICK1;112889;2255;4812815;362969;BOLSA REAL;1;0;1;sin_mov;;569;;NO;insumo (bolsa/envío): se revisa aparte
2026-04-29 17:39;NICK1;112889;2255;4816596;553814;SX7677-964;1;0;1;sin_mov;A;3;3;REPARAR;
2026-04-29 18:08;NICK2;180119;2259;4775481;16802;1014027901;2;0;2;sin_mov;C;5;4;NO;el kardex no explica el stock (clase C: stock 5, saldo 4): revisar a mano
2026-04-29 18:08;NICK2;180119;2259;4812815;362970;BOLSA REAL;1;0;1;sin_mov;;583;;NO;insumo (bolsa/envío): se revisa aparte
2026-04-29 18:12;PAO4;120468;2261;4825686;263890;6472.204.26721-15745;1;0;1;sin_mov;A;2;2;REPARAR;
2026-04-29 18:14;NICK1;112890;2262;4744021;202779;45-1;1;0;1;sin_mov;;621;;NO;insumo (bolsa/envío): se revisa aparte
2026-04-29 18:14;NICK1;112890;2262;4819342;467215;HF6280-001;1;0;1;sin_mov;A;1;1;REPARAR;
2026-04-29 18:18;NICK1;112891;2264;4812815;362969;BOLSA REAL;1;0;1;sin_mov;;569;;NO;insumo (bolsa/envío): se revisa aparte
2026-04-29 18:22;PAO2;134049;2266;4790652;362949;BOLSA GENERO;1;0;1;sin_mov;;558;;NO;insumo (bolsa/envío): se revisa aparte
2026-04-29 18:28;NICK2;180124;2268;4780576;16789;1014019401;1;0;1;sin_mov;A;121;121;REPARAR;
2026-04-29 18:31;PAO4;120469;2269;4744021;202783;45-1;1;0;1;sin_mov;;1285;;NO;insumo (bolsa/envío): se revisa aparte
2026-04-29 18:36;NICK1;112892;2271;4812815;362969;BOLSA REAL;1;0;1;sin_mov;;569;;NO;insumo (bolsa/envío): se revisa aparte
2026-04-29 19:42;PAO3;113706;2278;4790652;362953;BOLSA GENERO;1;0;1;sin_mov;;1101;;NO;insumo (bolsa/envío): se revisa aparte
2026-04-29 19:42;PAO3;113706;2278;4788246;450793;GR-RI-11579;1;0;1;sin_mov;A;2;2;REPARAR;
2026-04-30 10:04;PAO3;113707;2280;4718377;553568;SX7670-901;1;0;1;sin_mov;A;1;1;REPARAR;
2026-04-30 11:03;NICK1;112896;2302;4812815;362969;BOLSA REAL;1;0;1;sin_mov;;569;;NO;insumo (bolsa/envío): se revisa aparte
2026-04-30 11:09;NICK1;112897;2306;4812815;362969;BOLSA REAL;1;0;1;sin_mov;;569;;NO;insumo (bolsa/envío): se revisa aparte
2026-04-30 11:30;NICK1;112898;2310;4812815;362969;BOLSA REAL;1;0;1;sin_mov;;569;;NO;insumo (bolsa/envío): se revisa aparte
2026-04-30 11:41;PAO2;134059;2312;4818451;372272;CALCETA PRECORTADA AD;1;0;1;sin_mov;A;18;18;REPARAR;
2026-04-30 11:41;PAO2;134059;2312;4818802;546604;SG3;1;0;1;sin_mov;A;5;5;REPARAR;
2026-04-30 11:43;PAO3;113712;2313;4790652;362953;BOLSA GENERO;1;0;1;sin_mov;;1101;;NO;insumo (bolsa/envío): se revisa aparte
2026-04-30 11:44;NICK1;112899;2316;4812815;362969;BOLSA REAL;1;0;1;sin_mov;;569;;NO;insumo (bolsa/envío): se revisa aparte
2026-04-30 11:50;NICK2;180135;2318;4812815;362970;BOLSA REAL;1;0;1;sin_mov;;583;;NO;insumo (bolsa/envío): se revisa aparte
2026-04-30 11:50;NICK2;180135;2318;4817967;519228;PH831;1;0;1;sin_mov;A;19;19;REPARAR;
2026-04-30 11:50;NICK2;180135;2318;4817969;519229;PH831;1;0;1;sin_mov;A;31;31;REPARAR;
2026-04-30 12:15;PAO3;113715;2343;4790652;362953;BOLSA GENERO;1;0;1;sin_mov;;1101;;NO;insumo (bolsa/envío): se revisa aparte
2026-04-30 12:41;NICK1;112910;2351;4812815;362969;BOLSA REAL;1;0;1;sin_mov;;569;;NO;insumo (bolsa/envío): se revisa aparte
2026-04-30 12:41;NICK1;112910;2351;4827302;553390;SX7664-964;1;0;1;sin_mov;A;15;15;REPARAR;
2026-04-30 12:43;NICK2;180140;2353;4820414;394681;DA007/A;1;0;1;sin_mov;A;1;1;REPARAR;
2026-04-30 12:47;PAO2;134070;2355;4790652;362949;BOLSA GENERO;1;0;1;sin_mov;;558;;NO;insumo (bolsa/envío): se revisa aparte
2026-04-30 12:53;NICK2;180141;2358;4812815;362970;BOLSA REAL;1;0;1;sin_mov;;583;;NO;insumo (bolsa/envío): se revisa aparte
2026-04-30 12:53;PAO4;120479;2359;4790773;194745;405626L-BBK;1;0;1;sin_mov;A;1;1;REPARAR;
2026-04-30 12:55;PAO2;134071;2360;4789323;89985;2.80.6;1;0;1;sin_mov;A;1;1;REPARAR;
2026-04-30 12:55;PAO2;134071;2360;4826483;501223;M.50.10;1;0;1;sin_mov;A;4;4;REPARAR;
2026-04-30 12:57;PAO4;120480;2361;4790765;194855;405627L-BBK;1;0;1;sin_mov;A;1;1;REPARAR;
2026-04-30 13:08;PAO2;134072;2365;4790652;362949;BOLSA GENERO;1;0;1;sin_mov;;558;;NO;insumo (bolsa/envío): se revisa aparte
2026-04-30 13:10;NICK2;180144;2367;4812815;362970;BOLSA REAL;1;0;1;sin_mov;;583;;NO;insumo (bolsa/envío): se revisa aparte
2026-04-30 13:10;NICK2;180144;2367;4802965;486720;IX5098;1;0;1;sin_mov;A;1;1;REPARAR;
2026-04-30 13:19;NICK2;180146;2371;4790546;415509;ENVIOS;1;0;1;sin_mov;;558;;NO;insumo (bolsa/envío): se revisa aparte
2026-04-30 13:21;PAO4;120482;2374;4773381;110496;23-72;1;0;1;sin_mov;A;1;1;REPARAR;
2026-04-30 13:24;NICK1;112911;2375;4812815;362969;BOLSA REAL;1;0;1;sin_mov;;569;;NO;insumo (bolsa/envío): se revisa aparte
2026-04-30 13:25;PAO2;134075;2376;4828144;557323;TO202205;2;0;2;sin_mov;A;50;50;REPARAR;
2026-04-30 13:25;PAO2;134075;2376;4828141;557335;TO520966;1;0;1;sin_mov;;25;;NO;insumo (bolsa/envío): se revisa aparte
2026-04-30 13:48;PAO3;113720;2381;4790652;362953;BOLSA GENERO;1;0;1;sin_mov;;1101;;NO;insumo (bolsa/envío): se revisa aparte
2026-04-30 13:58;NICK1;112912;2383;4812815;362969;BOLSA REAL;1;0;1;sin_mov;;569;;NO;insumo (bolsa/envío): se revisa aparte
2026-04-30 13:58;NICK1;112912;2383;4754474;409160;EE1152;1;0;1;sin_mov;A;8;8;REPARAR;
2026-04-30 14:10;PAO2;134076;2386;4790652;362949;BOLSA GENERO;1;0;1;sin_mov;;558;;NO;insumo (bolsa/envío): se revisa aparte
2026-04-30 14:16;PAO4;120487;2391;4405645;215337;5-FASHION-71;1;0;1;sin_mov;A;4;4;REPARAR;
2026-04-30 14:17;PAO3;113723;2392;4790652;362953;BOLSA GENERO;1;0;1;sin_mov;;1101;;NO;insumo (bolsa/envío): se revisa aparte
2026-04-30 14:29;PAO4;120489;2398;4820798;248746;5K03-1;1;0;1;sin_mov;A;1;1;REPARAR;
2026-04-30 14:41;PAO2;134077;2400;4827967;302668;8434666247;1;0;1;sin_mov;A;6;6;REPARAR;
2026-04-30 14:42;PAO4;120490;2401;4803954;142456;3027;1;0;1;sin_mov;A;1;1;REPARAR;
2026-04-30 14:46;NICK1;112915;2405;4812815;362969;BOLSA REAL;1;0;1;sin_mov;;569;;NO;insumo (bolsa/envío): se revisa aparte
2026-04-30 14:52;NICK1;112916;2407;4812815;362969;BOLSA REAL;1;0;1;sin_mov;;569;;NO;insumo (bolsa/envío): se revisa aparte
2026-04-30 14:54;PAO3;113727;2408;4790652;362953;BOLSA GENERO;1;0;1;sin_mov;;1101;;NO;insumo (bolsa/envío): se revisa aparte
2026-04-30 14:57;NICK1;112917;2410;4812815;362969;BOLSA REAL;1;0;1;sin_mov;;569;;NO;insumo (bolsa/envío): se revisa aparte
2026-04-30 14:59;NICK2;180154;2411;4812815;362970;BOLSA REAL;1;0;1;sin_mov;;583;;NO;insumo (bolsa/envío): se revisa aparte
2026-04-30 14:59;NICK2;180154;2411;4828303;394588;DA001/M;1;0;1;sin_mov;A;3;3;REPARAR;
2026-04-30 15:00;PAO4;120491;2412;4744021;202783;45-1;1;0;1;sin_mov;;1285;;NO;insumo (bolsa/envío): se revisa aparte
2026-04-30 15:00;PAO4;120491;2412;4795702;260735;6320;1;0;1;sin_mov;A;1;1;REPARAR;
2026-04-30 15:00;PAO4;120491;2412;4813643;293134;818-11;1;0;1;sin_mov;A;3;3;REPARAR;
2026-04-30 15:10;PAO3;113730;2415;4790652;362953;BOLSA GENERO;1;0;1;sin_mov;;1101;;NO;insumo (bolsa/envío): se revisa aparte
2026-04-30 15:43;PAO4;120494;2427;4737909;42457;1301;1;0;1;sin_mov;A;1;1;REPARAR;
2026-04-30 15:55;NICK1;112922;2434;4812815;362969;BOLSA REAL;1;0;1;sin_mov;;569;;NO;insumo (bolsa/envío): se revisa aparte
2026-04-30 16:38;NICK2;180162;2447;4818004;285401;78058570091;1;0;1;sin_mov;A;4;4;REPARAR;
2026-04-30 16:49;NICK2;180163;2449;4775481;16802;1014027901;1;0;1;sin_mov;C;5;4;NO;el kardex no explica el stock (clase C: stock 5, saldo 4): revisar a mano
2026-04-30 16:49;NICK2;180163;2449;4775482;16809;1014027902;1;0;1;sin_mov;A;3;3;REPARAR;
2026-04-30 16:49;NICK2;180163;2449;4770706;16869;1014067901;1;0;1;sin_mov;A;1;1;NO;después de la venta el saldo llegó a 1 (< faltante 2): contradice, revisar a mano
2026-04-30 16:51;NICK1;112924;2451;4812815;362969;BOLSA REAL;1;0;1;sin_mov;;569;;NO;insumo (bolsa/envío): se revisa aparte
2026-04-30 16:58;PAO4;120497;2454;4796415;521709;PI-13023200000014;1;0;1;sin_mov;A;1;1;REPARAR;
2026-04-30 17:18;PAO2;134087;2464;4790652;362949;BOLSA GENERO;1;0;1;sin_mov;;558;;NO;insumo (bolsa/envío): se revisa aparte
2026-04-30 17:19;NICK1;112926;2465;4812815;362969;BOLSA REAL;1;0;1;sin_mov;;569;;NO;insumo (bolsa/envío): se revisa aparte
2026-04-30 17:22;PAO2;134088;2467;4813947;110975;23-JOKER-3;1;0;1;sin_mov;A;1;1;REPARAR;
2026-04-30 17:22;PAO2;134088;2467;4825153;548114;SPCFITH022;1;0;1;sin_mov;A;3;3;REPARAR;
2026-04-30 17:39;NICK1;112928;2477;4812815;362969;BOLSA REAL;1;0;1;sin_mov;;569;;NO;insumo (bolsa/envío): se revisa aparte
2026-04-30 17:52;PAO2;134092;2481;4790652;362949;BOLSA GENERO;1;0;1;sin_mov;;558;;NO;insumo (bolsa/envío): se revisa aparte
2026-04-30 17:55;NICK1;112930;2483;4786348;19183;1040023008;1;0;1;sin_mov;A;2;2;REPARAR;
2026-04-30 17:55;NICK1;112930;2483;4786351;19188;1040023008;1;0;1;sin_mov;A;3;3;REPARAR;
2026-04-30 17:55;NICK1;112930;2483;4812815;362969;BOLSA REAL;1;0;1;sin_mov;;569;;NO;insumo (bolsa/envío): se revisa aparte
2026-04-30 18:32;NICK2;180181;2502;4812815;362970;BOLSA REAL;1;0;1;sin_mov;;583;;NO;insumo (bolsa/envío): se revisa aparte
2026-04-30 18:33;NICK1;112934;2503;4812815;362969;BOLSA REAL;1;0;1;sin_mov;;569;;NO;insumo (bolsa/envío): se revisa aparte
2026-04-30 18:40;PAO3;113747;2506;4790652;362953;BOLSA GENERO;1;0;1;sin_mov;;1101;;NO;insumo (bolsa/envío): se revisa aparte
2026-04-30 18:41;NICK2;180183;2507;4812815;362970;BOLSA REAL;1;0;1;sin_mov;;583;;NO;insumo (bolsa/envío): se revisa aparte
2026-04-30 19:11;PAO3;113748;2513;4744021;202787;45-1;1;0;1;sin_mov;;1180;;NO;insumo (bolsa/envío): se revisa aparte
2026-04-30 19:14;NICK1;112939;2515;4812815;362969;BOLSA REAL;1;0;1;sin_mov;;569;;NO;insumo (bolsa/envío): se revisa aparte
2026-04-30 19:33;NICK1;112940;2519;4812815;362969;BOLSA REAL;1;0;1;sin_mov;;569;;NO;insumo (bolsa/envío): se revisa aparte
2026-04-30 19:33;NICK1;112940;2519;4715944;408376;DZ9416;1;0;1;sin_mov;A;1;1;REPARAR;
2026-04-30 19:35;PAO4;120501;2521;4821723;154127;314089L-BKMT;1;0;1;sin_mov;A;1;1;REPARAR;
2026-05-02 11:09;NICK1;112947;2549;4812815;362969;BOLSA REAL;1;0;1;sin_mov;;569;;NO;insumo (bolsa/envío): se revisa aparte
2026-05-02 11:26;PAO4;120506;2556;3631713;215966;5-MYRNA-3;1;0;1;sin_mov;A;1;1;REPARAR;
2026-05-02 11:35;NICK1;112955;2565;4790546;415508;ENVIOS;1;0;1;sin_mov;;770;;NO;insumo (bolsa/envío): se revisa aparte
2026-05-02 11:46;NICK1;112957;2573;4744021;202779;45-1;1;0;1;sin_mov;;621;;NO;insumo (bolsa/envío): se revisa aparte
2026-05-02 11:46;NICK1;112957;2573;4731957;385393;CP101212W;1;0;1;sin_mov;A;1;1;REPARAR;
2026-05-02 11:46;NICK1;112957;2573;4738689;385419;CP101213W;1;0;1;sin_mov;A;1;1;REPARAR;
2026-05-02 12:03;PAO2;134114;2600;4790652;362949;BOLSA GENERO;1;0;1;sin_mov;;558;;NO;insumo (bolsa/envío): se revisa aparte
2026-05-02 12:19;NICK1;112963;2605;4812815;362969;BOLSA REAL;1;0;1;sin_mov;;569;;NO;insumo (bolsa/envío): se revisa aparte
2026-05-02 12:22;NICK2;180213;2607;4784386;1214;009283624231;1;0;1;sin_mov;A;2;2;NO;después de la venta el saldo llegó a 2 (< faltante 4): contradice, revisar a mano
2026-05-02 12:24;PAO3;113758;2608;4790652;362953;BOLSA GENERO;1;0;1;sin_mov;;1101;;NO;insumo (bolsa/envío): se revisa aparte
2026-05-02 12:28;NICK2;180214;2611;4812815;362970;BOLSA REAL;1;0;1;sin_mov;;583;;NO;insumo (bolsa/envío): se revisa aparte
2026-05-02 12:28;PAO2;134116;2612;4790652;362949;BOLSA GENERO;1;0;1;sin_mov;;558;;NO;insumo (bolsa/envío): se revisa aparte
2026-05-02 12:34;PAO3;113759;2616;4790652;362953;BOLSA GENERO;1;0;1;sin_mov;;1101;;NO;insumo (bolsa/envío): se revisa aparte
2026-05-02 12:40;NICK1;112967;2625;4812815;362969;BOLSA REAL;1;0;1;sin_mov;;569;;NO;insumo (bolsa/envío): se revisa aparte
2026-05-02 12:44;PAO4;120511;2626;4721635;549922;ST2123BK;1;0;1;sin_mov;A;1;1;REPARAR;
2026-05-02 12:47;NICK1;112968;2628;4812815;362969;BOLSA REAL;1;0;1;sin_mov;;569;;NO;insumo (bolsa/envío): se revisa aparte
2026-05-02 12:51;NICK1;112969;2629;4812815;362969;BOLSA REAL;1;0;1;sin_mov;;569;;NO;insumo (bolsa/envío): se revisa aparte
2026-05-02 12:51;PAO4;120513;2630;4744021;202783;45-1;1;0;1;sin_mov;;1285;;NO;insumo (bolsa/envío): se revisa aparte
2026-05-02 12:55;NICK1;112970;2634;4812815;362969;BOLSA REAL;1;0;1;sin_mov;;569;;NO;insumo (bolsa/envío): se revisa aparte
2026-05-02 13:02;PAO4;120514;2639;4813556;254937;6070-02;1;0;1;sin_mov;A;3;3;REPARAR;
2026-05-02 13:06;PAO4;120515;2641;4751560;184272;40-SKY-6;1;0;1;sin_mov;A;2;2;REPARAR;
2026-05-02 13:06;NICK1;112972;2642;4812815;362969;BOLSA REAL;1;0;1;sin_mov;;569;;NO;insumo (bolsa/envío): se revisa aparte
2026-05-02 13:19;PAO3;113763;2649;4790652;362953;BOLSA GENERO;1;0;1;sin_mov;;1101;;NO;insumo (bolsa/envío): se revisa aparte
2026-05-02 13:19;PAO4;120516;2650;4813575;255203;608-16;1;0;1;sin_mov;A;2;2;REPARAR;
2026-05-02 13:27;PAO4;120517;2654;4814256;397443;DCA91102-90;1;0;1;sin_mov;A;1;1;REPARAR;
2026-05-02 13:31;PAO2;134123;2658;4784805;89576;2.20.04;1;0;1;sin_mov;A;23;23;REPARAR;
2026-05-02 13:31;PAO2;134123;2658;4790652;362949;BOLSA GENERO;1;0;1;sin_mov;;558;;NO;insumo (bolsa/envío): se revisa aparte
2026-05-02 13:31;PAO4;120518;2660;4821605;29116;118424-BLK;1;0;1;sin_mov;A;1;1;REPARAR;
2026-05-02 13:42;NICK1;112975;2665;4812815;362969;BOLSA REAL;1;0;1;sin_mov;;569;;NO;insumo (bolsa/envío): se revisa aparte
2026-05-02 13:45;PAO4;120520;2668;4822039;536282;RC25420;1;0;1;sin_mov;A;1;1;REPARAR;
2026-05-02 13:54;PAO2;134124;2673;4792751;67187;155196-BLSH;1;0;1;sin_mov;A;1;1;REPARAR;
2026-05-02 13:57;NICK2;180233;2676;4793187;46738;1326799-689;1;0;1;sin_mov;A;1;1;REPARAR;
2026-05-02 13:57;NICK2;180233;2676;4711201;553457;SX7667-100;1;0;1;sin_mov;A;1;1;REPARAR;
2026-05-02 13:57;NICK2;180233;2676;4816708;566198;VENGADOR SEMI;1;0;1;sin_mov;A;1;1;REPARAR;
2026-05-02 13:57;PAO4;120523;2677;4733137;278190;728-1400;1;0;1;sin_mov;A;1;1;REPARAR;
2026-05-02 14:08;NICK1;112976;2683;4812815;362969;BOLSA REAL;1;0;1;sin_mov;;569;;NO;insumo (bolsa/envío): se revisa aparte
2026-05-02 14:34;NICK2;180238;2697;4812815;362970;BOLSA REAL;1;0;1;sin_mov;;583;;NO;insumo (bolsa/envío): se revisa aparte
2026-05-02 14:42;PAO4;120530;2703;4744021;202783;45-1;1;0;1;sin_mov;;1285;;NO;insumo (bolsa/envío): se revisa aparte
2026-05-02 14:57;PAO3;113767;2707;4790652;362953;BOLSA GENERO;1;0;1;sin_mov;;1101;;NO;insumo (bolsa/envío): se revisa aparte
2026-05-02 14:58;PAO2;134129;2708;4750924;104574;21JS35;1;0;1;sin_mov;A;1;1;REPARAR;
2026-05-02 15:14;PAO3;113768;2711;4813643;293135;818-11;1;0;1;sin_mov;A;1;1;REPARAR;
2026-05-02 15:21;PAO3;113769;2716;4790652;362953;BOLSA GENERO;1;0;1;sin_mov;;1101;;NO;insumo (bolsa/envío): se revisa aparte
2026-05-02 15:27;PAO4;120533;2718;4824855;570236;VU6093T;1;0;1;sin_mov;A;1;1;REPARAR;
2026-05-02 15:28;PAO2;134132;2719;4790652;362949;BOLSA GENERO;1;0;1;sin_mov;;558;;NO;insumo (bolsa/envío): se revisa aparte
2026-05-02 15:28;PAO2;134132;2719;4802856;480241;IE3792;1;0;1;sin_mov;A;1;1;REPARAR;
2026-05-02 15:30;PAO3;113770;2720;4790652;362953;BOLSA GENERO;1;0;1;sin_mov;;1101;;NO;insumo (bolsa/envío): se revisa aparte
2026-05-02 15:39;NICK2;180243;2723;4744021;202786;45-1;1;0;1;sin_mov;;2562;;NO;insumo (bolsa/envío): se revisa aparte
2026-05-02 15:39;NICK2;180243;2723;4822533;450004;GR-NBA-12245;1;0;1;sin_mov;A;1;1;REPARAR;
2026-05-02 15:46;PAO3;113771;2729;4790652;362953;BOLSA GENERO;1;0;1;sin_mov;;1101;;NO;insumo (bolsa/envío): se revisa aparte
2026-05-02 15:58;NICK1;112985;2734;4812815;362969;BOLSA REAL;1;0;1;sin_mov;;569;;NO;insumo (bolsa/envío): se revisa aparte
2026-05-02 16:10;NICK2;180248;2738;4816595;553820;SX7677-964;1;0;1;sin_mov;A;6;6;REPARAR;
2026-05-02 16:12;NICK2;180249;2739;4812815;362970;BOLSA REAL;1;0;1;sin_mov;;583;;NO;insumo (bolsa/envío): se revisa aparte
2026-05-02 16:15;PAO2;134135;2742;4692137;225326;5207017101019;1;0;1;sin_mov;A;2;2;REPARAR;
2026-05-02 16:16;PAO3;113773;2743;4790652;362953;BOLSA GENERO;1;0;1;sin_mov;;1101;;NO;insumo (bolsa/envío): se revisa aparte
2026-05-02 16:28;NICK1;112988;2752;4812815;362969;BOLSA REAL;1;0;1;sin_mov;;569;;NO;insumo (bolsa/envío): se revisa aparte
2026-05-02 16:36;PAO4;120539;2756;4805438;300684;8360.303.9569-35312;1;0;1;sin_mov;A;1;1;REPARAR;
2026-05-02 16:43;NICK1;112992;2761;4812815;362969;BOLSA REAL;1;0;1;sin_mov;;569;;NO;insumo (bolsa/envío): se revisa aparte
2026-05-02 16:44;PAO4;120541;2762;4813575;255203;608-16;1;0;1;sin_mov;A;2;2;REPARAR;
2026-05-02 16:54;NICK1;112993;2767;4812815;362969;BOLSA REAL;1;0;1;sin_mov;;569;;NO;insumo (bolsa/envío): se revisa aparte
2026-05-02 17:03;NICK2;180264;2774;4812815;362970;BOLSA REAL;1;0;1;sin_mov;;583;;NO;insumo (bolsa/envío): se revisa aparte
2026-05-02 17:06;PAO3;113775;2776;4790652;362953;BOLSA GENERO;1;0;1;sin_mov;;1101;;NO;insumo (bolsa/envío): se revisa aparte
2026-05-02 17:20;PAO3;113777;2782;4790652;362953;BOLSA GENERO;1;0;1;sin_mov;;1101;;NO;insumo (bolsa/envío): se revisa aparte
2026-05-02 17:23;PAO2;134139;2783;4784833;89940;2.80.3;1;0;1;sin_mov;A;1;1;REPARAR;
2026-05-02 17:23;PAO2;134139;2783;4817391;227553;5215200133013;1;0;1;sin_mov;A;0;0;NO;después de la venta el saldo llegó a 0 (< faltante 1): contradice, revisar a mano
2026-05-02 17:23;PAO2;134139;2783;4803441;488643;J0625;1;0;1;sin_mov;A;2;2;REPARAR;
2026-05-02 17:26;PAO3;113780;2786;4790652;362953;BOLSA GENERO;1;0;1;sin_mov;;1101;;NO;insumo (bolsa/envío): se revisa aparte
2026-05-02 17:33;PAO3;113781;2790;4790652;362953;BOLSA GENERO;1;0;1;sin_mov;;1101;;NO;insumo (bolsa/envío): se revisa aparte
2026-05-02 17:41;PAO2;134141;2792;4790652;362949;BOLSA GENERO;1;0;1;sin_mov;;558;;NO;insumo (bolsa/envío): se revisa aparte
2026-05-02 17:44;PAO4;120545;2796;4718118;493727;JS1806;1;0;1;sin_mov;A;1;1;REPARAR;
2026-05-02 17:47;PAO3;113783;2798;4790652;362953;BOLSA GENERO;1;0;1;sin_mov;;1101;;NO;insumo (bolsa/envío): se revisa aparte
2026-05-02 17:48;PAO2;134143;2799;4790652;362949;BOLSA GENERO;1;0;1;sin_mov;;558;;NO;insumo (bolsa/envío): se revisa aparte
2026-05-02 17:48;PAO2;134143;2799;4827987;518087;PELOTA TACA TACA;1;0;1;sin_mov;A;57;57;REPARAR;
2026-05-02 18:07;PAO3;113785;2809;4825926;95564;2083;1;0;1;sin_mov;A;1;1;REPARAR;
2026-05-02 18:07;PAO3;113785;2809;4790652;362953;BOLSA GENERO;1;0;1;sin_mov;;1101;;NO;insumo (bolsa/envío): se revisa aparte
2026-05-02 18:13;PAO3;113787;2813;4790652;362953;BOLSA GENERO;1;0;1;sin_mov;;1101;;NO;insumo (bolsa/envío): se revisa aparte
2026-05-02 18:16;PAO1;10252;2815;4750663;461434;H-106;1;0;1;sin_mov;A;1;1;REPARAR;
2026-05-02 18:16;PAO1;10252;2815;4767649;461435;H-106;1;0;1;sin_mov;A;1;1;REPARAR;
2026-05-02 18:16;PAO1;10252;2815;4740350;470042;HLD-925;1;0;1;sin_mov;A;1;1;REPARAR;
2026-05-02 18:23;PAO4;120548;2818;4813863;179370;388-0121;1;0;1;sin_mov;A;1;1;REPARAR;
2026-05-02 19:05;PAO2;134146;2830;4814938;546627;SG6102;1;0;1;sin_mov;A;1;1;REPARAR;
2026-05-02 19:23;PAO3;113793;2832;4790652;362953;BOLSA GENERO;1;0;1;sin_mov;;1101;;NO;insumo (bolsa/envío): se revisa aparte
2026-05-02 19:38;PAO2;134149;2837;4784826;89526;2.00.70;1;0;1;sin_mov;A;23;23;REPARAR;
2026-05-03 12:37;NICK2;180278;2843;4818996;507027;MANGAS VOLLEY;1;0;1;sin_mov;A;18;18;REPARAR;
2026-05-03 12:59;NICK2;180279;2844;4812815;362970;BOLSA REAL;1;0;1;sin_mov;;583;;NO;insumo (bolsa/envío): se revisa aparte
2026-05-03 13:38;PAO3;113796;2847;4790652;362953;BOLSA GENERO;1;0;1;sin_mov;;1101;;NO;insumo (bolsa/envío): se revisa aparte
2026-05-03 14:15;NICK2;180283;2851;4812815;362970;BOLSA REAL;1;0;1;sin_mov;;583;;NO;insumo (bolsa/envío): se revisa aparte
2026-05-03 14:18;NICK2;180284;2852;4812815;362970;BOLSA REAL;1;0;1;sin_mov;;583;;NO;insumo (bolsa/envío): se revisa aparte
2026-05-03 14:18;NICK2;180284;2852;4825150;490038;JD8032;1;0;1;sin_mov;A;1;1;REPARAR;
2026-05-03 15:13;NICK2;180287;2855;4799646;405331;DV4345-002;1;0;1;sin_mov;A;1;1;REPARAR;
2026-05-03 15:14;PAO3;113799;2856;4790652;362953;BOLSA GENERO;1;0;1;sin_mov;;1101;;NO;insumo (bolsa/envío): se revisa aparte
2026-05-03 15:23;PAO3;113800;2858;4790652;362953;BOLSA GENERO;1;0;1;sin_mov;;1101;;NO;insumo (bolsa/envío): se revisa aparte
2026-05-03 16:01;PAO3;113801;2861;4790652;362953;BOLSA GENERO;1;0;1;sin_mov;;1101;;NO;insumo (bolsa/envío): se revisa aparte
2026-05-03 16:04;NICK2;180291;2862;4812815;362970;BOLSA REAL;1;0;1;sin_mov;;583;;NO;insumo (bolsa/envío): se revisa aparte
2026-05-03 16:08;PAO3;113802;2863;4790652;362953;BOLSA GENERO;1;0;1;sin_mov;;1101;;NO;insumo (bolsa/envío): se revisa aparte
2026-05-03 17:42;PAO3;113807;2870;4790652;362953;BOLSA GENERO;1;0;1;sin_mov;;1101;;NO;insumo (bolsa/envío): se revisa aparte
2026-05-03 18:16;NICK2;180297;2874;4812815;362970;BOLSA REAL;1;0;1;sin_mov;;583;;NO;insumo (bolsa/envío): se revisa aparte
2026-05-04 10:08;PAO3;113809;2876;4825494;108910;2293.201.30502-82551;1;0;1;sin_mov;A;1;1;REPARAR;
2026-05-04 10:08;PAO3;113809;2876;4790652;362953;BOLSA GENERO;1;0;1;sin_mov;;1101;;NO;insumo (bolsa/envío): se revisa aparte
2026-05-04 11:23;PAO3;113813;2886;4790652;362953;BOLSA GENERO;1;0;1;sin_mov;;1101;;NO;insumo (bolsa/envío): se revisa aparte
2026-05-04 11:41;NICK2;180302;2897;4770698;16759;1014017944;1;0;1;sin_mov;A;6;6;REPARAR;
2026-05-04 11:41;NICK2;180302;2897;4744021;202786;45-1;1;0;1;sin_mov;;2562;;NO;insumo (bolsa/envío): se revisa aparte
2026-05-04 11:41;NICK2;180302;2897;4812815;362970;BOLSA REAL;1;0;1;sin_mov;;583;;NO;insumo (bolsa/envío): se revisa aparte
2026-05-04 11:55;PAO2;134156;2907;4827968;224778;5206193040020;1;0;1;sin_mov;A;23;23;REPARAR;
2026-05-04 11:55;PAO2;134156;2907;4727040;225161;5207015100007;1;0;1;sin_mov;A;7;7;REPARAR;
2026-05-04 12:05;NICK2;180306;2909;4826479;90057;2.90.14;2;0;2;sin_mov;A;54;54;REPARAR;
2026-05-04 12:05;NICK2;180306;2909;4744021;202786;45-1;1;0;1;sin_mov;;2562;;NO;insumo (bolsa/envío): se revisa aparte
2026-05-04 12:17;NICK2;180308;2913;4812815;362970;BOLSA REAL;1;0;1;sin_mov;;583;;NO;insumo (bolsa/envío): se revisa aparte
2026-05-04 12:17;NICK2;180308;2913;4818679;479455;ID9157;1;0;1;sin_mov;A;3;3;REPARAR;
2026-05-04 12:23;NICK2;180309;2914;4812815;362970;BOLSA REAL;1;0;1;sin_mov;;583;;NO;insumo (bolsa/envío): se revisa aparte
2026-05-04 12:26;PAO4;120561;2916;4789135;55862;141605-03;1;0;1;sin_mov;A;2;2;REPARAR;
2026-05-04 12:39;NICK2;180313;2921;4790546;415509;ENVIOS;1;0;1;sin_mov;;558;;NO;insumo (bolsa/envío): se revisa aparte
2026-05-04 12:41;PAO1;10254;2925;4779071;461903;H-123;1;0;1;sin_mov;A;1;1;REPARAR;
2026-05-04 12:41;PAO1;10254;2925;4820329;462003;H-126;1;0;1;sin_mov;A;2;2;REPARAR;
2026-05-04 13:01;NICK1;113011;2938;4812815;362969;BOLSA REAL;1;0;1;sin_mov;;569;;NO;insumo (bolsa/envío): se revisa aparte
2026-05-04 13:10;PAO4;120562;2939;4717109;279700;73690-BLK;1;0;1;sin_mov;A;2;2;REPARAR;
2026-05-04 13:11;PAO4;120563;2943;4763480;518637;PG004A60010;1;0;1;sin_mov;A;2;2;REPARAR;
2026-05-04 13:24;NICK1;113012;2947;4812815;362969;BOLSA REAL;1;0;1;sin_mov;;569;;NO;insumo (bolsa/envío): se revisa aparte
2026-05-04 13:25;NICK2;180327;2948;4760687;315430;9.55.15;1;0;1;sin_mov;A;72;72;REPARAR;
2026-05-04 13:25;NICK2;180327;2948;4812815;362970;BOLSA REAL;1;0;1;sin_mov;;583;;NO;insumo (bolsa/envío): se revisa aparte
2026-05-04 13:42;PAO4;120564;2952;4813574;255200;608-16;1;0;1;sin_mov;A;1;1;REPARAR;
2026-05-04 13:59;NICK1;113015;2962;4812815;362969;BOLSA REAL;1;0;1;sin_mov;;569;;NO;insumo (bolsa/envío): se revisa aparte
2026-05-04 14:31;NICK1;113016;2974;4812815;362969;BOLSA REAL;1;0;1;sin_mov;;569;;NO;insumo (bolsa/envío): se revisa aparte
2026-05-04 14:32;NICK2;180336;2976;4812815;362970;BOLSA REAL;1;0;1;sin_mov;;583;;NO;insumo (bolsa/envío): se revisa aparte
2026-05-04 15:18;PAO3;113822;2988;4790652;362953;BOLSA GENERO;1;0;1;sin_mov;;1101;;NO;insumo (bolsa/envío): se revisa aparte
2026-05-04 15:19;NICK2;180340;2990;4790546;415509;ENVIOS;1;0;1;sin_mov;;558;;NO;insumo (bolsa/envío): se revisa aparte
2026-05-04 15:26;PAO4;120567;2993;4821739;151146;310380L-LPMT;1;0;1;sin_mov;A;1;1;REPARAR;
2026-05-04 15:44;NICK2;180342;2997;4812815;362970;BOLSA REAL;1;0;1;sin_mov;;583;;NO;insumo (bolsa/envío): se revisa aparte
2026-05-04 15:58;NICK1;113021;2999;4812815;362969;BOLSA REAL;1;0;1;sin_mov;;569;;NO;insumo (bolsa/envío): se revisa aparte
2026-05-04 16:05;NICK1;113022;3001;4812815;362969;BOLSA REAL;1;0;1;sin_mov;;569;;NO;insumo (bolsa/envío): se revisa aparte
2026-05-04 16:34;PAO3;113823;3007;4790652;362953;BOLSA GENERO;1;0;1;sin_mov;;1101;;NO;insumo (bolsa/envío): se revisa aparte
2026-05-04 16:34;PAO3;113824;3008;4790652;362953;BOLSA GENERO;1;0;1;sin_mov;;1101;;NO;insumo (bolsa/envío): se revisa aparte
2026-05-04 16:46;PAO2;134179;3015;4692112;227408;5215100123015;1;0;1;sin_mov;A;5;5;REPARAR;
2026-05-04 16:46;PAO2;134179;3015;4790652;362949;BOLSA GENERO;1;0;1;sin_mov;;558;;NO;insumo (bolsa/envío): se revisa aparte
2026-05-04 16:57;PAO2;134180;3020;4790652;362949;BOLSA GENERO;1;0;1;sin_mov;;558;;NO;insumo (bolsa/envío): se revisa aparte
2026-05-04 17:02;PAO2;134181;3021;4827571;270931;672-6670;1;0;1;sin_mov;A;2;2;REPARAR;
2026-05-04 17:46;PAO4;120570;3035;4819992;250876;5Y23-1;1;0;1;sin_mov;A;1;1;REPARAR;
2026-05-04 17:54;NICK1;113028;3040;4812815;362969;BOLSA REAL;1;0;1;sin_mov;;569;;NO;insumo (bolsa/envío): se revisa aparte
2026-05-04 17:58;PAO3;113831;3042;4790652;362953;BOLSA GENERO;1;0;1;sin_mov;;1101;;NO;insumo (bolsa/envío): se revisa aparte
2026-05-04 18:03;PAO2;134184;3043;4727020;464927;H42544;1;0;1;sin_mov;A;3;3;REPARAR;
2026-05-04 18:13;NICK1;113031;3047;4812815;362969;BOLSA REAL;1;0;1;sin_mov;;569;;NO;insumo (bolsa/envío): se revisa aparte
2026-05-04 18:13;NICK1;113031;3047;4754473;409140;EE1151;2;0;2;sin_mov;A;4;4;REPARAR;
2026-05-04 18:13;NICK2;180358;3048;4812815;362970;BOLSA REAL;1;0;1;sin_mov;;583;;NO;insumo (bolsa/envío): se revisa aparte
2026-05-04 18:55;NICK1;113034;3059;4744021;202779;45-1;1;0;1;sin_mov;;621;;NO;insumo (bolsa/envío): se revisa aparte
2026-05-05 10:11;NICK2;180364;3070;4812815;362970;BOLSA REAL;1;0;1;sin_mov;;583;;NO;insumo (bolsa/envío): se revisa aparte
2026-05-05 10:33;PAO4;120579;3075;4828614;141806;302636L-WHT;1;0;1;sin_mov;A;1;1;REPARAR;
2026-05-05 10:45;NICK2;180370;3082;4790546;415509;ENVIOS;1;0;1;sin_mov;;558;;NO;insumo (bolsa/envío): se revisa aparte
2026-05-05 11:15;PAO2;134193;3090;4790652;362949;BOLSA GENERO;1;0;1;sin_mov;;558;;NO;insumo (bolsa/envío): se revisa aparte
2026-05-05 11:25;NICK2;180376;3093;4717755;226630;5211201300010;1;0;1;sin_mov;A;4;4;REPARAR;
2026-05-05 11:25;NICK2;180376;3093;4780395;321295;9283607999;1;0;1;sin_mov;A;1;1;REPARAR;
2026-05-05 11:25;NICK2;180376;3093;4816960;416500;F-MT-530697;1;0;1;sin_mov;A;9;9;REPARAR;
2026-05-05 11:35;PAO2;134194;3094;4790652;362949;BOLSA GENERO;1;0;1;sin_mov;;558;;NO;insumo (bolsa/envío): se revisa aparte
2026-05-05 11:48;PAO4;120580;3096;4744021;202783;45-1;1;0;1;sin_mov;;1285;;NO;insumo (bolsa/envío): se revisa aparte
2026-05-05 11:51;NICK2;180377;3098;4821913;491335;JI4682;1;0;1;sin_mov;A;2;2;REPARAR;
2026-05-05 12:41;PAO2;134195;3107;4790652;362949;BOLSA GENERO;1;0;1;sin_mov;;558;;NO;insumo (bolsa/envío): se revisa aparte
2026-05-05 13:06;PAO4;120583;3114;4773343;104814;22-16;1;0;1;sin_mov;A;1;1;REPARAR;
2026-05-05 13:35;PAO4;120586;3122;4813566;255180;608-02;1;0;1;sin_mov;A;1;1;REPARAR;
2026-05-05 13:52;NICK2;180389;3125;4817969;519229;PH831;1;0;1;sin_mov;A;31;31;REPARAR;
2026-05-05 14:00;PAO3;113840;3128;4811810;124821;275-3368;1;0;1;sin_mov;A;3;3;REPARAR;
2026-05-05 14:00;PAO3;113840;3128;4744021;202787;45-1;1;0;1;sin_mov;;1180;;NO;insumo (bolsa/envío): se revisa aparte
2026-05-05 14:00;PAO4;120588;3129;4744021;202783;45-1;1;0;1;sin_mov;;1285;;NO;insumo (bolsa/envío): se revisa aparte
2026-05-05 14:00;PAO4;120588;3129;4787126;479151;ID7117;1;0;1;sin_mov;A;1;1;REPARAR;
2026-05-05 14:01;PAO4;120589;3130;4744021;202783;45-1;1;0;1;sin_mov;;1285;;NO;insumo (bolsa/envío): se revisa aparte
2026-05-05 14:02;NICK2;180391;3131;4812815;362970;BOLSA REAL;1;0;1;sin_mov;;583;;NO;insumo (bolsa/envío): se revisa aparte
2026-05-05 15:01;NICK2;180395;3138;4770699;16762;1014019201;1;0;1;sin_mov;A;1;1;NO;después de la venta el saldo llegó a 1 (< faltante 2): contradice, revisar a mano
2026-05-05 15:01;NICK2;180395;3138;4770700;16763;1014019202;1;0;1;sin_mov;A;42;42;REPARAR;
2026-05-05 15:01;NICK2;180395;3138;4770704;16777;1014019302;1;0;1;sin_mov;A;13;13;REPARAR;
2026-05-05 15:01;NICK2;180395;3138;4780592;16887;1014098002;1;0;1;sin_mov;A;61;61;REPARAR;
2026-05-05 15:01;NICK2;180395;3138;4817249;372910;CAS-01;2;0;2;sin_mov;A;2;2;REPARAR;
2026-05-05 15:01;NICK2;180395;3138;4819182;425359;FJ2610-300;1;0;1;sin_mov;A;4;4;REPARAR;
2026-05-05 15:09;NICK2;180397;3140;4812815;362970;BOLSA REAL;1;0;1;sin_mov;;583;;NO;insumo (bolsa/envío): se revisa aparte
2026-05-05 15:15;PAO3;113842;3143;4744021;202787;45-1;1;0;1;sin_mov;;1180;;NO;insumo (bolsa/envío): se revisa aparte
2026-05-05 15:15;PAO3;113842;3143;4784680;505716;M9160C-001;1;0;1;sin_mov;A;1;1;REPARAR;
2026-05-05 16:41;PAO4;120592;3161;4713855;247821;5CE176;1;0;1;sin_mov;A;1;1;REPARAR;
2026-05-05 17:15;PAO3;113848;3171;4790652;362953;BOLSA GENERO;1;0;1;sin_mov;;1101;;NO;insumo (bolsa/envío): se revisa aparte
2026-05-05 18:15;PAO3;113850;3181;4790652;362953;BOLSA GENERO;1;0;1;sin_mov;;1101;;NO;insumo (bolsa/envío): se revisa aparte
2026-05-05 18:16;PAO2;134207;3182;4818455;379309;CINTILLO KASUP;1;0;1;sin_mov;A;1;1;REPARAR;
2026-05-05 18:16;PAO2;134207;3182;4814088;477034;IB30001B-WBR;1;0;1;sin_mov;A;2;2;REPARAR;
2026-05-05 18:16;PAO2;134207;3182;4808989;547450;SP-03A;1;0;1;sin_mov;A;2;2;REPARAR;
2026-05-05 18:25;NICK2;180411;3184;4798891;1217;009283624255;1;0;1;sin_mov;A;72;72;REPARAR;
2026-05-05 18:35;PAO4;120596;3187;4815685;490517;JH6178;1;0;1;sin_mov;A;1;1;REPARAR;
2026-05-05 18:39;PAO2;134208;3188;4814104;336772;AD90210M-B;1;0;1;sin_mov;A;1;1;REPARAR;
2026-05-05 18:39;PAO2;134208;3188;4814121;336921;AD90238M-BB;1;0;1;sin_mov;A;1;1;REPARAR;
2026-05-05 18:48;PAO2;134209;3189;4790652;362949;BOLSA GENERO;1;0;1;sin_mov;;558;;NO;insumo (bolsa/envío): se revisa aparte
2026-05-05 18:54;NICK2;180414;3193;4817967;519228;PH831;1;0;1;sin_mov;A;19;19;REPARAR;
2026-05-06 10:37;PAO3;113857;3205;4816252;116590;24-29;1;0;1;sin_mov;A;1;1;REPARAR;
2026-05-06 10:37;PAO3;113857;3205;4744021;202787;45-1;1;0;1;sin_mov;;1180;;NO;insumo (bolsa/envío): se revisa aparte
2026-05-06 10:37;PAO3;113857;3205;4750584;470209;HLT-510;1;0;1;sin_mov;A;10;10;REPARAR;
2026-05-06 10:47;PAO4;120599;3207;4824233;160448;338015692;1;0;1;sin_mov;A;2;2;REPARAR;
2026-05-06 10:47;PAO4;120599;3207;4747454;497084;KN072A60010-PG2;1;0;1;sin_mov;A;1;1;REPARAR;
2026-05-06 10:49;NICK1;113037;3210;4790546;415508;ENVIOS;1;0;1;sin_mov;;770;;NO;insumo (bolsa/envío): se revisa aparte
2026-05-06 11:07;PAO2;134212;3212;4797356;225233;52070161;1;0;1;sin_mov;A;13;13;REPARAR;
2026-05-06 11:07;PAO2;134212;3212;4812536;485732;IN6131;1;0;1;sin_mov;A;5;5;REPARAR;
2026-05-06 11:18;NICK2;180421;3218;4790546;415509;ENVIOS;1;0;1;sin_mov;;558;;NO;insumo (bolsa/envío): se revisa aparte
2026-05-06 11:49;NICK1;113040;3230;4812815;362969;BOLSA REAL;1;0;1;sin_mov;;569;;NO;insumo (bolsa/envío): se revisa aparte
2026-05-06 11:53;NICK2;180424;3231;4816855;54263;1389895-001;1;0;1;sin_mov;A;4;4;REPARAR;
2026-05-06 11:53;NICK2;180424;3231;4820477;119402;252061L-WTQP;1;0;1;sin_mov;A;1;1;NO;después de la venta el saldo llegó a 0 (< faltante 1): contradice, revisar a mano
2026-05-06 12:13;NICK2;180426;3237;4698822;5538;066143441414;1;0;1;sin_mov;A;33;33;REPARAR;
2026-05-06 12:13;NICK2;180426;3237;4758412;90050;2.90.11;1;0;1;sin_mov;A;32;32;REPARAR;
2026-05-06 12:13;NICK2;180426;3237;4801751;511860;MZ2308;1;0;1;sin_mov;;0;;NO;ya corregida con un ajuste posterior de la tienda
2026-05-06 12:34;PAO4;120601;3245;4814898;351524;AZ254011205-411;1;0;1;sin_mov;A;1;1;REPARAR;
2026-05-06 12:34;PAO4;120601;3245;4740541;505825;M9166C-001;1;0;1;sin_mov;A;1;1;REPARAR;
2026-05-06 12:41;PAO4;120602;3248;4718096;493617;JS1803;1;0;1;sin_mov;A;1;1;REPARAR;
2026-05-06 12:47;NICK2;180430;3249;4812815;362970;BOLSA REAL;1;0;1;sin_mov;;583;;NO;insumo (bolsa/envío): se revisa aparte
2026-05-06 12:53;NICK1;113047;3253;4812815;362969;BOLSA REAL;1;0;1;sin_mov;;569;;NO;insumo (bolsa/envío): se revisa aparte
2026-05-06 12:58;NICK1;113049;3256;4812815;362969;BOLSA REAL;1;0;1;sin_mov;;569;;NO;insumo (bolsa/envío): se revisa aparte
2026-05-06 13:00;PAO4;120604;3260;4772025;240020;581-4313;1;0;1;sin_mov;A;2;2;REPARAR;
2026-05-06 13:04;NICK1;113053;3264;4812815;362969;BOLSA REAL;1;0;1;sin_mov;;569;;NO;insumo (bolsa/envío): se revisa aparte
2026-05-06 13:05;NICK1;113054;3265;4812815;362969;BOLSA REAL;1;0;1;sin_mov;;569;;NO;insumo (bolsa/envío): se revisa aparte
2026-05-06 13:10;NICK1;113059;3270;4821454;106189;220880-BLK;1;0;1;sin_mov;A;1;1;REPARAR;
2026-05-06 13:10;NICK1;113059;3270;4744021;202779;45-1;1;0;1;sin_mov;;621;;NO;insumo (bolsa/envío): se revisa aparte
2026-05-06 13:13;NICK1;113060;3272;4812815;362969;BOLSA REAL;1;0;1;sin_mov;;569;;NO;insumo (bolsa/envío): se revisa aparte
2026-05-06 13:13;NICK1;113060;3272;4827285;467111;HF6279-001;1;0;1;sin_mov;A;3;3;REPARAR;
2026-05-06 13:14;NICK1;113061;3273;4812815;362969;BOLSA REAL;1;0;1;sin_mov;;569;;NO;insumo (bolsa/envío): se revisa aparte
2026-05-06 13:19;PAO3;113862;3277;4790652;362953;BOLSA GENERO;1;0;1;sin_mov;;1101;;NO;insumo (bolsa/envío): se revisa aparte
2026-05-06 13:19;NICK1;113063;3278;4744021;202779;45-1;1;0;1;sin_mov;;621;;NO;insumo (bolsa/envío): se revisa aparte
2026-05-06 13:19;NICK1;113063;3278;4763295;408191;DZ9384;2;0;2;sin_mov;A;14;14;REPARAR;
2026-05-06 13:28;PAO4;120606;3285;4770125;330265;A00985C-113;1;0;1;sin_mov;A;3;3;REPARAR;
2026-05-06 13:31;NICK1;113068;3287;4812815;362969;BOLSA REAL;1;0;1;sin_mov;;569;;NO;insumo (bolsa/envío): se revisa aparte
2026-05-06 13:33;PAO4;120607;3289;4742241;126474;281-65890;1;0;1;sin_mov;A;2;2;REPARAR;
2026-05-06 14:11;NICK2;180439;3298;4812815;362970;BOLSA REAL;1;0;1;sin_mov;;583;;NO;insumo (bolsa/envío): se revisa aparte
2026-05-06 14:25;PAO3;113865;3302;4790652;362953;BOLSA GENERO;1;0;1;sin_mov;;1101;;NO;insumo (bolsa/envío): se revisa aparte
2026-05-06 14:32;NICK2;180441;3305;4770703;16775;1014019301;1;0;1;sin_mov;A;59;59;REPARAR;
2026-05-06 14:32;NICK2;180441;3305;4818003;285402;78058570091;1;0;1;sin_mov;A;2;2;REPARAR;
2026-05-06 14:32;NICK2;180441;3305;4808924;536753;RE0089;1;0;1;sin_mov;A;1;1;REPARAR;
2026-05-06 14:35;NICK1;113070;3307;4812815;362969;BOLSA REAL;1;0;1;sin_mov;;569;;NO;insumo (bolsa/envío): se revisa aparte
2026-05-06 15:10;NICK2;180442;3313;4801651;285435;78058570093;1;0;1;sin_mov;A;2;2;REPARAR;
2026-05-06 15:10;NICK2;180442;3313;4821974;531041;PRIMERA CAPA JUV;1;0;1;sin_mov;A;1;1;REPARAR;
2026-05-06 15:23;PAO4;120614;3319;4750773;469181;HLC-752;1;0;1;sin_mov;A;1;1;REPARAR;
2026-05-06 16:09;PAO2;134230;3330;4790652;362949;BOLSA GENERO;1;0;1;sin_mov;;558;;NO;insumo (bolsa/envío): se revisa aparte
2026-05-06 16:11;PAO4;120617;3332;4811779;31226;12-CAROL-5;1;0;1;sin_mov;A;2;2;REPARAR;
2026-05-06 16:21;NICK2;180448;3335;4812815;362970;BOLSA REAL;1;0;1;sin_mov;;583;;NO;insumo (bolsa/envío): se revisa aparte
2026-05-06 16:21;NICK2;180448;3335;4801751;511860;MZ2308;1;0;1;sin_mov;;0;;NO;ya corregida con un ajuste posterior de la tienda
2026-05-06 16:26;NICK1;113072;3337;4744021;202779;45-1;1;0;1;sin_mov;;621;;NO;insumo (bolsa/envío): se revisa aparte
2026-05-06 16:28;PAO4;120619;3338;4824232;160445;338015692;1;0;1;sin_mov;A;3;3;REPARAR;
2026-05-06 16:28;PAO4;120619;3338;4825021;570145;VU5625T;1;0;1;sin_mov;A;1;1;REPARAR;
2026-05-06 17:08;NICK2;180450;3353;4812815;362970;BOLSA REAL;1;0;1;sin_mov;;583;;NO;insumo (bolsa/envío): se revisa aparte
2026-05-06 17:09;PAO4;120621;3354;4717003;128689;2961;1;0;1;sin_mov;A;1;1;REPARAR;
2026-05-06 17:13;PAO3;113875;3355;4790652;362953;BOLSA GENERO;1;0;1;sin_mov;;1101;;NO;insumo (bolsa/envío): se revisa aparte
2026-05-06 17:26;NICK1;113076;3359;4812815;362969;BOLSA REAL;1;0;1;sin_mov;;569;;NO;insumo (bolsa/envío): se revisa aparte
2026-05-06 17:28;NICK2;180451;3360;4770696;16742;1014017902;2;0;2;sin_mov;A;41;41;REPARAR;
2026-05-06 17:28;NICK2;180451;3360;4760686;315433;9.55.15;1;0;1;sin_mov;A;55;55;REPARAR;
2026-05-06 17:32;PAO4;120623;3361;4774479;183837;3T8335-3-90;1;0;1;sin_mov;A;1;1;REPARAR;
2026-05-06 17:32;PAO4;120623;3361;4763297;408237;DZ9385;1;0;1;sin_mov;A;4;4;REPARAR;
2026-05-06 17:34;PAO3;113876;3362;4790652;362953;BOLSA GENERO;1;0;1;sin_mov;;1101;;NO;insumo (bolsa/envío): se revisa aparte
2026-05-06 17:35;NICK2;180452;3363;4812815;362970;BOLSA REAL;1;0;1;sin_mov;;583;;NO;insumo (bolsa/envío): se revisa aparte
2026-05-06 18:39;PAO4;120628;3379;4744021;202783;45-1;1;0;1;sin_mov;;1285;;NO;insumo (bolsa/envío): se revisa aparte
2026-05-06 18:41;NICK1;113079;3380;4812815;362969;BOLSA REAL;1;0;1;sin_mov;;569;;NO;insumo (bolsa/envío): se revisa aparte
2026-05-06 18:47;PAO3;113879;3382;4790652;362953;BOLSA GENERO;1;0;1;sin_mov;;1101;;NO;insumo (bolsa/envío): se revisa aparte
2026-05-06 19:07;PAO4;120631;3389;4816228;118003;25-33;1;0;1;sin_mov;A;1;1;REPARAR;
2026-05-06 19:29;NICK1;113080;3390;4812815;362969;BOLSA REAL;1;0;1;sin_mov;;569;;NO;insumo (bolsa/envío): se revisa aparte
2026-05-07 10:49;NICK1;113082;3402;4812815;362969;BOLSA REAL;1;0;1;sin_mov;;569;;NO;insumo (bolsa/envío): se revisa aparte
2026-05-07 10:52;NICK1;113083;3405;4812815;362969;BOLSA REAL;1;0;1;sin_mov;;569;;NO;insumo (bolsa/envío): se revisa aparte
2026-05-07 10:59;PAO2;134240;3407;4827573;270939;672-6670;1;0;1;sin_mov;A;2;2;REPARAR;
2026-05-07 10:59;PAO2;134240;3407;4750674;461405;H-106;1;0;1;sin_mov;A;2;2;REPARAR;
2026-05-07 11:02;PAO3;113883;3408;4744021;202787;45-1;1;0;1;sin_mov;;1180;;NO;insumo (bolsa/envío): se revisa aparte
2026-05-07 11:02;PAO3;113883;3408;4739697;212928;4901.106.20304.49949;1;0;1;sin_mov;A;1;1;REPARAR;
2026-05-07 11:12;NICK1;113084;3410;4812815;362969;BOLSA REAL;1;0;1;sin_mov;;569;;NO;insumo (bolsa/envío): se revisa aparte
2026-05-07 11:28;NICK2;180464;3418;4812815;362970;BOLSA REAL;1;0;1;sin_mov;;583;;NO;insumo (bolsa/envío): se revisa aparte
2026-05-07 11:47;PAO4;120637;3424;4811814;124864;275-5596;1;0;1;sin_mov;A;7;7;REPARAR;
2026-05-07 11:47;PAO4;120637;3424;4744021;202783;45-1;1;0;1;sin_mov;;1285;;NO;insumo (bolsa/envío): se revisa aparte
2026-05-07 11:57;PAO3;113885;3429;4744021;202787;45-1;1;0;1;sin_mov;;1180;;NO;insumo (bolsa/envío): se revisa aparte
2026-05-07 11:57;PAO3;113885;3429;4815139;585540;Z6714-1;1;0;1;sin_mov;A;1;1;REPARAR;
2026-05-07 12:30;NICK2;180473;3440;4812815;362970;BOLSA REAL;1;0;1;sin_mov;;583;;NO;insumo (bolsa/envío): se revisa aparte
2026-05-07 12:32;PAO3;113886;3441;4744021;202787;45-1;1;0;1;sin_mov;;1180;;NO;insumo (bolsa/envío): se revisa aparte
2026-05-07 12:37;PAO4;120639;3442;4785443;279441;7357.110.22197-15745;1;0;1;sin_mov;A;2;2;REPARAR;
2026-05-07 13:25;NICK1;113087;3455;4812815;362969;BOLSA REAL;1;0;1;sin_mov;;569;;NO;insumo (bolsa/envío): se revisa aparte
2026-05-07 13:30;PAO4;120644;3456;4814921;220327;51-FALERNA-1;1;0;1;sin_mov;A;3;3;REPARAR;
2026-05-07 13:42;NICK2;180475;3459;4828507;427375;FQ8331-600;1;0;1;sin_mov;A;4;4;REPARAR;
2026-05-07 13:42;NICK2;180475;3459;4799593;553230;SX5728-010;1;0;1;sin_mov;A;2;2;REPARAR;
2026-05-07 14:00;NICK1;113089;3462;4812815;362969;BOLSA REAL;1;0;1;sin_mov;;569;;NO;insumo (bolsa/envío): se revisa aparte
2026-05-07 14:08;PAO2;134250;3465;4819899;288433;804-0111;1;0;1;sin_mov;A;2;2;REPARAR;
2026-05-07 14:24;NICK2;180482;3477;4812815;362970;BOLSA REAL;1;0;1;sin_mov;;583;;NO;insumo (bolsa/envío): se revisa aparte
2026-05-07 14:48;NICK2;180484;3489;4728825;519248;PH910;1;0;1;sin_mov;A;2;2;REPARAR;
2026-05-07 14:49;PAO4;120655;3490;4776395;28930;1184.1501.14710.66;1;0;1;sin_mov;A;2;2;REPARAR;
2026-05-07 14:56;NICK1;113092;3492;4744021;202779;45-1;1;0;1;sin_mov;;621;;NO;insumo (bolsa/envío): se revisa aparte
2026-05-07 14:56;NICK1;113092;3492;4812815;362969;BOLSA REAL;1;0;1;sin_mov;;569;;NO;insumo (bolsa/envío): se revisa aparte
2026-05-07 14:56;NICK1;113092;3492;4807436;491307;JI4563;1;0;1;sin_mov;A;1;1;REPARAR;
2026-05-07 15:00;NICK2;180486;3493;4812815;362970;BOLSA REAL;1;0;1;sin_mov;;583;;NO;insumo (bolsa/envío): se revisa aparte
2026-05-07 15:32;NICK1;113093;3498;4812815;362969;BOLSA REAL;1;0;1;sin_mov;;569;;NO;insumo (bolsa/envío): se revisa aparte
2026-05-07 15:35;PAO2;134254;3500;4760697;184191;4.70.25;1;0;1;sin_mov;A;2;2;REPARAR;
2026-05-07 15:35;PAO2;134254;3500;4812241;223829;52050710111;2;0;2;sin_mov;A;2;2;REPARAR;
2026-05-07 15:35;PAO2;134254;3500;4773429;223910;5205216106;1;0;1;sin_mov;A;1;1;REPARAR;
2026-05-07 15:35;PAO2;134254;3500;4790299;223913;52052161061;1;0;1;sin_mov;A;1;1;REPARAR;
2026-05-07 15:35;PAO2;134254;3500;4818464;227282;5215100011015;2;0;2;sin_mov;A;2;2;REPARAR;
2026-05-07 15:35;PAO2;134254;3500;4818461;227283;5215100011015;2;0;2;sin_mov;A;2;2;REPARAR;
2026-05-07 15:35;PAO2;134254;3500;4805839;474084;HS2301;1;0;1;sin_mov;A;15;15;REPARAR;
2026-05-07 15:46;PAO4;120656;3501;4801839;151183;310384L-BLK;1;0;1;sin_mov;A;2;2;REPARAR;
2026-05-07 16:16;NICK2;180489;3509;4760686;315433;9.55.15;1;0;1;sin_mov;A;55;55;REPARAR;
2026-05-07 16:16;NICK2;180489;3509;4812815;362970;BOLSA REAL;1;0;1;sin_mov;;583;;NO;insumo (bolsa/envío): se revisa aparte
2026-05-07 16:16;NICK2;180489;3509;4816604;547868;SPACONE001;1;0;1;sin_mov;A;1;1;REPARAR;
2026-05-07 16:31;PAO2;134255;3511;4790652;362949;BOLSA GENERO;1;0;1;sin_mov;;558;;NO;insumo (bolsa/envío): se revisa aparte
2026-05-07 16:31;PAO2;134255;3511;4803038;481815;IF1409;1;0;1;sin_mov;A;1;1;REPARAR;
2026-05-07 16:34;NICK2;180490;3513;4791898;486053;IR7870;1;0;1;sin_mov;A;6;6;REPARAR;
2026-05-07 16:34;NICK2;180491;3515;4821964;552556;STRAP;1;0;1;sin_mov;A;1;1;REPARAR;
2026-05-07 16:40;PAO2;134256;3517;4790652;362949;BOLSA GENERO;1;0;1;sin_mov;;558;;NO;insumo (bolsa/envío): se revisa aparte
2026-05-07 16:59;NICK2;180493;3522;4775481;16802;1014027901;1;0;1;sin_mov;C;5;4;NO;el kardex no explica el stock (clase C: stock 5, saldo 4): revisar a mano
2026-05-07 16:59;NICK2;180493;3522;4797990;16876;1014077901;1;0;1;sin_mov;A;4;4;REPARAR;
2026-05-07 16:59;NICK2;180493;3522;4826462;23257;11206;1;0;1;sin_mov;A;1;1;REPARAR;
2026-05-07 16:59;NICK2;180493;3522;4770411;89679;2.40.23;1;0;1;sin_mov;A;2;2;REPARAR;
2026-05-07 17:07;NICK1;113100;3526;4812815;362969;BOLSA REAL;1;0;1;sin_mov;;569;;NO;insumo (bolsa/envío): se revisa aparte
2026-05-07 17:19;PAO3;113899;3529;4790652;362953;BOLSA GENERO;1;0;1;sin_mov;;1101;;NO;insumo (bolsa/envío): se revisa aparte
2026-05-07 17:22;PAO3;113900;3530;4790652;362953;BOLSA GENERO;1;0;1;sin_mov;;1101;;NO;insumo (bolsa/envío): se revisa aparte
2026-05-07 17:31;PAO2;134260;3535;4790652;362949;BOLSA GENERO;1;0;1;sin_mov;;558;;NO;insumo (bolsa/envío): se revisa aparte
2026-05-07 17:43;PAO2;134261;3537;4790652;362949;BOLSA GENERO;1;0;1;sin_mov;;558;;NO;insumo (bolsa/envío): se revisa aparte
2026-05-07 18:02;PAO3;113902;3544;4790652;362953;BOLSA GENERO;1;0;1;sin_mov;;1101;;NO;insumo (bolsa/envío): se revisa aparte
2026-05-07 18:30;NICK1;113104;3559;4812815;362969;BOLSA REAL;1;0;1;sin_mov;;569;;NO;insumo (bolsa/envío): se revisa aparte
2026-05-07 18:40;PAO2;134266;3561;4790652;362949;BOLSA GENERO;1;0;1;sin_mov;;558;;NO;insumo (bolsa/envío): se revisa aparte
2026-05-07 18:53;NICK1;113105;3566;4812815;362969;BOLSA REAL;1;0;1;sin_mov;;569;;NO;insumo (bolsa/envío): se revisa aparte
2026-05-07 19:04;PAO4;120663;3571;4795692;272887;69990;1;0;1;sin_mov;A;1;1;REPARAR;
2026-05-07 19:10;PAO4;120664;3573;4804763;259303;6292.200.26594-23146;1;0;1;sin_mov;A;1;1;REPARAR;
2026-05-07 19:58;PAO3;113906;3584;4790652;362953;BOLSA GENERO;1;0;1;sin_mov;;1101;;NO;insumo (bolsa/envío): se revisa aparte
2026-05-08 09:51;PAO3;113908;3587;4790652;362953;BOLSA GENERO;1;0;1;sin_mov;;1101;;NO;insumo (bolsa/envío): se revisa aparte
2026-05-08 11:01;NICK1;113114;3602;4812815;362969;BOLSA REAL;1;0;1;sin_mov;;569;;NO;insumo (bolsa/envío): se revisa aparte
2026-05-08 11:25;PAO2;134270;3610;4790652;362949;BOLSA GENERO;1;0;1;sin_mov;;558;;NO;insumo (bolsa/envío): se revisa aparte
2026-05-08 11:46;PAO3;113916;3614;4790652;362953;BOLSA GENERO;1;0;1;sin_mov;;1101;;NO;insumo (bolsa/envío): se revisa aparte
2026-05-08 11:49;PAO4;120675;3616;4824122;152665;310682L-WBK;1;0;1;sin_mov;A;1;1;REPARAR;
2026-05-08 12:08;NICK2;180517;3625;4798826;203184;451050400;1;0;1;sin_mov;A;1;1;REPARAR;
2026-05-08 12:25;NICK2;180520;3629;4770411;89679;2.40.23;1;0;1;sin_mov;A;2;2;REPARAR;
2026-05-08 12:25;NICK2;180520;3629;4744021;202786;45-1;1;0;1;sin_mov;;2562;;NO;insumo (bolsa/envío): se revisa aparte
2026-05-08 12:28;NICK1;113118;3630;4812815;362969;BOLSA REAL;1;0;1;sin_mov;;569;;NO;insumo (bolsa/envío): se revisa aparte
2026-05-08 12:28;NICK2;180521;3631;4815900;547840;SPACAPI002;1;0;1;sin_mov;A;2;2;REPARAR;
2026-05-08 12:30;PAO3;113917;3632;4790652;362953;BOLSA GENERO;1;0;1;sin_mov;;1101;;NO;insumo (bolsa/envío): se revisa aparte
2026-05-08 12:46;PAO4;120680;3638;4815339;520585;PI-11018500000011;1;0;1;sin_mov;A;2;2;REPARAR;
2026-05-08 12:46;PAO4;120680;3638;4803847;522728;PI-14322500000002;1;0;1;sin_mov;A;1;1;REPARAR;
2026-05-08 12:49;PAO4;120681;3639;4420042;276714;717;1;0;1;sin_mov;A;2;2;REPARAR;
2026-05-08 12:57;NICK1;113120;3643;4821172;507530;MEDIA POLYESTER ECO AD;1;0;1;sin_mov;A;26;26;REPARAR;
2026-05-08 13:33;PAO3;113919;3650;4790652;362953;BOLSA GENERO;1;0;1;sin_mov;;1101;;NO;insumo (bolsa/envío): se revisa aparte
2026-05-08 13:34;NICK2;180525;3652;4812815;362970;BOLSA REAL;1;0;1;sin_mov;;583;;NO;insumo (bolsa/envío): se revisa aparte
2026-05-08 13:42;PAO4;120685;3660;4744021;202783;45-1;1;0;1;sin_mov;;1285;;NO;insumo (bolsa/envío): se revisa aparte
2026-05-08 13:46;PAO3;113920;3662;4805188;275921;7137.117.22454-15745;1;0;1;sin_mov;A;1;1;REPARAR;
2026-05-08 13:46;PAO3;113920;3662;4790652;362953;BOLSA GENERO;1;0;1;sin_mov;;1101;;NO;insumo (bolsa/envío): se revisa aparte
2026-05-08 13:51;NICK2;180529;3664;4812815;362970;BOLSA REAL;1;0;1;sin_mov;;583;;NO;insumo (bolsa/envío): se revisa aparte
2026-05-08 13:51;PAO4;120687;3665;4773371;105072;22-26;1;0;1;sin_mov;A;1;1;REPARAR;
2026-05-08 13:56;PAO2;134277;3668;4793448;117836;24JS12;1;0;1;sin_mov;A;1;1;REPARAR;
2026-05-08 14:24;PAO3;113923;3681;4790652;362953;BOLSA GENERO;1;0;1;sin_mov;;1101;;NO;insumo (bolsa/envío): se revisa aparte
2026-05-08 14:26;PAO4;120689;3682;4813962;266953;660-02;1;0;1;sin_mov;A;3;3;REPARAR;
2026-05-08 14:28;PAO4;120690;3684;4819991;250872;5Y23-1;1;0;1;sin_mov;A;1;1;REPARAR;
2026-05-08 14:40;PAO2;134283;3686;4790652;362949;BOLSA GENERO;1;0;1;sin_mov;;558;;NO;insumo (bolsa/envío): se revisa aparte
2026-05-08 14:40;PAO4;120691;3687;4815687;490521;JH6178;1;0;1;sin_mov;A;1;1;REPARAR;
2026-05-08 14:45;PAO3;113925;3691;4744021;202787;45-1;1;0;1;sin_mov;;1180;;NO;insumo (bolsa/envío): se revisa aparte
2026-05-08 14:46;PAO4;120693;3693;4744021;202783;45-1;1;0;1;sin_mov;;1285;;NO;insumo (bolsa/envío): se revisa aparte
2026-05-08 14:53;NICK2;180539;3695;4812815;362970;BOLSA REAL;1;0;1;sin_mov;;583;;NO;insumo (bolsa/envío): se revisa aparte
2026-05-08 15:09;PAO4;120694;3705;4795698;260754;6320;1;0;1;sin_mov;A;1;1;REPARAR;
2026-05-08 15:56;NICK1;113125;3718;4812815;362969;BOLSA REAL;1;0;1;sin_mov;;569;;NO;insumo (bolsa/envío): se revisa aparte
2026-05-08 16:12;NICK1;113129;3725;4812815;362969;BOLSA REAL;1;0;1;sin_mov;;569;;NO;insumo (bolsa/envío): se revisa aparte
2026-05-08 16:15;NICK1;113130;3726;4808773;449956;GR-NBA-12245;1;0;1;sin_mov;A;1;1;REPARAR;
2026-05-08 16:19;PAO2;134291;3728;4697350;227434;5215100152114;1;0;1;sin_mov;A;0;0;NO;después de la venta el saldo llegó a 0 (< faltante 1): contradice, revisar a mano
2026-05-08 16:19;PAO2;134291;3728;4790652;362949;BOLSA GENERO;1;0;1;sin_mov;;558;;NO;insumo (bolsa/envío): se revisa aparte
2026-05-08 16:31;NICK1;113132;3735;4812815;362969;BOLSA REAL;1;0;1;sin_mov;;569;;NO;insumo (bolsa/envío): se revisa aparte
2026-05-08 16:32;NICK2;180551;3736;4812815;362970;BOLSA REAL;1;0;1;sin_mov;;583;;NO;insumo (bolsa/envío): se revisa aparte
2026-05-08 16:41;NICK2;180552;3740;4812815;362970;BOLSA REAL;1;0;1;sin_mov;;583;;NO;insumo (bolsa/envío): se revisa aparte
2026-05-08 16:43;PAO4;120700;3743;4813962;266953;660-02;1;0;1;sin_mov;A;3;3;REPARAR;
2026-05-08 16:45;PAO4;120701;3745;4824466;7016;089-5396;1;0;1;sin_mov;A;3;3;REPARAR;
2026-05-08 16:45;PAO4;120701;3745;4824458;7094;089-9396;1;0;1;sin_mov;A;3;3;REPARAR;
2026-05-08 16:51;PAO2;134296;3746;4790652;362949;BOLSA GENERO;1;0;1;sin_mov;;558;;NO;insumo (bolsa/envío): se revisa aparte
2026-05-08 16:53;PAO4;120702;3748;4795705;260767;6320;1;0;1;sin_mov;A;1;1;REPARAR;
2026-05-08 17:04;PAO4;120706;3754;4815022;291308;812-02;1;0;1;sin_mov;A;1;1;REPARAR;
2026-05-08 17:06;NICK1;113135;3756;4812815;362969;BOLSA REAL;1;0;1;sin_mov;;569;;NO;insumo (bolsa/envío): se revisa aparte
2026-05-08 17:10;PAO2;134297;3758;4790652;362949;BOLSA GENERO;1;0;1;sin_mov;;558;;NO;insumo (bolsa/envío): se revisa aparte
2026-05-08 17:13;PAO3;113932;3760;4790652;362953;BOLSA GENERO;1;0;1;sin_mov;;1101;;NO;insumo (bolsa/envío): se revisa aparte
2026-05-08 17:15;NICK1;113136;3762;4812815;362969;BOLSA REAL;1;0;1;sin_mov;;569;;NO;insumo (bolsa/envío): se revisa aparte
2026-05-08 17:16;PAO4;120709;3763;357211;377400;CH152;1;0;1;sin_mov;C;4;7;NO;el kardex no explica el stock (clase C: stock 4, saldo 7): revisar a mano
2026-05-08 17:16;PAO4;120709;3763;992907;377406;CH170;1;0;1;sin_mov;C;2;0;NO;el kardex no explica el stock (clase C: stock 2, saldo 0): revisar a mano
2026-05-08 17:26;PAO3;113933;3769;4790652;362953;BOLSA GENERO;1;0;1;sin_mov;;1101;;NO;insumo (bolsa/envío): se revisa aparte
2026-05-08 17:28;PAO4;120714;3772;4789565;186880;401625L-CCBK;1;0;1;sin_mov;A;1;1;REPARAR;
2026-05-08 17:28;PAO4;120714;3772;4811501;193673;405095L-BKYL;1;0;1;sin_mov;A;2;2;REPARAR;
2026-05-08 17:28;PAO4;120714;3772;4807298;480353;IE3861;1;0;1;sin_mov;A;1;1;REPARAR;
2026-05-08 17:29;NICK1;113137;3774;4812815;362969;BOLSA REAL;1;0;1;sin_mov;;569;;NO;insumo (bolsa/envío): se revisa aparte
2026-05-08 17:41;PAO4;120715;3779;4771882;458171;GY4720;1;0;1;sin_mov;A;1;1;REPARAR;
2026-05-08 17:53;PAO4;120716;3782;4810444;141726;302630L-BBK;1;0;1;sin_mov;A;1;1;REPARAR;
2026-05-08 17:55;PAO4;120717;3783;4813926;8739;1-SLIK-10;1;0;1;sin_mov;A;3;3;REPARAR;
2026-05-08 17:58;NICK1;113139;3784;4812815;362969;BOLSA REAL;1;0;1;sin_mov;;569;;NO;insumo (bolsa/envío): se revisa aparte
2026-05-08 18:20;PAO4;120722;3798;4828591;27515;117560-WHT;1;0;1;sin_mov;A;1;1;REPARAR;
2026-05-08 18:26;PAO4;120723;3800;347961;308600;8702;1;0;1;sin_mov;A;1;1;REPARAR;
2026-05-08 18:29;NICK1;113143;3802;4812815;362969;BOLSA REAL;1;0;1;sin_mov;;569;;NO;insumo (bolsa/envío): se revisa aparte
2026-05-08 18:36;NICK1;113144;3807;4744021;202779;45-1;1;0;1;sin_mov;;621;;NO;insumo (bolsa/envío): se revisa aparte
2026-05-08 18:36;NICK1;113144;3807;4798349;477774;ID0733;1;0;1;sin_mov;A;2;2;REPARAR;
2026-05-08 18:37;PAO2;134301;3808;4790652;362949;BOLSA GENERO;1;0;1;sin_mov;;558;;NO;insumo (bolsa/envío): se revisa aparte
2026-05-08 18:40;PAO4;120724;3809;4744021;202783;45-1;2;0;2;sin_mov;;1285;;NO;insumo (bolsa/envío): se revisa aparte
2026-05-08 18:40;PAO4;120724;3809;4813414;350938;AZ210011277-411;1;0;1;sin_mov;A;1;1;REPARAR;
2026-05-08 18:40;PAO4;120724;3809;4723198;435189;G2016;1;0;1;sin_mov;A;1;1;REPARAR;
2026-05-08 18:40;PAO3;113936;3810;4790652;362953;BOLSA GENERO;1;0;1;sin_mov;;1101;;NO;insumo (bolsa/envío): se revisa aparte
2026-05-08 18:41;PAO3;113937;3811;4790652;362953;BOLSA GENERO;1;0;1;sin_mov;;1101;;NO;insumo (bolsa/envío): se revisa aparte
2026-05-08 18:43;NICK2;180564;3815;4812815;362970;BOLSA REAL;1;0;1;sin_mov;;583;;NO;insumo (bolsa/envío): se revisa aparte
2026-05-08 18:43;NICK2;180564;3815;4824206;444260;GH8167;1;0;1;sin_mov;A;2;2;REPARAR;
2026-05-08 18:44;NICK2;180565;3816;4812815;362970;BOLSA REAL;1;0;1;sin_mov;;583;;NO;insumo (bolsa/envío): se revisa aparte
2026-05-08 18:46;PAO2;134303;3819;4819620;172601;375689 02;1;0;1;sin_mov;A;1;1;REPARAR;
2026-05-08 18:46;PAO2;134303;3819;4790652;362949;BOLSA GENERO;1;0;1;sin_mov;;558;;NO;insumo (bolsa/envío): se revisa aparte
2026-05-08 18:46;PAO3;113941;3821;4790652;362953;BOLSA GENERO;1;0;1;sin_mov;;1101;;NO;insumo (bolsa/envío): se revisa aparte
2026-05-08 18:48;PAO4;120726;3823;4825685;263887;6472.204.26721-15745;1;0;1;sin_mov;A;1;1;REPARAR;
2026-05-08 18:49;NICK2;180567;3825;4744021;202786;45-1;1;0;1;sin_mov;;2562;;NO;insumo (bolsa/envío): se revisa aparte
2026-05-08 19:01;NICK1;113147;3829;4812815;362969;BOLSA REAL;1;0;1;sin_mov;;569;;NO;insumo (bolsa/envío): se revisa aparte
2026-05-08 19:03;NICK2;180569;3831;4812815;362970;BOLSA REAL;1;0;1;sin_mov;;583;;NO;insumo (bolsa/envío): se revisa aparte
2026-05-08 19:29;PAO2;134307;3839;4790652;362949;BOLSA GENERO;1;0;1;sin_mov;;558;;NO;insumo (bolsa/envío): se revisa aparte
2026-05-08 19:31;PAO3;113942;3841;4790652;362953;BOLSA GENERO;1;0;1;sin_mov;;1101;;NO;insumo (bolsa/envío): se revisa aparte
2026-05-08 19:35;PAO3;113943;3844;4790652;362953;BOLSA GENERO;1;0;1;sin_mov;;1101;;NO;insumo (bolsa/envío): se revisa aparte
2026-05-09 10:49;NICK1;113151;3858;4812815;362969;BOLSA REAL;1;0;1;sin_mov;;569;;NO;insumo (bolsa/envío): se revisa aparte
2026-05-09 11:02;PAO4;120732;3863;4742239;126464;281-65890;1;0;1;sin_mov;A;1;1;REPARAR;
2026-05-09 11:26;NICK1;113152;3880;4790546;415508;ENVIOS;1;0;1;sin_mov;;770;;NO;insumo (bolsa/envío): se revisa aparte
2026-05-09 11:35;PAO4;120739;3888;4823616;306260;8527.111.29914-75365;1;0;1;sin_mov;A;2;2;REPARAR;
2026-05-09 11:35;NICK2;180585;3890;4817967;519228;PH831;1;0;1;sin_mov;A;19;19;REPARAR;
2026-05-09 11:35;NICK2;180585;3890;4711837;547635;SP0040-419;1;0;1;sin_mov;A;21;21;REPARAR;
2026-05-09 11:37;PAO4;120740;3892;4792710;36250;124637-NVW;1;0;1;sin_mov;A;1;1;REPARAR;
2026-05-09 11:37;NICK1;113155;3893;4812815;362969;BOLSA REAL;1;0;1;sin_mov;;569;;NO;insumo (bolsa/envío): se revisa aparte
2026-05-09 11:39;NICK2;180587;3896;4825316;501998;M1970;1;0;1;sin_mov;A;1;1;NO;después de la venta el saldo llegó a 1 (< faltante 2): contradice, revisar a mano
2026-05-09 11:39;NICK2;180587;3896;4818156;510462;MO22219;1;0;1;sin_mov;A;4;4;REPARAR;
2026-05-09 11:40;NICK2;180589;3898;4825316;501998;M1970;1;0;1;sin_mov;A;1;1;NO;después de la venta el saldo llegó a 1 (< faltante 2): contradice, revisar a mano
2026-05-09 11:40;NICK2;180589;3898;4818156;510462;MO22219;1;0;1;sin_mov;A;4;4;REPARAR;
2026-05-09 11:58;NICK2;180591;3903;4744021;202786;45-1;1;0;1;sin_mov;;2562;;NO;insumo (bolsa/envío): se revisa aparte
2026-05-09 11:58;NICK2;180591;3903;4779573;357491;BALON TEAM;1;0;1;sin_mov;A;72;72;REPARAR;
2026-05-09 12:08;NICK1;113158;3908;4812815;362969;BOLSA REAL;1;0;1;sin_mov;;569;;NO;insumo (bolsa/envío): se revisa aparte
2026-05-09 12:08;NICK1;113158;3908;4821181;507458;MEDIA BAMBOO JUV;1;0;1;sin_mov;A;36;36;REPARAR;
2026-05-09 12:12;NICK1;113159;3910;4744021;202779;45-1;1;0;1;sin_mov;;621;;NO;insumo (bolsa/envío): se revisa aparte
2026-05-09 12:14;PAO4;120742;3915;4744021;202783;45-1;1;0;1;sin_mov;;1285;;NO;insumo (bolsa/envío): se revisa aparte
2026-05-09 12:17;NICK2;180594;3918;4812815;362970;BOLSA REAL;1;0;1;sin_mov;;583;;NO;insumo (bolsa/envío): se revisa aparte
2026-05-09 12:18;PAO4;120744;3919;4794502;351477;AZ254011202;1;0;1;sin_mov;A;1;1;REPARAR;
2026-05-09 12:19;PAO3;113956;3920;4790652;362953;BOLSA GENERO;1;0;1;sin_mov;;1101;;NO;insumo (bolsa/envío): se revisa aparte
2026-05-09 12:28;PAO2;134322;3925;4773586;210349;4807;1;0;1;sin_mov;A;1;1;REPARAR;
2026-05-09 12:30;NICK1;113161;3927;4812815;362969;BOLSA REAL;1;0;1;sin_mov;;569;;NO;insumo (bolsa/envío): se revisa aparte
2026-05-09 12:35;PAO3;113960;3934;4793949;311180;881-6871;1;0;1;sin_mov;A;1;1;REPARAR;
2026-05-09 12:35;PAO3;113960;3934;4790652;362953;BOLSA GENERO;1;0;1;sin_mov;;1101;;NO;insumo (bolsa/envío): se revisa aparte
2026-05-09 12:37;PAO4;120749;3936;4815279;526295;PI-65406300000004;1;0;1;sin_mov;A;1;1;REPARAR;
2026-05-09 12:43;NICK2;180598;3940;4750211;140435;3024884-002;1;0;1;sin_mov;C;1;0;NO;el kardex no explica el stock (clase C: stock 1, saldo 0): revisar a mano
2026-05-09 12:44;NICK2;180601;3943;4814413;372652;CAMISETA KIDS;1;0;1;sin_mov;A;1;1;REPARAR;
2026-05-09 12:44;NICK2;180602;3944;4812815;362970;BOLSA REAL;1;0;1;sin_mov;;583;;NO;insumo (bolsa/envío): se revisa aparte
2026-05-09 12:45;PAO4;120751;3945;4744021;202783;45-1;1;0;1;sin_mov;;1285;;NO;insumo (bolsa/envío): se revisa aparte
2026-05-09 12:45;PAO4;120751;3945;4812898;350901;AZ210011274;1;0;1;sin_mov;A;1;1;REPARAR;
2026-05-09 12:54;PAO4;120752;3949;4751432;52595;1370542-001;1;0;1;sin_mov;A;11;11;REPARAR;
2026-05-09 12:54;PAO4;120752;3949;4811544;65206;150370-BBK;1;0;1;sin_mov;A;1;1;REPARAR;
2026-05-09 12:55;NICK1;113162;3950;4812815;362969;BOLSA REAL;1;0;1;sin_mov;;569;;NO;insumo (bolsa/envío): se revisa aparte
2026-05-09 12:55;PAO3;113962;3951;4790652;362953;BOLSA GENERO;1;0;1;sin_mov;;1101;;NO;insumo (bolsa/envío): se revisa aparte
2026-05-09 12:55;PAO3;113962;3951;4787716;477591;IC9708;1;0;1;sin_mov;A;15;15;REPARAR;
2026-05-09 13:12;NICK1;113165;3959;4812815;362969;BOLSA REAL;1;0;1;sin_mov;;569;;NO;insumo (bolsa/envío): se revisa aparte
2026-05-09 13:18;PAO3;113966;3961;4790652;362953;BOLSA GENERO;1;0;1;sin_mov;;1101;;NO;insumo (bolsa/envío): se revisa aparte
2026-05-09 13:20;PAO2;134326;3966;4790652;362949;BOLSA GENERO;1;0;1;sin_mov;;558;;NO;insumo (bolsa/envío): se revisa aparte
2026-05-09 13:23;PAO2;134329;3969;4821286;223794;5205018101083;1;0;1;sin_mov;A;3;3;REPARAR;
2026-05-09 13:23;PAO2;134329;3969;4790183;302449;8433000138015;1;0;1;sin_mov;A;26;26;REPARAR;
2026-05-09 13:28;PAO4;120754;3972;4814919;220323;51-FALERNA-1;1;0;1;sin_mov;A;2;2;REPARAR;
2026-05-09 13:29;NICK2;180607;3973;4812815;362970;BOLSA REAL;1;0;1;sin_mov;;583;;NO;insumo (bolsa/envío): se revisa aparte
2026-05-09 13:40;NICK1;113166;3975;4812815;362969;BOLSA REAL;1;0;1;sin_mov;;569;;NO;insumo (bolsa/envío): se revisa aparte
2026-05-09 13:46;PAO4;120756;3978;166544;148687;3054-02/2;1;0;1;sin_mov;A;4;4;REPARAR;
2026-05-09 13:46;PAO2;134331;3979;4747561;67156;155196-BLK;1;0;1;sin_mov;A;1;1;REPARAR;
2026-05-09 13:46;PAO2;134331;3979;4752900;227962;52458-BLK;1;0;1;sin_mov;A;3;3;REPARAR;
2026-05-09 13:50;PAO4;120757;3983;4820106;119577;2528.101.13488-16072;1;0;1;sin_mov;A;1;1;REPARAR;
2026-05-09 13:57;PAO2;134333;3987;4790652;362949;BOLSA GENERO;1;0;1;sin_mov;;558;;NO;insumo (bolsa/envío): se revisa aparte
2026-05-09 14:17;PAO4;120759;3997;4824938;569919;VU4370T;1;0;1;sin_mov;A;1;1;REPARAR;
2026-05-09 14:19;NICK2;180611;4000;4798177;534652;R.10.01;1;0;1;sin_mov;A;39;39;NO;después de la venta el saldo llegó a 0 (< faltante 1): contradice, revisar a mano
2026-05-09 14:22;PAO3;113968;4003;4790652;362953;BOLSA GENERO;1;0;1;sin_mov;;1101;;NO;insumo (bolsa/envío): se revisa aparte
2026-05-09 14:28;PAO3;113972;4009;4790652;362953;BOLSA GENERO;1;0;1;sin_mov;;1101;;NO;insumo (bolsa/envío): se revisa aparte
2026-05-09 14:31;PAO3;113973;4012;4824518;1292;010;1;0;1;sin_mov;A;2;2;REPARAR;
2026-05-09 14:34;NICK2;180616;4018;4770699;16762;1014019201;1;0;1;sin_mov;A;1;1;NO;después de la venta el saldo llegó a 1 (< faltante 2): contradice, revisar a mano
2026-05-09 14:34;NICK2;180616;4018;4780470;89708;2.40.32;1;0;1;sin_mov;A;2;2;REPARAR;
2026-05-09 14:34;NICK2;180616;4018;4812815;362970;BOLSA REAL;1;0;1;sin_mov;;583;;NO;insumo (bolsa/envío): se revisa aparte
2026-05-09 14:34;NICK2;180616;4018;4780438;453113;GUANTE TERMICO;1;0;1;sin_mov;A;5;5;REPARAR;
2026-05-09 14:53;PAO4;120761;4029;382894;264304;649;1;0;1;sin_mov;A;2;2;REPARAR;
2026-05-09 15:02;PAO4;120763;4035;4759721;556917;TFY68;1;0;1;sin_mov;A;1;1;REPARAR;
2026-05-09 15:13;PAO2;134345;4045;4790652;362949;BOLSA GENERO;1;0;1;sin_mov;;558;;NO;insumo (bolsa/envío): se revisa aparte
2026-05-09 15:20;NICK2;180620;4049;4812815;362970;BOLSA REAL;1;0;1;sin_mov;;583;;NO;insumo (bolsa/envío): se revisa aparte
2026-05-09 15:21;NICK2;180622;4053;4784386;1214;009283624231;1;0;1;sin_mov;A;2;2;NO;después de la venta el saldo llegó a 2 (< faltante 4): contradice, revisar a mano
2026-05-09 15:21;NICK2;180622;4053;4812815;362970;BOLSA REAL;1;0;1;sin_mov;;583;;NO;insumo (bolsa/envío): se revisa aparte
2026-05-09 15:25;NICK1;113183;4056;4812815;362969;BOLSA REAL;1;0;1;sin_mov;;569;;NO;insumo (bolsa/envío): se revisa aparte
2026-05-09 15:26;PAO4;120765;4057;4744021;202783;45-1;1;0;1;sin_mov;;1285;;NO;insumo (bolsa/envío): se revisa aparte
2026-05-09 15:31;PAO4;120766;4058;4810315;175708;381-6637;1;0;1;sin_mov;A;3;3;REPARAR;
2026-05-09 15:39;PAO2;134348;4066;4790652;362949;BOLSA GENERO;1;0;1;sin_mov;;558;;NO;insumo (bolsa/envío): se revisa aparte
2026-05-09 15:44;NICK2;180629;4070;4777861;315417;9.55.04;1;0;1;sin_mov;A;6;6;REPARAR;
2026-05-09 15:44;NICK2;180629;4070;4812815;362970;BOLSA REAL;1;0;1;sin_mov;;583;;NO;insumo (bolsa/envío): se revisa aparte
2026-05-09 15:48;PAO2;134349;4075;4821163;416503;F-PT-485963;1;0;1;sin_mov;A;3;3;REPARAR;
2026-05-09 15:49;NICK1;113186;4077;4812815;362969;BOLSA REAL;1;0;1;sin_mov;;569;;NO;insumo (bolsa/envío): se revisa aparte
2026-05-09 15:49;NICK1;113186;4077;4749314;497786;KPWLEGI2262NEG;1;0;1;sin_mov;A;1;1;REPARAR;
2026-05-09 15:58;NICK1;113188;4084;4812815;362969;BOLSA REAL;1;0;1;sin_mov;;569;;NO;insumo (bolsa/envío): se revisa aparte
2026-05-09 15:58;NICK1;113188;4084;4828364;477303;IC1306;1;0;1;sin_mov;A;4;4;REPARAR;
2026-05-09 16:04;NICK2;180632;4088;4812815;362970;BOLSA REAL;1;0;1;sin_mov;;583;;NO;insumo (bolsa/envío): se revisa aparte
2026-05-09 16:08;PAO4;120770;4089;4744021;202783;45-1;1;0;1;sin_mov;;1285;;NO;insumo (bolsa/envío): se revisa aparte
2026-05-09 16:12;PAO4;120771;4091;4805429;197027;4134.1003.9569-15745;1;0;1;sin_mov;A;1;1;REPARAR;
2026-05-09 16:18;PAO3;113983;4094;4790652;362953;BOLSA GENERO;1;0;1;sin_mov;;1101;;NO;insumo (bolsa/envío): se revisa aparte
2026-05-09 16:29;PAO4;120773;4104;4748430;52580;1370542-001;1;0;1;sin_mov;A;7;7;REPARAR;
2026-05-09 16:29;PAO4;120773;4104;4751431;52614;1370542-012;1;0;1;sin_mov;A;23;23;REPARAR;
2026-05-09 16:29;PAO4;120773;4104;4803246;425942;FM1240-V0;1;0;1;sin_mov;A;2;2;REPARAR;
2026-05-09 16:43;PAO4;120774;4112;4811833;124909;275-5813;1;0;1;sin_mov;A;4;4;REPARAR;
2026-05-09 16:53;NICK1;113194;4119;4812815;362969;BOLSA REAL;2;0;2;sin_mov;;569;;NO;insumo (bolsa/envío): se revisa aparte
2026-05-09 16:53;NICK1;113194;4119;4818787;484719;IH4777;1;0;1;sin_mov;A;1;1;REPARAR;
2026-05-09 16:54;NICK1;113195;4120;4812815;362969;BOLSA REAL;1;0;1;sin_mov;;569;;NO;insumo (bolsa/envío): se revisa aparte
2026-05-09 16:56;PAO2;134354;4122;4790652;362949;BOLSA GENERO;1;0;1;sin_mov;;558;;NO;insumo (bolsa/envío): se revisa aparte
2026-05-09 16:56;NICK2;180642;4123;4812815;362970;BOLSA REAL;1;0;1;sin_mov;;583;;NO;insumo (bolsa/envío): se revisa aparte
2026-05-09 17:11;PAO4;120776;4131;4811814;124864;275-5596;1;0;1;sin_mov;A;7;7;REPARAR;
2026-05-09 17:16;PAO2;134359;4135;4790652;362949;BOLSA GENERO;1;0;1;sin_mov;;558;;NO;insumo (bolsa/envío): se revisa aparte
2026-05-09 17:18;NICK1;113198;4137;4812815;362969;BOLSA REAL;1;0;1;sin_mov;;569;;NO;insumo (bolsa/envío): se revisa aparte
2026-05-09 17:25;PAO4;120778;4140;4744021;202783;45-1;1;0;1;sin_mov;;1285;;NO;insumo (bolsa/envío): se revisa aparte
2026-05-09 17:44;NICK1;113200;4150;4823918;154146;314089L-WMLT;1;0;1;sin_mov;A;2;2;REPARAR;
2026-05-09 17:44;NICK1;113200;4150;4744021;202779;45-1;1;0;1;sin_mov;;621;;NO;insumo (bolsa/envío): se revisa aparte
2026-05-09 18:01;PAO4;120782;4161;4812899;350907;AZ210011274;1;0;1;sin_mov;A;1;1;REPARAR;
2026-05-09 18:03;PAO2;134365;4164;4790652;362949;BOLSA GENERO;1;0;1;sin_mov;;558;;NO;insumo (bolsa/envío): se revisa aparte
2026-05-09 18:09;PAO2;134366;4171;4790652;362949;BOLSA GENERO;1;0;1;sin_mov;;558;;NO;insumo (bolsa/envío): se revisa aparte
2026-05-09 18:15;NICK1;113203;4177;4812815;362969;BOLSA REAL;1;0;1;sin_mov;;569;;NO;insumo (bolsa/envío): se revisa aparte
2026-05-09 18:30;PAO2;134373;4185;4818452;372273;CALCETA PRECORTADA JUV;1;0;1;sin_mov;A;16;16;REPARAR;
2026-05-09 18:30;PAO2;134373;4185;4789299;373254;CCAS-01;2;0;2;sin_mov;A;3;3;REPARAR;
2026-05-09 18:31;PAO3;113994;4186;4790652;362953;BOLSA GENERO;1;0;1;sin_mov;;1101;;NO;insumo (bolsa/envío): se revisa aparte
2026-05-09 18:34;PAO3;113995;4188;4698228;158598;335;1;0;1;sin_mov;A;1;1;REPARAR;
2026-05-09 18:34;PAO3;113995;4188;4711202;553451;SX7667-100;1;0;1;sin_mov;A;8;8;REPARAR;
2026-05-09 18:34;PAO3;113995;4188;4828428;553462;SX7667-100;1;0;1;sin_mov;A;4;4;REPARAR;
2026-05-09 18:35;PAO3;113996;4190;4790652;362953;BOLSA GENERO;1;0;1;sin_mov;;1101;;NO;insumo (bolsa/envío): se revisa aparte
2026-05-09 18:36;PAO3;113997;4191;4790652;362953;BOLSA GENERO;1;0;1;sin_mov;;1101;;NO;insumo (bolsa/envío): se revisa aparte
2026-05-09 18:38;PAO4;120787;4192;4813573;255197;608-16;1;0;1;sin_mov;A;1;1;REPARAR;
2026-05-09 18:43;PAO2;134375;4195;4790652;362949;BOLSA GENERO;1;0;1;sin_mov;;558;;NO;insumo (bolsa/envío): se revisa aparte
2026-05-09 18:53;NICK2;180660;4201;4812815;362970;BOLSA REAL;1;0;1;sin_mov;;583;;NO;insumo (bolsa/envío): se revisa aparte
2026-05-09 18:53;NICK2;180660;4201;4814412;372650;CAMISETA KIDS;1;0;1;sin_mov;A;1;1;REPARAR;
2026-05-09 19:02;NICK2;180661;4206;4799385;53162;1378415-001;1;0;1;sin_mov;A;13;13;REPARAR;
2026-05-09 19:02;NICK2;180661;4206;4799942;496911;KFAS-003;1;0;1;sin_mov;C;3;11;NO;el kardex no explica el stock (clase C: stock 3, saldo 11): revisar a mano
2026-05-09 19:04;PAO2;134378;4207;4790652;362949;BOLSA GENERO;1;0;1;sin_mov;;558;;NO;insumo (bolsa/envío): se revisa aparte
2026-05-09 19:11;PAO4;120790;4209;4812735;180571;392291 02;1;0;1;sin_mov;A;1;1;REPARAR;
2026-05-09 19:28;PAO1;10362;4220;4790652;362952;BOLSA GENERO;1;0;1;sin_mov;;403;;NO;insumo (bolsa/envío): se revisa aparte
2026-05-09 19:33;PAO3;113999;4221;4790652;362953;BOLSA GENERO;1;0;1;sin_mov;;1101;;NO;insumo (bolsa/envío): se revisa aparte
2026-05-09 19:34;PAO2;134382;4222;4790652;362949;BOLSA GENERO;1;0;1;sin_mov;;558;;NO;insumo (bolsa/envío): se revisa aparte
2026-05-09 19:38;PAO3;114000;4224;4790652;362953;BOLSA GENERO;1;0;1;sin_mov;;1101;;NO;insumo (bolsa/envío): se revisa aparte
2026-05-09 19:47;PAO4;120793;4230;4744021;202783;45-1;1;0;1;sin_mov;;1285;;NO;insumo (bolsa/envío): se revisa aparte
2026-05-09 19:49;NICK2;180663;4232;4827631;426863;FQ1833-012;1;0;1;sin_mov;A;2;2;REPARAR;
2026-05-09 20:16;PAO3;114006;4239;4813767;309459;881-1497;1;0;1;sin_mov;;0;;NO;ya corregida con un ajuste posterior de la tienda
2026-05-10 11:04;NICK1;113213;4244;4821033;474273;HT3448;1;0;1;sin_mov;A;9;9;REPARAR;
2026-05-10 11:09;NICK1;113215;4247;4812815;362969;BOLSA REAL;1;0;1;sin_mov;;569;;NO;insumo (bolsa/envío): se revisa aparte
2026-05-10 11:27;NICK1;113217;4251;4812815;362969;BOLSA REAL;1;0;1;sin_mov;;569;;NO;insumo (bolsa/envío): se revisa aparte
2026-05-10 11:57;PAO3;114013;4259;4790652;362953;BOLSA GENERO;1;0;1;sin_mov;;1101;;NO;insumo (bolsa/envío): se revisa aparte
2026-05-10 12:00;PAO4;120797;4260;4795587;40013;128606-BKFS;1;0;1;sin_mov;A;1;1;REPARAR;
2026-05-10 12:19;PAO4;120798;4261;4818582;147084;303979L-BKRG;1;0;1;sin_mov;A;1;1;REPARAR;
2026-05-10 12:32;PAO3;114015;4264;4790652;362953;BOLSA GENERO;1;0;1;sin_mov;;1101;;NO;insumo (bolsa/envío): se revisa aparte
2026-05-10 12:55;PAO4;120801;4267;4811275;171835;373-0020;1;0;1;sin_mov;A;1;1;REPARAR;
2026-05-10 12:55;PAO4;120801;4267;4744021;202783;45-1;1;0;1;sin_mov;;1285;;NO;insumo (bolsa/envío): se revisa aparte
2026-05-10 13:41;PAO4;120802;4277;4816111;246725;5B06-1;1;0;1;sin_mov;A;1;1;REPARAR;
2026-05-10 13:46;NICK1;113220;4280;4812815;362969;BOLSA REAL;1;0;1;sin_mov;;569;;NO;insumo (bolsa/envío): se revisa aparte
2026-05-10 13:57;PAO4;120805;4287;4820562;111128;23-MITSU-2;1;0;1;sin_mov;A;1;1;REPARAR;
2026-05-10 14:07;NICK2;180679;4288;4812815;362970;BOLSA REAL;1;0;1;sin_mov;;583;;NO;insumo (bolsa/envío): se revisa aparte
2026-05-10 14:33;NICK1;113224;4292;4744021;202779;45-1;1;0;1;sin_mov;;621;;NO;insumo (bolsa/envío): se revisa aparte
2026-05-10 14:36;PAO4;120806;4293;4753207;497243;KP022A6002X-PG2;1;0;1;sin_mov;A;1;1;REPARAR;
2026-05-10 14:41;NICK2;180682;4294;4827304;423150;FB5636-010;1;0;1;sin_mov;A;1;1;REPARAR;
2026-05-10 14:41;NICK2;180682;4294;4828500;427344;FQ8331-001;1;0;1;sin_mov;A;1;1;REPARAR;
2026-05-10 14:41;NICK2;180682;4294;4828496;427356;FQ8331-001;1;0;1;sin_mov;A;1;1;REPARAR;
2026-05-10 15:07;PAO3;114020;4298;4790652;362953;BOLSA GENERO;1;0;1;sin_mov;;1101;;NO;insumo (bolsa/envío): se revisa aparte
2026-05-10 15:23;NICK2;180683;4303;4797990;16876;1014077901;1;0;1;sin_mov;A;4;4;REPARAR;
2026-05-10 15:23;NICK2;180683;4303;4826453;23062;11202;1;0;1;sin_mov;A;1;1;REPARAR;
2026-05-10 15:23;NICK2;180683;4303;4744021;202786;45-1;1;0;1;sin_mov;;2562;;NO;insumo (bolsa/envío): se revisa aparte
2026-05-10 15:23;NICK2;180683;4303;4797079;372918;CAS-01B;1;0;1;sin_mov;A;7;7;REPARAR;
2026-05-10 15:31;NICK1;113225;4304;4812815;362969;BOLSA REAL;1;0;1;sin_mov;;569;;NO;insumo (bolsa/envío): se revisa aparte
2026-05-10 15:38;PAO3;114024;4305;4790652;362953;BOLSA GENERO;1;0;1;sin_mov;;1101;;NO;insumo (bolsa/envío): se revisa aparte
2026-05-10 15:43;NICK1;113226;4306;4812815;362969;BOLSA REAL;1;0;1;sin_mov;;569;;NO;insumo (bolsa/envío): se revisa aparte
2026-05-10 15:43;NICK1;113226;4306;4818683;477278;IC1302;1;0;1;sin_mov;A;9;9;REPARAR;
2026-05-10 16:16;PAO3;114025;4308;4790652;362953;BOLSA GENERO;1;0;1;sin_mov;;1101;;NO;insumo (bolsa/envío): se revisa aparte
2026-05-10 16:21;NICK2;180685;4309;4775479;16739;1014017901;1;0;1;sin_mov;A;3;3;NO;después de la venta el saldo llegó a 3 (< faltante 4): contradice, revisar a mano
2026-05-10 16:21;NICK2;180685;4309;4775482;16809;1014027902;1;0;1;sin_mov;A;3;3;REPARAR;
2026-05-10 16:21;NICK2;180685;4309;4812815;362970;BOLSA REAL;1;0;1;sin_mov;;583;;NO;insumo (bolsa/envío): se revisa aparte
2026-05-10 16:21;NICK2;180685;4309;4779092;519219;PH830;1;0;1;sin_mov;A;10;10;REPARAR;
2026-05-10 16:25;NICK2;180686;4310;4812815;362970;BOLSA REAL;1;0;1;sin_mov;;583;;NO;insumo (bolsa/envío): se revisa aparte
2026-05-10 16:29;PAO4;120810;4311;4826256;300795;8360.353.26508-41;1;0;1;sin_mov;A;1;1;REPARAR;
2026-05-10 16:59;PAO4;120811;4316;4744021;202783;45-1;1;0;1;sin_mov;;1285;;NO;insumo (bolsa/envío): se revisa aparte
2026-05-10 17:29;NICK1;113228;4322;4812815;362969;BOLSA REAL;1;0;1;sin_mov;;569;;NO;insumo (bolsa/envío): se revisa aparte
2026-05-10 17:30;PAO3;114029;4325;419895;276725;717;1;0;1;sin_mov;A;1;1;REPARAR;
2026-05-10 17:50;PAO3;114036;4333;4790652;362953;BOLSA GENERO;1;0;1;sin_mov;;1101;;NO;insumo (bolsa/envío): se revisa aparte
2026-05-11 10:47;PAO2;134385;4346;4790652;362949;BOLSA GENERO;1;0;1;sin_mov;;558;;NO;insumo (bolsa/envío): se revisa aparte
2026-05-11 10:56;NICK2;180698;4349;4790546;415509;ENVIOS;1;0;1;sin_mov;;558;;NO;insumo (bolsa/envío): se revisa aparte
2026-05-11 11:48;NICK1;113231;4368;4812815;362969;BOLSA REAL;1;0;1;sin_mov;;569;;NO;insumo (bolsa/envío): se revisa aparte
2026-05-11 11:50;PAO3;114046;4369;4790652;362953;BOLSA GENERO;1;0;1;sin_mov;;1101;;NO;insumo (bolsa/envío): se revisa aparte
2026-05-11 12:14;PAO4;120822;4377;4420041;276698;717;1;0;1;sin_mov;A;1;1;REPARAR;
2026-05-11 13:17;PAO3;114051;4395;4790652;362953;BOLSA GENERO;1;0;1;sin_mov;;1101;;NO;insumo (bolsa/envío): se revisa aparte
2026-05-11 13:45;NICK1;113235;4405;4812815;362969;BOLSA REAL;1;0;1;sin_mov;;569;;NO;insumo (bolsa/envío): se revisa aparte
2026-05-11 13:51;PAO3;114055;4406;4763297;408229;DZ9385;1;0;1;sin_mov;A;15;15;REPARAR;
2026-05-11 14:00;NICK2;180708;4408;4799509;16862;1014057901;1;0;1;sin_mov;A;15;15;REPARAR;
2026-05-11 14:00;NICK2;180708;4408;4789015;316302;90132;1;0;1;sin_mov;A;1;1;REPARAR;
2026-05-11 14:00;NICK2;180708;4408;4757406;453121;GUANTE UNO PREMIER;1;0;1;sin_mov;A;1;1;REPARAR;
2026-05-11 14:50;PAO2;134397;4417;4790652;362949;BOLSA GENERO;1;0;1;sin_mov;;558;;NO;insumo (bolsa/envío): se revisa aparte
2026-05-11 15:03;NICK2;180713;4422;4775505;223170;5201075114424;1;0;1;sin_mov;A;2;2;REPARAR;
2026-05-11 15:05;PAO4;120835;4423;4803183;164250;35391;1;0;1;sin_mov;A;1;1;REPARAR;
2026-05-11 15:19;NICK2;180714;4426;4812815;362970;BOLSA REAL;1;0;1;sin_mov;;583;;NO;insumo (bolsa/envío): se revisa aparte
2026-05-11 15:56;PAO4;120838;4430;4814280;112028;2317-13-90;1;0;1;sin_mov;A;1;1;REPARAR;
2026-05-11 16:14;PAO2;134399;4435;4790652;362949;BOLSA GENERO;1;0;1;sin_mov;;558;;NO;insumo (bolsa/envío): se revisa aparte
2026-05-11 16:27;NICK1;113237;4440;4818579;144099;303158N-LPMT;1;0;1;sin_mov;A;1;1;REPARAR;
2026-05-11 16:27;NICK1;113237;4440;4744021;202779;45-1;1;0;1;sin_mov;;621;;NO;insumo (bolsa/envío): se revisa aparte
2026-05-11 16:48;PAO4;120841;4443;4750662;461409;H-106;1;0;1;sin_mov;A;1;1;REPARAR;
2026-05-11 17:00;NICK1;113239;4448;4744021;202779;45-1;1;0;1;sin_mov;;621;;NO;insumo (bolsa/envío): se revisa aparte
2026-05-11 17:24;PAO2;134403;4450;4790652;362949;BOLSA GENERO;1;0;1;sin_mov;;558;;NO;insumo (bolsa/envío): se revisa aparte
2026-05-11 17:29;NICK1;113242;4452;4754467;553544;SX7670-100;1;0;1;sin_mov;C;14;12;NO;el kardex no explica el stock (clase C: stock 14, saldo 12): revisar a mano
2026-05-11 17:31;PAO4;120842;4453;4817048;56934;1453.202.29918-15745;1;0;1;sin_mov;A;3;3;REPARAR;
2026-05-11 17:34;PAO4;120843;4455;4744021;202783;45-1;1;0;1;sin_mov;;1285;;NO;insumo (bolsa/envío): se revisa aparte
2026-05-11 17:34;PAO4;120843;4455;4754693;485657;IN012220;1;0;1;sin_mov;A;1;1;REPARAR;
2026-05-11 17:34;PAO4;120843;4455;4701283;553318;SX7664-010;1;0;1;sin_mov;A;4;4;REPARAR;
2026-05-11 18:17;PAO3;114063;4471;4790652;362953;BOLSA GENERO;1;0;1;sin_mov;;1101;;NO;insumo (bolsa/envío): se revisa aparte
2026-05-11 18:49;PAO2;134409;4473;4772279;192388;403983L-BKRD;1;0;1;sin_mov;A;1;1;REPARAR;
2026-05-11 18:51;PAO3;114064;4474;4790652;362953;BOLSA GENERO;1;0;1;sin_mov;;1101;;NO;insumo (bolsa/envío): se revisa aparte
2026-05-11 18:55;NICK2;180720;4475;4812815;362970;BOLSA REAL;1;2;-1;doble;;583;;NO;insumo (bolsa/envío): se revisa aparte
2026-05-11 18:55;NICK2;180720;4475;4822534;450008;GR-NBA-12245;1;2;-1;doble;;0;;NO;rebajada de más: solo con --reparar-dobles
2026-05-11 18:58;NICK2;180721;4477;4775479;16739;1014017901;1;2;-1;doble;;3;;NO;rebajada de más: solo con --reparar-dobles
2026-05-11 19:01;NICK2;180722;4478;4828128;54176;1386969-402;1;2;-1;doble;;0;;NO;rebajada de más: solo con --reparar-dobles
2026-05-11 19:01;NICK2;180722;4478;4744021;202786;45-1;1;2;-1;doble;;2562;;NO;insumo (bolsa/envío): se revisa aparte
2026-05-11 19:01;NICK2;180722;4478;4827497;394704;DA009/A;1;2;-1;doble;;0;;NO;ya corregida con un ajuste posterior de la tienda
2026-05-11 19:09;PAO1;10377;4480;4806356;241439;5835;1;2;-1;doble;;0;;NO;rebajada de más: solo con --reparar-dobles
2026-05-11 19:21;PAO3;114066;4484;4811062;146883;303947L-BBK;1;2;-1;doble;;0;;NO;rebajada de más: solo con --reparar-dobles
2026-05-11 19:21;PAO3;114066;4484;4790652;362953;BOLSA GENERO;1;2;-1;doble;;1101;;NO;insumo (bolsa/envío): se revisa aparte
2026-05-11 19:27;PAO2;134412;4486;4760113;227525;521520012;1;2;-1;doble;;6;;NO;rebajada de más: solo con --reparar-dobles
2026-05-11 19:27;PAO2;134412;4486;4756403;227543;521520013;1;2;-1;doble;;1;;NO;ya corregida con un ajuste posterior de la tienda
2026-05-11 19:27;PAO2;134412;4486;4790652;362949;BOLSA GENERO;1;2;-1;doble;;558;;NO;insumo (bolsa/envío): se revisa aparte
2026-05-11 19:29;PAO1;10378;4487;4750587;470124;HLM-516;1;2;-1;doble;;1;;NO;rebajada de más: solo con --reparar-dobles
2026-05-12 10:18;PAO2;134413;4489;4821643;151839;310451N-WHP;1;2;-1;doble;;0;;NO;rebajada de más: solo con --reparar-dobles
2026-05-12 10:18;PAO2;134413;4489;4790652;362949;BOLSA GENERO;1;2;-1;doble;;558;;NO;insumo (bolsa/envío): se revisa aparte
2026-05-12 10:42;NICK1;113250;4494;4807699;248294;5FM00704-125;1;0;1;sin_mov;;3;;NO;ya corregida con un ajuste posterior de la tienda
2026-05-12 10:43;NICK1;113251;4495;4827851;152944;311732 01;1;2;-1;doble;;0;;NO;rebajada de más: solo con --reparar-dobles
2026-05-12 10:44;NICK2;180723;4496;4814972;553912;SY009-35;1;2;-1;doble;;0;;NO;ya corregida con un ajuste posterior de la tienda
2026-05-12 10:53;PAO4;120849;4498;4796661;96137;209-5011;1;2;-1;doble;;0;;NO;rebajada de más: solo con --reparar-dobles
2026-05-12 10:59;NICK2;180724;4499;4778356;510328;MO21850;10;20;-10;doble;;0;;NO;ya corregida con un ajuste posterior de la tienda
2026-05-12 11:07;NICK2;180725;4502;4790546;415509;ENVIOS;1;2;-1;doble;;558;;NO;insumo (bolsa/envío): se revisa aparte
2026-05-12 11:07;NICK2;180725;4502;4802782;483964;IG8725;1;2;-1;doble;;0;;NO;rebajada de más: solo con --reparar-dobles
2026-05-12 11:22;PAO2;134417;4508;4818359;391579;D-MP-494726;1;2;-1;doble;;5;;NO;ya corregida con un ajuste posterior de la tienda
2026-05-12 11:23;PAO2;134418;4509;4818419;89585;2.20.07;1;2;-1;doble;;5;;NO;ya corregida con un ajuste posterior de la tienda
2026-05-12 11:23;PAO2;134418;4509;4823565;233558;551-1946;1;2;-1;doble;;0;;NO;rebajada de más: solo con --reparar-dobles
2026-05-12 11:23;PAO2;134418;4509;4801153;253168;6.20.02;1;2;-1;doble;;0;;NO;rebajada de más: solo con --reparar-dobles
2026-05-12 11:23;PAO2;134418;4509;4790652;362949;BOLSA GENERO;1;2;-1;doble;;558;;NO;insumo (bolsa/envío): se revisa aparte
2026-05-12 11:23;PAO3;114069;4510;4748351;496130;K73;1;2;-1;doble;;0;;NO;rebajada de más: solo con --reparar-dobles
2026-05-12 11:25;PAO3;114071;4512;4801509;176997;384-0141;1;2;-1;doble;;1;;NO;ya corregida con un ajuste posterior de la tienda
2026-05-12 11:25;PAO3;114071;4512;4790546;415513;ENVIOS;1;2;-1;doble;;862;;NO;insumo (bolsa/envío): se revisa aparte
2026-05-12 11:28;NICK1;113256;4515;4802130;27135;117497-BBK;1;2;-1;doble;;0;;NO;rebajada de más: solo con --reparar-dobles
2026-05-12 11:28;NICK1;113256;4515;4812815;362969;BOLSA REAL;1;2;-1;doble;;569;;NO;insumo (bolsa/envío): se revisa aparte
2026-05-12 11:29;PAO1;10380;4517;4739648;209689;4802.103.21225.72391;1;2;-1;doble;;0;;NO;rebajada de más: solo con --reparar-dobles
2026-05-12 11:29;PAO1;10380;4517;4739692;212863;4901.106.20304.17013;1;2;-1;doble;;0;;NO;rebajada de más: solo con --reparar-dobles
2026-05-12 11:29;NICK2;180726;4518;4818984;143287;3028252-600;1;2;-1;doble;;2;;NO;rebajada de más: solo con --reparar-dobles
2026-05-12 11:29;NICK2;180726;4518;4812815;362970;BOLSA REAL;1;2;-1;doble;;583;;NO;insumo (bolsa/envío): se revisa aparte
2026-05-12 11:37;PAO2;134419;4520;4810747;492079;JP5789;1;2;-1;doble;;0;;NO;rebajada de más: solo con --reparar-dobles
2026-05-12 11:39;PAO2;134422;4525;4696343;225256;5207016102024;2;4;-2;doble;;0;;NO;ya corregida con un ajuste posterior de la tienda
2026-05-13 16:43;NICK2;180780;4756;4799603;553234;SX5728-101;1;0;1;sin_mov;A;35;35;REPARAR;
2026-05-14 12:51;NICK2;180813;4849;4812815;362970;BOLSA REAL;1;0;1;sin_mov;;583;;NO;insumo (bolsa/envío): se revisa aparte
2026-05-15 13:17;NICK2;180871;5040;4812815;362970;BOLSA REAL;1;0;1;sin_mov;;583;;NO;insumo (bolsa/envío): se revisa aparte
2026-05-15 16:12;PAO2;134552;5120;4786351;19180;1040023008;1;0;1;sin_mov;A;17;17;REPARAR;
2026-05-15 16:12;PAO2;134552;5120;195033;271170;673-678602;1;0;1;sin_mov;C;4;3;NO;el kardex no explica el stock (clase C: stock 4, saldo 3): revisar a mano
2026-05-15 16:12;PAO2;134552;5120;4818730;309073;880355-10;1;0;1;sin_mov;A;5;5;REPARAR;
2026-05-15 16:12;PAO2;134552;5120;4818451;372272;CALCETA PRECORTADA AD;1;0;1;sin_mov;A;18;18;REPARAR;
2026-05-15 18:19;NICK2;180906;5182;4818937;53564;1382611-001;1;0;1;sin_mov;A;1;1;REPARAR;
2026-05-16 19:45;PAO4;121000;5445;4744021;202783;45-1;3;1;2;parcial;;1285;;NO;insumo (bolsa/envío): se revisa aparte
2026-05-16 19:45;PAO4;121000;5445;4763297;408237;DZ9385;1;0;1;sin_mov;A;4;4;REPARAR;
2026-05-16 19:45;PAO4;121000;5445;4816595;553817;SX7677-964;1;0;1;sin_mov;A;1;1;REPARAR;
2026-05-19 11:36;NICK2;181074;5687;4799593;553230;SX5728-010;1;0;1;sin_mov;A;2;2;REPARAR;
2026-05-27 16:24;NICK2;181442;6932;4816957;496924;KFEP-NLR 22MM;1;0;1;sin_mov;A;7;7;REPARAR;
2026-05-27 18:05;NICK2;181455;6970;4812815;362970;BOLSA REAL;1;0;1;sin_mov;;583;;NO;insumo (bolsa/envío): se revisa aparte
2026-05-28 17:53;NICK2;181492;7100;4812815;362970;BOLSA REAL;1;0;1;sin_mov;;583;;NO;insumo (bolsa/envío): se revisa aparte
2026-05-29 15:36;NICK2;181545;7261;4823478;518088;PELOTA TACA-TACA;1;0;1;sin_mov;A;84;84;REPARAR;
2026-06-02 18:06;NICK2;181815;8095;4770669;185808;4004221013418;1;0;1;sin_mov;A;13;13;REPARAR;
2026-06-10 12:51;NICK2;182177;9354;4780577;16795;1014019402;1;0;1;sin_mov;A;27;27;REPARAR;
2026-06-12 17:56;PAO4;121667;9687;4790652;362948;BOLSA GENERO;1;0;1;sin_mov;;37;;NO;ya corregida con un ajuste posterior de la tienda
2026-06-12 19:20;PAO4;121674;9716;4720611;553648;SX7673-901;1;0;1;sin_mov;A;21;21;REPARAR;
2026-06-17 19:25;NICK2;182486;10393;4812815;362970;BOLSA REAL;1;0;1;sin_mov;;583;;NO;insumo (bolsa/envío): se revisa aparte
2026-06-22 12:50;PAO4;121880;11151;4717957;309019;880355 02;1;0;1;sin_mov;A;4;4;REPARAR;
2026-06-22 17:55;NICK2;182701;11230;4812815;362970;BOLSA REAL;1;0;1;sin_mov;;583;;NO;insumo (bolsa/envío): se revisa aparte
2026-06-27 16:31;PAO4;122050;12105;4763297;408237;DZ9385;1;0;1;sin_mov;A;4;4;REPARAR;
2026-06-27 16:31;PAO4;122050;12105;4718377;553567;SX7670-901;1;0;1;sin_mov;A;15;15;REPARAR;
2026-06-30 15:25;NICK2;183053;12420;4831136;591312;6009683-008;1;0;1;sin_mov;A;4;4;REPARAR;
2026-06-30 17:21;NICK2;183058;12450;4812815;362970;BOLSA REAL;1;0;1;sin_mov;;583;;NO;insumo (bolsa/envío): se revisa aparte
2026-07-03 18:43;PAO1;11049;13015;4812816;600014;BOLSA CALZADOS;1;0;1;sin_mov;;995;;NO;insumo (bolsa/envío): se revisa aparte
2026-07-04 11:25;NICK2;183215;13058;4770704;16777;1014019302;1;0;1;sin_mov;A;13;13;REPARAR;
2026-07-06 19:29;NICK2;183334;13434;4827456;253794;601063430;1;0;1;sin_mov;A;56;56;REPARAR;
2026-07-07 17:41;PAO4;122265;13541;4821033;474272;HT3448;1;0;1;sin_mov;A;2;2;REPARAR;
2026-07-10 14:06;NICK2;183480;13932;4812815;362970;BOLSA REAL;1;0;1;sin_mov;;583;;NO;insumo (bolsa/envío): se revisa aparte
2026-07-11 16:00;NICK2;183562;14184;4831848;596470;009283628055;1;0;1;sin_mov;A;16;16;REPARAR;
2026-07-13 16:20;NICK2;183624;14371;4836028;605639;PELOTA TACA-TACA;1;0;1;sin_mov;A;0;0;NO;después de la venta el saldo llegó a 0 (< faltante 2): contradice, revisar a mano
2026-07-13 17:32;NICK2;183630;14391;4770697;16753;1014017913;1;0;1;sin_mov;A;11;11;REPARAR;
2026-07-17 13:20;NICK2;183760;14770;4797085;373252;CCAS-01;1;0;1;sin_mov;A;10;10;REPARAR;
2026-07-17 13:20;NICK2;183760;14770;4779092;519219;PH830;1;0;1;sin_mov;A;10;10;REPARAR;
2026-07-18 18:56;NICK2;183838;15050;4836383;606303;1014067909;1;0;1;sin_mov;A;17;17;REPARAR;
2026-07-21 12:19;NICK2;183892;15223;4812815;362970;BOLSA REAL;1;0;1;sin_mov;;583;;NO;insumo (bolsa/envío): se revisa aparte
2026-07-21 15:27;NICK2;183905;15262;4781506;16757;1014017920;1;0;1;sin_mov;A;31;31;REPARAR;
2026-07-22 12:37;NICK2;183924;15346;4812815;362970;BOLSA REAL;1;0;1;sin_mov;;583;;NO;insumo (bolsa/envío): se revisa aparte
2026-07-22 15:57;NICK2;183931;15385;4818337;474021;HRS-PR12;1;0;1;sin_mov;A;3;3;REPARAR;
2026-07-22 18:35;NICK2;183950;15436;4812815;362970;BOLSA REAL;1;0;1;sin_mov;;583;;NO;insumo (bolsa/envío): se revisa aparte
2026-07-31 12:34;PAO2;136440;16664;4795802;210989;481-8402;1;0;1;sin_mov;A;3;3;REPARAR;
2026-07-31 16:36;NICK2;184357;16760;4797083;372949;CAS-05B;1;0;1;sin_mov;A;2;2;REPARAR;
2026-08-01 11:43;NICK2;184392;16862;4836028;605639;PELOTA TACA-TACA;1;0;1;sin_mov;A;0;0;NO;después de la venta el saldo llegó a 0 (< faltante 2): contradice, revisar a mano
2026-08-01 12:49;NICK2;184409;16905;4812815;362970;BOLSA REAL;1;0;1;sin_mov;;583;;NO;insumo (bolsa/envío): se revisa aparte
2026-08-01 15:58;NICK2;184454;17028;4812815;362970;BOLSA REAL;1;0;1;sin_mov;;583;;NO;insumo (bolsa/envío): se revisa aparte
2026-08-01 16:53;NICK2;184458;17055;4775484;16827;1014029201;1;0;1;sin_mov;A;45;45;REPARAR;
2026-08-03 17:43;NICK2;184547;17343;4812815;362970;BOLSA REAL;1;0;1;sin_mov;;583;;NO;insumo (bolsa/envío): se revisa aparte
2026-08-04 18:22;NICK2;184601;17510;4812815;362970;BOLSA REAL;1;0;1;sin_mov;;583;;NO;insumo (bolsa/envío): se revisa aparte
2026-08-05 13:13;PAO4;122922;17600;4720611;553648;SX7673-901;1;0;1;sin_mov;A;21;21;REPARAR;
2026-08-08 16:35;PAO4;123059;18384;4790652;362948;BOLSA GENERO;1;0;1;sin_mov;;37;;NO;ya corregida con un ajuste posterior de la tienda
2026-08-10 15:55;NICK2;184967;18654;4760687;315430;9.55.15;1;0;1;sin_mov;A;72;72;REPARAR;
2026-08-10 19:18;NICK2;184980;18698;4812815;362970;BOLSA REAL;1;0;1;sin_mov;;583;;NO;insumo (bolsa/envío): se revisa aparte
2026-08-15 18:38;PAO4;123249;19439;4790652;362948;BOLSA GENERO;1;0;1;sin_mov;;37;;NO;ya corregida con un ajuste posterior de la tienda
2026-08-28 19:19;NICK2;185683;21286;4812815;362970;BOLSA REAL;1;0;1;sin_mov;;583;;NO;insumo (bolsa/envío): se revisa aparte
2026-08-29 16:44;PAO4;123637;21529;4790652;362948;BOLSA GENERO;1;0;1;sin_mov;;37;;NO;ya corregida con un ajuste posterior de la tienda
2026-08-31 12:19;NICK2;185812;21756;4812815;362970;BOLSA REAL;1;0;1;sin_mov;;583;;NO;insumo (bolsa/envío): se revisa aparte
2026-08-31 18:38;NICK2;185845;21917;4768357;89226;2-HY851;3;0;3;sin_mov;A;53;53;REPARAR;
2026-08-31 18:38;NICK2;185845;21917;4825332;557248;TIP007;6;0;6;sin_mov;A;231;231;REPARAR;
2026-08-31 18:41;NICK2;185846;21919;4812815;362970;BOLSA REAL;1;0;1;sin_mov;;583;;NO;insumo (bolsa/envío): se revisa aparte
2026-09-08 10:31;PAO4;124142;23816;4790652;362948;BOLSA GENERO;1;0;1;sin_mov;;37;;NO;ya corregida con un ajuste posterior de la tienda
2026-09-09 19:47;PAO4;124284;24436;4790652;362948;BOLSA GENERO;1;0;1;sin_mov;;37;;NO;ya corregida con un ajuste posterior de la tienda
2026-09-14 18:14;PAO4;124496;25454;4830556;595939;KC9631;1;0;1;sin_mov;A;1;1;REPARAR;
2026-09-17 13:01;PAO4;124626;26071;4828428;553459;SX7667-100;1;0;1;sin_mov;A;3;3;REPARAR;
2026-09-22 17:41;NICK2;186894;26637;4812815;362970;BOLSA REAL;1;0;1;sin_mov;;583;;NO;insumo (bolsa/envío): se revisa aparte
