articulo,productos_afectados,cat_antes(ids),cat_despues,especialidades,genero_migrado,accion
880355 10,7,24,Medias y Calcetines,,0,APPLY
880355 02,7,24,Medias y Calcetines,,0,APPLY
2220,3,105,Medias y Calcetines,,0,APPLY
3388,3,105,Medias y Calcetines,,0,APPLY
1024,4,105,Medias y Calcetines,,0,APPLY
4107,6,105,Medias y Calcetines,,0,APPLY
149340-BBK,6,23,Zapatillas,"urbano,negro",0,APPLY
5311,3,105,Medias y Calcetines,,0,APPLY
5840,3,105,Medias y Calcetines,,0,APPLY
6140,3,105,Medias y Calcetines,,0,APPLY
1063,2,105,Medias y Calcetines,,0,APPLY
6411,2,24;28,Medias y Calcetines,,0,APPLY
1083,2,105,Medias y Calcetines,,0,APPLY
906807 19,6,24,Medias y Calcetines,,0,APPLY
906978 62,7,24,Medias y Calcetines,,0,APPLY
2102,2,105,Medias y Calcetines,,0,APPLY
1085,3,105,Medias y Calcetines,,0,APPLY
880355 01,7,24,Medias y Calcetines,,0,APPLY
886454 01,7,24,Medias y Calcetines,,0,APPLY
886454 03,7,24,Medias y Calcetines,,0,APPLY
906807 01,7,24,Medias y Calcetines,,0,APPLY
906807 03,5,24,Medias y Calcetines,,0,APPLY
906807 12,7,24,Medias y Calcetines,,0,APPLY
906807 15,7,24,Medias y Calcetines,,0,APPLY
906807 59,7,24,Medias y Calcetines,,0,APPLY
906807 60,6,24,Medias y Calcetines,,0,APPLY
906807 61,6,24,Medias y Calcetines,,0,APPLY
906807 62,7,24,Medias y Calcetines,,0,APPLY
906930 01,6,24,Medias y Calcetines,,0,APPLY
906930 02,7,24,Medias y Calcetines,,0,APPLY
906978 16,7,24,Medias y Calcetines,,0,APPLY
906978 21,11,24,Medias y Calcetines,,0,APPLY
906978 32,7,24,Medias y Calcetines,,0,APPLY
906978 33,5,24,Medias y Calcetines,,0,APPLY
906978 64,7,24,Medias y Calcetines,,0,APPLY
906978 65,7,24,Medias y Calcetines,,0,APPLY
AH7345-801,1,23,Medias y Calcetines,,0,APPLY
GY0158,2,24,Medias y Calcetines,,0,APPLY
JM4755,2,105,Medias y Calcetines,,0,APPLY
MI35209,2,105,Medias y Calcetines,,0,APPLY
MI35212,2,105,Medias y Calcetines,,0,APPLY
303155N-PKMT,5,97,Zapatillas,urbano,0,APPLY
MENPHIS-20,3,32,Tacos,urbano,0,APPLY
PI-161097,1,32,Tacos,urbano,0,APPLY
PI-161099,2,32,Tacos,urbano,0,APPLY
SPAIN-1,1,32,Tacos,urbano,0,APPLY
SPAIN-2,4,32,Tacos,urbano,0,APPLY
2023-1,15,1,Zapatillas,urbano,0,APPLY
117-4,12,1,Zapatos de Vestir,vestir,0,APPLY
117-5,6,1,Zapatos de Vestir,vestir,0,APPLY
658-02,4,1,Zapatillas,urbano,0,APPLY
2023-3,5,1,Zapatillas,urbano,0,APPLY
7-OSCAR-11,6,2,Zapatillas,"urbano,vestir",0,APPLY
AZ254011155-022,2,1,Sandalias y Chalas,urbano,0,APPLY
AZ254011155-553,2,1,Sandalias y Chalas,urbano,0,APPLY
SPCCOMM001,2,1,Zapatillas,urbano,0,APPLY
AZ210011274,4,2,Sandalias y Chalas,"urbano,vestir",0,APPLY
H-190,5,1,Zapatillas,urbano,0,APPLY
SPCCOMM003,2,1,Zapatillas,urbano,0,APPLY
SPCCOMM006,2,1,Zapatillas,urbano,0,APPLY
H-186,5,1,Zapatillas,urbano,0,APPLY
36-PARATI-10,3,1,Zapatillas,urbano,0,APPLY
H-189,5,1,Zapatillas,urbano,0,APPLY
H-187,5,1,Zapatillas,urbano,0,APPLY
SPCOUNH023,2,1,Zapatillas,trekking,0,APPLY
7-DECO-11,3,2,Zapatillas,"urbano,vestir",0,APPLY
H-185,5,1,Zapatillas,urbano,0,APPLY
2712ST012010,2,98,Botas,"urbano,vestir",0,APPLY
321402,3,1,Zapatillas,urbano,0,APPLY
321802,5,1,Zapatillas,urbano,0,APPLY
322202,4,1,Zapatillas,urbano,0,APPLY
36-MATTER-20,2,2,Zapatillas,"urbano,vestir",0,APPLY
57-MONACO-1,4,1,Zapatillas,urbano,0,APPLY
7-WINDY-2,2,2,Zapatillas,"urbano,vestir",0,APPLY
5Y13-1A,4,86,Botas,,0,APPLY
180745-12,3,86,Botas,vestir,0,APPLY
5Y23-1,5,86,Botas,,0,APPLY
KC122A6030,3,1,Botas,,0,APPLY
KP042,6,1,Botines,,0,APPLY
MKICFW22005,2,86,Botas,,0,APPLY
373-0020,2,86,Botas,,2,APPLY
QM2032,4,86,Botas,,0,APPLY
180745-03,3,86,Botas,vestir,0,APPLY
KP031A60036,3,1,Botas,,0,APPLY
1-PLATAFORM30,4,86,Botas,vestir,0,APPLY
KN102A60036,3,1,Botas,,0,APPLY
KP212A60036,2,1,Botas,,0,APPLY
PF02542,6,1,Botas,,0,APPLY
9837,2,86,Botas,vestir,0,APPLY
BBACFW22005,2,86,Botas,,0,APPLY
KN102A60010,3,1,Botas,,0,APPLY
KP001A60010,3,1,Botas,,0,APPLY
KP022A60010,3,1,Botas,,0,APPLY
PF00449,8,1,Botas,,0,APPLY
PF036AP075,3,1,Botas,,0,APPLY
2203-11,2,86,Botas,,0,APPLY
275-0970,4,86,Botas,vestir,0,APPLY
WF00124,4,1,Botas,,0,APPLY
5Y13-21,2,86,Botas,,0,APPLY
KN102A60022,3,1,Botas,,0,APPLY
KP031A60010,3,1,Botas,,0,APPLY
KP112A6027B,2,1,Botas,,0,APPLY
PF036AP45B,3,1,Botas,,0,APPLY
PX018AP075-F,2,1,Botas,urbano,0,APPLY
2178.106.23580-15745,2,86,Botas,,0,APPLY
3091.104.27438-95611,2,86,Botas,,0,APPLY
20-DREW-2,4,86,Botas,,0,APPLY
38-DREAM-7,2,86,Botas,vestir,0,APPLY
BF07931,2,1,Botas,,0,APPLY
PA042A60672-F,2,1,Botas,urbano,0,APPLY
PE015A6004R-F,4,1,Botas,urbano,0,APPLY
2178.106.23580-35312,2,86,Botas,,0,APPLY
224-0311,3,86,Botas,vestir,0,APPLY
275-0817,4,86,Botas,vestir,0,APPLY
2839,2,86,Botas,vestir,0,APPLY
3091.104.27438-95609,2,86,Botas,,0,APPLY
38-DREAM-6,2,86,Botas,vestir,0,APPLY
4K47-1,3,86,Botas,,0,APPLY
WD05824,2,1,Botas,,0,APPLY
7-J246,2,86,Botas,,0,APPLY
KN111A60010,3,1,Botas,,0,APPLY
KP112A60036,2,1,Botas,,0,APPLY
MIACFW22007,2,86,Botas,,0,APPLY
MKACFW22011,3,86,Botas,,0,APPLY
21JS83,3,86,Botas,,0,APPLY
21JS88,3,86,Botas,,0,APPLY
275-2908,2,86,Botas,vestir,0,APPLY
2955,6,86,Botas,vestir,0,APPLY
2955 505,2,86,Botas,vestir,0,APPLY
2956 602,2,86,Botas,vestir,0,APPLY
2956 605,3,86,Botas,vestir,0,APPLY
3049.247.20081-15745,2,86,Botas,,0,APPLY
36-TRAFFA-50,2,86,Botas,,0,APPLY
38-FUSION-5,4,86,Botas,,0,APPLY
38-WEEK-1,2,86,Botas,,0,APPLY
WD041,3,1,Botines,,0,APPLY
WD073,4,1,Zapatillas,urbano,0,APPLY
WF00424,4,1,Botas,,0,APPLY
WF03624,2,1,Botas,,0,APPLY
YZR-52,4,86,Botas,,0,APPLY
984002,4,86,Botas,vestir,0,APPLY
984008,3,86,Botas,vestir,0,APPLY
PH251AP016,1,1,Botas,urbano,0,APPLY
PL220SU08A,1,1,Botas,urbano,0,APPLY
PL227APOFO,1,1,Botas,urbano,0,APPLY
PM256AP04R,1,1,Botas,urbano,0,APPLY
PQ203AP04R,1,1,Botas,urbano,0,APPLY
PQ205AP04R,1,1,Botas,urbano,0,APPLY
PS214APOPT,1,1,Botas,urbano,0,APPLY
PX028S7003-F6,1,1,Botas,urbano,0,APPLY
PV049A60COG-F,2,1,Botas,,0,APPLY
PV008APA04-F6,1,1,Botas,urbano,0,APPLY
KN033,4,1,Botines,,0,APPLY
8-TANDA-200,2,86,Botas,vestir,0,APPLY
983705,2,86,Botas,vestir,0,APPLY
983711,2,86,Botas,vestir,0,APPLY
983811,2,86,Botas,vestir,0,APPLY
CRICFW22007,2,86,Botas,,0,APPLY
HKICFW22003,2,86,Botas,,0,APPLY
HKICFW22004,2,86,Botas,,0,APPLY
KA172A60022,3,1,Botas,,0,APPLY
KA172A6030B,3,1,Botas,,0,APPLY
KN111A60036,3,1,Botas,,0,APPLY
MKACFW22015,2,86,Botas,,0,APPLY
PA0030A8BLU-F,2,1,Botas,urbano,0,APPLY
PA003AP04R-F,3,1,Botas,urbano,0,APPLY
PA004,1,1,Zapatillas,urbano,0,APPLY
PA026A60NAV-F,3,1,Botas,urbano,0,APPLY
PA030A80A94-F,2,1,Botas,urbano,0,APPLY
PA030AP016-F,1,1,Botas,urbano,0,APPLY
PA042A6008A-F,2,1,Botas,urbano,0,APPLY
PA043A6008A-F,2,1,Botas,urbano,0,APPLY
PA050APO4R-F,1,1,Botas,urbano,0,APPLY
PA050APO4R-F6,2,1,Botas,urbano,0,APPLY
PA050APOPT-F6,2,1,Botas,urbano,0,APPLY
PA063A60NAV-F,3,1,Botas,urbano,0,APPLY
PA064A6024B-F,3,1,Botas,urbano,0,APPLY
PA064A60NAV-F,2,1,Botas,urbano,0,APPLY
PD023,1,1,Zapatos de Vestir,urbano,0,APPLY
PD041A60075-F,2,1,Botas,urbano,0,APPLY
PD042A6046B,2,1,Botas,,0,APPLY
PD042A60A94-F,3,1,Botas,urbano,0,APPLY
PD042A60NAV,3,1,Botas,,0,APPLY
PD045A60075-F,2,1,Botas,,0,APPLY
PD045A60672-F,2,1,Botas,,0,APPLY
PD061A6008A-F,2,1,Botas,urbano,0,APPLY
PE008A60672-F,3,1,Botas,,0,APPLY
PE008A60NAV-F,4,1,Botas,,0,APPLY
PE015,1,1,Zapatillas,urbano,0,APPLY
PE019A600K7-F,3,1,Botas,urbano,0,APPLY
PE019A600PT-F,3,1,Botas,urbano,0,APPLY
PF00856,2,1,Botas,,0,APPLY
PM256AA6002X-F,3,1,Botas,urbano,0,APPLY
PM256AA6004R-F,3,1,Botas,urbano,0,APPLY
PM256AAP016-F,1,1,Botas,urbano,0,APPLY
PM256AAP016-F6,2,1,Botas,urbano,0,APPLY
PM256AAP04R,1,1,Botas,urbano,0,APPLY
PM256AAP04R-F6,1,1,Botas,urbano,0,APPLY
PM256AAP075-F6,2,1,Botas,urbano,0,APPLY
PQ212AP04R,1,1,Botas,urbano,0,APPLY
PQ226APA04,2,1,Botas,urbano,0,APPLY
PS216APOK7,2,1,Botas,urbano,0,APPLY
PV014AP04R,2,1,Botas,urbano,0,APPLY
PV022AP075-F6,2,1,Botas,urbano,0,APPLY
PV055A60010,3,1,Botas,,0,APPLY
PW010AP0K7,2,1,Botas,urbano,0,APPLY
PW012AC04RF,1,1,Botas,urbano,0,APPLY
PW036AP04R,2,1,Botas,urbano,0,APPLY
PW036AP075,1,1,Botas,urbano,0,APPLY
PX002AP04R-F6,3,1,Botas,urbano,0,APPLY
PX018AP04R-F6,1,1,Botas,urbano,0,APPLY
PX018AP075-F6,2,1,Botas,urbano,0,APPLY
PX019APOPT-F6,2,1,Botas,urbano,0,APPLY
2002,4,7;56;64,Zapatos de Vestir,oficial,0,APPLY
0330,7,1,Pantuflas,descanso,0,APPLY
307-02,4,1,Pantuflas,descanso,0,APPLY
307-16,3,1,Pantuflas,descanso,0,APPLY
108-00,2,1,Pantuflas,descanso,0,APPLY
171,4,1,Pantuflas,descanso,0,APPLY
1000000,1,1,Pantuflas,descanso,0,APPLY
50000,1,1,Pantuflas,descanso,0,APPLY
108-02,2,1,Pantuflas,descanso,0,APPLY
AZ210011348-C91,3,1,Sandalias y Chalas,urbano,0,APPLY
AZ210011344-033,3,1,Sandalias y Chalas,urbano,0,APPLY
AZ210011348-411,3,1,Sandalias y Chalas,urbano,0,APPLY
AZ210011338-P07,6,1,Sandalias y Chalas,urbano,0,APPLY
AZ210011344-411,3,1,Sandalias y Chalas,urbano,0,APPLY
AZ210011196-411,3,1,Sandalias y Chalas,urbano,0,APPLY
AZ210011353-411,2,1,Sandalias y Chalas,urbano,0,APPLY
AZ210011108-411,2,1,Sandalias y Chalas,urbano,0,APPLY
AZ210011353-756,2,1,Sandalias y Chalas,urbano,0,APPLY
AZ210011349-411,2,1,Sandalias y Chalas,urbano,0,APPLY
AZ210011323-764,2,1,Sandalias y Chalas,urbano,0,APPLY
AZ210011383-411,2,1,Sandalias y Chalas,urbano,0,APPLY
AZ54011251-NR0,2,1,Sandalias y Chalas,urbano,0,APPLY
281-9983,4,1,Sandalias y Chalas,urbano,0,APPLY
AZ210011383-PAT,2,1,Sandalias y Chalas,urbano,0,APPLY
AZ210011303-520,3,1,Sandalias y Chalas,urbano,0,APPLY
381-5735,4,1,Sandalias y Chalas,urbano,0,APPLY
AZ210011302-N17,2,1,Sandalias y Chalas,urbano,0,APPLY
181-9983,5,1,Sandalias y Chalas,urbano,0,APPLY
AZ210011323-411,2,1,Sandalias y Chalas,urbano,0,APPLY
AZ29301141-GNC,2,1,Sandalias y Chalas,urbano,0,APPLY
AZ210011302-411,3,1,Sandalias y Chalas,urbano,0,APPLY
AZ210011306-411,3,1,Sandalias y Chalas,urbano,0,APPLY
AZ210011338-411,2,1,Sandalias y Chalas,urbano,0,APPLY
281-6730,2,1,Sandalias y Chalas,urbano,0,APPLY
AZ254011275-411,2,1,Sandalias y Chalas,urbano,0,APPLY
GHEZ,6,1,Sandalias y Chalas,urbano,0,APPLY
AZ210011337-520,2,1,Sandalias y Chalas,urbano,0,APPLY
281-2983,4,1,Sandalias y Chalas,urbano,0,APPLY
AZ205011949-N11,3,1,Sandalias y Chalas,urbano,0,APPLY
AZ254011272-WAP,2,1,Sandalias y Chalas,urbano,0,APPLY
AZ210011289-XW1,2,1,Sandalias y Chalas,urbano,0,APPLY
AZ210011337-411,2,1,Sandalias y Chalas,urbano,0,APPLY
AZ254011172-085,2,1,Sandalias y Chalas,urbano,0,APPLY
AZ254011265-411,2,1,Sandalias y Chalas,urbano,0,APPLY
RF-03422,2,1,Botas,urbano,0,APPLY
281-5735,3,1,Sandalias y Chalas,urbano,0,APPLY
281-9735,2,1,Sandalias y Chalas,urbano,0,APPLY
AZ2050111117-1MX,2,1,Sandalias y Chalas,urbano,0,APPLY
AZ210011306-X21,3,1,Sandalias y Chalas,urbano,0,APPLY
AZ2050111145-411,2,1,Sandalias y Chalas,urbano,0,APPLY
AZ2050111145-520,2,1,Sandalias y Chalas,urbano,0,APPLY
AZ210011303-411,3,1,Sandalias y Chalas,urbano,0,APPLY
254-0222,2,1,Sandalias y Chalas,"urbano,oficial",0,APPLY
289-2166,2,1,Zapatillas,urbano,0,APPLY
301-1000,4,1,Sandalias y Chalas,urbano,0,APPLY
RF-08002,2,1,Sandalias y Chalas,urbano,0,APPLY
RF-08053,2,1,Sandalias y Chalas,urbano,0,APPLY
RF-08062,2,1,Sandalias y Chalas,urbano,0,APPLY
3311,1,1,Sandalias y Chalas,urbano,0,APPLY
332-0613,1,1,Sandalias y Chalas,urbano,0,APPLY
332-0020,1,1,Sandalias y Chalas,urbano,0,APPLY
332-0311,3,1,Sandalias y Chalas,urbano,0,APPLY
332-6012,1,1,Sandalias y Chalas,urbano,0,APPLY
384-0051,4,1,Danza,urbano,0,APPLY
384-0221,2,1,Danza,urbano,0,APPLY
384-0225,6,1,Danza,urbano,0,APPLY
WILHELM,3,1,Sandalias y Chalas,urbano,0,APPLY
ZM2001152112M,3,1,Sandalias y Chalas,urbano,0,APPLY
ZM2001162102M,5,1,Sandalias y Chalas,urbano,0,APPLY
ZM2001182102M,5,1,Sandalias y Chalas,urbano,0,APPLY
ZM2001232112M,5,1,Sandalias y Chalas,urbano,0,APPLY
ZM5362002102M,5,1,Sandalias y Chalas,urbano,0,APPLY
701-0343,1,1,Sandalias y Chalas,urbano,0,APPLY
731-6006,2,1,Sandalias y Chalas,urbano,0,APPLY
AZ254011272-411,2,1,Sandalias y Chalas,urbano,0,APPLY
181-2983,2,1,Sandalias y Chalas,urbano,0,APPLY
181-5735,3,1,Sandalias y Chalas,urbano,0,APPLY
181-6730,2,1,Sandalias y Chalas,urbano,0,APPLY
181-9730,2,1,Sandalias y Chalas,urbano,0,APPLY
181-9735,4,1,Sandalias y Chalas,urbano,0,APPLY
DUNNANT,6,1,Sandalias y Chalas,urbano,0,APPLY
ET4101419373,3,1,Sandalias y Chalas,urbano,0,APPLY
ET4101419460,2,1,Sandalias y Chalas,urbano,0,APPLY
ET4101419617,2,1,Sandalias y Chalas,urbano,0,APPLY
ET4101451602,2,1,Sandalias y Chalas,urbano,0,APPLY
GLUCK,3,1,Sandalias y Chalas,urbano,0,APPLY
MELANIE,2,1,Sandalias y Chalas,urbano,0,APPLY
729-5030,1,1,Sandalias y Chalas,urbano,0,APPLY
AZ210011133,2,1,Sandalias y Chalas,urbano,0,APPLY
AZ254011172-411,2,1,Sandalias y Chalas,urbano,0,APPLY
AZ254011172-553,2,1,Sandalias y Chalas,urbano,0,APPLY
RF-003060BGU,1,1,Sandalias y Chalas,urbano,0,APPLY
RF-003060MUS,1,1,Sandalias y Chalas,urbano,0,APPLY
RF-003060NGW,1,1,Sandalias y Chalas,urbano,0,APPLY
RF-003191BGE,1,1,Sandalias y Chalas,urbano,0,APPLY
RF-003191WHI,1,1,Sandalias y Chalas,urbano,0,APPLY
RF-003261BGM,1,1,Sandalias y Chalas,urbano,0,APPLY
RF-003261BTA,1,1,Sandalias y Chalas,urbano,0,APPLY
RF-003261BWE,1,1,Sandalias y Chalas,urbano,0,APPLY
RF-003261REW,1,1,Sandalias y Chalas,urbano,0,APPLY
RF-003261SKB,1,1,Sandalias y Chalas,urbano,0,APPLY
RF-003351BLA,1,1,Sandalias y Chalas,urbano,0,APPLY
RF-003351BRO,1,1,Sandalias y Chalas,urbano,0,APPLY
RF-003422BLA,1,1,Sandalias y Chalas,urbano,0,APPLY
RF-003422BRO,1,1,Sandalias y Chalas,urbano,0,APPLY
RF-003501BLA,1,1,Sandalias y Chalas,urbano,0,APPLY
RF-003501BRO,1,1,Sandalias y Chalas,urbano,0,APPLY
RF-003501GRE,1,1,Sandalias y Chalas,urbano,0,APPLY
RF-008002BLW,1,1,Sandalias y Chalas,urbano,0,APPLY
RF-008002MST,1,1,Sandalias y Chalas,urbano,0,APPLY
RF-008172BLA,1,1,Sandalias y Chalas,urbano,0,APPLY
RF-008172RED,1,1,Sandalias y Chalas,urbano,0,APPLY
RF-03113BRI,1,1,Sandalias y Chalas,urbano,0,APPLY
RF-03113SKY,1,1,Sandalias y Chalas,urbano,0,APPLY
RF-03123,1,1,Sandalias y Chalas,urbano,0,APPLY
RF-03134GR2,2,1,Sandalias y Chalas,urbano,0,APPLY
RF-03142BLA,1,1,Sandalias y Chalas,urbano,0,APPLY
RF-03213,3,1,Sandalias y Chalas,urbano,0,APPLY
RF-03261LTA,1,1,Sandalias y Chalas,urbano,0,APPLY
RF-03402RED,2,1,Sandalias y Chalas,urbano,0,APPLY
RF-03422BRO,1,1,Sandalias y Chalas,urbano,0,APPLY
RF-03422GRE,1,1,Sandalias y Chalas,urbano,0,APPLY
RF-03442,1,1,Sandalias y Chalas,urbano,0,APPLY
RF-03442BLA,1,1,Sandalias y Chalas,urbano,0,APPLY
RF-03442DES,1,1,Sandalias y Chalas,urbano,0,APPLY
RF-03442TAN,1,1,Sandalias y Chalas,urbano,0,APPLY
RF-03501BON,1,1,Sandalias y Chalas,urbano,0,APPLY
RF-03501GRE,1,1,Sandalias y Chalas,urbano,0,APPLY
RF003595BGU,2,1,Sandalias y Chalas,urbano,0,APPLY
RF03213CGR,2,1,Sandalias y Chalas,urbano,0,APPLY
ZVAUTHENTIC T,3,1,Zapatillas,urbano,0,APPLY
731-0006,2,1,Sandalias y Chalas,urbano,0,APPLY
RF-03053BLA,1,1,Sandalias y Chalas,urbano,0,APPLY
RF-03053BOB,1,1,Sandalias y Chalas,urbano,0,APPLY
281-9730,3,1,Sandalias y Chalas,urbano,0,APPLY
731-0051,2,1,Sandalias y Chalas,urbano,0,APPLY
AZ2050111117-411,3,1,Sandalias y Chalas,urbano,0,APPLY
AZ205011949-645,2,1,Sandalias y Chalas,urbano,0,APPLY
AZ210011150-411,3,1,Sandalias y Chalas,urbano,0,APPLY
AZ210011153-411,2,1,Sandalias y Chalas,urbano,0,APPLY
AZ210011216-033,2,1,Sandalias y Chalas,urbano,0,APPLY
AZ254011220-411,3,1,Sandalias y Chalas,urbano,0,APPLY
AZ254011260-411,2,1,Sandalias y Chalas,urbano,0,APPLY
ELINOR,4,1,Sandalias y Chalas,urbano,0,APPLY
ET4101419465,1,1,Sandalias y Chalas,urbano,0,APPLY
ET4101419979,1,1,Sandalias y Chalas,urbano,0,APPLY
LESSING,5,1,Sandalias y Chalas,urbano,0,APPLY
LOUISE,2,1,Sandalias y Chalas,urbano,0,APPLY
MOC,4,1,Mocasines,urbano,0,APPLY
RF-03142NAV,1,1,Sandalias y Chalas,urbano,0,APPLY
RFOA2X,1,1,Sandalias y Chalas,urbano,0,APPLY
RFOA2XM,1,1,Sandalias y Chalas,urbano,0,APPLY
RFOA2XMT,1,1,Sandalias y Chalas,urbano,0,APPLY
SABATIER,2,1,Sandalias y Chalas,urbano,0,APPLY
A16534C-001,4,1,Zapatillas,urbano,0,APPLY
168816C-001,3,1,Zapatillas,urbano,0,APPLY
A01716C-001,3,1,Zapatillas,urbano,0,APPLY
A00983C-014,5,1,Zapatillas,urbano,0,APPLY
166800C-001,5,1,Zapatillas,urbano,0,APPLY
166799C-102,4,1,Zapatillas,urbano,0,APPLY
A18961C-004,3,1,Zapatillas,urbano,0,APPLY
A10548C-053,3,1,Zapatillas,urbano,0,APPLY
168817C-102,4,1,Zapatillas,urbano,0,APPLY
A18960C-050,3,1,Zapatillas,urbano,0,APPLY
A10749C-403,3,1,Zapatillas,urbano,0,APPLY
768884C-427,2,1,Zapatillas,urbano,0,APPLY
561681C-001,2,1,Zapatillas,urbano,0,APPLY
672776C-102,4,1,Zapatillas,urbano,0,APPLY
A10547C-001,4,1,Zapatillas,urbano,0,APPLY
151041C-001,3,1,Zapatillas,urbano,0,APPLY
A10740C-001,3,1,Zapatillas,urbano,0,APPLY
A13378C-001,3,1,Zapatillas,urbano,0,APPLY
560845C-001,3,1,Zapatillas,urbano,0,APPLY
A00982C-400,4,1,Zapatillas,urbano,0,APPLY
772777C-496,6,1,Zapatillas,urbano,0,APPLY
A10392C-001,3,1,Zapatillas,urbano,0,APPLY
560250C-001,4,1,Zapatillas,urbano,0,APPLY
A10745C-403,3,1,Zapatillas,urbano,0,APPLY
A12975C-001,2,1,Zapatillas,urbano,0,APPLY
A12976C-102,2,1,Zapatillas,urbano,0,APPLY
A12528C-400,2,1,Zapatillas,urbano,0,APPLY
A01069C-001,3,1,Zapatillas,urbano,0,APPLY
A02818C-001,3,1,Zapatillas,urbano,0,APPLY
A06391C-452,3,1,Zapatillas,urbano,0,APPLY
A12332C-001,2,1,Zapatillas,urbano,0,APPLY
135253C-001,3,1,Zapatillas,urbano,0,APPLY
A15490C-001,2,1,Zapatillas,urbano,0,APPLY
A19335C-642,2,1,Zapatillas,urbano,0,APPLY
560251C-102,5,1,Zapatillas,urbano,0,APPLY
672775C-496,5,1,Zapatillas,urbano,0,APPLY
A15868C-001,2,1,Zapatillas,urbano,0,APPLY
A05218C-103,2,1,Zapatillas,urbano,0,APPLY
A08409C-508,2,1,Zapatillas,urbano,0,APPLY
A10385C-001,2,1,Zapatillas,urbano,0,APPLY
768426C-030,4,1,Zapatillas,urbano,0,APPLY
A08410C-508,3,1,Zapatillas,urbano,0,APPLY
A13077C-001,2,1,Zapatillas,urbano,0,APPLY
A15109C-001,2,1,Zapatillas,urbano,0,APPLY
A17682C-001,2,1,Zapatillas,urbano,0,APPLY
A19334C-483,2,1,Zapatillas,urbano,0,APPLY
A03228C-001,4,1,Zapatillas,urbano,0,APPLY
A04578C-102,3,1,Zapatillas,urbano,0,APPLY
A06390C-452,4,1,Zapatillas,urbano,0,APPLY
561680C-102,4,1,Zapatillas,urbano,0,APPLY
A04292C-007,2,1,Zapatillas,urbano,0,APPLY
763532C-001,7,1,Zapatillas,urbano,0,APPLY
A04577C-472,4,1,Zapatillas,urbano,0,APPLY
372836C-021,5,1,Zapatillas,urbano,0,APPLY
A01665C-001,4,1,Zapatillas,urbano,0,APPLY
A04826C-001,3,1,Zapatillas,urbano,0,APPLY
A12751C-001,2,1,Zapatillas,urbano,0,APPLY
A08862C-001,2,1,Zapatillas,urbano,0,APPLY
560846C-102,2,1,Zapatillas,urbano,0,APPLY
771508C-465,3,1,Zapatillas,urbano,0,APPLY
772764C-001,3,1,Zapatillas,urbano,0,APPLY
A02823C-102,3,1,Zapatillas,urbano,0,APPLY
A06310C-102,4,1,Zapatillas,urbano,0,APPLY
A08411C-410,3,1,Zapatillas,urbano,0,APPLY
A03834C-001,4,1,Zapatillas,urbano,0,APPLY
172799C-001,3,1,Zapatillas,urbano,0,APPLY
A01779C-001,3,1,Zapatillas,urbano,0,APPLY
665101C-651,3,1,Zapatillas,urbano,0,APPLY
665356C-001,6,1,Zapatillas,urbano,0,APPLY
A00805C-001,2,1,Zapatillas,urbano,0,APPLY
A02817C-084,4,1,Zapatillas,urbano,0,APPLY
372884C-102,2,1,Zapatillas,urbano,0,APPLY
663608C-001,6,1,Zapatillas,urbano,0,APPLY
A00809C-102,4,1,Zapatillas,urbano,0,APPLY
170082C-001,2,1,Zapatillas,urbano,0,APPLY
172800C-030,6,1,Zapatillas,urbano,0,APPLY
172893C-536,2,1,Zapatillas,urbano,0,APPLY
132173C-100,2,1,Zapatillas,urbano,0,APPLY
132174C-001,2,1,Zapatillas,urbano,0,APPLY
A03704C-001,6,1,Zapatillas,urbano,0,APPLY
671513C-001,5,1,Zapatillas,urbano,0,APPLY
671516C-322,4,1,Zapatillas,urbano,0,APPLY
672765C-021,5,1,Zapatillas,urbano,0,APPLY
768469C-543,4,1,Zapatillas,urbano,0,APPLY
771468C-685,2,1,Zapatillas,urbano,0,APPLY
771532C-102,4,1,Zapatillas,urbano,0,APPLY
771543C-001,3,1,Zapatillas,urbano,0,APPLY
772790C-102,5,1,Zapatillas,urbano,0,APPLY
865157C-102,3,1,Zapatillas,urbano,0,APPLY
A02820C-001,3,1,Zapatillas,urbano,0,APPLY
A02830C-001,5,1,Zapatillas,urbano,0,APPLY
A03705C-102,3,1,Zapatillas,urbano,0,APPLY
A04357C-102,3,1,Zapatillas,urbano,0,APPLY
A04688C-286,2,1,Zapatillas,urbano,0,APPLY
A11457C-403,3,1,Zapatillas,urbano,0,APPLY
A13787C-103,3,1,Zapatillas,urbano,0,APPLY
271716C-001,3,1,Zapatillas,urbano,0,APPLY
372837C-102,5,1,Zapatillas,urbano,0,APPLY
159627C-001,6,1,Zapatillas,urbano,0,APPLY
A02796C-001,4,1,Zapatillas,urbano,0,APPLY
170956C-102,3,1,Zapatillas,urbano,0,APPLY
172644C-102,2,1,Zapatillas,urbano,0,APPLY
172658C-281,2,1,Zapatillas,urbano,0,APPLY
A06508C-674,2,1,Zapatillas,urbano,0,APPLY
568497C-001,4,1,Zapatillas,urbano,0,APPLY
666917C-001,4,1,Zapatillas,urbano,0,APPLY
668422C-467,4,1,Zapatillas,urbano,0,APPLY
668472C-079,2,1,Zapatillas,urbano,0,APPLY
668475C-102,4,1,Zapatillas,urbano,0,APPLY
671507C-465,5,1,Zapatillas,urbano,0,APPLY
671531C-001,6,1,Zapatillas,urbano,0,APPLY
672762C-001,4,1,Zapatillas,urbano,0,APPLY
747692C-050,2,1,Zapatillas,urbano,0,APPLY
761945C-472,2,1,Zapatillas,urbano,0,APPLY
771514C-001,3,1,Zapatillas,urbano,0,APPLY
771534C-102,5,1,Zapatillas,urbano,0,APPLY
771544C-689,2,1,Zapatillas,urbano,0,APPLY
A00808C-467,3,1,Zapatillas,urbano,0,APPLY
A01168C-102,3,1,Zapatillas,urbano,0,APPLY
A01778C-102,2,1,Zapatillas,urbano,0,APPLY
A02853C-001,2,1,Zapatillas,urbano,0,APPLY
A05222C-103,4,1,Zapatillas,urbano,0,APPLY
A13376C-095,2,1,Zapatillas,urbano,0,APPLY
2178,1,1,Zapatillas,urbano,0,APPLY
2180,1,63,Zapatillas,urbano,0,APPLY
249,2,1;63,Zapatillas,urbano,0,APPLY
2499,1,1,Zapatillas,urbano,0,APPLY
261,3,7;14;63,Zapatillas,urbano,0,APPLY
2924,1,1,Zapatillas,urbano,0,APPLY
530074C-C005,1,1,Zapatillas,urbano,0,APPLY
742931C-050,1,1,Zapatillas,urbano,0,APPLY
647686C-050,1,1,Zapatillas,urbano,0,APPLY
647690C-400,1,1,Zapatillas,urbano,0,APPLY
751873C-606,3,1,Zapatillas,urbano,0,APPLY
344239C-001,2,1,Zapatillas,urbano,0,APPLY
3488,2,1;7,Zapatillas,urbano,0,APPLY
3497,1,1,Zapatillas,urbano,0,APPLY
3501,2,1;2,Zapatillas,urbano,0,APPLY
3578,1,1,Zapatillas,urbano,0,APPLY
359786C-001,2,1,Zapatillas,urbano,0,APPLY
359796C-102,1,1,Zapatillas,urbano,0,APPLY
361818C-001,1,1,Zapatillas,urbano,0,APPLY
361819C-628,1,1,Zapatillas,urbano,0,APPLY
366983C-102,3,1,Zapatillas,urbano,0,APPLY
3707,1,63,Zapatillas,urbano,0,APPLY
372835C-050,2,1,Zapatillas,urbano,0,APPLY
3759,4,1;63,Zapatillas,urbano,0,APPLY
3895,1,1,Zapatillas,urbano,0,APPLY
3901,2,1;19,Zapatillas,urbano,0,APPLY
142102C-050,1,1,Zapatillas,urbano,0,APPLY
3937,1,1,Zapatillas,urbano,0,APPLY
142105C-001,1,1,Zapatillas,urbano,0,APPLY
142106C-236,1,1,Zapatillas,urbano,0,APPLY
142107C-064,1,1,Zapatillas,urbano,0,APPLY
142111C-261,1,1,Zapatillas,urbano,0,APPLY
142112C-001,1,1,Zapatillas,urbano,0,APPLY
14211C-001,1,1,Zapatillas,urbano,0,APPLY
142728C-001,1,1,Zapatillas,urbano,0,APPLY
142736C-001,1,1,Zapatillas,urbano,0,APPLY
142737C-020,1,1,Zapatillas,urbano,0,APPLY
142739C-020,1,1,Zapatillas,urbano,0,APPLY
142740C-001,1,1,Zapatillas,urbano,0,APPLY
142741C-020,1,1,Zapatillas,urbano,0,APPLY
142750C-001,1,1,Zapatillas,urbano,0,APPLY
142774C-020,1,1,Zapatillas,urbano,0,APPLY
4080,2,2;63,Zapatillas,urbano,0,APPLY
4209,1,1,Zapatillas,urbano,0,APPLY
663648C-001,4,1,Zapatillas,urbano,0,APPLY
111273-BW,1,1,Zapatillas,urbano,0,APPLY
666897C-467,6,1,Zapatillas,urbano,0,APPLY
666942C-467,5,1,Zapatillas,urbano,0,APPLY
148389C-021,1,1,Zapatillas,urbano,0,APPLY
511528-BW,1,1,Zapatillas,urbano,0,APPLY
525457C-WAN,1,1,Zapatillas,urbano,0,APPLY
532064C-001,1,1,Zapatillas,urbano,0,APPLY
537070C-476,1,1,Zapatillas,urbano,0,APPLY
537103C-410,1,1,Zapatillas,urbano,0,APPLY
542620C-010,1,1,Zapatillas,urbano,0,APPLY
A13318C-102,3,1,Zapatillas,urbano,0,APPLY
581,1,63,Zapatillas,urbano,0,APPLY
132175C-C010,1,1,Zapatillas,urbano,0,APPLY
622,3,1;11;63,Zapatillas,urbano,0,APPLY
626041C-BKCH,1,1,Zapatillas,urbano,0,APPLY
630325C-C622,1,1,Zapatillas,urbano,0,APPLY
642845C-020,1,1,Zapatillas,urbano,0,APPLY
642847C-476,1,1,Zapatillas,urbano,0,APPLY
642850C-236,1,1,Zapatillas,urbano,0,APPLY
642891C-001,1,1,Zapatillas,urbano,0,APPLY
642921C-478,1,1,Zapatillas,urbano,0,APPLY
642922C-060,1,1,Zapatillas,urbano,0,APPLY
642926C-050,1,1,Zapatillas,urbano,0,APPLY
642927C-430,1,1,Zapatillas,urbano,0,APPLY
642930C-010,1,1,Zapatillas,urbano,0,APPLY
642931C-050,1,1,Zapatillas,urbano,0,APPLY
642931C-051,1,1,Zapatillas,urbano,0,APPLY
642933C-001,1,1,Zapatillas,urbano,0,APPLY
642934C-050,1,1,Zapatillas,urbano,0,APPLY
642935C-476,1,1,Zapatillas,urbano,0,APPLY
642936C-046,1,1,Zapatillas,urbano,0,APPLY
647643C-685,1,1,Zapatillas,urbano,0,APPLY
647684C-600,1,1,Zapatillas,urbano,0,APPLY
647685C-001,1,1,Zapatillas,urbano,0,APPLY
647687C-600,1,1,Zapatillas,urbano,0,APPLY
647688C-020,1,1,Zapatillas,urbano,0,APPLY
647689C-020,1,1,Zapatillas,urbano,0,APPLY
647696C-686,1,1,Zapatillas,urbano,0,APPLY
647698C-469,2,1,Zapatillas,urbano,0,APPLY
647701C-686,1,1,Zapatillas,urbano,0,APPLY
647712C-010,1,1,Zapatillas,urbano,0,APPLY
647713C-100,1,1,Zapatillas,urbano,0,APPLY
139951C-600,1,1,Zapatillas,urbano,0,APPLY
661893C-478,2,1,Zapatillas,urbano,0,APPLY
661908C-001,2,1,Zapatillas,urbano,0,APPLY
661909C-613,1,1,Zapatillas,urbano,0,APPLY
661927C-426,2,1,Zapatillas,urbano,0,APPLY
661926C-366,1,1,Zapatillas,urbano,0,APPLY
667095C-467,5,1,Zapatillas,urbano,0,APPLY
668471C-623,3,1,Zapatillas,urbano,0,APPLY
670731C-471,3,1,Zapatillas,urbano,0,APPLY
6957,1,1,Zapatillas,urbano,0,APPLY
6975,1,1,Zapatillas,urbano,0,APPLY
116515-WHVA,1,1,Zapatillas,urbano,0,APPLY
116516-BLKVA,1,1,Zapatillas,urbano,0,APPLY
116517-VAR,1,1,Zapatillas,urbano,0,APPLY
117118-WAS,1,1,Zapatillas,urbano,0,APPLY
7022,1,1,Zapatillas,urbano,0,APPLY
7024,1,63,Zapatillas,urbano,0,APPLY
7039,2,1;63,Zapatillas,urbano,0,APPLY
7114,1,1,Zapatillas,urbano,0,APPLY
7117,1,1,Zapatillas,urbano,0,APPLY
7145,1,1,Zapatillas,urbano,0,APPLY
7233,1,1,Zapatillas,urbano,0,APPLY
121727-CLOG,1,1,Zapatillas,urbano,0,APPLY
741390C-027,1,1,Zapatillas,urbano,0,APPLY
741391C-199,1,1,Zapatillas,urbano,0,APPLY
742930C-010,1,1,Zapatillas,urbano,0,APPLY
742929C-001,2,1,Zapatillas,urbano,0,APPLY
747132C-650,1,1,Zapatillas,urbano,0,APPLY
747133C-457,1,1,Zapatillas,urbano,0,APPLY
747684C-001,1,1,Zapatillas,urbano,0,APPLY
747685C-001,1,1,Zapatillas,urbano,0,APPLY
747689C-260,1,1,Zapatillas,urbano,0,APPLY
747756C-050,2,1,Zapatillas,urbano,0,APPLY
747758C-020,1,1,Zapatillas,urbano,0,APPLY
7507,1,1,Zapatillas,urbano,0,APPLY
751822C-071,1,1,Zapatillas,urbano,0,APPLY
761967C-668,2,1,Zapatillas,urbano,0,APPLY
761972C-400,4,1,Zapatillas,urbano,0,APPLY
761973C-039,2,1,Zapatillas,urbano,0,APPLY
7636,1,1,Zapatillas,urbano,0,APPLY
7661,1,1,Zapatillas,urbano,0,APPLY
7670,1,1,Zapatillas,urbano,0,APPLY
767213C-001,4,1,Zapatillas,urbano,0,APPLY
7741,2,1,Zapatillas,urbano,0,APPLY
7742,1,1,Zapatillas,urbano,0,APPLY
7743,1,1,Zapatillas,urbano,0,APPLY
772789C-021,5,1,Zapatillas,urbano,0,APPLY
108737-BW,1,1,Zapatillas,urbano,0,APPLY
108739-WB,1,1,Zapatillas,urbano,0,APPLY
8346,1,1,Zapatillas,urbano,0,APPLY
8348,1,63,Zapatillas,urbano,0,APPLY
111274-WB,2,1,Zapatillas,urbano,0,APPLY
159628C-102,6,1,Zapatillas,urbano,0,APPLY
113449-BW,1,1,Zapatillas,urbano,0,APPLY
113831-BLMI,1,1,Zapatillas,urbano,0,APPLY
113936-BLK,1,1,Zapatillas,urbano,0,APPLY
663605C-102,10,1,Zapatillas,urbano,0,APPLY
8820,1,63,Zapatillas,urbano,0,APPLY
125326C-BLK,1,1,Zapatillas,urbano,0,APPLY
765104C-651,3,1,Zapatillas,urbano,0,APPLY
941,1,1,Zapatillas,urbano,0,APPLY
962,2,1;2,Zapatillas,urbano,0,APPLY
971,2,1;38,Zapatillas,urbano,0,APPLY
161467C-613,1,1,Zapatillas,urbano,0,APPLY
161473C-001,2,1,Zapatillas,urbano,0,APPLY
161515C-001,1,1,Zapatillas,urbano,0,APPLY
161599C-001,3,1,Zapatillas,urbano,0,APPLY
161600C-410,2,1,Zapatillas,urbano,0,APPLY
161604C-628,2,1,Zapatillas,urbano,0,APPLY
161605C-322,2,1,Zapatillas,urbano,0,APPLY
161607C-048,2,1,Zapatillas,urbano,0,APPLY
A03044C-102,2,1,Zapatillas,urbano,0,APPLY
A06629C-102,3,1,Zapatillas,urbano,0,APPLY
136911C-400,1,1,Zapatillas,urbano,0,APPLY
164890C-102,3,1,Zapatillas,urbano,0,APPLY
164891C-001,5,1,Zapatillas,urbano,0,APPLY
164895C-011,2,1,Zapatillas,urbano,0,APPLY
164896C-613,2,1,Zapatillas,urbano,0,APPLY
1649,1,1,Zapatillas,urbano,0,APPLY
165346-001,1,1,Zapatillas,urbano,0,APPLY
166738C-001,3,1,Zapatillas,urbano,0,APPLY
166945C-600,2,1,Zapatillas,urbano,0,APPLY
166946C-001,3,1,Zapatillas,urbano,0,APPLY
166969C-001,3,1,Zapatillas,urbano,0,APPLY
166980C-600,2,1,Zapatillas,urbano,0,APPLY
166981C-001,1,1,Zapatillas,urbano,0,APPLY
167008C-001,2,1,Zapatillas,urbano,0,APPLY
167009C-400,2,1,Zapatillas,urbano,0,APPLY
167010C-628,2,1,Zapatillas,urbano,0,APPLY
167011C-001,2,1,Zapatillas,urbano,0,APPLY
167081C-102,2,1,Zapatillas,urbano,0,APPLY
167082C-001,2,1,Zapatillas,urbano,0,APPLY
167123C-400,2,1,Zapatillas,urbano,0,APPLY
167195C-001,2,1,Zapatillas,urbano,0,APPLY
121752-BLK,1,1,Zapatillas,urbano,0,APPLY
167881C-001,2,1,Zapatillas,urbano,0,APPLY
168716C-467,4,1,Zapatillas,urbano,0,APPLY
168717C-001,2,1,Zapatillas,urbano,0,APPLY
168718C-020,2,1,Zapatillas,urbano,0,APPLY
168720C-001,5,1,Zapatillas,urbano,0,APPLY
168721C-102,3,1,Zapatillas,urbano,0,APPLY
168725C-001,3,1,Zapatillas,urbano,0,APPLY
168727C-805,3,1,Zapatillas,urbano,0,APPLY
168735C-001,2,1,Zapatillas,urbano,0,APPLY
168838C-048,2,1,Zapatillas,urbano,0,APPLY
170832C-001,2,1,Zapatillas,urbano,0,APPLY
170955C-001,3,1,Zapatillas,urbano,0,APPLY
171343C-021,2,1,Zapatillas,urbano,0,APPLY
171482C-471,3,1,Zapatillas,urbano,0,APPLY
171483C-360,4,1,Zapatillas,urbano,0,APPLY
171705C-102,2,1,Zapatillas,urbano,0,APPLY
125211C-TWHI,1,1,Zapatillas,urbano,0,APPLY
125212C-DKG,1,1,Zapatillas,urbano,0,APPLY
172643C-001,2,1,Zapatillas,urbano,0,APPLY
125227C-COF,1,1,Zapatillas,urbano,0,APPLY
125324C-CHL,1,1,Zapatillas,urbano,0,APPLY
172798C-001,6,1,Zapatillas,urbano,0,APPLY
125331C-OB,1,1,Zapatillas,urbano,0,APPLY
125332C-BKM,1,1,Zapatillas,urbano,0,APPLY
125351C-BLK,1,1,Zapatillas,urbano,0,APPLY
125380C-CGOL,1,1,Zapatillas,urbano,0,APPLY
125437-BC,1,1,Zapatillas,urbano,0,APPLY
125437C-BW,1,1,Zapatillas,urbano,0,APPLY
172801C-467,6,1,Zapatillas,urbano,0,APPLY
125440C-BKCH,1,1,Zapatillas,urbano,0,APPLY
125503C-SYC,1,1,Zapatillas,urbano,0,APPLY
129695C-C007,1,1,Zapatillas,urbano,0,APPLY
172905C-021,5,1,Zapatillas,urbano,0,APPLY
113831-BKMI,1,1,Zapatillas,urbano,0,APPLY
1873,1,1,Zapatillas,urbano,0,APPLY
1279,1,1,Zapatillas,urbano,0,APPLY
131616C-008,1,1,Zapatillas,urbano,0,APPLY
129679C-C022,1,1,Zapatillas,urbano,0,APPLY
129681C-C007,1,1,Zapatillas,urbano,0,APPLY
129699C-C008,1,1,Zapatillas,urbano,0,APPLY
129721C-C973,1,1,Zapatillas,urbano,0,APPLY
129875C-C020,1,1,Zapatillas,urbano,0,APPLY
129877C-C007,1,1,Zapatillas,urbano,0,APPLY
129878C-C087,1,1,Zapatillas,urbano,0,APPLY
129890C-C007,1,1,Zapatillas,urbano,0,APPLY
1999,3,1;63,Zapatillas,urbano,0,APPLY
130135C-C410,1,1,Zapatillas,urbano,0,APPLY
130136C-BLK,1,1,Zapatillas,urbano,0,APPLY
140105C-400,1,1,Zapatillas,urbano,0,APPLY
1J794C-010,2,1,Zapatillas,urbano,0,APPLY
1Q698-987,2,1,Zapatillas,urbano,0,APPLY
1Q699-BW,2,1,Zapatillas,urbano,0,APPLY
1S581-BLEA,1,1,Zapatillas,urbano,0,APPLY
125252C-WHT,1,1,Zapatillas,urbano,0,APPLY
129680C-C022,1,1,Zapatillas,urbano,0,APPLY
132052C-C342,1,1,Zapatillas,urbano,0,APPLY
132054C-021,1,1,Zapatillas,urbano,0,APPLY
132171C-C010,1,1,Zapatillas,urbano,0,APPLY
132469C-236,1,1,Zapatillas,urbano,0,APPLY
132470C-001,1,1,Zapatillas,urbano,0,APPLY
132764C-C410,1,1,Zapatillas,urbano,0,APPLY
132766C-202,1,1,Zapatillas,urbano,0,APPLY
132855C-032,1,1,Zapatillas,urbano,0,APPLY
135251C-001,2,1,Zapatillas,urbano,0,APPLY
136744C-001,1,1,Zapatillas,urbano,0,APPLY
136908C-450,1,1,Zapatillas,urbano,0,APPLY
136913C-001,1,1,Zapatillas,urbano,0,APPLY
137011C-001,1,1,Zapatillas,urbano,0,APPLY
137012C-010,1,1,Zapatillas,urbano,0,APPLY
137023C-046,1,1,Zapatillas,urbano,0,APPLY
136915C-342,1,1,Zapatillas,urbano,0,APPLY
132891C-021,1,1,Zapatillas,urbano,0,APPLY
132954C-971,1,1,Zapatillas,urbano,0,APPLY
132957C-022,1,1,Zapatillas,urbano,0,APPLY
132990C-C010,1,1,Zapatillas,urbano,0,APPLY
133028C-971,1,1,Zapatillas,urbano,0,APPLY
136580C-400,1,1,Zapatillas,urbano,0,APPLY
136583C-400,1,1,Zapatillas,urbano,0,APPLY
136585C-700,1,1,Zapatillas,urbano,0,APPLY
730116C-IROR,1,1,Zapatillas,urbano,0,APPLY
730123C-C400,1,1,Zapatillas,urbano,0,APPLY
751823C-606,2,1,Zapatillas,urbano,0,APPLY
3762,2,1;63,Zapatillas,urbano,0,APPLY
6422926C-050,1,1,Zapatillas,urbano,0,APPLY
765820C-001,4,1,Zapatillas,urbano,0,APPLY
771643C-001,5,1,Zapatillas,urbano,0,APPLY
8347,1,1,Zapatillas,urbano,0,APPLY
132799C-041,1,1,Zapatillas,urbano,0,APPLY
165432C-102,1,1,Zapatillas,urbano,0,APPLY
532279C-C410,1,1,Zapatillas,urbano,0,APPLY
561675C-001,3,1,Zapatillas,urbano,0,APPLY
561676C-102,2,1,Zapatillas,urbano,0,APPLY
562926C-001,2,1,Zapatillas,urbano,0,APPLY
56311C-102,3,1,Zapatillas,urbano,0,APPLY
565221C-523,2,1,Zapatillas,urbano,0,APPLY
565228C-001,2,1,Zapatillas,urbano,0,APPLY
565255C-001,2,1,Zapatillas,urbano,0,APPLY
566733C,1,1,Zapatillas,urbano,0,APPLY
566733C-102,2,1,Zapatillas,urbano,0,APPLY
567149C-001,2,1,Zapatillas,urbano,0,APPLY
568588C-040,2,1,Zapatillas,urbano,0,APPLY
5688890C-001,2,1,Zapatillas,urbano,0,APPLY
626093C-BLMO,2,1,Zapatillas,urbano,0,APPLY
647762C-010,1,1,Zapatillas,urbano,0,APPLY
661834C-668,1,1,Zapatillas,urbano,0,APPLY
661888C-020,3,1,Zapatillas,urbano,0,APPLY
661890C-039,2,1,Zapatillas,urbano,0,APPLY
661892C-322,2,1,Zapatillas,urbano,0,APPLY
663591C-001,4,1,Zapatillas,urbano,0,APPLY
663592C-603,2,1,Zapatillas,urbano,0,APPLY
663607C-467,2,1,Zapatillas,urbano,0,APPLY
663664C-426,1,1,Zapatillas,urbano,0,APPLY
663835C-001,2,1,Zapatillas,urbano,0,APPLY
665099C-651,3,1,Zapatillas,urbano,0,APPLY
665113C-001,2,1,Zapatillas,urbano,0,APPLY
665320C-523,2,1,Zapatillas,urbano,0,APPLY
665818C-001,2,1,Zapatillas,urbano,0,APPLY
6663648C-001,1,1,Zapatillas,urbano,0,APPLY
666941C-638,2,1,Zapatillas,urbano,0,APPLY
667094C-638,3,1,Zapatillas,urbano,0,APPLY
667212C-001,5,1,Zapatillas,urbano,0,APPLY
668423C-030,4,1,Zapatillas,urbano,0,APPLY
668439C-055,3,1,Zapatillas,urbano,0,APPLY
668466C-040,3,1,Zapatillas,urbano,0,APPLY
668467C-623,3,1,Zapatillas,urbano,0,APPLY
668885C-001,3,1,Zapatillas,urbano,0,APPLY
670732C-021,2,1,Zapatillas,urbano,0,APPLY
671515C-001,4,1,Zapatillas,urbano,0,APPLY
672766C-102,4,1,Zapatillas,urbano,0,APPLY
747131C-484,2,1,Zapatillas,urbano,0,APPLY
747681C-410,3,1,Zapatillas,urbano,0,APPLY
747686C-050,2,1,Zapatillas,urbano,0,APPLY
747691C-600,1,1,Zapatillas,urbano,0,APPLY
751823C-081,1,1,Zapatillas,urbano,0,APPLY
759792C-625,1,1,Zapatillas,urbano,0,APPLY
761963C-668,2,1,Zapatillas,urbano,0,APPLY
761992C-001,2,1,Zapatillas,urbano,0,APPLY
763524C-001,3,1,Zapatillas,urbano,0,APPLY
763525C-426,3,1,Zapatillas,urbano,0,APPLY
763526C-603,3,1,Zapatillas,urbano,0,APPLY
763528C-467,3,1,Zapatillas,urbano,0,APPLY
763562C-001,1,1,Zapatillas,urbano,0,APPLY
763563C-102,3,1,Zapatillas,urbano,0,APPLY
765103C-653,3,1,Zapatillas,urbano,0,APPLY
765318C-426,3,1,Zapatillas,urbano,0,APPLY
765359C-001,3,1,Zapatillas,urbano,0,APPLY
767184C-097,2,1,Zapatillas,urbano,0,APPLY
767185C-681,2,1,Zapatillas,urbano,0,APPLY
767186C-467,4,1,Zapatillas,urbano,0,APPLY
768440C-055,3,1,Zapatillas,urbano,0,APPLY
768470C-040,3,1,Zapatillas,urbano,0,APPLY
768477C-102,2,1,Zapatillas,urbano,0,APPLY
771589C-340,3,1,Zapatillas,urbano,0,APPLY
772788C-050,2,1,Zapatillas,urbano,0,APPLY
865156C-001,3,1,Zapatillas,urbano,0,APPLY
A00807C-001,2,1,Zapatillas,urbano,0,APPLY
A00984C-001,2,1,Zapatillas,urbano,0,APPLY
A01169C-001,5,1,Zapatillas,urbano,0,APPLY
A01425C-001,3,1,Zapatillas,urbano,0,APPLY
A01445C-053,4,1,Zapatillas,urbano,0,APPLY
A02824C-001,3,1,Zapatillas,urbano,0,APPLY
A02994C-001,3,1,Zapatillas,urbano,0,APPLY
A03669C-102,2,1,Zapatillas,urbano,0,APPLY
A04689C-001,2,1,Zapatillas,urbano,0,APPLY
A08258C-001,2,1,Zapatillas,urbano,0,APPLY
A08521C-001,2,1,Zapatillas,urbano,0,APPLY
73690-BLK,7,1,Zapatillas,urbano,0,APPLY
52458-BLK,6,1,Zapatillas,urbano,0,APPLY
303573L-BLK,5,1,Zapatillas,urbano,0,APPLY
303579N-PKLB,6,1,Zapatillas,urbano,0,APPLY
303557L-BLK,11,1,Zapatillas,urbano,0,APPLY
177291-BLK,5,1,Zapatillas,urbano,0,APPLY
155399-BLK,5,1,Zapatillas,urbano,0,APPLY
303981L-BKPK,8,1,Zapatillas,urbano,0,APPLY
019228,4,84,Zapatillas,baby,0,APPLY
155399-TPE,9,1,Zapatillas,urbano,0,APPLY
HM9862-001,3,1,Zapatillas,urbano,0,APPLY
HF6280-400,3,1,Zapatillas,basket,0,APPLY
310545L-WHT,6,1,Zapatillas,urbano,0,APPLY
73690-WHT,6,1,Zapatillas,urbano,0,APPLY
11949-WSL,11,1,Zapatillas,urbano,0,APPLY
310545L-BBK,6,1,Zapatillas,urbano,0,APPLY
386-6037,4,1,Zapatillas,urbano,0,APPLY
303557L-NVY,5,1,Zapatillas,urbano,0,APPLY
310451N-WHP,6,1,Zapatillas,urbano,0,APPLY
58363-BLK,7,1,Zapatillas,urbano,0,APPLY
303642L-BKMT,6,1,Zapatillas,urbano,0,APPLY
310286L-BLK,6,1,Zapatillas,urbano,0,APPLY
310286L-OFWT,5,1,Zapatillas,urbano,0,APPLY
HQ2312-005,3,1,Zapatillas,urbano,0,APPLY
386-6038,4,1,Zapatillas,urbano,0,APPLY
118155-BLK,5,1,Zapatillas,urbano,0,APPLY
303721L-NVMT,5,1,Zapatillas,urbano,0,APPLY
H-90,14,1,Zapatillas,urbano,0,APPLY
ID9156,5,1,Zapatillas,urbano,0,APPLY
117560-BBK,5,1,Zapatillas,"urbano,negro",0,APPLY
303258N-HPMT,6,1,Zapatillas,urbano,0,APPLY
100205100,6,1,Zapatillas,urbano,0,APPLY
400139N-BKRD,5,1,Zapatillas,urbano,0,APPLY
303573N-BLK,5,1,Zapatillas,urbano,0,APPLY
155399-WHT,4,1,Zapatillas,urbano,0,APPLY
73690-W,5,1,Zapatillas,urbano,0,APPLY
177291-WHT,5,1,Zapatillas,urbano,0,APPLY
FQ1833-001,3,1,Zapatillas,training,0,APPLY
303555L-BKLV,5,1,Zapatillas,urbano,0,APPLY
310387L-BKRG,5,1,Zapatillas,urbano,0,APPLY
117497-BLK,7,1,Zapatillas,urbano,0,APPLY
58363-CCBK,5,1,Zapatillas,urbano,0,APPLY
9028,35,5;46;63,Zapatos de Vestir,vestir,0,APPLY
177289-BBK,6,1,Zapatillas,"urbano,negro",0,APPLY
DX9176-100,7,1,Zapatillas,urbano,0,APPLY
303543L-BKLV,6,1,Zapatillas,urbano,0,APPLY
117560-WHT,5,1,Zapatillas,"urbano,blanco",0,APPLY
155196-BLK,6,1,Zapatillas,urbano,0,APPLY
404018L-BLK,5,1,Zapatillas,urbano,0,APPLY
JI2307,4,1,Zapatillas,urbano,0,APPLY
403908L-BKRD,6,1,Zapatillas,urbano,0,APPLY
117497-BBK,5,1,Zapatillas,urbano,0,APPLY
73690-LTDN,6,1,Zapatillas,urbano,0,APPLY
150384-BKRG,5,1,Zapatillas,urbano,0,APPLY
IH8585,6,1,Zapatillas,urbano,0,APPLY
403905N-RED,4,1,Zapatillas,urbano,0,APPLY
DV5457-106,3,1,Zapatillas,urbano,0,APPLY
100039101,8,1,Zapatillas,urbano,0,APPLY
405706L-BBK,4,1,Zapatillas,"running,negro",0,APPLY
11930-BKW,6,1,Zapatillas,urbano,0,APPLY
HF6280-001,3,1,Zapatillas,basket,0,APPLY
405638N-BKW,3,1,Zapatillas,urbano,0,APPLY
73690-BBK,5,1,Zapatillas,urbano,0,APPLY
303986L-BLK,5,1,Zapatillas,urbano,0,APPLY
310429L-WHP,5,1,Zapatillas,urbano,0,APPLY
HM9862-400,3,1,Zapatillas,urbano,0,APPLY
100205099,6,1,Zapatillas,urbano,0,APPLY
DV5457-113,6,1,Zapatillas,urbano,0,APPLY
100000118,4,1,Zapatillas,urbano,0,APPLY
403615L-BLK,6,1,Zapatillas,urbano,0,APPLY
303622L-BLK,5,1,Zapatillas,urbano,0,APPLY
405084L-BLK,5,1,Zapatillas,running,0,APPLY
303261L-NVMT,5,1,Zapatillas,urbano,0,APPLY
405095L-BKYL,6,1,Zapatillas,running,0,APPLY
405090L-BBK,5,1,Zapatillas,running,0,APPLY
58363-NVY,4,1,Zapatillas,urbano,0,APPLY
381-9787,5,1,Zapatillas,urbano,0,APPLY
403916L-BLK,5,1,Zapatillas,urbano,0,APPLY
DV5457-600,6,1,Zapatillas,urbano,0,APPLY
303258N-LVMT,5,1,Zapatillas,urbano,0,APPLY
999341-BBK,6,1,Zapatillas,"urbano,negro",0,APPLY
150291-BBK,5,1,Zapatillas,urbano,0,APPLY
CV8131-001,4,1,Zapatillas,urbano,0,APPLY
HF6279-400,3,1,Zapatillas,basket,0,APPLY
150290-BKBL,4,1,Zapatillas,urbano,0,APPLY
IE1023,5,1,Zapatillas,urbano,0,APPLY
3028094-408,3,1,Sandalias y Chalas,urbano,0,APPLY
310451N-BKRG,4,1,Zapatillas,urbano,0,APPLY
117624-BBK,4,1,Zapatillas,urbano,0,APPLY
551-6396,5,1,Botas,urbano,0,APPLY
303979L-BKRG,6,1,Zapatillas,running,0,APPLY
3374,13,46,Zapatillas,"urbano,vestir",0,APPLY
405085N-BLK,5,1,Zapatillas,urbano,0,APPLY
155196-WHT,7,1,Zapatillas,urbano,0,APPLY
IF4592,4,1,Zapatillas,urbano,0,APPLY
232835-BKW,6,1,Zapatillas,urbano,0,APPLY
403695L-W,6,1,Zapatillas,"urbano,oficial",0,APPLY
405039L-BKCC,5,1,Zapatillas,urbano,0,APPLY
303257L-NVMT,4,1,Zapatillas,urbano,0,APPLY
401490L-BLBK,4,1,Zapatillas,urbano,0,APPLY
DH2987-100,16,1,Zapatillas,urbano,0,APPLY
7195-90,4,1,Zapatillas,urbano,0,APPLY
HF6279-001,3,1,Zapatillas,urbano,0,APPLY
302689L-BKMT,6,1,Zapatillas,urbano,0,APPLY
401495L-RDBK,5,1,Zapatillas,urbano,0,APPLY
118312-BBK,4,1,Zapatillas,urbano,0,APPLY
118106-BBK,4,1,Zapatillas,urbano,0,APPLY
303257L-LPMT,4,1,Zapatillas,urbano,0,APPLY
303065L-LPMT,4,1,Zapatillas,urbano,0,APPLY
404801L-BLK,5,1,Zapatillas,urbano,0,APPLY
881-1821,4,1,Zapatillas,urbano,0,APPLY
GW6521,6,1,Zapatillas,urbano,0,APPLY
HP8968,4,1,Zapatillas,urbano,0,APPLY
302636L-BBK,5,1,Zapatillas,"urbano,negro",0,APPLY
303535L-BKMT,10,1,Zapatillas,urbano,0,APPLY
403695L-BBK,6,1,Zapatillas,"urbano,negro",0,APPLY
405638L-BBK,6,1,Zapatillas,"urbano,negro",0,APPLY
303599L-LPMT,5,1,Zapatillas,urbano,0,APPLY
303983N-LAV,4,1,Zapatillas,urbano,0,APPLY
303066N-LVMT,4,1,Zapatillas,urbano,0,APPLY
401490L-RDBK,4,1,Zapatillas,urbano,0,APPLY
IH8594,4,1,Zapatillas,urbano,0,APPLY
303657N-HPMT,4,1,Zapatillas,urbano,0,APPLY
314091L-WMLT,4,1,Zapatillas,urbano,0,APPLY
DV4344-040,2,1,Zapatillas,urbano,0,APPLY
FQ1830-001,3,1,Zapatillas,urbano,0,APPLY
303712L-BKMT,4,1,Zapatillas,urbano,0,APPLY
405626L-WHT,6,1,Zapatillas,"urbano,blanco",0,APPLY
FZ0630-010,3,1,Zapatillas,urbano,0,APPLY
303066N-LPMT,4,1,Zapatillas,urbano,0,APPLY
181-9989,4,1,Zapatillas,urbano,0,APPLY
58363-BBK,7,1,Zapatillas,urbano,0,APPLY
IH8296,2,1,Zapatillas,urbano,0,APPLY
404016L-BLK,6,1,Zapatillas,urbano,0,APPLY
GW8342,7,1,Zapatillas,urbano,0,APPLY
881-6276,4,1,Zapatillas,urbano,0,APPLY
DH2987-002,6,1,Zapatillas,urbano,0,APPLY
303982L-NVLV,4,1,Zapatillas,urbano,0,APPLY
JI0375,3,1,Zapatillas,urbano,0,APPLY
281-04410,3,1,Zapatillas,urbano,0,APPLY
303579N-NVHP,4,1,Zapatillas,urbano,0,APPLY
303982L-BKPK,6,1,Zapatillas,urbano,0,APPLY
405085N-RED,4,1,Zapatillas,urbano,0,APPLY
AQ1779-100,3,1,Zapatillas,urbano,0,APPLY
183004-NVY,5,1,Zapatillas,urbano,0,APPLY
HF6280-603,3,1,Zapatillas,urbano,0,APPLY
205235-BRN,2,79,Zapatillas,urbano,0,APPLY
FJ9509-001,3,1,Zapatillas,urbano,0,APPLY
581-6954,4,1,Zapatillas,urbano,0,APPLY
232758-BLK,4,1,Zapatillas,urbano,0,APPLY
581-0010,4,1,Zapatillas,"urbano,oficial",0,APPLY
150370-BKRG,3,1,Zapatillas,urbano,0,APPLY
150290-NVPK,3,1,Zapatillas,urbano,0,APPLY
150384-NVSL,3,1,Zapatillas,urbano,0,APPLY
DV5456-105,6,1,Zapatillas,urbano,0,APPLY
FN4446-002,3,1,Zapatillas,urbano,0,APPLY
H11,21,1;26,Zapatillas,urbano,0,APPLY
HP8969,5,1,Zapatillas,urbano,0,APPLY
IH7978,4,1,Zapatillas,urbano,0,APPLY
310545L-PNK,6,1,Zapatillas,urbano,0,APPLY
100000116,4,1,Zapatillas,urbano,0,APPLY
405638L-BKW,3,1,Zapatillas,urbano,0,APPLY
9872-02,4,1,Zapatillas,"urbano,oficial",0,APPLY
185223-BLK,3,1,Zapatillas,urbano,0,APPLY
177520-BLK,3,1,Zapatillas,urbano,0,APPLY
310429L-BKRG,4,1,Zapatillas,urbano,0,APPLY
81965U-096,4,1,Zapatillas,urbano,0,APPLY
IE3792,5,1,Zapatillas,urbano,0,APPLY
100221596,4,1,Zapatillas,urbano,0,APPLY
381-6123,5,1,Zapatillas,urbano,0,APPLY
405039L-BBK,5,1,Zapatillas,urbano,0,APPLY
118360-BBK,5,1,Zapatillas,urbano,0,APPLY
220861-WBK,4,1,Zapatillas,urbano,0,APPLY
221241-BBK,3,1,Zapatillas,urbano,0,APPLY
254-6122,4,1,Zapatillas,"urbano,oficial",0,APPLY
DH3158-100,12,1,Zapatillas,urbano,0,APPLY
155196-BBK,5,1,Zapatillas,urbano,0,APPLY
124836-WHT,3,1,Zapatillas,urbano,0,APPLY
12982-BBK,6,1,Zapatillas,"urbano,negro",0,APPLY
185098-WBK,3,1,Zapatillas,urbano,0,APPLY
177520-WHT,4,1,Zapatillas,urbano,0,APPLY
DN3577-001,6,1,Zapatillas,urbano,0,APPLY
302689N-NVMT,11,1,Zapatillas,urbano,0,APPLY
100202648,6,1,Zapatillas,urbano,0,APPLY
402161L-BKRD,4,1,Zapatillas,urbano,0,APPLY
489-9729,4,1,Zapatillas,urbano,0,APPLY
117483-BLK,3,1,Zapatillas,urbano,0,APPLY
303679L-BLK,5,1,Zapatillas,urbano,0,APPLY
HM6293-480,3,1,Zapatillas,urbano,0,APPLY
5835,11,1;41,Zapatillas,urbano,0,APPLY
GW6513,4,1,Zapatillas,urbano,0,APPLY
205232-WTN,2,79,Zapatillas,urbano,0,APPLY
FQ8285-500,2,1,Zapatillas,urbano,0,APPLY
JI2306,5,1,Zapatillas,urbano,0,APPLY
303580L-BLK,5,1,Zapatillas,urbano,0,APPLY
303712N-NVMT,4,1,Zapatillas,urbano,0,APPLY
310545L-BLK,6,1,Zapatillas,urbano,0,APPLY
400139N-BKSL,6,1,Zapatillas,urbano,0,APPLY
118112-B,3,1,Zapatillas,urbano,0,APPLY
581-1228,4,1,Zapatillas,"urbano,oficial",0,APPLY
HQ9162,3,1,Zapatillas,urbano,0,APPLY
JS2322,3,1,Zapatillas,urbano,0,APPLY
185223-NTGD,4,1,Zapatillas,urbano,0,APPLY
177291-BBK,3,1,Zapatillas,urbano,0,APPLY
061-9233,3,1,Zapatillas,urbano,0,APPLY
FB1362-002,3,1,Zapatillas,urbano,0,APPLY
ID6286,3,1,Zapatillas,urbano,0,APPLY
IE3793,4,1,Zapatillas,urbano,0,APPLY
303755L-BKMT,4,1,Zapatillas,urbano,0,APPLY
310321L-WMLT,5,1,Zapatillas,urbano,0,APPLY
404800L-BLK,5,1,Zapatillas,urbano,0,APPLY
401490N-BLBK,3,1,Zapatillas,urbano,0,APPLY
HJ9198-007,3,1,Zapatillas,urbano,0,APPLY
IE3473,4,1,Zapatillas,urbano,0,APPLY
IO6966-001,3,1,Zapatillas,urbano,0,APPLY
314091L-BKMT,3,1,Zapatillas,urbano,0,APPLY
401490L-GYBK,3,1,Zapatillas,urbano,0,APPLY
150572-WSL,3,1,Zapatillas,urbano,0,APPLY
167328-BLK,4,1;79,Zapatillas,urbano,0,APPLY
403905N-BLK,4,1,Zapatillas,urbano,0,APPLY
881-0007,5,1,Zapatillas,urbano,0,APPLY
HP8964,3,1,Zapatillas,urbano,0,APPLY
IE8562,4,1,Zapatillas,urbano,0,APPLY
310380L-LPMT,4,1,Zapatillas,urbano,0,APPLY
405626L-BBK,6,1,Zapatillas,"urbano,negro",0,APPLY
401490N-RDBK,3,1,Zapatillas,urbano,0,APPLY
HM6298-480,3,1,Zapatillas,urbano,0,APPLY
HQ7402,3,1,Zapatillas,urbano,0,APPLY
JI2203,3,1,Zapatillas,urbano,0,APPLY
HF6279-601,3,1,Zapatillas,urbano,0,APPLY
177526-WHT,3,1,Zapatillas,urbano,0,APPLY
181-5999,3,1,Zapatillas,urbano,0,APPLY
FN0228-006,3,1,Zapatillas,urbano,0,APPLY
185420-RED,3,1,Zapatillas,urbano,0,APPLY
404801L-BBK,5,1,Zapatillas,urbano,0,APPLY
403904N-BKRY,4,1,Zapatillas,urbano,0,APPLY
FD6033-011,3,1,Zapatillas,urbano,0,APPLY
FQ8284-600,2,1,Zapatillas,urbano,0,APPLY
FV5929-101,4,1,Zapatillas,urbano,0,APPLY
281-6542,4,1,Zapatillas,"urbano,oficial",0,APPLY
302321L-BKMT,10,1,Zapatillas,urbano,0,APPLY
310197L-BBK,6,1,Zapatillas,"urbano,negro",0,APPLY
310322L-WSL,4,1,Zapatillas,urbano,0,APPLY
310387L-LTPK,3,1,Zapatillas,urbano,0,APPLY
310451L-BKRG,6,1,Zapatillas,urbano,0,APPLY
310451L-WHP,5,1,Zapatillas,urbano,0,APPLY
314089L-WMLT,5,1,Zapatillas,urbano,0,APPLY
403694L-BBK,6,1,Zapatillas,"urbano,negro,oficial",0,APPLY
405032L-BKRD,6,1,Zapatillas,urbano,0,APPLY
IE8593,4,1,Zapatillas,urbano,0,APPLY
EF0213,6,1,Zapatillas,urbano,0,APPLY
314966L-LPMT,3,1,Zapatillas,urbano,0,APPLY
11949-BBK,5,1,Zapatillas,urbano,0,APPLY
186001-BLSH,3,1,Zapatillas,urbano,0,APPLY
52458-DKRD,5,1,Zapatillas,urbano,0,APPLY
JS1479,2,1,Zapatillas,urbano,0,APPLY
185420-BLK,3,1,Zapatillas,urbano,0,APPLY
JQ0951,2,1,Zapatillas,urbano,0,APPLY
CD5463-105,3,1,Zapatillas,urbano,0,APPLY
DV5457-105,3,1,Zapatillas,urbano,0,APPLY
302629L-BBK,6,1,Zapatillas,"urbano,negro",0,APPLY
302689L-NVMT,3,1,Zapatillas,urbano,0,APPLY
3028252-600,3,1,Zapatillas,urbano,0,APPLY
355152-016,3,1,Zapatillas,urbano,0,APPLY
100209325,3,1,Zapatillas,urbano,0,APPLY
100202156,4,1,Zapatillas,urbano,0,APPLY
401495N-RDBK,5,1,Zapatillas,urbano,0,APPLY
281-9989,3,1,Zapatillas,urbano,0,APPLY
3012-02,4,1,Zapatillas,"urbano,oficial",0,APPLY
9872-01,4,1,Zapatillas,"urbano,oficial",0,APPLY
185223-WSL,3,1,Zapatillas,urbano,0,APPLY
DV5458-104,3,1,Zapatillas,urbano,0,APPLY
HF6280-003,3,1,Zapatillas,urbano,0,APPLY
851-1705,4,1,Zapatillas,urbano,0,APPLY
DV5457-112,3,1,Zapatillas,urbano,0,APPLY
HM6300-480,3,1,Zapatillas,urbano,0,APPLY
ID6285,3,1,Zapatillas,urbano,0,APPLY
JQ2764,3,1,Zapatillas,urbano,0,APPLY
302689N-LPMT,6,1,Zapatillas,urbano,0,APPLY
3028252-001,2,1,Zapatillas,urbano,0,APPLY
3028252-410,2,1,Zapatillas,urbano,0,APPLY
403908L-RDBK,4,1,Zapatillas,urbano,0,APPLY
405041L-BBLM,8,1,Zapatillas,urbano,0,APPLY
405041L-NVLM,4,1,Zapatillas,urbano,0,APPLY
117624-BLK,3,1,Zapatillas,urbano,0,APPLY
117483-WHT,5,1,Zapatillas,urbano,0,APPLY
303599L-LVMT,3,1,Zapatillas,urbano,0,APPLY
HQ9160,3,1,Zapatillas,urbano,0,APPLY
100209617,4,1,Zapatillas,urbano,0,APPLY
120402,6,1,Zapatillas,urbano,0,APPLY
124686-NVY,3,1,Zapatillas,urbano,0,APPLY
HF6279-003,3,1,Zapatillas,urbano,0,APPLY
586-6017,4,1,Zapatillas,urbano,0,APPLY
819352-001,3,1,Zapatillas,urbano,0,APPLY
DV4342-402,2,1,Zapatillas,urbano,0,APPLY
FD6454-406,3,1,Zapatillas,urbano,0,APPLY
J122,4,1,Zapatillas,urbano,0,APPLY
JQ7863,3,1,Zapatillas,urbano,0,APPLY
303158N-LPMT,4,1,Zapatillas,urbano,0,APPLY
303643L-BKMT,6,1,Zapatillas,urbano,0,APPLY
100033434,4,1,Zapatillas,urbano,0,APPLY
381-6542,4,1,Zapatillas,"urbano,oficial",0,APPLY
100208378,3,1,Zapatillas,urbano,0,APPLY
403694L-W,6,1,Zapatillas,"urbano,oficial",0,APPLY
403848L-RDBK,4,1,Zapatillas,urbano,0,APPLY
405635L-WHT,5,1,Zapatillas,"urbano,blanco",0,APPLY
405638N-WHT,3,1,Zapatillas,urbano,0,APPLY
HF6281-003,3,1,Zapatillas,urbano,0,APPLY
ID9062,5,1,Zapatillas,urbano,0,APPLY
155506-WTRG,4,1,Zapatillas,urbano,0,APPLY
118109-BBK,4,1,Zapatillas,urbano,0,APPLY
IH9995,2,1,Zapatillas,urbano,0,APPLY
D10,9,1,Zapatillas,urbano,0,APPLY
381-2665,4,1,Zapatillas,urbano,0,APPLY
303987L-BLK,5,1,Zapatillas,urbano,0,APPLY
150373-WTRG,3,1,Zapatillas,urbano,0,APPLY
551-1946,2,1,Zapatillas,urbano,0,APPLY
551-6946,2,1,Zapatillas,urbano,0,APPLY
581-0445,4,1,Zapatillas,urbano,0,APPLY
589-6736,4,1,Zapatillas,urbano,0,APPLY
GW6494,3,1,Zapatillas,urbano,0,APPLY
H03863,4,1,Zapatillas,urbano,0,APPLY
HP6460,3,1,Zapatillas,urbano,0,APPLY
IF1406,2,1,Zapatillas,urbano,0,APPLY
303722L-NVMT,3,1,Zapatillas,urbano,0,APPLY
100208246,7,1,Zapatillas,urbano,0,APPLY
403692L-NVBL,7,1,Zapatillas,urbano,0,APPLY
403926N-NVBL,3,1,Zapatillas,urbano,0,APPLY
405112L-B,7,1,Zapatillas,urbano,0,APPLY
481-1125,5,1,Zapatillas,urbano,0,APPLY
118110-BBK,6,1,Zapatillas,"urbano,negro",0,APPLY
117483-BBK,4,1,Zapatillas,urbano,0,APPLY
177917-WMLT,4,1,Zapatillas,urbano,0,APPLY
JQ8593,2,1,Zapatillas,urbano,0,APPLY
403857L-NVY,3,1,Zapatillas,urbano,0,APPLY
881-1497,4,1,Zapatillas,urbano,0,APPLY
CD7783-404,3,1,Zapatillas,urbano,0,APPLY
FD6034-001,3,1,Zapatillas,urbano,0,APPLY
FJ2610-300,2,1,Zapatillas,urbano,0,APPLY
FZ4658,3,1,Zapatillas,urbano,0,APPLY
HF6279-002,3,1,Zapatillas,urbano,0,APPLY
ID7868,2,1,Zapatillas,urbano,0,APPLY
IH4777,3,1,Zapatillas,urbano,0,APPLY
303276N-HPMT,4,1,Zapatillas,urbano,0,APPLY
303947L-BBK,5,1,Zapatillas,"urbano,negro,oficial",0,APPLY
100200462,6,1,Zapatillas,urbano,0,APPLY
100200928,4,1,Zapatillas,urbano,0,APPLY
3658371307,4,1,Zapatillas,urbano,0,APPLY
405632L-BBK,5,1,Zapatillas,"urbano,negro",0,APPLY
3028094-001,3,1,Zapatillas,urbano,0,APPLY
52812-BBK,3,1,Zapatillas,"urbano,negro",0,APPLY
HJ9198-401,3,1,Zapatillas,urbano,0,APPLY
881-6258,4,1,Zapatillas,"urbano,oficial",0,APPLY
IH5286,3,1,Zapatillas,urbano,0,APPLY
7195-KH,4,1,Zapatillas,urbano,0,APPLY
52458-WHT,12,1,Zapatillas,urbano,0,APPLY
556-6022,5,1,Zapatillas,urbano,0,APPLY
FQ1833-401,3,1,Zapatillas,urbano,0,APPLY
HM4402-407,3,1,Zapatillas,urbano,0,APPLY
HQ2006-400,2,1,Zapatillas,urbano,0,APPLY
ID1305,4,1,Zapatillas,urbano,0,APPLY
ID9155,3,1,Zapatillas,urbano,0,APPLY
IF0827,4,1,Zapatillas,urbano,0,APPLY
JQ2555,3,1,Zapatillas,urbano,0,APPLY
VU4012T,3,46,Zapatillas,urbano,0,APPLY
232821-BBK,5,1,Zapatillas,urbano,0,APPLY
302629L-WHT,6,1,Zapatillas,"urbano,blanco",0,APPLY
303055L-LVPK,5,1,Zapatillas,urbano,0,APPLY
303158N-PRMT,4,1,Zapatillas,urbano,0,APPLY
100208379,3,1,Zapatillas,urbano,0,APPLY
100209093,3,1,Zapatillas,urbano,0,APPLY
405638L-LGW,3,1,Zapatillas,urbano,0,APPLY
4901.106.20304.49949,7,84,Zapatillas,urbano,0,APPLY
H-91,28,1,Zapatillas,urbano,0,APPLY
JI4563,4,1,Zapatillas,urbano,0,APPLY
JS4693,3,1,Zapatillas,urbano,0,APPLY
150012-BKW,4,1,Zapatillas,urbano,0,APPLY
HP6010,4,1,Zapatillas,urbano,0,APPLY
881-6993,4,1,Zapatillas,urbano,0,APPLY
IE1020,3,1,Zapatillas,urbano,0,APPLY
DN3577-101,3,1,Zapatillas,urbano,0,APPLY
FJ7791-007,2,1,Zapatillas,urbano,0,APPLY
GW1048,6,1,Zapatillas,urbano,0,APPLY
IF1409,2,1,Zapatillas,urbano,0,APPLY
216324-BBK,5,1,Zapatillas,urbano,0,APPLY
2520.600.7800-15745,3,1,Zapatillas,urbano,0,APPLY
302338L-PKMT,4,1,Zapatillas,urbano,0,APPLY
3027104-005,2,1,Zapatillas,urbano,0,APPLY
303557L-LTPK,4,1,Zapatillas,urbano,0,APPLY
372010 38,5,1,Zapatillas,urbano,0,APPLY
400603N-CCLM,6,1,Zapatillas,urbano,0,APPLY
403906N-BLK,4,1,Zapatillas,urbano,0,APPLY
4909.10221787.80687,5,1,Zapatillas,urbano,0,APPLY
ID3886,2,1,Zapatillas,urbano,0,APPLY
IE6133,4,1,Zapatillas,urbano,0,APPLY
IE9018,2,1,Zapatillas,urbano,0,APPLY
5834,9,104,Zapatillas,urbano,0,APPLY
185233-NTBK,2,1,Zapatillas,urbano,0,APPLY
889-24360,6,1,Zapatillas,urbano,0,APPLY
81865U-EEW,2,1,Zapatillas,urbano,0,APPLY
6000598-672,2,1,Zapatillas,urbano,0,APPLY
177289-WHT,6,1,Zapatillas,"urbano,blanco",0,APPLY
HP8961,2,1,Zapatillas,urbano,0,APPLY
JP7526,2,1,Zapatillas,urbano,0,APPLY
589-6871,3,1,Zapatillas,urbano,0,APPLY
881-1701,4,1,Zapatillas,urbano,0,APPLY
DH3158-603,3,1,Zapatillas,urbano,0,APPLY
DH3160-001,3,1,Zapatillas,urbano,0,APPLY
DV5457-002,3,1,Zapatillas,urbano,0,APPLY
FJ2566-400,2,1,Zapatillas,urbano,0,APPLY
FJ7791-105,2,1,Zapatillas,urbano,0,APPLY
IE7491,2,107,Zapatillas,urbano,0,APPLY
IG2521,2,1,Zapatillas,urbano,0,APPLY
JQ5311,2,1,Zapatillas,urbano,0,APPLY
JR0803,3,1,Zapatillas,urbano,0,APPLY
JS3939,3,1,Zapatillas,urbano,0,APPLY
VU4011T,3,46,Zapatillas,urbano,0,APPLY
232758-BBK,5,1,Zapatillas,urbano,0,APPLY
302627L-BBK,4,1,Zapatillas,"urbano,negro",0,APPLY
302636L-WHT,5,1,Zapatillas,"urbano,blanco",0,APPLY
303755L-PKMT,3,1,Zapatillas,urbano,0,APPLY
303940L-BKPK,5,1,Zapatillas,urbano,0,APPLY
314067L-MVMT,5,1,Zapatillas,urbano,0,APPLY
314623L-RSGD,4,1,Zapatillas,urbano,0,APPLY
381-95890,4,1,Zapatillas,urbano,0,APPLY
233184-BBK,2,1,Zapatillas,urbano,0,APPLY
233184-NVY,2,1,Zapatillas,urbano,0,APPLY
403857L-WNVY,3,1,Zapatillas,urbano,0,APPLY
6005798-112,2,1,Zapatillas,urbano,0,APPLY
IE8900,2,1,Zapatillas,urbano,0,APPLY
JQ1841,2,1,Zapatillas,urbano,0,APPLY
104421-BKW,4,1,Zapatillas,urbano,0,APPLY
IF0826,4,1,Zapatillas,urbano,0,APPLY
HP5934,3,1,Zapatillas,urbano,0,APPLY
185405-NTBR,2,1,Zapatillas,urbano,0,APPLY
FN0228-001,4,1,Zapatillas,urbano,0,APPLY
155196-NAT,2,1,Zapatillas,urbano,0,APPLY
121-5013,3,1,Zapatillas,urbano,0,APPLY
119506-NAT,3,1,Zapatillas,urbano,0,APPLY
124836-ROS,3,1,Zapatillas,urbano,0,APPLY
185222-WHT,5,1,Zapatillas,urbano,0,APPLY
183121-BLK,2,1,Zapatillas,urbano,0,APPLY
IE3861,3,1,Zapatillas,urbano,0,APPLY
IH7973,4,1,Zapatillas,urbano,0,APPLY
JQ9685,2,1,Zapatillas,urbano,0,APPLY
185405-WBK,2,1,Zapatillas,urbano,0,APPLY
281-95890,3,1,Zapatillas,urbano,0,APPLY
52631-BBK,7,1,Zapatillas,"urbano,negro,oficial",0,APPLY
581-5581,4,1,Zapatillas,urbano,0,APPLY
660266REG,4,1,Zapatillas,urbano,0,APPLY
881-6673,5,1,Zapatillas,urbano,0,APPLY
889-9786,4,1,Zapatillas,urbano,0,APPLY
ID9154,2,1,Zapatillas,urbano,0,APPLY
IG7163,2,1,Zapatillas,urbano,0,APPLY
VU4010T,4,46,Zapatillas,urbano,0,APPLY
281-4989,3,1,Zapatillas,urbano,0,APPLY
302319L-BLK,6,1,Zapatillas,urbano,0,APPLY
302407L-GYMT,6,1,Zapatillas,urbano,0,APPLY
310451L-HPK,5,1,Zapatillas,urbano,0,APPLY
312041 01,3,1,Zapatillas,urbano,0,APPLY
314067L-WTGD,5,1,Zapatillas,urbano,0,APPLY
100205863,3,1,Zapatillas,urbano,0,APPLY
390987 04,4,1,Zapatillas,urbano,0,APPLY
400604L-BKMT,5,1,Zapatillas,urbano,0,APPLY
403774L-BLK,6,1,Zapatillas,"urbano,negro",0,APPLY
403908L-BBK,5,1,Zapatillas,urbano,0,APPLY
405627L-BBK,7,1,Zapatillas,"urbano,negro",0,APPLY
149692-OFWT,2,1,Zapatillas,urbano,0,APPLY
117679-BBK,3,1,Zapatillas,urbano,0,APPLY
303065L-LVMT,3,1,Zapatillas,urbano,0,APPLY
IE8888,3,1,Zapatillas,urbano,0,APPLY
JR1469,2,1,Zapatillas,urbano,0,APPLY
DB1590,4,1,Zapatillas,urbano,0,APPLY
155506-BKRG,4,1,Zapatillas,urbano,0,APPLY
U480P5K1,2,1,Zapatillas,urbano,0,APPLY
81865U-LU8,2,1,Zapatillas,urbano,0,APPLY
82019U-1KP,4,1,Zapatillas,urbano,0,APPLY
210944-CHOC,3,1,Zapatillas,urbano,0,APPLY
6020-02,2,1,Zapatillas,"urbano,oficial",0,APPLY
889-6808,3,1,Zapatillas,"urbano,oficial",0,APPLY
150370-NVLV,2,1,Zapatillas,urbano,0,APPLY
IE1570,2,1,Zapatillas,urbano,0,APPLY
IH6185,3,1,Zapatillas,urbano,0,APPLY
589-6769,4,1,Zapatillas,urbano,0,APPLY
5BM00539-125,2,1,Zapatillas,urbano,0,APPLY
660289REG,4,1,Zapatillas,urbano,0,APPLY
889-6871,3,1,Zapatillas,urbano,0,APPLY
HF6280-601,3,1,Zapatillas,urbano,0,APPLY
ID2470,2,1,Zapatillas,urbano,0,APPLY
IE4084,3,1,Zapatillas,urbano,0,APPLY
IG5432,2,1,Zapatillas,urbano,0,APPLY
IH0050,4,1,Zapatillas,urbano,0,APPLY
JH9538,2,1,Zapatillas,urbano,0,APPLY
JI3483,2,1,Zapatillas,urbano,0,APPLY
JR2893,2,107,Zapatillas,urbano,0,APPLY
VU4013T,5,46,Zapatillas,urbano,0,APPLY
254151-RED,2,1,Zapatillas,urbano,0,APPLY
261-6350,3,1,Zapatillas,urbano,0,APPLY
281-1599,4,1,Zapatillas,urbano,0,APPLY
303981L-HPTQ,2,1,Zapatillas,urbano,0,APPLY
310682L-WPK,2,1,Zapatillas,urbano,0,APPLY
355152-106,3,1,Zapatillas,urbano,0,APPLY
381-1599,4,1,Zapatillas,urbano,0,APPLY
381-4989,3,1,Zapatillas,urbano,0,APPLY
390987 11,4,1,Zapatillas,urbano,0,APPLY
403645L-NAT,3,1,Zapatillas,urbano,0,APPLY
403818L-BKRB,5,1,Zapatillas,urbano,0,APPLY
403848L-NVBK,3,1,Zapatillas,urbano,0,APPLY
4802.103.21225.72391,6,1,Zapatillas,urbano,0,APPLY
481-1112,4,1,Zapatillas,urbano,0,APPLY
220861-BKCC,2,1,Zapatillas,urbano,0,APPLY
104272-MVE,4,1,Zapatillas,urbano,0,APPLY
HF6281-002,3,1,Zapatillas,urbano,0,APPLY
IE6141,2,1,Zapatillas,urbano,0,APPLY
418032L-WHT,2,1,Zapatillas,"urbano,blanco",0,APPLY
251200-RDW,2,1,Zapatillas,urbano,0,APPLY
ML515BLK,2,1,Zapatillas,urbano,0,APPLY
WL515WHT,2,1,Zapatillas,urbano,0,APPLY
ML515NVY,2,1,Zapatillas,urbano,0,APPLY
400139L-BBLM,2,1,Zapatillas,urbano,0,APPLY
881-1258,3,1,Zapatillas,"urbano,oficial",0,APPLY
183121-BBK,2,1,Zapatillas,urbano,0,APPLY
186100-BKW,2,1,Zapatillas,urbano,0,APPLY
210944-CLUG,2,1,Zapatillas,urbano,0,APPLY
100202441,6,1,Zapatillas,urbano,0,APPLY
144832-BBK,2,1,Zapatillas,urbano,0,APPLY
185460-BKW,2,1,Zapatillas,urbano,0,APPLY
CD7782-602,3,1,Zapatillas,urbano,0,APPLY
FB1362-001,4,1,Zapatillas,urbano,0,APPLY
FJ9510-001,3,1,Zapatillas,urbano,0,APPLY
FQ6476-010,2,1,Zapatillas,urbano,0,APPLY
FV9952-101,3,1,Zapatillas,urbano,0,APPLY
FZ5593-002,2,1,Zapatillas,urbano,0,APPLY
GW1988,6,1,Zapatillas,urbano,0,APPLY
GW6456,4,1,Zapatillas,urbano,0,APPLY
GW6468,4,1,Zapatillas,urbano,0,APPLY
HQ4484,3,1,Zapatillas,urbano,0,APPLY
ID0737,2,1,Zapatillas,urbano,0,APPLY
ID5271,4,1,Zapatillas,urbano,0,APPLY
ID8797,3,1,Zapatillas,urbano,0,APPLY
IG7168,3,1,Zapatillas,urbano,0,APPLY
254150-WBK,2,1,Zapatillas,urbano,0,APPLY
281-65890,5,1,Zapatillas,urbano,0,APPLY
302412L-BLK,11,1,Zapatillas,urbano,0,APPLY
302429L-CCAQ,2,1,Zapatillas,urbano,0,APPLY
3027105-600,2,1,Zapatillas,urbano,0,APPLY
310384L-BLK,5,1,Zapatillas,urbano,0,APPLY
310538L-LTPK,6,1,Zapatillas,urbano,0,APPLY
338010777,4,1,Zapatillas,urbano,0,APPLY
371128 02,9,1,Zapatillas,urbano,0,APPLY
375689 02,4,1,Zapatillas,urbano,0,APPLY
381-1112,4,1,Zapatillas,urbano,0,APPLY
100069572,3,1,Zapatillas,urbano,0,APPLY
400121L-OLV,2,1,Zapatillas,urbano,0,APPLY
400604L-BKSL,5,1,Zapatillas,urbano,0,APPLY
403985L-BKRD,5,1,Zapatillas,urbano,0,APPLY
100202440,2,1,Zapatillas,urbano,0,APPLY
118113-BBK,2,1,Zapatillas,urbano,0,APPLY
3027007-002,2,1,Zapatillas,urbano,0,APPLY
3028259-001,2,1,Zapatillas,urbano,0,APPLY
589-6703,3,1,Zapatillas,"urbano,oficial",0,APPLY
104421-NVY,3,1,Zapatillas,urbano,0,APPLY
JQ0380,2,1,Zapatillas,urbano,0,APPLY
JS3688,2,1,Zapatillas,urbano,0,APPLY
251200-BKW,2,1,Zapatillas,urbano,0,APPLY
404203L-CCBK,4,1,Zapatillas,urbano,0,APPLY
100209075,2,1,Zapatillas,urbano,0,APPLY
402160L-BLLM,2,1,Zapatillas,urbano,0,APPLY
400151L-BBLM,2,1,Zapatillas,urbano,0,APPLY
117560-BLK,4,1,Zapatillas,urbano,0,APPLY
124375-BKPK,5,1,Zapatillas,urbano,0,APPLY
125710-BKBL,2,1,Zapatillas,urbano,0,APPLY
118424-BLK,2,1,Zapatillas,urbano,0,APPLY
124836-BKW,4,1,Zapatillas,urbano,0,APPLY
185233-RED,2,1,Zapatillas,urbano,0,APPLY
FD6454-001,3,1,Zapatillas,urbano,0,APPLY
FJ8812-402,2,1,Zapatillas,urbano,0,APPLY
DV8996-104,3,1,Zapatillas,urbano,0,APPLY
IF0825,2,1,Zapatillas,urbano,0,APPLY
JS1472,2,1,Zapatillas,urbano,0,APPLY
IH6710,2,1,Zapatillas,urbano,0,APPLY
589-66530,2,1,Zapatillas,urbano,0,APPLY
DH2987-113,3,1,Zapatillas,urbano,0,APPLY
FD6476-600,3,1,Zapatillas,urbano,0,APPLY
HQ4502-006,2,1,Zapatillas,urbano,0,APPLY
ID1539,2,1,Zapatillas,urbano,0,APPLY
ID5278,4,1,Zapatillas,urbano,0,APPLY
IG4256,2,1,Zapatillas,urbano,0,APPLY
IG7748,2,1,Zapatillas,urbano,0,APPLY
IG9537,2,1,Zapatillas,urbano,0,APPLY
IH7963,4,1,Zapatillas,urbano,0,APPLY
JQ9985,2,1,Zapatillas,urbano,0,APPLY
233039-BBK,2,1,Zapatillas,"urbano,negro",0,APPLY
310384L-BBK,4,1,Zapatillas,urbano,0,APPLY
314089L-BKMT,4,1,Zapatillas,urbano,0,APPLY
100033984,2,1,Zapatillas,urbano,0,APPLY
100208227,3,1,Zapatillas,urbano,0,APPLY
100208380,3,1,Zapatillas,urbano,0,APPLY
100221459,2,1,Zapatillas,urbano,0,APPLY
392290 59,4,1,Zapatillas,urbano,0,APPLY
400604L-BKRD,5,1,Zapatillas,urbano,0,APPLY
402303L-BKRD,4,1,Zapatillas,urbano,0,APPLY
403651L-BKW,5,1,Zapatillas,urbano,0,APPLY
404015L-BLK,5,1,Zapatillas,urbano,0,APPLY
489-6877,4,1,Zapatillas,urbano,0,APPLY
109-5127,3,1,Zapatillas,urbano,0,APPLY
125890-BKPK,2,1,Zapatillas,urbano,0,APPLY
2940-02,2,1,Zapatillas,"urbano,oficial",0,APPLY
303158N-PKMT,2,1,Zapatillas,urbano,0,APPLY
109-4127,2,1,Zapatillas,urbano,0,APPLY
394055-100,2,1,Zapatillas,urbano,0,APPLY
6000760-001,3,1,Zapatillas,urbano,0,APPLY
KJ3855,2,1,Zapatillas,urbano,0,APPLY
GX3535,2,1,Zapatillas,urbano,0,APPLY
F01L00295-980,2,1,Zapatillas,urbano,0,APPLY
82008U-A66,2,1,Zapatillas,urbano,0,APPLY
150480-NVTQ,2,1,Zapatillas,urbano,0,APPLY
117624-WHT,2,1,Zapatillas,urbano,0,APPLY
124836-BBK,5,1,Zapatillas,urbano,0,APPLY
161-1083,2,1,Zapatillas,urbano,0,APPLY
124830-BKLV,3,1,Zapatillas,urbano,0,APPLY
150291-NAT,2,1,Zapatillas,urbano,0,APPLY
CD5432-001,3,1,Zapatillas,urbano,0,APPLY
185160-BLK,2,1,Zapatillas,urbano,0,APPLY
3027000-012,2,1,Zapatillas,urbano,0,APPLY
381-1785,3,1,Zapatillas,urbano,0,APPLY
JS0348,2,1,Zapatillas,urbano,0,APPLY
KI1068,2,1,Zapatillas,urbano,0,APPLY
221041-BKW,2,1,Zapatillas,urbano,0,APPLY
ID6278,4,1,Zapatillas,urbano,0,APPLY
589-6786,4,1,Zapatillas,urbano,0,APPLY
DQ0665-300,3,1,Zapatillas,urbano,0,APPLY
DV4342-601,2,1,Zapatillas,urbano,0,APPLY
DV4345-003,2,1,Zapatillas,urbano,0,APPLY
F35539,9,1,Zapatillas,urbano,0,APPLY
GY9696,4,1,Zapatillas,urbano,0,APPLY
GZ0069,2,1,Zapatillas,urbano,0,APPLY
HP2520,2,1,Zapatillas,urbano,0,APPLY
HP6011,4,1,Zapatillas,urbano,0,APPLY
HQ1834-600,3,1,Zapatillas,urbano,0,APPLY
IE4145,2,1,Zapatillas,urbano,0,APPLY
IG5438,2,1,Zapatillas,urbano,0,APPLY
IH8012,3,1,Zapatillas,urbano,0,APPLY
JR0543,2,1,Zapatillas,urbano,0,APPLY
T122,4,1,Zapatillas,urbano,0,APPLY
254151-BKNT,2,1,Zapatillas,urbano,0,APPLY
261-1083,2,1,Zapatillas,urbano,0,APPLY
281-5989,2,1,Zapatillas,urbano,0,APPLY
302693N-NVHP,4,1,Zapatillas,urbano,0,APPLY
3028259-538,2,1,Zapatillas,urbano,0,APPLY
303261L-SMLT,2,1,Zapatillas,urbano,0,APPLY
303984L-BLK,5,1,Zapatillas,urbano,0,APPLY
310322L-LAV,2,1,Zapatillas,urbano,0,APPLY
310385L-FUS,3,1,Zapatillas,urbano,0,APPLY
101-5032,2,1,Zapatillas,urbano,0,APPLY
381-1125,5,1,Zapatillas,urbano,0,APPLY
381-5683,4,1,Zapatillas,urbano,0,APPLY
381-65890,5,1,Zapatillas,urbano,0,APPLY
100208884,2,1,Zapatillas,urbano,0,APPLY
100209388,3,1,Zapatillas,urbano,0,APPLY
394253 13,3,1,Zapatillas,urbano,0,APPLY
395016 04,4,1,Zapatillas,urbano,0,APPLY
400138L-BKRD,6,1,Zapatillas,urbano,0,APPLY
400613L-RDBK,2,1,Zapatillas,urbano,0,APPLY
401476 02,3,1,Zapatillas,urbano,0,APPLY
404115L-BKSR,2,1,Zapatillas,urbano,0,APPLY
417011L-BBK,6,1,Zapatillas,urbano,0,APPLY
4901.106.20304.17013,8,84,Zapatillas,urbano,0,APPLY
118303-BBK,6,1,Zapatillas,urbano,0,APPLY
3027007-001,2,1,Zapatillas,urbano,0,APPLY
3028252-002,2,1,Zapatillas,urbano,0,APPLY
109-5056,3,1,Zapatillas,urbano,0,APPLY
551-1753,4,1,Zapatillas,"urbano,oficial",0,APPLY
IE3467,2,1,Zapatillas,urbano,0,APPLY
IF4515,2,1,Zapatillas,urbano,0,APPLY
118112-NVY,2,1,Zapatillas,urbano,0,APPLY
251200-WRD,2,1,Zapatillas,urbano,0,APPLY
400121L-BBLM,2,1,Zapatillas,urbano,0,APPLY
404203L-BBK,4,83,Zapatillas,urbano,0,APPLY
JQ1851,2,1,Zapatillas,urbano,0,APPLY
117617-TPE,3,1,Zapatillas,urbano,0,APPLY
5FM00063-616,4,1,Zapatillas,urbano,0,APPLY
801-6270,4,1,Zapatillas,urbano,0,APPLY
118431-BBK,2,1,Zapatillas,urbano,0,APPLY
881-9225,6,1,Zapatillas,urbano,0,APPLY
124799-NVY,3,1,Zapatillas,urbano,0,APPLY
183004-BLK,2,1,Zapatillas,urbano,0,APPLY
186100-OFPK,2,1,Zapatillas,urbano,0,APPLY
IE9431,2,1,Zapatillas,urbano,0,APPLY
IO4510-010,3,1,Zapatillas,urbano,0,APPLY
JR6598,2,1,Zapatillas,urbano,0,APPLY
150373-BKRG,2,1,Zapatillas,urbano,0,APPLY
100209092,3,1,Zapatillas,urbano,0,APPLY
3654,7,46,Zapatillas,urbano,0,APPLY
996280L-WPR,6,1,Zapatillas,"urbano,oficial",0,APPLY
DV8996-401,2,1,Zapatillas,urbano,0,APPLY
FD4329-001,2,1,Zapatillas,urbano,0,APPLY
FN4322-005,4,1,Zapatillas,urbano,0,APPLY
FQ8740-480,2,1,Zapatillas,urbano,0,APPLY
GW0018,4,1,Zapatillas,urbano,0,APPLY
HP7552,2,1,Zapatillas,urbano,0,APPLY
IE1011,5,1,Zapatillas,urbano,0,APPLY
JI0907,2,1,Zapatillas,urbano,0,APPLY
JI3474,2,1,Zapatillas,urbano,0,APPLY
JR6070,2,1,Zapatillas,urbano,0,APPLY
216333-BBK,5,1,Zapatillas,urbano,0,APPLY
216333-KHK,2,1,Zapatillas,urbano,0,APPLY
217074-TPE,2,1,Zapatillas,urbano,0,APPLY
281-09640,5,1,Zapatillas,urbano,0,APPLY
281-99640,5,1,Zapatillas,urbano,0,APPLY
302669L-NVPK,5,1,Zapatillas,urbano,0,APPLY
3027104-004,2,1,Zapatillas,urbano,0,APPLY
3027705-300,2,1,Zapatillas,urbano,0,APPLY
303380L-BKMT,4,1,Zapatillas,urbano,0,APPLY
310168 11,4,1,Zapatillas,urbano,0,APPLY
311732 01,3,1,Zapatillas,urbano,0,APPLY
355152-150,3,1,Zapatillas,urbano,0,APPLY
100230410,2,1,Zapatillas,urbano,0,APPLY
381-04410,3,1,Zapatillas,urbano,0,APPLY
381-0599,4,1,Zapatillas,urbano,0,APPLY
381-1542,2,1,Zapatillas,"urbano,oficial",0,APPLY
381-6665,3,1,Zapatillas,urbano,0,APPLY
100211205,3,1,Zapatillas,urbano,0,APPLY
390987 10,3,1,Zapatillas,urbano,0,APPLY
397420 02,3,1,Zapatillas,urbano,0,APPLY
400149L-BKGY,4,1,Zapatillas,urbano,0,APPLY
400620L-BLK,4,1,Zapatillas,urbano,0,APPLY
403645L-GYBK,3,1,Zapatillas,urbano,0,APPLY
405097L-BKYL,7,1,Zapatillas,urbano,0,APPLY
405627L-WHT,6,1,Zapatillas,"urbano,blanco",0,APPLY
405635L-BBK,5,1,Zapatillas,"urbano,negro,oficial",0,APPLY
4802.113.21942.79429,6,1,Zapatillas,urbano,0,APPLY
061-0273,4,1,Zapatillas,urbano,0,APPLY
6009828-100,2,1,Zapatillas,urbano,0,APPLY
HQ9164,2,1,Zapatillas,urbano,0,APPLY
581-6734,5,1,Zapatillas,urbano,0,APPLY
5BM01295-001,2,1,Zapatillas,urbano,0,APPLY
109-8056,3,1,Zapatillas,urbano,0,APPLY
HP7558,6,1,Zapatillas,urbano,0,APPLY
302412L-NVY,3,1,Zapatillas,urbano,0,APPLY
117497-BKGD,2,1,Zapatillas,urbano,0,APPLY
117497-NVY,2,1,Zapatillas,urbano,0,APPLY
81318L-NVHP,5,1,Zapatillas,urbano,0,APPLY
158873-BBK,3,1,Zapatillas,urbano,0,APPLY
124799-BLK,2,1,Zapatillas,urbano,0,APPLY
119588-OFWT,3,1,Zapatillas,urbano,0,APPLY
177237-OFWT,3,1,Zapatillas,urbano,0,APPLY
CZ5356-101,7,1,Zapatillas,urbano,0,APPLY
185232-BKW,2,1,Zapatillas,urbano,0,APPLY
186001-WHT,2,1,Zapatillas,urbano,0,APPLY
183320-BLK,2,1,Zapatillas,urbano,0,APPLY
EK030/2,4,1,Zapatillas,urbano,0,APPLY
209-8011,3,1,Zapatillas,urbano,0,APPLY
B40784,4,1,Zapatillas,urbano,0,APPLY
JI0958,2,1,Zapatillas,urbano,0,APPLY
233132-BKCC,2,1,Zapatillas,urbano,0,APPLY
581-5327,3,1,Zapatillas,urbano,0,APPLY
5FM00002-015,2,1,Zapatillas,urbano,0,APPLY
883-6373,2,1,Zapatillas,urbano,0,APPLY
DV0828-100,3,1,Zapatillas,urbano,0,APPLY
DX9176-103,2,1,Zapatillas,urbano,0,APPLY
EK061/1,4,1,Zapatillas,urbano,0,APPLY
FN0228-404,2,1,Zapatillas,urbano,0,APPLY
GZ0010,2,1,Zapatillas,urbano,0,APPLY
HJ9198-003,3,1,Zapatillas,urbano,0,APPLY
HQ4502-104,2,1,Zapatillas,urbano,0,APPLY
ID5276,6,1,Zapatillas,urbano,0,APPLY
IE1587,2,1,Zapatillas,urbano,0,APPLY
IF5448,2,107,Zapatillas,urbano,0,APPLY
IG5431,3,1,Zapatillas,urbano,0,APPLY
IH7964,2,1,Zapatillas,urbano,0,APPLY
PI-14322500000002,4,46,Zapatillas,urbano,0,APPLY
PI-25013200000477,3,46,Zapatillas,urbano,0,APPLY
S24053,5,1,Zapatillas,urbano,0,APPLY
216335-BRN,2,1,Zapatillas,urbano,0,APPLY
220866-BBK,5,1,Zapatillas,urbano,0,APPLY
281-1542,2,1,Zapatillas,"urbano,oficial",0,APPLY
281-99650,5,1,Zapatillas,urbano,0,APPLY
302343L-BLK,4,1,Zapatillas,urbano,0,APPLY
302377L-LTPK,4,1,Zapatillas,urbano,0,APPLY
3026183-001,2,1,Zapatillas,urbano,0,APPLY
3027007-672,2,1,Zapatillas,urbano,0,APPLY
303544L-BKLV,6,1,Zapatillas,urbano,0,APPLY
303701L-BKMT,3,1,Zapatillas,urbano,0,APPLY
303722L-LBMT,2,1,Zapatillas,urbano,0,APPLY
303941L-BKPK,4,1,Zapatillas,urbano,0,APPLY
310321L-LVMT,2,1,Zapatillas,urbano,0,APPLY
310448L-WSL,2,1,Zapatillas,urbano,0,APPLY
310451L-NPCL,3,1,Zapatillas,urbano,0,APPLY
310527L-LTPK,5,1,Zapatillas,urbano,0,APPLY
311481 01,2,1,Zapatillas,urbano,0,APPLY
311732 06,2,1,Zapatillas,urbano,0,APPLY
338010367,4,1,Zapatillas,urbano,0,APPLY
338010782,3,1,Zapatillas,urbano,0,APPLY
338011711,4,1,Zapatillas,urbano,0,APPLY
100032972,2,1,Zapatillas,urbano,0,APPLY
100033713,3,1,Zapatillas,urbano,0,APPLY
100201935,3,1,Zapatillas,urbano,0,APPLY
100208362,3,1,Zapatillas,urbano,0,APPLY
393831 03,5,1,Zapatillas,urbano,0,APPLY
399575 02,5,1,Zapatillas,urbano,0,APPLY
403651L-NVY,2,1,Zapatillas,urbano,0,APPLY
403659L-BLK,4,1,Zapatillas,urbano,0,APPLY
404015L-NVLM,2,1,Zapatillas,urbano,0,APPLY
405041L-CCRD,2,1,Zapatillas,urbano,0,APPLY
489-6729,2,1,Zapatillas,urbano,0,APPLY
FV6343-006,2,1,Zapatillas,urbano,0,APPLY
KJ1748,2,1,Zapatillas,urbano,0,APPLY
3BM02487-014,2,1,Zapatillas,urbano,0,APPLY
3FM00648-014,2,1,Zapatillas,urbano,0,APPLY
MR530CK,2,1,Zapatillas,urbano,0,APPLY
MR530EWB,2,1,Zapatillas,urbano,0,APPLY
150370-BBK,6,1,Zapatillas,urbano,0,APPLY
150480-BKPR,2,1,Zapatillas,urbano,0,APPLY
124848-BKMT,3,1,Zapatillas,urbano,0,APPLY
124508-BKHP,5,1,Zapatillas,urbano,0,APPLY
124686-BBK,3,1,Zapatillas,urbano,0,APPLY
181-69650,2,1,Zapatillas,urbano,0,APPLY
183004-WHT,3,1,Zapatillas,urbano,0,APPLY
DV8994-002,3,1,Zapatillas,urbano,0,APPLY
FQ1830-200,3,1,Zapatillas,urbano,0,APPLY
209-5011,3,1,Zapatillas,urbano,0,APPLY
402823 01,2,1,Zapatillas,urbano,0,APPLY
D08,14,1,Zapatillas,urbano,0,APPLY
ID5272,6,1,Zapatillas,urbano,0,APPLY
ID0733,2,1,Zapatillas,urbano,0,APPLY
009-4127,2,1,Zapatillas,urbano,0,APPLY
581-1382,2,1,Zapatillas,urbano,0,APPLY
5FM00704-014,2,1,Zapatillas,urbano,0,APPLY
889-6729,3,1,Zapatillas,urbano,0,APPLY
889-6763,3,1,Zapatillas,urbano,0,APPLY
AO1742-401,3,1,Zapatillas,urbano,0,APPLY
FQ8287-400,2,1,Zapatillas,urbano,0,APPLY
FQ8313-600,2,1,Zapatillas,urbano,0,APPLY
FV5929-100,3,1,Zapatillas,urbano,0,APPLY
H06106,2,1,Zapatillas,urbano,0,APPLY
ID1538,3,1,Zapatillas,urbano,0,APPLY
IE3863,3,1,Zapatillas,urbano,0,APPLY
IH7896,4,1,Zapatillas,urbano,0,APPLY
IH7968,2,1,Zapatillas,urbano,0,APPLY
JH6178,3,1,Zapatillas,urbano,0,APPLY
JI0911,3,1,Zapatillas,urbano,0,APPLY
JI1710,2,1,Zapatillas,urbano,0,APPLY
JR4068,3,1,Zapatillas,urbano,0,APPLY
MKICSS230030,2,1,Zapatillas,urbano,0,APPLY
217074-NVY,2,1,Zapatillas,urbano,0,APPLY
232835-NVW,5,1,Zapatillas,urbano,0,APPLY
281-9787,2,1,Zapatillas,urbano,0,APPLY
2G83,8,1,Zapatillas,urbano,0,APPLY
001-9597,3,1,Zapatillas,urbano,0,APPLY
301-6866,4,1,Zapatillas,urbano,0,APPLY
302214L-PKMT,4,1,Zapatillas,urbano,0,APPLY
009-5127,3,1,Zapatillas,urbano,0,APPLY
302732L-BKMT,4,1,Zapatillas,urbano,0,APPLY
303055L-SLLV,2,1,Zapatillas,urbano,0,APPLY
303553L-BLK,5,1,Zapatillas,urbano,0,APPLY
310545L-WSL,5,1,Zapatillas,urbano,0,APPLY
310682L-WBK,2,1,Zapatillas,urbano,0,APPLY
3390,9,7;36;41;46,Zapatillas,"urbano,vestir",0,APPLY
371128 01,7,1,Zapatillas,"urbano,oficial",0,APPLY
100221513,2,1,Zapatillas,urbano,0,APPLY
100033315,4,1,Zapatillas,urbano,0,APPLY
372009 01,6,1,Zapatillas,"urbano,oficial",0,APPLY
100033479,4,1,Zapatillas,urbano,0,APPLY
381-6677,5,1,Zapatillas,urbano,0,APPLY
100208930,2,1,Zapatillas,urbano,0,APPLY
100221595,3,1,Zapatillas,urbano,0,APPLY
400139L-BKRD,2,1,Zapatillas,urbano,0,APPLY
402303L-BLRD,2,1,Zapatillas,urbano,0,APPLY
405638L-GRW,2,1,Zapatillas,urbano,0,APPLY
407218N-BKRD,6,1,Zapatillas,urbano,0,APPLY
481-6123,4,1,Zapatillas,urbano,0,APPLY
4901.108.20909.69133,6,1,Zapatillas,urbano,0,APPLY
117648-WHT,2,1,Zapatillas,urbano,0,APPLY
354-6122,4,1,Zapatillas,"urbano,oficial",0,APPLY
481-6041,2,1,Zapatillas,urbano,0,APPLY
3CM00543-120,2,1,Zapatillas,urbano,0,APPLY
3CM00543-125,2,1,Zapatillas,urbano,0,APPLY
HP2249,3,1,Zapatillas,urbano,0,APPLY
IH7967,4,1,Zapatillas,urbano,0,APPLY
GW5483,6,1,Zapatillas,urbano,0,APPLY
183320-WHT,3,1,Zapatillas,urbano,0,APPLY
121980-03,3,1,Zapatillas,urbano,0,APPLY
403735L-NVLM,3,1,Zapatillas,urbano,0,APPLY
6300,11,109,Zapatillas,"urbano,oficial",0,APPLY
150450-BBK,3,1,Zapatillas,urbano,0,APPLY
117509-BLSH,6,1,Zapatillas,urbano,0,APPLY
117730-BBK,2,1,Zapatillas,urbano,0,APPLY
124375-NVPR,4,1,Zapatillas,urbano,0,APPLY
124830-BBK,6,1,Zapatillas,urbano,0,APPLY
177104-SAGE,2,1,Zapatillas,urbano,0,APPLY
177237-BLK,4,1,Zapatillas,urbano,0,APPLY
177288-BBK,4,1,Zapatillas,urbano,0,APPLY
183177-BBK,4,1,Zapatillas,"urbano,negro,oficial",0,APPLY
DH3158-102,5,1,Zapatillas,urbano,0,APPLY
1CM00489-125,2,1,Zapatillas,urbano,0,APPLY
HLA-825,9,1,Zapatillas,urbano,0,APPLY
HP2510,2,1,Zapatillas,urbano,0,APPLY
HR0728,2,1,Zapatillas,urbano,0,APPLY
IF1735,3,1,Zapatillas,urbano,0,APPLY
LD06,22,1,Zapatillas,urbano,0,APPLY
JR5912,2,1,Zapatillas,urbano,0,APPLY
IE2704,2,1,Zapatillas,urbano,0,APPLY
581-0581,3,1,Zapatillas,urbano,0,APPLY
581-6542,4,1,Zapatillas,urbano,0,APPLY
5RM01535-125,3,1,Zapatillas,urbano,0,APPLY
859-2121,2,1,Zapatillas,urbano,0,APPLY
9838,10,1,Zapatillas,urbano,0,APPLY
AA2185-009,3,1,Zapatillas,urbano,0,APPLY
BQ3198-001,5,1,Zapatillas,urbano,0,APPLY
D07,18,1,Zapatillas,urbano,0,APPLY
DM9537-005,3,1,Zapatillas,urbano,0,APPLY
DX7614-001,2,1,Zapatillas,urbano,0,APPLY
FQ7720-103,2,1,Zapatillas,urbano,0,APPLY
FZ5630-101,2,1,Zapatillas,urbano,0,APPLY
GW4608,2,1,Zapatillas,urbano,0,APPLY
GY7184,3,1,Zapatillas,urbano,0,APPLY
HP9246,2,1,Zapatillas,urbano,0,APPLY
ID2285,3,1,Zapatillas,urbano,0,APPLY
ID3428,2,1,Zapatillas,urbano,0,APPLY
ID7886,4,1,Zapatillas,urbano,0,APPLY
IE7765,2,1,Zapatillas,urbano,0,APPLY
IF1401,2,1,Zapatillas,urbano,0,APPLY
IG7754,2,1,Zapatillas,urbano,0,APPLY
IH4790,2,1,Zapatillas,urbano,0,APPLY
JI0378,2,1,Zapatillas,urbano,0,APPLY
JI4906,2,1,Zapatillas,urbano,0,APPLY
PI-130196000000167,2,46,Zapatillas,urbano,0,APPLY
PRICFW21006,6,1,Zapatillas,urbano,0,APPLY
216153-BKYL,6,1,Zapatillas,urbano,0,APPLY
216335-BKGY,3,1,Zapatillas,urbano,0,APPLY
232395-NVRD,3,1,Zapatillas,urbano,0,APPLY
281-6168,3,1,Zapatillas,urbano,0,APPLY
302219L-BKMT,3,1,Zapatillas,urbano,0,APPLY
302338L-BKMT,3,1,Zapatillas,urbano,0,APPLY
302377L-BLK,5,1,Zapatillas,urbano,0,APPLY
302383L-PKLV,3,1,Zapatillas,urbano,0,APPLY
3024134-001,3,1,Zapatillas,urbano,0,APPLY
302476L-NVPK,4,1,Zapatillas,urbano,0,APPLY
302630L-WHT,6,1,Zapatillas,"urbano,blanco",0,APPLY
3028259-673,2,1,Zapatillas,urbano,0,APPLY
3028641-101,2,1,Zapatillas,urbano,0,APPLY
303751L-PKMT,5,1,Zapatillas,urbano,0,APPLY
310385L-PUR,3,1,Zapatillas,urbano,0,APPLY
310384L-WHT,4,1,Zapatillas,urbano,0,APPLY
314088L-WMLT,2,1,Zapatillas,urbano,0,APPLY
35118,3,46,Zapatillas,urbano,0,APPLY
021-6010,3,1,Zapatillas,urbano,0,APPLY
354-6114,2,1,Zapatillas,"urbano,oficial",0,APPLY
361-7350,2,1,Zapatillas,urbano,0,APPLY
3646-23,3,1,Zapatillas,urbano,0,APPLY
3649,7,46,Zapatillas,urbano,0,APPLY
100001398,4,1,Zapatillas,urbano,0,APPLY
100010029,4,1,Zapatillas,urbano,0,APPLY
100033295,4,1,Zapatillas,urbano,0,APPLY
374364 01,7,1,Zapatillas,"urbano,oficial",0,APPLY
375689 03,4,1,Zapatillas,urbano,0,APPLY
100033912,2,1,Zapatillas,urbano,0,APPLY
100034150,3,1,Zapatillas,urbano,0,APPLY
100218465,2,1,Zapatillas,urbano,0,APPLY
392320 02,2,1,Zapatillas,urbano,0,APPLY
400103L-BKSL,4,1,Zapatillas,urbano,0,APPLY
401660L-BKYB,4,1,Zapatillas,urbano,0,APPLY
402260L-GYMT,4,1,Zapatillas,urbano,0,APPLY
403667L-NVY,2,1,Zapatillas,urbano,0,APPLY
403718L-RDBK,2,1,Zapatillas,urbano,0,APPLY
403983L-NVOR,2,1,Zapatillas,urbano,0,APPLY
404015N-RDBK,5,1,Zapatillas,urbano,0,APPLY
405112L-BBLM,3,1,Zapatillas,urbano,0,APPLY
407271N-RDCC,6,1,Zapatillas,urbano,0,APPLY
149398-BKLB,4,1,Zapatillas,urbano,0,APPLY
506-6034,5,1,Zapatillas,urbano,0,APPLY
149753-BBK,7,1,Zapatillas,urbano,0,APPLY
621716-020,3,1,Zapatillas,urbano,0,APPLY
881-6045,2,1,Zapatillas,"urbano,oficial",0,APPLY
405036L-BKSL,4,1,Zapatillas,urbano,0,APPLY
73690-HTPK,2,1,Zapatillas,urbano,0,APPLY
150051-BKMT,2,1,Zapatillas,urbano,0,APPLY
158980-DKTP,2,1,Zapatillas,urbano,0,APPLY
881-6281,4,1,Zapatillas,urbano,0,APPLY
120602,6,1,Zapatillas,urbano,0,APPLY
881-6785,2,1,Zapatillas,"urbano,oficial",0,APPLY
9716,6,1;5,Zapatillas,"urbano,vestir",0,APPLY
124831-BKW,3,1,Zapatillas,urbano,0,APPLY
125209-MVE,3,1,Zapatillas,urbano,0,APPLY
BBBSS16015,3,1,Zapatillas,urbano,0,APPLY
1259.200.13488.15745,2,46,Zapatillas,urbano,0,APPLY
CI3710-001,6,1,Zapatillas,urbano,0,APPLY
185105-NAT,2,1,Zapatillas,urbano,0,APPLY
185170-BKBR,3,1,Zapatillas,urbano,0,APPLY
185222-BLK,4,1,Zapatillas,urbano,0,APPLY
185232-WBK,3,1,Zapatillas,urbano,0,APPLY
128606-GYLV,2,1,Zapatillas,urbano,0,APPLY
186001-BLK,2,1,Zapatillas,urbano,0,APPLY
DZ3307-104,3,1,Zapatillas,urbano,0,APPLY
FD0320-133,2,1,Zapatillas,urbano,0,APPLY
1FM00464-125,4,1,Zapatillas,urbano,0,APPLY
HF3630-100,3,1,Zapatillas,urbano,0,APPLY
1CM00540-125,2,1,Zapatillas,urbano,0,APPLY
JQ8605,2,1,Zapatillas,urbano,0,APPLY
IM2209-105,4,1,Zapatillas,urbano,0,APPLY
100000120,5,1,Zapatillas,urbano,0,APPLY
100210027,2,1,Zapatillas,urbano,0,APPLY
129761-LAV,2,1,Zapatillas,urbano,0,APPLY
ID3043,3,1,Zapatillas,urbano,0,APPLY
BBBSS16020,3,1,Zapatillas,urbano,0,APPLY
183420-B,2,1,Zapatillas,urbano,0,APPLY
183420-WHT,2,1,Zapatillas,urbano,0,APPLY
303654L-LTPK,2,1,Zapatillas,urbano,0,APPLY
HP7544,4,1,Zapatillas,urbano,0,APPLY
IF4032,2,1,Zapatillas,urbano,0,APPLY
553558-141,3,1,Zapatillas,urbano,0,APPLY
581-1542,2,1,Zapatillas,urbano,0,APPLY
581-95890,2,1,Zapatillas,urbano,0,APPLY
589-6791,3,1,Zapatillas,urbano,0,APPLY
5969-05,2,1,Zapatillas,urbano,0,APPLY
5CM01116-100,2,1,Zapatillas,urbano,0,APPLY
83052L-HPAQ,3,1,Zapatillas,urbano,0,APPLY
A305,4,1,Zapatillas,urbano,0,APPLY
DD9304-102,7,1,Zapatillas,urbano,0,APPLY
DJ6566-600,2,1,Zapatillas,urbano,0,APPLY
DZ5485-401,2,1,Zapatillas,urbano,0,APPLY
FD4116-100,3,1,Zapatillas,urbano,0,APPLY
FD4329-104,3,1,Zapatillas,urbano,0,APPLY
FD6454-010,3,1,Zapatillas,urbano,0,APPLY
FZ5630-102,3,1,Zapatillas,urbano,0,APPLY
GW6439,2,1,Zapatillas,urbano,0,APPLY
GX4252,2,1,Zapatillas,urbano,0,APPLY
GY5780,3,1,Zapatillas,urbano,0,APPLY
GZ9671,2,1,Zapatillas,urbano,0,APPLY
HF6280-002,3,1,Zapatillas,urbano,0,APPLY
HJ8485-602,3,1,Zapatillas,urbano,0,APPLY
HLC-752,8,1,Zapatillas,urbano,0,APPLY
HM9593-601,2,1,Zapatillas,urbano,0,APPLY
HQ4485,2,1,Zapatillas,urbano,0,APPLY
ID1969,2,1,Zapatillas,urbano,0,APPLY
IE7792,2,1,Zapatillas,urbano,0,APPLY
IG1395,2,1,Zapatillas,urbano,0,APPLY
IG7723,2,1,Zapatillas,urbano,0,APPLY
IG8735,2,107,Zapatillas,urbano,0,APPLY
IG9087,2,1,Zapatillas,urbano,0,APPLY
IH8299,3,1,Zapatillas,urbano,0,APPLY
JI4959,2,1,Zapatillas,urbano,0,APPLY
JQ6145,2,1,Zapatillas,urbano,0,APPLY
JR5103,3,1,Zapatillas,urbano,0,APPLY
PI-11007200003247,3,46,Zapatillas,urbano,0,APPLY
PI-25023800000003,3,46,Zapatillas,urbano,0,APPLY
PI-25023800000006,2,46,Zapatillas,urbano,0,APPLY
PI-50034400000052,2,1,Zapatillas,urbano,0,APPLY
T120,6,1,Zapatillas,urbano,0,APPLY
V69010,6,1,Zapatillas,urbano,0,APPLY
220863-BKCC,2,1,Zapatillas,urbano,0,APPLY
220880-BLK,2,1,Zapatillas,urbano,0,APPLY
2240,9,103,Zapatillas,urbano,0,APPLY
251016-WBK,2,1,Zapatillas,urbano,0,APPLY
253010-BBK,5,1,Zapatillas,urbano,0,APPLY
261-7350,2,1,Zapatillas,urbano,0,APPLY
281-59650,3,1,Zapatillas,urbano,0,APPLY
281-69650,3,1,Zapatillas,urbano,0,APPLY
302219L-HPMT,3,1,Zapatillas,urbano,0,APPLY
302302L-NVY,5,1,Zapatillas,urbano,0,APPLY
302321L-LVMT,4,1,Zapatillas,urbano,0,APPLY
302323L-BKPK,5,1,Zapatillas,urbano,0,APPLY
3025527-012,2,1,Zapatillas,urbano,0,APPLY
3026704-001,2,1,Zapatillas,urbano,0,APPLY
3027237-100,2,1,Zapatillas,urbano,0,APPLY
3027705-100,2,1,Zapatillas,urbano,0,APPLY
3028261-001,2,1,Zapatillas,urbano,0,APPLY
3028486-001,2,1,Zapatillas,urbano,0,APPLY
3028434-100,2,1,Zapatillas,urbano,0,APPLY
303594L-BKMT,3,1,Zapatillas,urbano,0,APPLY
303703-PKMT,3,1,Zapatillas,urbano,0,APPLY
303712L-NVMT,2,1,Zapatillas,urbano,0,APPLY
303751L-NVMT,5,1,Zapatillas,urbano,0,APPLY
310093 24,2,1,Zapatillas,urbano,0,APPLY
311481 10,2,1,Zapatillas,urbano,0,APPLY
31362-BLK,6,1,Zapatillas,urbano,0,APPLY
35117,2,46,Zapatillas,urbano,0,APPLY
361-6350,3,1,Zapatillas,urbano,0,APPLY
100033493,3,1,Zapatillas,urbano,0,APPLY
381-1637,5,1,Zapatillas,urbano,0,APPLY
381-9985,2,1,Zapatillas,urbano,0,APPLY
100201835,2,1,Zapatillas,urbano,0,APPLY
385849 07,3,1,Zapatillas,urbano,0,APPLY
100218464,2,1,Zapatillas,urbano,0,APPLY
100220935,2,1,Zapatillas,urbano,0,APPLY
100233882,2,1,Zapatillas,urbano,0,APPLY
393832 01,4,1,Zapatillas,urbano,0,APPLY
397419 022,2,1,Zapatillas,urbano,0,APPLY
400613L-BKLM,2,1,Zapatillas,urbano,0,APPLY
402112N-RED,2,1,Zapatillas,urbano,0,APPLY
403667L-BLK,5,1,Zapatillas,urbano,0,APPLY
403673L-BLK,5,1,Zapatillas,urbano,0,APPLY
403737L-BKRD,6,1,Zapatillas,urbano,0,APPLY
403936L-BKRD,7,1,Zapatillas,urbano,0,APPLY
403969L-RDBK,3,1,Zapatillas,urbano,0,APPLY
405638N-RDW,2,1,Zapatillas,urbano,0,APPLY
407303N-BLOR,6,1,Zapatillas,urbano,0,APPLY
481-1677,5,1,Zapatillas,urbano,0,APPLY
4909.102.21787.43348,4,1,Zapatillas,urbano,0,APPLY
XT78-438,2,1,Zapatillas,urbano,0,APPLY
YC373AB,4,1,Zapatillas,urbano,0,APPLY
117067-BLK,6,1,Zapatillas,urbano,0,APPLY
481-1041,2,1,Zapatillas,urbano,0,APPLY
104150-NVHP,6,1,Zapatillas,urbano,0,APPLY
HM9593-603,2,1,Zapatillas,urbano,0,APPLY
IE8589,4,1,Zapatillas,urbano,0,APPLY
107187 01,2,1,Zapatillas,urbano,0,APPLY
IF9789,2,1,Zapatillas,urbano,0,APPLY
ID2703,6,1,Zapatillas,urbano,0,APPLY
GY5543,4,1,Zapatillas,urbano,0,APPLY
EF0103,7,1,Zapatillas,urbano,0,APPLY
403659L-WGRD,5,1,Zapatillas,urbano,0,APPLY
ML408WB,2,1,Zapatillas,urbano,0,APPLY
MR530SG,2,1,Zapatillas,urbano,0,APPLY
889-6373,3,1,Zapatillas,urbano,0,APPLY
3027705-001,2,1,Zapatillas,urbano,0,APPLY
302324L-PKMT,3,1,Zapatillas,urbano,0,APPLY
310477L-PKMT,5,1,Zapatillas,urbano,0,APPLY
392290 03,5,1,Zapatillas,urbano,0,APPLY
5FM00704-125,2,1,Zapatillas,urbano,0,APPLY
100468-BBK,3,1,Zapatillas,urbano,0,APPLY
302686L-MLT,5,1,Zapatillas,urbano,0,APPLY
232398-NVY,6,1,Zapatillas,urbano,0,APPLY
117378-BLSH,3,1,Zapatillas,urbano,0,APPLY
117379-BLK,6,1,Zapatillas,urbano,0,APPLY
155541-BLK,4,1,Zapatillas,urbano,0,APPLY
807,10,13;46,Zapatillas,urbano,0,APPLY
158980-BBK,2,1,Zapatillas,urbano,0,APPLY
881-6918,5,1,Zapatillas,urbano,0,APPLY
9029,7,46;63,Zapatillas,"urbano,vestir",0,APPLY
121980-06,2,1,Zapatillas,urbano,0,APPLY
100032897,2,1,Zapatillas,urbano,0,APPLY
117497-LAV,2,1,Zapatillas,urbano,0,APPLY
168045-CSNT,2,1,Zapatillas,urbano,0,APPLY
177104-OFWT,3,1,Zapatillas,urbano,0,APPLY
177243-WHT,3,1,Zapatillas,urbano,0,APPLY
128606-LTBR,3,1,Zapatillas,urbano,0,APPLY
181-99650,4,1,Zapatillas,urbano,0,APPLY
183007-NTBL,3,1,Zapatillas,urbano,0,APPLY
185160-OFWT,2,1,Zapatillas,urbano,0,APPLY
185170-NTGD,3,1,Zapatillas,urbano,0,APPLY
FJ9510-604,2,1,Zapatillas,urbano,0,APPLY
1CM00540-120,3,1,Zapatillas,urbano,0,APPLY
HP2509,3,1,Zapatillas,urbano,0,APPLY
IO4510-003,3,1,Zapatillas,urbano,0,APPLY
210606-NVY,3,1,Zapatillas,urbano,0,APPLY
BQ3202-007,7,1,Zapatillas,urbano,0,APPLY
V72014,2,1,Zapatillas,urbano,0,APPLY
237219-BLK,2,1,Zapatillas,urbano,0,APPLY
117483-ROS,2,1,Zapatillas,urbano,0,APPLY
118423-BLK,2,1,Zapatillas,urbano,0,APPLY
581-6946,2,1,Zapatillas,urbano,0,APPLY
660318,2,1,Zapatillas,urbano,0,APPLY
7357.109.26252-83517,2,46,Zapatillas,urbano,0,APPLY
819719-012,3,1,Zapatillas,urbano,0,APPLY
883-8373,2,1,Zapatillas,urbano,0,APPLY
889-6712,3,1,Zapatillas,urbano,0,APPLY
AT1801-603,3,1,Zapatillas,urbano,0,APPLY
AZ2050111139-411,2,46,Zapatillas,urbano,0,APPLY
BX12,13,1,Zapatillas,urbano,0,APPLY
CD0224-002,2,1,Zapatillas,urbano,0,APPLY
CRICSS23001,2,1,Zapatillas,urbano,0,APPLY
DH2987-005,2,1,Zapatillas,urbano,0,APPLY
DM9026-402,3,1,Zapatillas,urbano,0,APPLY
DV4342-300,3,1,Zapatillas,urbano,0,APPLY
DV4352-040,4,1;9,Zapatillas,urbano,0,APPLY
DV8994-104,3,1,Zapatillas,urbano,0,APPLY
DV8994-401,2,1,Zapatillas,urbano,0,APPLY
DV8996-400,4,1,Zapatillas,urbano,0,APPLY
DZ5485-130,2,1,Zapatillas,urbano,0,APPLY
DZ5485-160,3,1,Zapatillas,urbano,0,APPLY
FJ0728-400,3,1,Zapatillas,urbano,0,APPLY
FQ1833-009,3,1,Zapatillas,urbano,0,APPLY
FV1836,2,1,Zapatillas,urbano,0,APPLY
FZ6159,2,1,Zapatillas,urbano,0,APPLY
G57451,2,1,Zapatillas,urbano,0,APPLY
G57460,2,1,Zapatillas,urbano,0,APPLY
GW0433,2,1,Zapatillas,urbano,0,APPLY
GZ2536,2,107,Zapatillas,urbano,0,APPLY
GZ5922,7,1,Zapatillas,urbano,0,APPLY
HQ7092,4,1,Zapatillas,urbano,0,APPLY
HWISS18028,3,1,Zapatillas,urbano,0,APPLY
IB2764-001,3,1,Zapatillas,urbano,0,APPLY
ID3714,3,1,Zapatillas,urbano,0,APPLY
IE1012,2,1,Zapatillas,urbano,0,APPLY
IE3867,4,1,Zapatillas,urbano,0,APPLY
IE4174,3,1,Zapatillas,urbano,0,APPLY
IE7791,2,1,Zapatillas,urbano,0,APPLY
IF4496,3,1,Zapatillas,urbano,0,APPLY
IH0178,2,1,Zapatillas,urbano,0,APPLY
IH4743,2,1,Zapatillas,urbano,0,APPLY
IH7979,3,1,Zapatillas,urbano,0,APPLY
PI-14718000000013,2,46,Zapatillas,urbano,0,APPLY
PI-74503500000850,3,46,Zapatillas,urbano,0,APPLY
SPICSS24723,2,1,Zapatillas,urbano,0,APPLY
232714-BKLM,4,1,Zapatillas,urbano,0,APPLY
261-0354,2,1,Zapatillas,urbano,0,APPLY
301-2708,4,1,Zapatillas,urbano,0,APPLY
302042L-NVMT,4,1,Zapatillas,urbano,0,APPLY
302317L-BKMT,6,1,Zapatillas,urbano,0,APPLY
302343L-CHAR,2,1,Zapatillas,urbano,0,APPLY
302343L-LAV,3,1,Zapatillas,urbano,0,APPLY
302378L-NVY,6,1,Zapatillas,urbano,0,APPLY
302383L-BKHP,4,1,Zapatillas,urbano,0,APPLY
302403L-GYMT,5,1,Zapatillas,urbano,0,APPLY
302476L-LVPK,5,1,Zapatillas,urbano,0,APPLY
3024877-003,3,1,Zapatillas,urbano,0,APPLY
3026634-001,2,1,Zapatillas,urbano,0,APPLY
3026703-001,2,1,Zapatillas,urbano,0,APPLY
302697L-HPMT,2,1,Zapatillas,urbano,0,APPLY
303544L-NVPK,3,1,Zapatillas,urbano,0,APPLY
303555L-LVPK,3,1,Zapatillas,urbano,0,APPLY
303928L-BLK,4,1,Zapatillas,urbano,0,APPLY
310024L-BLK,4,1,Zapatillas,urbano,0,APPLY
310387L-WHT,6,1,Zapatillas,urbano,0,APPLY
310448L-LIL,2,1,Zapatillas,urbano,0,APPLY
310890L-WMN,3,1,Zapatillas,urbano,0,APPLY
312044 02,3,1,Zapatillas,urbano,0,APPLY
3394,5,46,Zapatillas,"urbano,vestir",0,APPLY
100033520,4,1,Zapatillas,urbano,0,APPLY
100034151,4,1,Zapatillas,urbano,0,APPLY
100000109,2,1,Zapatillas,urbano,0,APPLY
367796 15,4,1,Zapatillas,urbano,0,APPLY
100025755,2,1,Zapatillas,urbano,0,APPLY
371128 03,5,1,Zapatillas,urbano,0,APPLY
100033262,3,1,Zapatillas,urbano,0,APPLY
372010 01,6,1,Zapatillas,"urbano,oficial",0,APPLY
38-DREAM-1,8,46,Zapatillas,urbano,0,APPLY
100034033,4,1,Zapatillas,urbano,0,APPLY
381-14410,3,1,Zapatillas,urbano,0,APPLY
381-9576,5,1,Zapatillas,urbano,0,APPLY
100202590,2,1,Zapatillas,urbano,0,APPLY
384311 02,3,1,Zapatillas,"urbano,oficial",0,APPLY
100211858,2,1,Zapatillas,urbano,0,APPLY
392290 04,3,1,Zapatillas,urbano,0,APPLY
392291 02,5,1,Zapatillas,urbano,0,APPLY
394254 04,3,1,Zapatillas,urbano,0,APPLY
396772 01,2,1,Zapatillas,urbano,0,APPLY
397419 01,3,1,Zapatillas,urbano,0,APPLY
397461 13,2,1,Zapatillas,urbano,0,APPLY
398876 02,4,1,Zapatillas,urbano,0,APPLY
399575 01,5,1,Zapatillas,urbano,0,APPLY
138181-NVY,3,1,Zapatillas,urbano,0,APPLY
400139L-BKSL,2,1,Zapatillas,urbano,0,APPLY
100001187,3,1,Zapatillas,urbano,0,APPLY
401650L-NVBL,6,1,Zapatillas,urbano,0,APPLY
401949 01,3,1,Zapatillas,urbano,0,APPLY
403671L-BBK,6,1,Zapatillas,"urbano,negro",0,APPLY
403674L-BLK,4,1,Zapatillas,urbano,0,APPLY
403740 02,2,1,Zapatillas,urbano,0,APPLY
403853L-RYBK,3,1,Zapatillas,urbano,0,APPLY
403926N-BKSL,5,1,Zapatillas,urbano,0,APPLY
407313N-BKRD,4,1,Zapatillas,urbano,0,APPLY
481-6179,5,1,Zapatillas,urbano,0,APPLY
481-6637,2,1,Zapatillas,"urbano,oficial",0,APPLY
100202649,3,1,Zapatillas,urbano,0,APPLY
149492-MVPR,5,1,Zapatillas,urbano,0,APPLY
149753-NVBL,4,1,Zapatillas,urbano,0,APPLY
1305457-600,5,1,Zapatillas,urbano,0,APPLY
117384-RAS,5,1,Zapatillas,urbano,0,APPLY
117209-NVY,6,1,Zapatillas,urbano,0,APPLY
119610-WHT,3,1,Zapatillas,urbano,0,APPLY
589-6838,2,1,Zapatillas,"urbano,oficial",0,APPLY
104031-NVY,3,1,Zapatillas,urbano,0,APPLY
ID1860,3,1,Zapatillas,urbano,0,APPLY
GW3019,5,1,Zapatillas,urbano,0,APPLY
IH0156,2,1,Zapatillas,urbano,0,APPLY
IH3579,3,1,Zapatillas,urbano,0,APPLY
IG7324,3,1,Zapatillas,urbano,0,APPLY
CN2127,4,1,Zapatillas,urbano,0,APPLY
62008U-DX4,2,1,Zapatillas,urbano,0,APPLY
82008U-U56,3,1,Zapatillas,urbano,0,APPLY
403697L-BKW,2,1,Zapatillas,urbano,0,APPLY
150012-NVLV,3,1,Zapatillas,urbano,0,APPLY
128606-BBK,4,1,Zapatillas,urbano,0,APPLY
150201-BBK,4,1,Zapatillas,urbano,0,APPLY
150025-BKRG,6,1,Zapatillas,urbano,0,APPLY
177082-WRBK,3,1,Zapatillas,urbano,0,APPLY
117187-BLK,4,1,Zapatillas,urbano,0,APPLY
117379-CHAR,2,1,Zapatillas,urbano,0,APPLY
117730-WHT,2,1,Zapatillas,urbano,0,APPLY
118107-NVY,2,1,Zapatillas,urbano,0,APPLY
81898U-C97,2,1,Zapatillas,urbano,0,APPLY
158861-MOC,2,1,Zapatillas,urbano,0,APPLY
119759-BBK,3,1,Zapatillas,urbano,0,APPLY
118424-WHT,2,1,Zapatillas,urbano,0,APPLY
119610-BBK,3,1,Zapatillas,urbano,0,APPLY
124661-NVY,2,1,Zapatillas,urbano,0,APPLY
1259.200.13488.35312,2,46,Zapatillas,urbano,0,APPLY
124637-NVW,5,1,Zapatillas,urbano,0,APPLY
1303,14,1;14;46,Zapatillas,urbano,0,APPLY
177092-WMNT,5,1,Zapatillas,urbano,0,APPLY
1285.400.26226.92317,2,46,Zapatillas,urbano,0,APPLY
177288-WHT,5,1,Zapatillas,urbano,0,APPLY
177965-WBK,3,1,Zapatillas,urbano,0,APPLY
CHL-1819B,22,1,Zapatillas,urbano,0,APPLY
CJ1677-600,3,1,Zapatillas,urbano,0,APPLY
181-99640,5,1,Zapatillas,urbano,0,APPLY
CW1627-001,3,1,Zapatillas,urbano,0,APPLY
DV0830-102,3,1,Zapatillas,urbano,0,APPLY
1BM00643-161,2,1,Zapatillas,urbano,0,APPLY
1CM01541-145,2,1,Zapatillas,urbano,0,APPLY
HP5864,2,1,Zapatillas,urbano,0,APPLY
GW3020,4,1,Zapatillas,urbano,0,APPLY
IG7004,3,1,Zapatillas,urbano,0,APPLY
1CM00540-100,2,1,Zapatillas,urbano,0,APPLY
2083.1106.26551.15745,2,46,Zapatillas,urbano,0,APPLY
210346-CHOC,2,1,Zapatillas,urbano,0,APPLY
581-4037,5,1,Zapatillas,urbano,0,APPLY
DC3728-401,6,1,Zapatillas,urbano,0,APPLY
TYISS20021,5,1,Zapatillas,urbano,0,APPLY
HF1876-500,3,1,Zapatillas,urbano,0,APPLY
H02829,3,1,Zapatillas,urbano,0,APPLY
101-9597,2,1,Zapatillas,urbano,0,APPLY
216486-BBK,2,1,Zapatillas,urbano,0,APPLY
581-5445,3,1,Zapatillas,urbano,0,APPLY
586-6758,3,1,Zapatillas,urbano,0,APPLY
589-0435,3,1,Zapatillas,urbano,0,APPLY
589-1736,2,1,Zapatillas,urbano,0,APPLY
589-6798,4,1,Zapatillas,urbano,0,APPLY
5964,5,1,Zapatillas,urbano,0,APPLY
660271REG,4,1,Zapatillas,urbano,0,APPLY
660375REG,3,1,Zapatillas,urbano,0,APPLY
728-1343,8,1,Zapatillas,urbano,0,APPLY
7357.110.22197-15745,2,46,Zapatillas,urbano,0,APPLY
832883-100,3,1,Zapatillas,urbano,0,APPLY
881-9711,3,1,Zapatillas,urbano,0,APPLY
AO0352-109,3,1,Zapatillas,urbano,0,APPLY
AZ210011277-411,2,1,Zapatillas,urbano,0,APPLY
B23020,4,1,Zapatillas,urbano,0,APPLY
CD4363-602,3,1,Zapatillas,urbano,0,APPLY
CZ0294-001,3,1,Zapatillas,urbano,0,APPLY
DH2987-111,2,1,Zapatillas,urbano,0,APPLY
DJ5629-700,2,1,Zapatillas,urbano,0,APPLY
DJ6566-400,2,1,Zapatillas,urbano,0,APPLY
DN3577-004,2,1,Zapatillas,urbano,0,APPLY
DR2741-001,2,1,Zapatillas,urbano,0,APPLY
DV5456-401,2,1,Zapatillas,urbano,0,APPLY
DX9176-105,3,1,Zapatillas,urbano,0,APPLY
F36549,3,1,Zapatillas,urbano,0,APPLY
FB2239-002,3,1,Zapatillas,urbano,0,APPLY
FN0228-005,3,1,Zapatillas,urbano,0,APPLY
FQ8291-800,2,1,Zapatillas,urbano,0,APPLY
FQ8784-100,2,1,Zapatillas,urbano,0,APPLY
FV7856-100,3,1,Zapatillas,urbano,0,APPLY
FX5091,3,1,Zapatillas,urbano,0,APPLY
FY6698,4,1,Zapatillas,urbano,0,APPLY
FY7978,2,1,Zapatillas,urbano,0,APPLY
FZ1024-100,2,1,Zapatillas,urbano,0,APPLY
FZ4660,2,1,Zapatillas,urbano,0,APPLY
GW5246,2,1,Zapatillas,urbano,0,APPLY
GW6440,3,1,Zapatillas,urbano,0,APPLY
GW7079,2,1,Zapatillas,urbano,0,APPLY
GX3299,2,1,Zapatillas,urbano,0,APPLY
GY0005,2,1,Zapatillas,urbano,0,APPLY
H67779,2,1,Zapatillas,urbano,0,APPLY
HM4402-003,3,1,Zapatillas,urbano,0,APPLY
HM9593-002,3,1,Zapatillas,urbano,0,APPLY
HM9862-003,2,1,Zapatillas,urbano,0,APPLY
HP5842,2,1,Zapatillas,urbano,0,APPLY
HP9248,3,1,Zapatillas,urbano,0,APPLY
HP9426,3,1,Zapatillas,urbano,0,APPLY
HQ8495,3,1,Zapatillas,urbano,0,APPLY
HWPSS16001,2,1,Zapatillas,urbano,0,APPLY
ID3710,3,1,Zapatillas,urbano,0,APPLY
IE2708,3,1,Zapatillas,urbano,0,APPLY
IE3865,3,1,Zapatillas,urbano,0,APPLY
IF2355,2,1,Zapatillas,urbano,0,APPLY
IF8550,2,1,Zapatillas,urbano,0,APPLY
IF8597,2,1,Zapatillas,urbano,0,APPLY
IG6249,3,1,Zapatillas,urbano,0,APPLY
IG6603,2,1,Zapatillas,urbano,0,APPLY
IG7002,4,1,Zapatillas,urbano,0,APPLY
IG7161,3,1,Zapatillas,urbano,0,APPLY
JI3471,2,1,Zapatillas,urbano,0,APPLY
PI-11007200003230,3,46,Zapatillas,urbano,0,APPLY
PI-11007200003245,2,46,Zapatillas,urbano,0,APPLY
PI-65400700000080,2,46,Zapatillas,urbano,0,APPLY
PI-65400700000081,2,46,Zapatillas,urbano,0,APPLY
PI-78100700000006,2,1,Zapatillas,urbano,0,APPLY
216324-BKGY,3,1,Zapatillas,urbano,0,APPLY
216334-BBK,2,1,Zapatillas,urbano,0,APPLY
23229,3,1,Zapatillas,urbano,0,APPLY
232303-BLK,2,1,Zapatillas,urbano,0,APPLY
232478-BBK,6,1,Zapatillas,"urbano,negro",0,APPLY
251100-BLK,2,1,Zapatillas,urbano,0,APPLY
281-0585,2,1,Zapatillas,urbano,0,APPLY
281-1659,6,1,Zapatillas,urbano,0,APPLY
185236-WTRG,2,1,Zapatillas,urbano,0,APPLY
3022698-001,2,1,Zapatillas,urbano,0,APPLY
302306L-BKMT,3,1,Zapatillas,urbano,0,APPLY
302323L-PKAQ,6,1,Zapatillas,urbano,0,APPLY
302343L-LTPK,6,1,Zapatillas,urbano,0,APPLY
3023703-600,3,1,Zapatillas,urbano,0,APPLY
3024134-002,2,1,Zapatillas,urbano,0,APPLY
30241BL-GRY,4,1,Zapatillas,urbano,0,APPLY
302430L-GYMT,5,1,Zapatillas,urbano,0,APPLY
302433L-LVPK,4,1,Zapatillas,urbano,0,APPLY
302453L-NVPK,5,1,Zapatillas,urbano,0,APPLY
302472L-NVPK,5,1,Zapatillas,urbano,0,APPLY
3024884-002,2,1,Zapatillas,urbano,0,APPLY
3025642-101,2,1,Zapatillas,urbano,0,APPLY
3027104-001,3,1,Zapatillas,urbano,0,APPLY
3028409-001,2,1,Zapatillas,urbano,0,APPLY
303540L-BLK,5,1,Zapatillas,urbano,0,APPLY
303546L-BLK,3,1,Zapatillas,urbano,0,APPLY
303577L-BKHP,4,1,Zapatillas,urbano,0,APPLY
303717L-BKMT,2,1,Zapatillas,urbano,0,APPLY
303947L-WHT,5,1,Zapatillas,"urbano,blanco,oficial",0,APPLY
310024L-PNK,4,1,Zapatillas,urbano,0,APPLY
310384L-MVE,3,1,Zapatillas,urbano,0,APPLY
310435L-WMLT,3,1,Zapatillas,urbano,0,APPLY
310450L-BKRG,5,1,Zapatillas,urbano,0,APPLY
310547L-BKRG,3,1,Zapatillas,urbano,0,APPLY
313020 06,2,1,Zapatillas,urbano,0,APPLY
081-1270,2,1,Zapatillas,urbano,0,APPLY
338010357,2,1,Zapatillas,urbano,0,APPLY
100033086,2,1,Zapatillas,urbano,0,APPLY
354-6062,2,1,Zapatillas,"urbano,oficial",0,APPLY
3646-02,5,1,Zapatillas,urbano,0,APPLY
100000102,5,1,Zapatillas,urbano,0,APPLY
100000456,3,1,Zapatillas,urbano,0,APPLY
3691,2,1,Zapatillas,urbano,0,APPLY
369863 03,2,1,Zapatillas,urbano,0,APPLY
100033367,2,1,Zapatillas,urbano,0,APPLY
100033478,4,1,Zapatillas,urbano,0,APPLY
100034060,3,1,Zapatillas,urbano,0,APPLY
100034149,3,1,Zapatillas,urbano,0,APPLY
100074662,2,1,Zapatillas,urbano,0,APPLY
381-99650,2,1,Zapatillas,urbano,0,APPLY
100202579,3,1,Zapatillas,urbano,0,APPLY
100208245,6,1,Zapatillas,urbano,0,APPLY
100210019,2,1,Zapatillas,urbano,0,APPLY
100210020,2,1,Zapatillas,urbano,0,APPLY
100233885,3,1,Zapatillas,urbano,0,APPLY
390984 01,3,1,Zapatillas,urbano,0,APPLY
390985 07,3,1,Zapatillas,urbano,0,APPLY
393839 01,3,1,Zapatillas,urbano,0,APPLY
100468-MOC,3,1,Zapatillas,urbano,0,APPLY
400137N-BKRB,5,1,Zapatillas,urbano,0,APPLY
401001 07,4,1,Zapatillas,urbano,0,APPLY
401500N-RDBK,3,1,Zapatillas,urbano,0,APPLY
401650L-BKOR,4,1,Zapatillas,urbano,0,APPLY
403659L-OLV,4,1,Zapatillas,urbano,0,APPLY
403603L-NVSL,5,1,Zapatillas,urbano,0,APPLY
403647L-BKRD,2,1,Zapatillas,urbano,0,APPLY
403696L-BKW,12,1,Zapatillas,urbano,0,APPLY
403735L-CCOR,4,1,Zapatillas,urbano,0,APPLY
403769L-GYBL,3,1,Zapatillas,urbano,0,APPLY
403775L-BLK,11,1,Zapatillas,"urbano,negro",0,APPLY
403852L-NVMT,5,1,Zapatillas,urbano,0,APPLY
403908N-BKRD,6,1,Zapatillas,urbano,0,APPLY
403908N-RDBK,4,1,Zapatillas,urbano,0,APPLY
451-1529,2,1,Zapatillas,urbano,0,APPLY
100033039,3,1,Zapatillas,urbano,0,APPLY
100070329,5,1,Zapatillas,urbano,0,APPLY
47928,3,1,Zapatillas,urbano,0,APPLY
481-1424,3,1,Zapatillas,urbano,0,APPLY
149398-NVPR,5,1,Zapatillas,urbano,0,APPLY
149691-BKW,6,1,Zapatillas,"urbano,oficial",0,APPLY
149747-NVAQ,4,1,Zapatillas,urbano,0,APPLY
H-75,20,1,Zapatillas,urbano,0,APPLY
149753-ROS,2,1,Zapatillas,urbano,0,APPLY
117648-BBK,3,1,Zapatillas,urbano,0,APPLY
118107-BBK,3,1,Zapatillas,urbano,0,APPLY
589-1364,3,1,Zapatillas,urbano,0,APPLY
5BM01295-100,2,1,Zapatillas,urbano,0,APPLY
5969-02,2,1,Zapatillas,urbano,0,APPLY
GV7824,2,1,Zapatillas,urbano,0,APPLY
H03049,3,1,Zapatillas,urbano,0,APPLY
5CM00776-020,2,1,Zapatillas,urbano,0,APPLY
5XM02360-013,2,1,Zapatillas,urbano,0,APPLY
GW2997,3,1,Zapatillas,urbano,0,APPLY
149807-WHT,3,1,Zapatillas,urbano,0,APPLY
5BM00594-014,2,1,Zapatillas,urbano,0,APPLY
149580-GMLT,3,1,Zapatillas,urbano,0,APPLY
150049-BBK,2,1,Zapatillas,urbano,0,APPLY
117378-BBK,6,1,Zapatillas,urbano,0,APPLY
117235-BBK,3,1,Zapatillas,"urbano,negro",0,APPLY
117256-BLSH,3,1,Zapatillas,urbano,0,APPLY
155051-WBRD,5,1,Zapatillas,urbano,0,APPLY
155196-BLSH,3,1,Zapatillas,urbano,0,APPLY
155541-WHT,6,1,Zapatillas,urbano,0,APPLY
155543-RED,5,1,Zapatillas,urbano,0,APPLY
155616-BLK,3,1,Zapatillas,urbano,0,APPLY
838937-102,2,1,Zapatillas,urbano,0,APPLY
124354-MVE,2,1,Zapatillas,urbano,0,APPLY
124354-NVTQ,4,1,Zapatillas,urbano,0,APPLY
124354-BKHP,4,1,Zapatillas,urbano,0,APPLY
121979-18,2,1,Zapatillas,urbano,0,APPLY
9824,9,1,Zapatillas,"urbano,vestir",0,APPLY
128606-BKFS,5,1,Zapatillas,urbano,0,APPLY
11931-WSL,9,1,Zapatillas,urbano,0,APPLY
AQ2210-011,5,1,Zapatillas,urbano,0,APPLY
167433-CSNT,2,1,Zapatillas,urbano,0,APPLY
B44539,3,1,Zapatillas,urbano,0,APPLY
B75739,3,1,Zapatillas,urbano,0,APPLY
124401-BKPK,5,1,Zapatillas,urbano,0,APPLY
128190-NVPR,5,1,Zapatillas,urbano,0,APPLY
12982-NVBL,6,1,Zapatillas,urbano,0,APPLY
1299199-100,2,1,Zapatillas,urbano,0,APPLY
177991-WRD,2,1,Zapatillas,urbano,0,APPLY
BX13,16,1,Zapatillas,urbano,0,APPLY
C77841,3,1,Zapatillas,urbano,0,APPLY
CD7782-122,3,1,Zapatillas,urbano,0,APPLY
CHL-1815A,22,1,Zapatillas,urbano,0,APPLY
181-0585,2,1,Zapatillas,urbano,0,APPLY
181-09640,5,1,Zapatillas,urbano,0,APPLY
181-2268,3,1,Zapatillas,urbano,0,APPLY
185105-NTBK,2,1,Zapatillas,urbano,0,APPLY
D29,16,84,Zapatillas,urbano,0,APPLY
DV5458-600,2,1,Zapatillas,urbano,0,APPLY
EG2769,2,1,Zapatillas,urbano,0,APPLY
EG6148,3,1,Zapatillas,urbano,0,APPLY
1BM00569-125,4,1,Zapatillas,urbano,0,APPLY
1BM00624-332,2,1,Zapatillas,urbano,0,APPLY
1FM00139-125,3,1,Zapatillas,urbano,0,APPLY
13423-WML,6,1,Zapatillas,urbano,0,APPLY
HP2410,4,1,Zapatillas,urbano,0,APPLY
ID0898,2,1,Zapatillas,urbano,0,APPLY
ID5286,4,1,Zapatillas,urbano,0,APPLY
204-6056,2,46,Zapatillas,"urbano,oficial",0,APPLY
204920-DSRT,4,1,Zapatillas,urbano,0,APPLY
IO6964-001,2,1,Zapatillas,urbano,0,APPLY
210553-BLK,3,1,Zapatillas,urbano,0,APPLY
BQ9647-602,2,1,Zapatillas,urbano,0,APPLY
T38-3,4,1,Zapatillas,urbano,0,APPLY
400135N-BKMT,5,1,Zapatillas,urbano,0,APPLY
52458-NVY,7,1,Zapatillas,urbano,0,APPLY
554-5070,3,1,Zapatillas,urbano,0,APPLY
881-4936,3,1,Zapatillas,urbano,0,APPLY
303654L-BKPR,2,1,Zapatillas,urbano,0,APPLY
553558-136,2,1,Zapatillas,urbano,0,APPLY
DH9523-002,2,1,Zapatillas,urbano,0,APPLY
DA1923-001,2,1,Zapatillas,urbano,0,APPLY
100233959,2,1,Zapatillas,urbano,0,APPLY
124640-NVPK,3,1,Zapatillas,urbano,0,APPLY
281-9289,5,1,Zapatillas,urbano,0,APPLY
281-9576,5,1,Zapatillas,urbano,0,APPLY
281-9639,4,1,Zapatillas,urbano,0,APPLY
281-9707,4,1,Zapatillas,urbano,0,APPLY
314088L-BKMT,2,1,Zapatillas,urbano,0,APPLY
52458-RED,4,1,Zapatillas,urbano,0,APPLY
553558-132,3,1,Zapatillas,urbano,0,APPLY
581-1734,3,1,Zapatillas,urbano,0,APPLY
581-6300,4,1,Zapatillas,urbano,0,APPLY
581-6352,2,1,Zapatillas,urbano,0,APPLY
581-6600,2,1,Zapatillas,urbano,0,APPLY
581-9376,2,1,Zapatillas,urbano,0,APPLY
581-9573,3,1,Zapatillas,urbano,0,APPLY
581-9787,2,1,Zapatillas,urbano,0,APPLY
589-6693,4,1,Zapatillas,urbano,0,APPLY
6521-05,2,1,Zapatillas,urbano,0,APPLY
6521-08,2,1,Zapatillas,urbano,0,APPLY
6569-02,3,1,Zapatillas,urbano,0,APPLY
660267REG,2,1,Zapatillas,urbano,0,APPLY
660294REG,4,1,Zapatillas,urbano,0,APPLY
660310TCL,2,1,Zapatillas,urbano,0,APPLY
660487,5,85,Zapatillas,"urbano,oficial",0,APPLY
68167,3,1,Zapatillas,urbano,0,APPLY
767-6012,14,1,Zapatillas,urbano,0,APPLY
81897U-DKD,2,1,Zapatillas,urbano,0,APPLY
881-4355,3,1,Zapatillas,urbano,0,APPLY
889-1720,4,1,Zapatillas,urbano,0,APPLY
889-6752,4,1,Zapatillas,urbano,0,APPLY
889-9729,2,1,Zapatillas,urbano,0,APPLY
9024,10,2;46,Zapatillas,"urbano,vestir",0,APPLY
924514-002,3,1,Zapatillas,urbano,0,APPLY
998044L,3,1,Zapatillas,"urbano,oficial",0,APPLY
ADP91104-40,6,85,Zapatillas,urbano,0,APPLY
AQ2804,3,1,Zapatillas,urbano,0,APPLY
AZ254011155-HI8,2,46,Zapatillas,urbano,0,APPLY
BX11,6,1,Zapatillas,urbano,0,APPLY
CD7091-003,3,1,Zapatillas,urbano,0,APPLY
CD7093-011,3,1,Zapatillas,urbano,0,APPLY
CN2126,3,1,Zapatillas,urbano,0,APPLY
CZ5358-002,6,1,Zapatillas,urbano,0,APPLY
DC4769-102,3,1,Zapatillas,urbano,0,APPLY
DD1095-608,2,1,Zapatillas,urbano,0,APPLY
DES223-1,5,1,Zapatillas,urbano,0,APPLY
DJ5423-001,3,1,Zapatillas,urbano,0,APPLY
DM3493-002,2,1,Zapatillas,urbano,0,APPLY
DV4337-700,2,1,Zapatillas,urbano,0,APPLY
DV4348-040,2,1,Zapatillas,urbano,0,APPLY
DX4816-100,2,1,Zapatillas,urbano,0,APPLY
EH2337,2,1,Zapatillas,urbano,0,APPLY
FB2239-600,3,1,Zapatillas,urbano,0,APPLY
FJ2587-300,2,1,Zapatillas,urbano,0,APPLY
FJ2603-100,2,1,Zapatillas,urbano,0,APPLY
FN6249-100,3,1,Zapatillas,urbano,0,APPLY
FV0976,2,1,Zapatillas,urbano,0,APPLY
FX3632,6,1,Zapatillas,urbano,0,APPLY
GW1981,3,1,Zapatillas,urbano,0,APPLY
GW1987,3,1,Zapatillas,urbano,0,APPLY
GW5609,2,1,Zapatillas,urbano,0,APPLY
GW6527,2,1,Zapatillas,urbano,0,APPLY
GX6049,2,1,Zapatillas,urbano,0,APPLY
GY9053,2,107,Zapatillas,urbano,0,APPLY
GY9996,2,1,Zapatillas,urbano,0,APPLY
GZ0016,2,1,Zapatillas,urbano,0,APPLY
GZ2461,2,1,Zapatillas,urbano,0,APPLY
GZ9372,3,1,Zapatillas,urbano,0,APPLY
H00806,3,1,Zapatillas,urbano,0,APPLY
HF1233-110,3,1,Zapatillas,urbano,0,APPLY
HP5841,3,1,Zapatillas,urbano,0,APPLY
HP5866,3,1,Zapatillas,urbano,0,APPLY
HP5909,4,1,Zapatillas,urbano,0,APPLY
HP7568,5,1,Zapatillas,urbano,0,APPLY
HQ2048-400,2,1,Zapatillas,urbano,0,APPLY
HQ2234,2,1,Zapatillas,urbano,0,APPLY
ID5580,3,1,Zapatillas,urbano,0,APPLY
ID7117,3,1,Zapatillas,urbano,0,APPLY
IE4979,2,107,Zapatillas,urbano,0,APPLY
IE6657,2,1,Zapatillas,urbano,0,APPLY
IE8705,2,1,Zapatillas,urbano,0,APPLY
IE9441,3,1,Zapatillas,urbano,0,APPLY
IE9443,3,1,Zapatillas,urbano,0,APPLY
IE9444,2,1,Zapatillas,urbano,0,APPLY
IE9496,2,1,Zapatillas,urbano,0,APPLY
IF2722,3,1,Zapatillas,urbano,0,APPLY
IG7003,2,1,Zapatillas,urbano,0,APPLY
IG8720,2,107,Zapatillas,urbano,0,APPLY
JH6921,2,1,Zapatillas,urbano,0,APPLY
JP5147,2,1,Zapatillas,urbano,0,APPLY
JQ5633,2,1,Zapatillas,urbano,0,APPLY
MKISS20011,4,1,Zapatillas,urbano,0,APPLY
PC574PAF,5,1,Zapatillas,urbano,0,APPLY
PI-11007200003125,3,46,Zapatillas,urbano,0,APPLY
PI-13021100000108,2,1,Zapatillas,urbano,0,APPLY
PI-14731100000003,2,46,Zapatillas,urbano,0,APPLY
PI-25023800000002,2,46,Zapatillas,urbano,0,APPLY
PI-65406200000002,2,1,Zapatillas,urbano,0,APPLY
PRTCSS230070,2,1,Zapatillas,urbano,0,APPLY
S24059,5,1,Zapatillas,urbano,0,APPLY
SSU2403-NVB,3,1,Zapatillas,urbano,0,APPLY
V59267,2,1,Zapatillas,urbano,0,APPLY
216334-BRN,2,1,Zapatillas,urbano,0,APPLY
216505-NVLM,4,1,Zapatillas,urbano,0,APPLY
220526-BBK,2,1,Zapatillas,urbano,0,APPLY
032-02,2,1,Zapatillas,urbano,0,APPLY
232041-BBK,4,1,Zapatillas,urbano,0,APPLY
23228,3,1,Zapatillas,urbano,0,APPLY
232364-NVY,2,1,Zapatillas,urbano,0,APPLY
232398-BBK,6,1,Zapatillas,urbano,0,APPLY
232646-BBK,3,1,Zapatillas,urbano,0,APPLY
232648-BKGY,2,1,Zapatillas,urbano,0,APPLY
253010-BKRD,4,1,Zapatillas,urbano,0,APPLY
253010-WBK,3,1,Zapatillas,urbano,0,APPLY
167305-MUSH,3,1,Zapatillas,urbano,0,APPLY
280648,3,1,Zapatillas,urbano,0,APPLY
281-1125,3,1,Zapatillas,urbano,0,APPLY
281-1479,2,1,Zapatillas,urbano,0,APPLY
281-2700,2,1,Zapatillas,urbano,0,APPLY
281-6659,4,1,Zapatillas,urbano,0,APPLY
281-6694,3,1,Zapatillas,urbano,0,APPLY
281-6989,2,1,Zapatillas,urbano,0,APPLY
285-6003,3,1,Zapatillas,urbano,0,APPLY
301-6745,3,85,Zapatillas,urbano,0,APPLY
185160-WHT,6,1,Zapatillas,"urbano,blanco",0,APPLY
302019L-PKMT,3,1,Zapatillas,urbano,0,APPLY
302042L-PWMT,4,1,Zapatillas,urbano,0,APPLY
3022871-005,5,1,Zapatillas,urbano,0,APPLY
W022,5,1,Zapatillas,urbano,0,APPLY
3022954-402,3,1,Zapatillas,urbano,0,APPLY
302299L-PKTQ,4,1,Zapatillas,urbano,0,APPLY
302302L-HTPK,3,1,Zapatillas,urbano,0,APPLY
302325L-SMLT,3,1,Zapatillas,urbano,0,APPLY
3023682-500,4,1,Zapatillas,urbano,0,APPLY
302418L-NVY,2,1,Zapatillas,urbano,0,APPLY
3025642-300,2,1,Zapatillas,urbano,0,APPLY
3025238-001,4,1,Zapatillas,urbano,0,APPLY
3026518-001,2,1,Zapatillas,urbano,0,APPLY
302669L-PKLV,5,1,Zapatillas,urbano,0,APPLY
3027007-110,2,1,Zapatillas,urbano,0,APPLY
3027103-002,2,1,Zapatillas,urbano,0,APPLY
3027104-002,2,1,Zapatillas,urbano,0,APPLY
3027105-004,2,1,Zapatillas,urbano,0,APPLY
302732N-BKMT,4,1,Zapatillas,urbano,0,APPLY
3028252-013,2,1,Zapatillas,urbano,0,APPLY
3028259-003,2,1,Zapatillas,urbano,0,APPLY
3028409-100,2,1,Zapatillas,urbano,0,APPLY
3028409-107,2,1,Zapatillas,urbano,0,APPLY
3028434-300,2,1,Zapatillas,urbano,0,APPLY
303581L-BLK,6,1,Zapatillas,urbano,0,APPLY
303715L-BLK,5,1,Zapatillas,urbano,0,APPLY
303910L-BKPR,4,1,Zapatillas,urbano,0,APPLY
305598 01,3,1,Zapatillas,urbano,0,APPLY
310468L-WHT,6,1,Zapatillas,"urbano,blanco",0,APPLY
310547L-NAT,3,1,Zapatillas,urbano,0,APPLY
310974 05,2,1,Zapatillas,urbano,0,APPLY
311225 32,2,1,Zapatillas,urbano,0,APPLY
312266 16,2,1,Zapatillas,urbano,0,APPLY
314976L-WMLT,4,1,Zapatillas,urbano,0,APPLY
316-6023,4,1,Zapatillas,urbano,0,APPLY
330202 40,2,95,Zapatillas,urbano,0,APPLY
33214-BBK,3,1,Zapatillas,urbano,0,APPLY
351-1536,2,1,Zapatillas,urbano,0,APPLY
100205021,3,1,Zapatillas,urbano,0,APPLY
354-6076,2,46,Zapatillas,"urbano,oficial",0,APPLY
361077 04,2,1,Zapatillas,urbano,0,APPLY
3624-02,4,1,Zapatillas,urbano,0,APPLY
1000000169,3,1,Zapatillas,urbano,0,APPLY
100000024,4,1,Zapatillas,urbano,0,APPLY
100000100,3,1,Zapatillas,urbano,0,APPLY
100000101,5,1,Zapatillas,urbano,0,APPLY
100000119,3,1,Zapatillas,urbano,0,APPLY
3665-02,3,1,Zapatillas,urbano,0,APPLY
100000452,2,1,Zapatillas,urbano,0,APPLY
100005921,4,1,Zapatillas,urbano,0,APPLY
100010469,3,1,Zapatillas,urbano,0,APPLY
372004 01,6,1,Zapatillas,"urbano,oficial",0,APPLY
372362 01,14,1,Zapatillas,urbano,0,APPLY
100033489,3,1,Zapatillas,urbano,0,APPLY
373117 40,5,1,Zapatillas,urbano,0,APPLY
100033627,2,1,Zapatillas,urbano,0,APPLY
100033740,2,1,Zapatillas,urbano,0,APPLY
100033742,3,1,Zapatillas,urbano,0,APPLY
100033757,2,1,Zapatillas,urbano,0,APPLY
100034031,2,1,Zapatillas,urbano,0,APPLY
381-1139,3,1,Zapatillas,urbano,0,APPLY
381-1577,5,1,Zapatillas,urbano,0,APPLY
381-1659,5,1,Zapatillas,urbano,0,APPLY
381-59670,3,1,Zapatillas,urbano,0,APPLY
381-9707,2,1,Zapatillas,urbano,0,APPLY
100209390,3,1,Zapatillas,urbano,0,APPLY
390984 10,5,1,Zapatillas,urbano,0,APPLY
390987 12,2,1,Zapatillas,urbano,0,APPLY
391651 01,4,1,Zapatillas,urbano,0,APPLY
392326 01,3,1,Zapatillas,urbano,0,APPLY
393839 02,2,1,Zapatillas,urbano,0,APPLY
397447 02,2,1,Zapatillas,urbano,0,APPLY
398876 03,2,1,Zapatillas,urbano,0,APPLY
400125L-NVLM,3,1,Zapatillas,urbano,0,APPLY
400150N-BKRD,2,1,Zapatillas,urbano,0,APPLY
400365 01,3,1,Zapatillas,urbano,0,APPLY
100209104,2,1,Zapatillas,urbano,0,APPLY
400604L-NVBL,2,1,Zapatillas,urbano,0,APPLY
400620L-WHT,3,1,Zapatillas,urbano,0,APPLY
401495N-CCGY,5,1,Zapatillas,urbano,0,APPLY
401675N-BKGY,5,1,Zapatillas,urbano,0,APPLY
403615L-CHAR,2,1,Zapatillas,urbano,0,APPLY
403616L-BLK,3,1,Zapatillas,urbano,0,APPLY
403647L-GYBK,2,1,Zapatillas,urbano,0,APPLY
403673L-NVY,2,1,Zapatillas,urbano,0,APPLY
403695L-BLK,6,1,Zapatillas,"urbano,negro",0,APPLY
403734L-WHT,6,1,Zapatillas,"urbano,blanco",0,APPLY
403774L-BBK,6,1,Zapatillas,"urbano,negro",0,APPLY
403775L-BBK,6,1,Zapatillas,"urbano,negro",0,APPLY
403830L-BBLM,2,1,Zapatillas,urbano,0,APPLY
403962L-BLK,2,1,Zapatillas,urbano,0,APPLY
403985L-NVOR,4,1,Zapatillas,urbano,0,APPLY
404015N-BLBK,2,1,Zapatillas,urbano,0,APPLY
405046L-BKCC,3,1,Zapatillas,urbano,0,APPLY
405095L-NVRD,5,1,Zapatillas,urbano,0,APPLY
406520L-BBLM,2,1,Zapatillas,urbano,0,APPLY
407239N-BKOR,3,1,Zapatillas,urbano,0,APPLY
407300N-BBLM,5,1,Zapatillas,urbano,0,APPLY
050261-3,4,1,Zapatillas,urbano,0,APPLY
454476-103,2,1,Zapatillas,urbano,0,APPLY
454478-127,2,1,Zapatillas,urbano,0,APPLY
454501-133,2,1,Zapatillas,urbano,0,APPLY
47267,3,1,Zapatillas,urbano,0,APPLY
100033925,3,1,Zapatillas,urbano,0,APPLY
149113-BKCL,3,1,Zapatillas,urbano,0,APPLY
4802.104.19646.71888,6,1,Zapatillas,urbano,0,APPLY
481-0179,5,1,Zapatillas,urbano,0,APPLY
481-6694,2,1,Zapatillas,urbano,0,APPLY
149277-BKHP,7,1,Zapatillas,urbano,0,APPLY
149277-GYMN,5,1,Zapatillas,urbano,0,APPLY
149298-ROS,4,1,Zapatillas,urbano,0,APPLY
5-MYRNA-15,7,46,Zapatillas,urbano,0,APPLY
149398-GYPK,5,1,Zapatillas,urbano,0,APPLY
501-56870,3,1,Zapatillas,urbano,0,APPLY
149491-ROS,7,1,Zapatillas,urbano,0,APPLY
506-6011,2,1,Zapatillas,urbano,0,APPLY
149543-MVE,4,1,Zapatillas,urbano,0,APPLY
516-6023,6,1,Zapatillas,urbano,0,APPLY
149645-NVMT,2,1,Zapatillas,urbano,0,APPLY
149651-NVMT,3,1,Zapatillas,urbano,0,APPLY
149758-BLK,3,1,Zapatillas,urbano,0,APPLY
149794-WMLT,4,1,Zapatillas,urbano,0,APPLY
149835-BKMT,5,1,Zapatillas,urbano,0,APPLY
XT3337-4333,2,1,Zapatillas,urbano,0,APPLY
149881-PKMT,2,1,Zapatillas,urbano,0,APPLY
117415-BBK,2,1,Zapatillas,urbano,0,APPLY
551-4368,2,1,Zapatillas,urbano,0,APPLY
117036-BBK,7,1,Zapatillas,"urbano,negro",0,APPLY
118306-BBK,3,1,Zapatillas,"urbano,boxeo",0,APPLY
554676-555,3,1,Zapatillas,urbano,0,APPLY
117509-BBK,4,1,Zapatillas,urbano,0,APPLY
118000-BBK,5,1,Zapatillas,urbano,0,APPLY
9843,6,1;2,Zapatillas,urbano,0,APPLY
IE6132,2,1,Zapatillas,urbano,0,APPLY
IF4804,4,1,Zapatillas,urbano,0,APPLY
581-5108,5,1,Zapatillas,urbano,0,APPLY
JS4435,3,1,Zapatillas,urbano,0,APPLY
5CM00514-125,2,1,Zapatillas,urbano,0,APPLY
599570-008,3,1,Zapatillas,urbano,0,APPLY
100000169,3,1,Zapatillas,urbano,0,APPLY
100201314,3,1,Zapatillas,urbano,0,APPLY
IG8298,3,1,Zapatillas,urbano,0,APPLY
GX8303,3,1,Zapatillas,urbano,0,APPLY
IE6678,3,1,Zapatillas,urbano,0,APPLY
FW2588,4,1,Zapatillas,urbano,0,APPLY
5AC170,3,1,Zapatillas,urbano,0,APPLY
3BM02488-147,2,1,Zapatillas,urbano,0,APPLY
100033362,3,1,Zapatillas,urbano,0,APPLY
35482,2,1,Zapatillas,urbano,0,APPLY
150019-BBK,5,1,Zapatillas,urbano,0,APPLY
150020-NVY,2,1,Zapatillas,urbano,0,APPLY
232758-CCOR,2,1,Zapatillas,urbano,0,APPLY
251150-BKOR,2,1,Zapatillas,urbano,0,APPLY
303755N-NVMT,3,1,Zapatillas,urbano,0,APPLY
150075-NTTP,4,1,Zapatillas,urbano,0,APPLY
150132-BKMT,3,1,Zapatillas,urbano,0,APPLY
606,10,1;2;7;11;33;40;58,Zapatillas,urbano,0,APPLY
150202-NVHP,5,1,Zapatillas,urbano,0,APPLY
150370-MVE,3,1,Zapatillas,urbano,0,APPLY
117207-NVMT,2,1,Zapatillas,urbano,0,APPLY
151-1788,5,1,Zapatillas,urbano,0,APPLY
117346-NVY,3,1,Zapatillas,urbano,0,APPLY
653700-002,2,1,Zapatillas,urbano,0,APPLY
118300-NVY,2,1,Zapatillas,urbano,0,APPLY
6836,4,1,Zapatillas,urbano,0,APPLY
73690-RST,2,1,Zapatillas,urbano,0,APPLY
107381 02,3,1,Zapatillas,urbano,0,APPLY
747999-101,2,1,Zapatillas,urbano,0,APPLY
767-6011,14,1,Zapatillas,urbano,0,APPLY
155620-MVE,3,1,Zapatillas,urbano,0,APPLY
155620-WHT,3,1,Zapatillas,urbano,0,APPLY
819416-500,2,1,Zapatillas,urbano,0,APPLY
881-46660,4,1,Zapatillas,urbano,0,APPLY
121-1013,3,1,Zapatillas,urbano,0,APPLY
90,3,86,Zapatillas,urbano,0,APPLY
124222-PUR,5,1,Zapatillas,urbano,0,APPLY
119200-NVY,2,1,Zapatillas,urbano,0,APPLY
9811,7,1;2,Zapatillas,urbano,0,APPLY
124204-NVTQ,6,1,Zapatillas,urbano,0,APPLY
124661-MVE,2,1,Zapatillas,urbano,0,APPLY
124707-NVAQ,6,1,Zapatillas,urbano,0,APPLY
100033297,3,1,Zapatillas,urbano,0,APPLY
117346-BLK,4,1,Zapatillas,urbano,0,APPLY
118310-WHT,2,1,Zapatillas,urbano,0,APPLY
167993-WTRG,2,1,Zapatillas,urbano,0,APPLY
AW5118,2,1,Zapatillas,urbano,0,APPLY
B26179,2,1,Zapatillas,urbano,0,APPLY
B27269,4,1,Zapatillas,urbano,0,APPLY
B39942,2,1,Zapatillas,urbano,0,APPLY
117378-NAT,3,1,Zapatillas,urbano,0,APPLY
124959-BLK,2,1,Zapatillas,urbano,0,APPLY
12982-BKW,12,1,Zapatillas,urbano,0,APPLY
1301,17,1;7;46,Zapatillas,urbano,0,APPLY
128075-BKPK,2,1,Zapatillas,urbano,0,APPLY
1285.400.26226.92693,2,46,Zapatillas,urbano,0,APPLY
128606-NAT,3,1,Zapatillas,urbano,0,APPLY
129006-GYBL,3,1,Zapatillas,urbano,0,APPLY
177969-WRD,2,1,Zapatillas,urbano,0,APPLY
CD4154-001,5,1,Zapatillas,urbano,0,APPLY
18045,11,1,Zapatillas,urbano,0,APPLY
181-59630,2,1,Zapatillas,urbano,0,APPLY
183120-WHT,3,1,Zapatillas,urbano,0,APPLY
185092-WMLT,2,1,Zapatillas,urbano,0,APPLY
D09,7,1,Zapatillas,urbano,0,APPLY
DC2533-002,3,1,Zapatillas,urbano,0,APPLY
DH2987-107,2,1,Zapatillas,urbano,0,APPLY
DR0453-005,3,1,Zapatillas,urbano,0,APPLY
DV5456-600,4,1,Zapatillas,urbano,0,APPLY
E0123D8001,2,46,Zapatillas,"urbano,oficial",0,APPLY
128651-BKW,2,1,Zapatillas,urbano,0,APPLY
EK047/2,4,1,Zapatillas,urbano,0,APPLY
DO9328-300,3,1,Zapatillas,urbano,0,APPLY
1BM01088-946,3,1,Zapatillas,urbano,0,APPLY
1BM01817-014,2,1,Zapatillas,urbano,0,APPLY
1BM01827-113,3,1,Zapatillas,urbano,0,APPLY
13008,2,1,Zapatillas,urbano,0,APPLY
GZ5920,4,1,Zapatillas,urbano,0,APPLY
HLA-855,7,1,Zapatillas,urbano,0,APPLY
1354,5,1,Zapatillas,urbano,0,APPLY
HQ7367,2,1,Zapatillas,urbano,0,APPLY
HWPSS13016,2,1,Zapatillas,urbano,0,APPLY
IG0622,2,1,Zapatillas,urbano,0,APPLY
20217N-PERI,5,1,Zapatillas,urbano,0,APPLY
IH6184,5,1,Zapatillas,urbano,0,APPLY
204225-BRN,2,1,Zapatillas,urbano,0,APPLY
205120-BLK,3,1,Zapatillas,urbano,0,APPLY
2083.1106.26551.16072,3,46,Zapatillas,urbano,0,APPLY
M20494,3,1,Zapatillas,urbano,0,APPLY
M20084,3,1,Zapatillas,urbano,0,APPLY
210183-CDB,3,1,Zapatillas,urbano,0,APPLY
210887-GRY,2,1,Zapatillas,urbano,0,APPLY
MTOTO,6,1,Zapatillas,urbano,0,APPLY
PI-11007200003241,3,46,Zapatillas,urbano,0,APPLY
3780,2,1,Zapatillas,urbano,0,APPLY
3781,2,1,Zapatillas,urbano,0,APPLY
725163-032,2,1,Zapatillas,urbano,0,APPLY
819150-400,2,1,Zapatillas,urbano,0,APPLY
EK051/1,3,1,Zapatillas,urbano,0,APPLY
V69956,2,1,Zapatillas,urbano,0,APPLY
381-1677,3,1,Zapatillas,urbano,0,APPLY
381-2700,2,1,Zapatillas,urbano,0,APPLY
451-1519,2,1,Zapatillas,urbano,0,APPLY
581-5552,3,1,Zapatillas,urbano,0,APPLY
CN9675-100,3,1,Zapatillas,urbano,0,APPLY
FD0736-100,2,1,Zapatillas,urbano,0,APPLY
B22806,3,1,Zapatillas,urbano,0,APPLY
B75654,3,1,Zapatillas,urbano,0,APPLY
DH3162-100,2,1,Zapatillas,urbano,0,APPLY
GV7610,2,1,Zapatillas,urbano,0,APPLY
DM1124-004,2,1,Zapatillas,urbano,0,APPLY
ME420RB3,2,1,Zapatillas,urbano,0,APPLY
100233961,3,1,Zapatillas,urbano,0,APPLY
117256-GRY,2,1,Zapatillas,urbano,0,APPLY
216505-BBK,4,1,Zapatillas,urbano,0,APPLY
3022955-002,3,1,Zapatillas,urbano,0,APPLY
351-2361,3,1,Zapatillas,urbano,0,APPLY
52811-CHAR,4,1,Zapatillas,urbano,0,APPLY
551-1518,3,1,Zapatillas,urbano,0,APPLY
551-6408,2,1,Zapatillas,urbano,0,APPLY
581-2662,2,1,Zapatillas,urbano,0,APPLY
581-6382,3,1,Zapatillas,urbano,0,APPLY
581-6401,3,1,Zapatillas,urbano,0,APPLY
581-6669,3,1,Zapatillas,urbano,0,APPLY
581-6787,2,1,Zapatillas,urbano,0,APPLY
581-6881,7,1,Zapatillas,urbano,0,APPLY
599803-100,3,1,Zapatillas,urbano,0,APPLY
5AC106,2,46,Zapatillas,"urbano,oficial",0,APPLY
5FM00002-125,5,1,Zapatillas,urbano,0,APPLY
5FM00783-040,2,1,Zapatillas,urbano,0,APPLY
5RM00506-600,4,1,Zapatillas,urbano,0,APPLY
5XM02360-125,2,1,Zapatillas,urbano,0,APPLY
62004U-DX4,2,1,Zapatillas,urbano,0,APPLY
6521-02,2,1,Zapatillas,urbano,0,APPLY
660264REG,2,1,Zapatillas,urbano,0,APPLY
73690-YLW,5,1,Zapatillas,urbano,0,APPLY
765-0179,7,1,Zapatillas,urbano,0,APPLY
765-0716,8,1,Zapatillas,urbano,0,APPLY
801-1133,6,1,Zapatillas,urbano,0,APPLY
801-4755,3,85,Zapatillas,urbano,0,APPLY
81346L-NVPK,4,1,Zapatillas,urbano,0,APPLY
81897U-LUA,2,1,Zapatillas,urbano,0,APPLY
82004U-A66,2,1,Zapatillas,urbano,0,APPLY
82004U-U56,2,1,Zapatillas,urbano,0,APPLY
82020L-NVPK,3,1,Zapatillas,urbano,0,APPLY
839985-100,3,1,Zapatillas,urbano,0,APPLY
846-6002,2,1,Zapatillas,urbano,0,APPLY
8559,3,1,Zapatillas,urbano,0,APPLY
881-1767,6,1,Zapatillas,urbano,0,APPLY
881-6571,3,1,Zapatillas,urbano,0,APPLY
881-66860,3,1,Zapatillas,urbano,0,APPLY
881-6881,5,1,Zapatillas,urbano,0,APPLY
881-6906,4,1,Zapatillas,urbano,0,APPLY
881-85890,4,1,Zapatillas,urbano,0,APPLY
882267-100,2,1,Zapatillas,urbano,0,APPLY
88888301,3,1,Zapatillas,urbano,0,APPLY
889-6620,4,1,Zapatillas,urbano,0,APPLY
908994-001,2,1,Zapatillas,urbano,0,APPLY
918413-007,4,1,Zapatillas,urbano,0,APPLY
98151L-BKW,7,1,Zapatillas,"urbano,oficial",0,APPLY
999826L,2,46,Zapatillas,urbano,0,APPLY
A512-6,3,1,Zapatillas,urbano,0,APPLY
ADP91104-90,7,85,Zapatillas,urbano,0,APPLY
AF6116,2,1,Zapatillas,urbano,0,APPLY
AF6154,4,1,Zapatillas,urbano,0,APPLY
AF6155,3,1,Zapatillas,urbano,0,APPLY
AO4403-001,5,1,Zapatillas,urbano,0,APPLY
AQ1189-090,4,1,Zapatillas,urbano,0,APPLY
AQ1773-100,2,1,Zapatillas,urbano,0,APPLY
AQ1775-005,2,1,Zapatillas,urbano,0,APPLY
AQ2175,2,1,Zapatillas,urbano,0,APPLY
AQ2235-104,5,1,Zapatillas,urbano,0,APPLY
AZ254011176-47A,2,46,Zapatillas,urbano,0,APPLY
B22854,3,1,Zapatillas,urbano,0,APPLY
B23914,3,1,Zapatillas,urbano,0,APPLY
B24529,3,1,Zapatillas,urbano,0,APPLY
B44669,2,1,Zapatillas,urbano,0,APPLY
BB7250,2,1,Zapatillas,"urbano,hockey",0,APPLY
BB9664,3,1,Zapatillas,urbano,0,APPLY
BBBSS16008,4,1,Zapatillas,urbano,0,APPLY
BBIFW19017,2,1,Zapatillas,urbano,0,APPLY
BQ4152-400,3,1,Zapatillas,urbano,0,APPLY
BV7427-001,4,1,Zapatillas,urbano,0,APPLY
CD4363-001,3,1,Zapatillas,urbano,0,APPLY
CD7782-100,4,1,Zapatillas,urbano,0,APPLY
CJ0270-601,3,1,Zapatillas,urbano,0,APPLY
CK2669-001,6,1,Zapatillas,urbano,0,APPLY
CN2392,3,1,Zapatillas,urbano,0,APPLY
DD9463-705,2,1,Zapatillas,urbano,0,APPLY
DH3158-003,3,1,Zapatillas,urbano,0,APPLY
DH3158-101,4,1,Zapatillas,urbano,0,APPLY
DH9636-001,2,1,Zapatillas,urbano,0,APPLY
DJ3018-016,4,1,Zapatillas,urbano,0,APPLY
DJ5961-040,2,1,Zapatillas,urbano,0,APPLY
DN3577-600,2,1,Zapatillas,urbano,0,APPLY
DR5938-810,2,1,Zapatillas,urbano,0,APPLY
DX2940-100,4,1,Zapatillas,urbano,0,APPLY
DZ4353-106,3,1,Zapatillas,urbano,0,APPLY
EG9416,4,1,Zapatillas,urbano,0,APPLY
EK033/2,4,1,Zapatillas,urbano,0,APPLY
EK037/2,5,1,Zapatillas,urbano,0,APPLY
EK041/1,3,1,Zapatillas,urbano,0,APPLY
EK056/2,3,1,Zapatillas,urbano,0,APPLY
EK112/2,3,1,Zapatillas,urbano,0,APPLY
F35542,9,1,Zapatillas,urbano,0,APPLY
FB2207-001,3,1,Zapatillas,urbano,0,APPLY
FB7690-003,2,1,Zapatillas,urbano,0,APPLY
FD0321-010,2,1,Zapatillas,urbano,0,APPLY
FJ2577-100,2,1,Zapatillas,urbano,0,APPLY
FQ1598-401,3,1,Zapatillas,urbano,0,APPLY
FRICSS230070,2,1,Zapatillas,urbano,0,APPLY
FY3304,2,1,Zapatillas,urbano,0,APPLY
GR-CT-12158,2,1,Zapatillas,urbano,0,APPLY
GW0442,3,1,Zapatillas,urbano,0,APPLY
GW0773,2,1,Zapatillas,urbano,0,APPLY
GW2609,2,1,Zapatillas,urbano,0,APPLY
GW9250,3,1,Zapatillas,urbano,0,APPLY
GX5942,2,1,Zapatillas,urbano,0,APPLY
GY2888,2,1,Zapatillas,urbano,0,APPLY
GZ2548,2,107,Zapatillas,urbano,0,APPLY
GZ2683,3,1,Zapatillas,urbano,0,APPLY
GZ9647,4,1,Zapatillas,urbano,0,APPLY
GZ9673,2,1,Zapatillas,urbano,0,APPLY
H04178,5,1,Zapatillas,urbano,0,APPLY
H06301,3,1,Zapatillas,urbano,0,APPLY
H7,3,1,Zapatillas,urbano,0,APPLY
HLC-727,18,1,Zapatillas,urbano,0,APPLY
HP2519,3,1,Zapatillas,urbano,0,APPLY
HP5865,2,1,Zapatillas,urbano,0,APPLY
HP8970,3,1,Zapatillas,urbano,0,APPLY
I8978,3,1,Zapatillas,urbano,0,APPLY
I9476,2,1,Zapatillas,urbano,0,APPLY
ID0471,2,1,Zapatillas,urbano,0,APPLY
ID1811,2,1,Zapatillas,urbano,0,APPLY
ID2953,2,1,Zapatillas,urbano,0,APPLY
ID5267,2,1,Zapatillas,urbano,0,APPLY
ID7116,3,1,Zapatillas,urbano,0,APPLY
ID9336,2,1,Zapatillas,urbano,0,APPLY
IE0854,2,1,Zapatillas,urbano,0,APPLY
IE0922,3,1,Zapatillas,urbano,0,APPLY
IE4067,2,1,Zapatillas,urbano,0,APPLY
IE4166,4,1,Zapatillas,urbano,0,APPLY
IE4904,2,107,Zapatillas,urbano,0,APPLY
IE8704,2,1,Zapatillas,urbano,0,APPLY
IF2634,3,1,Zapatillas,urbano,0,APPLY
IF4076,2,1,Zapatillas,urbano,0,APPLY
IF4802,3,1,Zapatillas,urbano,0,APPLY
IF6399,2,1,Zapatillas,urbano,0,APPLY
IG0616,2,1,Zapatillas,urbano,0,APPLY
IG6648,2,1,Zapatillas,urbano,0,APPLY
IG6669,2,1,Zapatillas,urbano,0,APPLY
IG6690,2,1,Zapatillas,urbano,0,APPLY
IG9160,3,1,Zapatillas,urbano,0,APPLY
IH0162,2,1,Zapatillas,urbano,0,APPLY
IH0582,2,1,Zapatillas,urbano,0,APPLY
IH3347,2,1,Zapatillas,urbano,0,APPLY
IH3553,2,1,Zapatillas,urbano,0,APPLY
J120,4,1,Zapatillas,urbano,0,APPLY
JQ2620,2,1,Zapatillas,urbano,0,APPLY
JR3249,3,1,Zapatillas,urbano,0,APPLY
M20290,2,1,Zapatillas,urbano,0,APPLY
M42528,4,1,Zapatillas,urbano,0,APPLY
M47011,2,1,Zapatillas,urbano,0,APPLY
MKTCSS23007,2,1,Zapatillas,urbano,0,APPLY
ML515CHB,2,1,Zapatillas,urbano,0,APPLY
ML574SMB,4,1,Zapatillas,urbano,0,APPLY
PC574UJB,2,1,Zapatillas,urbano,0,APPLY
PI-11014600000009,2,46,Zapatillas,urbano,0,APPLY
PI-25013200000476,3,46,Zapatillas,urbano,0,APPLY
PI-74503500000849,3,46,Zapatillas,urbano,0,APPLY
PO-POS25N062,3,1,Zapatillas,urbano,0,APPLY
V69991,6,1,Zapatillas,urbano,0,APPLY
VN0A45NM186-18,3,1,Zapatillas,urbano,0,APPLY
454476-106,1,1,Zapatillas,urbano,0,APPLY
214-6105,1,46,Zapatillas,"urbano,baby",0,APPLY
214-6107,1,46,Zapatillas,urbano,0,APPLY
214-6115,1,1,Zapatillas,urbano,0,APPLY
214-6578,1,46,Zapatillas,urbano,0,APPLY
214-6052,1,46,Zapatillas,urbano,0,APPLY
214-6995,1,46,Zapatillas,urbano,0,APPLY
214-6033,1,46,Zapatillas,urbano,0,APPLY
214-6098,1,46,Zapatillas,urbano,0,APPLY
214-6109,1,46,Zapatillas,urbano,0,APPLY
214-6176,1,46,Zapatillas,urbano,0,APPLY
214-6189,1,46,Zapatillas,"urbano,baby",0,APPLY
214-6444,1,1,Zapatillas,urbano,0,APPLY
214-6541,1,1,Zapatillas,urbano,0,APPLY
214-6638,1,1,Zapatillas,"urbano,baby",0,APPLY
214-6988,1,46,Zapatillas,"urbano,baby",0,APPLY
21475111H8,1,1,Zapatillas,urbano,0,APPLY
2147511H8,2,1,Zapatillas,urbano,0,APPLY
2147531H8,2,1,Zapatillas,urbano,0,APPLY
216010-BBK,2,1,Zapatillas,urbano,0,APPLY
VN0A4U210RG-T22,2,1,Zapatillas,urbano,0,APPLY
2161,1,1,Zapatillas,urbano,0,APPLY
2162,2,1,Zapatillas,urbano,0,APPLY
216153-NVBL,3,1,Zapatillas,urbano,0,APPLY
216281-BBK,4,1,Zapatillas,urbano,0,APPLY
216281-CCRD,5,1,Zapatillas,urbano,0,APPLY
216281-NVOR,4,1,Zapatillas,urbano,0,APPLY
VN0A5HYN9DX-QSU,2,1,Zapatillas,urbano,0,APPLY
VN0A5HYO9DX-QSU,2,1,Zapatillas,urbano,0,APPLY
VN0A5HYUIJU-OL0,2,1,Zapatillas,urbano,0,APPLY
VN0A5HZLIJU-OL0,3,1,Zapatillas,urbano,0,APPLY
21666,2,1,Zapatillas,urbano,0,APPLY
2167,1,1,Zapatillas,urbano,0,APPLY
VN0A5KR79DX-QSU,2,1,Zapatillas,urbano,0,APPLY
VNDA38J9-IJU,3,1,Zapatillas,urbano,0,APPLY
VNDA38JA-IJU,3,1,Zapatillas,urbano,0,APPLY
2173,2,17;63,Zapatillas,urbano,0,APPLY
2179,1,1,Zapatillas,urbano,0,APPLY
2185,1,1,Zapatillas,urbano,0,APPLY
2186,1,1,Zapatillas,urbano,0,APPLY
2187,2,1;34,Zapatillas,urbano,0,APPLY
VNDA3DP2-CAR,2,1,Zapatillas,urbano,0,APPLY
2193,1,1,Zapatillas,urbano,0,APPLY
VNDA3TLC187-187,3,1,Zapatillas,urbano,0,APPLY
V65868,2,1,Zapatillas,urbano,0,APPLY
V67571,2,1,Zapatillas,urbano,0,APPLY
V69996,5,1,Zapatillas,urbano,0,APPLY
V69999,3,1,Zapatillas,urbano,0,APPLY
13756,2,1,Zapatillas,urbano,0,APPLY
088-5063,1,1,Zapatillas,urbano,0,APPLY
089-0159,2,1,Zapatillas,urbano,0,APPLY
089-1046,2,1,Zapatillas,urbano,0,APPLY
220034-BKCC,2,1,Zapatillas,urbano,0,APPLY
220034-NVRD,3,1,Zapatillas,urbano,0,APPLY
220102-RDBK,2,1,Zapatillas,urbano,0,APPLY
220112-BKYL,3,1,Zapatillas,urbano,0,APPLY
220161-BBK,4,1,Zapatillas,urbano,0,APPLY
22019,1,1,Zapatillas,urbano,0,APPLY
22021,1,1,Zapatillas,urbano,0,APPLY
22037,1,1,Zapatillas,urbano,0,APPLY
22018,1,1,Zapatillas,urbano,0,APPLY
220484,1,33,Zapatillas,urbano,0,APPLY
22049,1,1,Zapatillas,urbano,0,APPLY
220202,3,1,Zapatillas,urbano,0,APPLY
220333-BKRD,2,1,Zapatillas,urbano,0,APPLY
220369-NVRD,4,1,Zapatillas,urbano,0,APPLY
220371-BKBL,3,1,Zapatillas,urbano,0,APPLY
220371-BKYL,3,1,Zapatillas,urbano,0,APPLY
220402,3,1,Zapatillas,urbano,0,APPLY
22055,4,1;19,Zapatillas,urbano,0,APPLY
220597-BLK,4,1,Zapatillas,urbano,0,APPLY
220840-NVY,3,1,Zapatillas,urbano,0,APPLY
220866-BKW,2,1,Zapatillas,urbano,0,APPLY
220869-BKW,4,1,Zapatillas,urbano,0,APPLY
220880-TPE,2,1,Zapatillas,urbano,0,APPLY
220893-BKW,3,1,Zapatillas,urbano,0,APPLY
220893-NVOR,2,1,Zapatillas,urbano,0,APPLY
220917-BKLM,3,1,Zapatillas,urbano,0,APPLY
22118,2,1,Zapatillas,urbano,0,APPLY
22121,2,1,Zapatillas,urbano,0,APPLY
22152,2,1,Zapatillas,urbano,0,APPLY
22165-WPR,3,46,Zapatillas,urbano,0,APPLY
22209,3,1,Zapatillas,urbano,0,APPLY
2223,1,1,Zapatillas,urbano,0,APPLY
22237,1,1,Zapatillas,urbano,0,APPLY
2225,2,1;34,Zapatillas,urbano,0,APPLY
22252,1,1,Zapatillas,urbano,0,APPLY
22258,1,1,Zapatillas,urbano,0,APPLY
2226,1,1,Zapatillas,urbano,0,APPLY
22271,2,1,Zapatillas,urbano,0,APPLY
2229,2,1;63,Zapatillas,urbano,0,APPLY
22457,2,1,Zapatillas,urbano,0,APPLY
22459,3,1,Zapatillas,urbano,0,APPLY
22460,1,1,Zapatillas,urbano,0,APPLY
22463,1,1,Zapatillas,urbano,0,APPLY
22468,1,1,Zapatillas,urbano,0,APPLY
22403,1,1,Zapatillas,urbano,0,APPLY
22469,1,1,Zapatillas,urbano,0,APPLY
22497,1,1,Zapatillas,urbano,0,APPLY
22532,1,1,Zapatillas,urbano,0,APPLY
22564,1,1,Zapatillas,urbano,0,APPLY
2257,1,1,Zapatillas,urbano,0,APPLY
22583,1,1,Zapatillas,urbano,0,APPLY
22665,1,1,Zapatillas,urbano,0,APPLY
22577,1,1,Zapatillas,urbano,0,APPLY
2268,1,1,Zapatillas,urbano,0,APPLY
227,4,46;63,Zapatillas,urbano,0,APPLY
22709,1,1,Zapatillas,urbano,0,APPLY
22715,1,1,Zapatillas,urbano,0,APPLY
2272,1,1,Zapatillas,urbano,0,APPLY
22724,1,1,Zapatillas,urbano,0,APPLY
22758,1,1,Zapatillas,urbano,0,APPLY
050266-1,5,1,Zapatillas,urbano,0,APPLY
050266-3,2,1,Zapatillas,urbano,0,APPLY
050267-3,2,1,Zapatillas,urbano,0,APPLY
22827,1,1,Zapatillas,urbano,0,APPLY
22713,1,1,Zapatillas,urbano,0,APPLY
22719,1,1,Zapatillas,urbano,0,APPLY
22844,2,1,Zapatillas,urbano,0,APPLY
2435,4,1;2;26,Zapatillas,urbano,0,APPLY
149368-BBK,3,1,Zapatillas,urbano,0,APPLY
1495,5,1;2;64,Zapatillas,"urbano,oficial",0,APPLY
2319,2,1,Zapatillas,urbano,0,APPLY
138,10,1;11;12;43,Zapatillas,"urbano,vestir",0,APPLY
2320,3,1;50,Zapatillas,urbano,0,APPLY
232001-BBK,7,1,Zapatillas,"urbano,negro",0,APPLY
232001-BKGD,3,1,Zapatillas,urbano,0,APPLY
232011,1,1,Zapatillas,urbano,0,APPLY
232011-BBK,2,1,Zapatillas,urbano,0,APPLY
232023-BBK,5,1,Zapatillas,urbano,0,APPLY
232069-BBK,4,1,Zapatillas,"urbano,negro",0,APPLY
232036-WBK,4,1,Zapatillas,urbano,0,APPLY
232040-BKW,3,1,Zapatillas,urbano,0,APPLY
232041-BKW,3,1,Zapatillas,urbano,0,APPLY
232043-TPE,5,1,Zapatillas,urbano,0,APPLY
232045-BBK,3,1,Zapatillas,urbano,0,APPLY
232056-BBK,4,1,Zapatillas,"urbano,negro",0,APPLY
232056-BKBL,3,1,Zapatillas,urbano,0,APPLY
232056-LGBK,4,1,Zapatillas,urbano,0,APPLY
232057-BBK,5,1,Zapatillas,urbano,0,APPLY
232057-NVY,3,1,Zapatillas,urbano,0,APPLY
232069-BKW,5,1,Zapatillas,"urbano,oficial",0,APPLY
23224,2,1,Zapatillas,urbano,0,APPLY
23225,3,1,Zapatillas,urbano,0,APPLY
232121-NTMT,5,1,Zapatillas,urbano,0,APPLY
232189-WNV,3,1,Zapatillas,urbano,0,APPLY
232211,4,1,Zapatillas,urbano,0,APPLY
232264-BKCC,3,1,Zapatillas,urbano,0,APPLY
232279-BBK,4,1,Zapatillas,urbano,0,APPLY
232281-BBK,5,1,Zapatillas,urbano,0,APPLY
232288-BLK,4,1,Zapatillas,urbano,0,APPLY
23229-GR,2,1,Zapatillas,urbano,0,APPLY
232288-NVY,2,1,Zapatillas,urbano,0,APPLY
232291-BLK,2,1,Zapatillas,urbano,0,APPLY
232291-NVY,2,1,Zapatillas,urbano,0,APPLY
232293-BKW,3,1,Zapatillas,urbano,0,APPLY
232298-BBK,5,1,Zapatillas,urbano,0,APPLY
232346-BLK,3,1,Zapatillas,urbano,0,APPLY
232373-BKW,4,1,Zapatillas,urbano,0,APPLY
232373-WMLT,3,1,Zapatillas,urbano,0,APPLY
232375-BLK,3,1,Zapatillas,urbano,0,APPLY
232377-NVY,2,1,Zapatillas,urbano,0,APPLY
232398-CHAR,4,1,Zapatillas,urbano,0,APPLY
232399-BKCC,4,1,Zapatillas,urbano,0,APPLY
232399-NVKB,3,1,Zapatillas,urbano,0,APPLY
232399-OLBK,5,1,Zapatillas,urbano,0,APPLY
232459-BKW,2,1,Zapatillas,urbano,0,APPLY
232524-BKW,2,1,Zapatillas,urbano,0,APPLY
232591-BBK,6,1,Zapatillas,urbano,0,APPLY
232591-GYBK,3,1,Zapatillas,urbano,0,APPLY
232591-NVBK,5,1,Zapatillas,urbano,0,APPLY
2328,1,1,Zapatillas,urbano,0,APPLY
232646-BKW,5,1,Zapatillas,urbano,0,APPLY
232648-GYMT,2,1,Zapatillas,urbano,0,APPLY
232655-BKBL,3,1,Zapatillas,urbano,0,APPLY
232660-BKGY,3,1,Zapatillas,urbano,0,APPLY
232698-BBK,3,1,Zapatillas,urbano,0,APPLY
232698-BKCC,4,1,Zapatillas,urbano,0,APPLY
232698-GYBK,3,1,Zapatillas,urbano,0,APPLY
232698-RDBK,2,1,Zapatillas,urbano,0,APPLY
232700-BKRD,2,1,Zapatillas,urbano,0,APPLY
23315,1,1,Zapatillas,urbano,0,APPLY
23310,1,1,Zapatillas,urbano,0,APPLY
2341,1,1,Zapatillas,urbano,0,APPLY
23388,2,1,Zapatillas,urbano,0,APPLY
23436-BKGY,3,1,Zapatillas,urbano,0,APPLY
23452,1,1,Zapatillas,urbano,0,APPLY
23494,1,1,Zapatillas,urbano,0,APPLY
23495,1,1,Zapatillas,urbano,0,APPLY
23533,1,1,Zapatillas,urbano,0,APPLY
23498,2,1,Zapatillas,urbano,0,APPLY
23608-BKCC,2,1,Zapatillas,urbano,0,APPLY
237016-OFWT,3,1,Zapatillas,urbano,0,APPLY
237069-WHT,4,1,Zapatillas,urbano,0,APPLY
237188-WNVR,2,1,Zapatillas,urbano,0,APPLY
237200-BKW,3,1,Zapatillas,urbano,0,APPLY
237219-BBK,3,1,Zapatillas,urbano,0,APPLY
237265-BKCC,3,1,Zapatillas,urbano,0,APPLY
237265-NVY,2,1,Zapatillas,urbano,0,APPLY
237266-BLK,2,1,Zapatillas,urbano,0,APPLY
2376,1,1,Zapatillas,urbano,0,APPLY
2380,2,36;63,Zapatillas,urbano,0,APPLY
237303-BKCC,2,1,Zapatillas,urbano,0,APPLY
2402,1,63,Zapatillas,urbano,0,APPLY
241-1100,1,1,Zapatillas,urbano,0,APPLY
2431,10,1;2;26;63,Zapatillas,urbano,0,APPLY
24327,1,1,Zapatillas,urbano,0,APPLY
2439,2,14;63,Zapatillas,urbano,0,APPLY
2447,1,63,Zapatillas,urbano,0,APPLY
245-6002,3,1,Zapatillas,"urbano,baby",0,APPLY
247,1,1,Zapatillas,urbano,0,APPLY
2479,1,46,Zapatillas,urbano,0,APPLY
2486,1,46,Zapatillas,urbano,0,APPLY
24615,1,1,Zapatillas,urbano,0,APPLY
249-8020,2,1,Zapatillas,urbano,0,APPLY
2491,1,1,Zapatillas,urbano,0,APPLY
24974,1,1,Zapatillas,urbano,0,APPLY
25081,2,1,Zapatillas,urbano,0,APPLY
2502.397.6000.16072,2,46,Zapatillas,urbano,0,APPLY
25084,1,1,Zapatillas,urbano,0,APPLY
251-1047,1,1,Zapatillas,urbano,0,APPLY
251-1110,1,1,Zapatillas,urbano,0,APPLY
251-1157,1,1,Zapatillas,urbano,0,APPLY
251-1159,1,1,Zapatillas,urbano,0,APPLY
251-1176,1,1,Zapatillas,urbano,0,APPLY
251-1222,1,1,Zapatillas,urbano,0,APPLY
251-1238,1,1,Zapatillas,urbano,0,APPLY
251-1248,1,1,Zapatillas,"urbano,oficial",0,APPLY
251-1276,1,1,Zapatillas,urbano,0,APPLY
251-1348,1,1,Zapatillas,"urbano,oficial",0,APPLY
251-1405,1,1,Zapatillas,urbano,0,APPLY
251-1432,1,1,Zapatillas,urbano,0,APPLY
251-1448,1,1,Zapatillas,"urbano,oficial",0,APPLY
251-1454,1,1,Zapatillas,urbano,0,APPLY
251-1464,1,1,Zapatillas,urbano,0,APPLY
251-1515,2,1,Zapatillas,urbano,0,APPLY
251-1519,2,1,Zapatillas,urbano,0,APPLY
251-0361,2,1,Zapatillas,urbano,0,APPLY
251-0788,2,1,Zapatillas,urbano,0,APPLY
251-1223,1,1,Zapatillas,urbano,0,APPLY
251-1388,2,1,Zapatillas,urbano,0,APPLY
251-1475,2,1,Zapatillas,urbano,0,APPLY
251-1481,2,1,Zapatillas,urbano,0,APPLY
251-1503,1,1,Zapatillas,urbano,0,APPLY
251-1536,1,1,Zapatillas,urbano,0,APPLY
251-1537,1,1,Zapatillas,urbano,0,APPLY
251-1548,1,1,Zapatillas,"urbano,oficial",0,APPLY
251-1588,1,46,Zapatillas,urbano,0,APPLY
251-1859,1,1,Zapatillas,urbano,0,APPLY
251-2067,1,1,Zapatillas,urbano,0,APPLY
251-2237,1,1,Zapatillas,urbano,0,APPLY
251-2348,1,1,Zapatillas,"urbano,oficial",0,APPLY
251-5960,1,1,Zapatillas,urbano,0,APPLY
251-6159,1,1,Zapatillas,urbano,0,APPLY
251-6536,1,1,Zapatillas,urbano,0,APPLY
251-1592,1,1,Zapatillas,urbano,0,APPLY
251-1788,2,1,Zapatillas,urbano,0,APPLY
251-1884,1,1,Zapatillas,urbano,0,APPLY
251-1960,1,1,Zapatillas,urbano,0,APPLY
251-1987,1,46,Zapatillas,urbano,0,APPLY
251-2361,3,1,Zapatillas,urbano,0,APPLY
251-2788,3,1,Zapatillas,urbano,0,APPLY
251-5361,2,1,Zapatillas,urbano,0,APPLY
251-5399,1,1,Zapatillas,urbano,0,APPLY
251-5592,1,1,Zapatillas,urbano,0,APPLY
251-6308,4,1,Zapatillas,urbano,0,APPLY
251-6332,1,1,Zapatillas,urbano,0,APPLY
251-6337,3,1,Zapatillas,urbano,0,APPLY
251-6788,1,1,Zapatillas,urbano,0,APPLY
251-6998,1,46,Zapatillas,urbano,0,APPLY
251-7007,1,1,Zapatillas,urbano,0,APPLY
251-6987,1,46,Zapatillas,urbano,0,APPLY
251-9337,3,1,Zapatillas,urbano,0,APPLY
251-9361,2,1,Zapatillas,urbano,0,APPLY
251016-BKW,2,1,Zapatillas,urbano,0,APPLY
251150-BLK,2,1,Zapatillas,urbano,0,APPLY
252-1003,1,1,Zapatillas,urbano,0,APPLY
252-1006,1,1,Zapatillas,urbano,0,APPLY
2520.400.9950-59721,1,1,Zapatillas,urbano,0,APPLY
253-20960,1,1,Zapatillas,urbano,0,APPLY
253-70970,1,1,Zapatillas,urbano,0,APPLY
254-1806,1,46,Zapatillas,"urbano,oficial",0,APPLY
254-1848,1,1,Zapatillas,"urbano,oficial",0,APPLY
254-1906,1,46,Zapatillas,"urbano,oficial",0,APPLY
254-6011,1,46,Zapatillas,"urbano,oficial",0,APPLY
254-6067,1,46,Zapatillas,"urbano,oficial",0,APPLY
254-6109,1,46,Zapatillas,"urbano,oficial",0,APPLY
254-6126,1,46,Zapatillas,"urbano,oficial",0,APPLY
254-6213,2,1,Zapatillas,"urbano,oficial",0,APPLY
254-6268,1,1,Zapatillas,"urbano,oficial",0,APPLY
254-6269,1,1,Zapatillas,"urbano,oficial",0,APPLY
254-6371,1,46,Zapatillas,"urbano,oficial",0,APPLY
254-6427,1,46,Zapatillas,"urbano,oficial",0,APPLY
254-6766,1,46,Zapatillas,"urbano,oficial",0,APPLY
254-6825,1,46,Zapatillas,"urbano,oficial",0,APPLY
254-6829,1,46,Zapatillas,"urbano,oficial",0,APPLY
254-6830,1,46,Zapatillas,"urbano,oficial",0,APPLY
254-6878,1,46,Zapatillas,"urbano,oficial",0,APPLY
254-6941,1,46,Zapatillas,"urbano,oficial",0,APPLY
254-12410,3,1,Zapatillas,"urbano,oficial",0,APPLY
254-6146,1,46,Zapatillas,"urbano,oficial",0,APPLY
254-6446,3,46,Zapatillas,"urbano,oficial",0,APPLY
254-6496,1,46,Zapatillas,"urbano,oficial,baby",0,APPLY
255-6010,2,1,Zapatillas,urbano,0,APPLY
255-6016,3,1,Zapatillas,urbano,0,APPLY
255-6018,1,1,Zapatillas,urbano,0,APPLY
2560,1,1,Zapatillas,urbano,0,APPLY
259-5304,1,1,Zapatillas,urbano,0,APPLY
259-9404,1,1,Zapatillas,urbano,0,APPLY
2608,2,1;14,Zapatillas,urbano,0,APPLY
011-1026,1,1,Zapatillas,urbano,0,APPLY
2646,1,63,Zapatillas,urbano,0,APPLY
26627,3,1,Zapatillas,urbano,0,APPLY
2664,1,63,Zapatillas,urbano,0,APPLY
2666,2,1;11,Zapatillas,urbano,0,APPLY
270,3,24;46,Zapatillas,"urbano,oficial",0,APPLY
D67848,1,1,Zapatillas,urbano,0,APPLY
2725,2,1,Zapatillas,urbano,0,APPLY
2732,1,63,Zapatillas,urbano,0,APPLY
273950,2,1,Zapatillas,urbano,0,APPLY
2741,2,1;5,Zapatillas,urbano,0,APPLY
2743,1,1,Zapatillas,urbano,0,APPLY
2744,1,63,Zapatillas,urbano,0,APPLY
2750,2,1,Zapatillas,urbano,0,APPLY
2759,4,1;9,Zapatillas,urbano,0,APPLY
2761,1,1,Zapatillas,urbano,0,APPLY
2760,3,1,Zapatillas,urbano,0,APPLY
2775,2,1;18,Zapatillas,urbano,0,APPLY
2799,1,1,Zapatillas,urbano,0,APPLY
Q26273,1,1,Zapatillas,urbano,0,APPLY
280647,4,1,Zapatillas,urbano,0,APPLY
281-0304,2,1,Zapatillas,urbano,0,APPLY
281-0520,4,1,Zapatillas,urbano,0,APPLY
281-0962,2,1,Zapatillas,urbano,0,APPLY
281-09620,2,1,Zapatillas,urbano,0,APPLY
281-0968,3,1,Zapatillas,urbano,0,APPLY
281-1137,1,1,Zapatillas,urbano,0,APPLY
281-1209,1,1,Zapatillas,urbano,0,APPLY
281-1434,2,1,Zapatillas,urbano,0,APPLY
281-0970,4,1,Zapatillas,urbano,0,APPLY
281-1135,2,1,Zapatillas,urbano,0,APPLY
281-14410,3,1,Zapatillas,urbano,0,APPLY
281-1577,4,1,Zapatillas,urbano,0,APPLY
281-1600,2,1,Zapatillas,urbano,0,APPLY
281-1637,5,1,Zapatillas,urbano,0,APPLY
281-19650,2,1,Zapatillas,urbano,0,APPLY
281-2520,2,1,Zapatillas,urbano,0,APPLY
281-2639,2,1,Zapatillas,urbano,0,APPLY
281-5289,5,1,Zapatillas,urbano,0,APPLY
281-5961,3,1,Zapatillas,urbano,0,APPLY
281-59610,2,1,Zapatillas,urbano,0,APPLY
281-5968,2,1,Zapatillas,urbano,0,APPLY
281-5970,3,1,Zapatillas,urbano,0,APPLY
281-6067,1,1,Zapatillas,urbano,0,APPLY
281-6652,2,1,Zapatillas,"urbano,oficial",0,APPLY
281-9037,1,1,Zapatillas,urbano,0,APPLY
281-6678,2,1,Zapatillas,"urbano,oficial",0,APPLY
281-6707,3,1,Zapatillas,urbano,0,APPLY
281-9067,2,1,Zapatillas,urbano,0,APPLY
2823,2,1,Zapatillas,urbano,0,APPLY
2834,1,1,Zapatillas,urbano,0,APPLY
2837,1,1,Zapatillas,urbano,0,APPLY
28538,1,1,Zapatillas,urbano,0,APPLY
28670,1,1,Zapatillas,urbano,0,APPLY
28637,4,1,Zapatillas,urbano,0,APPLY
28638,2,1,Zapatillas,urbano,0,APPLY
288022,4,1,Zapatillas,urbano,0,APPLY
289-0099,3,1,Zapatillas,urbano,0,APPLY
289-6087,2,1,Zapatillas,urbano,0,APPLY
289-9087,3,1,Zapatillas,urbano,0,APPLY
006-16,3,1,Zapatillas,urbano,0,APPLY
29053,2,1,Zapatillas,urbano,0,APPLY
29054,1,1,Zapatillas,urbano,0,APPLY
185423 03,1,1,Zapatillas,urbano,0,APPLY
185423 04,1,1,Zapatillas,urbano,0,APPLY
185651 01,1,1,Zapatillas,urbano,0,APPLY
2910,3,1,Zapatillas,urbano,0,APPLY
185988 02,1,1,Zapatillas,urbano,0,APPLY
185988 05,1,1,Zapatillas,urbano,0,APPLY
186770 06,1,1,Zapatillas,urbano,0,APPLY
2931,1,1,Zapatillas,urbano,0,APPLY
307794-065,1,1,Zapatillas,urbano,0,APPLY
31O045X623,1,1,Zapatillas,urbano,0,APPLY
31O045X943,1,1,Zapatillas,urbano,0,APPLY
31O046X940,1,1,Zapatillas,urbano,0,APPLY
31O052X237,1,1,Zapatillas,urbano,0,APPLY
31U124X572,1,1,Zapatillas,urbano,0,APPLY
352581 01,1,1,Zapatillas,urbano,0,APPLY
186905 02,1,1,Zapatillas,urbano,0,APPLY
187076 05,1,1,Zapatillas,urbano,0,APPLY
187076 07,1,1,Zapatillas,urbano,0,APPLY
29275,2,1,Zapatillas,urbano,0,APPLY
31O046X991,1,1,Zapatillas,urbano,0,APPLY
352592 01,1,1,Zapatillas,urbano,0,APPLY
352592 02,1,1,Zapatillas,urbano,0,APPLY
352592 03,1,1,Zapatillas,urbano,0,APPLY
2941,1,63,Zapatillas,urbano,0,APPLY
352592 04,2,1,Zapatillas,urbano,0,APPLY
352592 07,1,1,Zapatillas,urbano,0,APPLY
352983 01,1,1,Zapatillas,urbano,0,APPLY
353646 06,1,1,Zapatillas,urbano,0,APPLY
353646 05,1,1,Zapatillas,urbano,0,APPLY
353646 07,1,1,Zapatillas,urbano,0,APPLY
353649 10,1,1,Zapatillas,urbano,0,APPLY
354508-106,1,1,Zapatillas,urbano,0,APPLY
355231 01,1,1,Zapatillas,urbano,0,APPLY
355231 02,1,1,Zapatillas,urbano,0,APPLY
355246 02,1,1,Zapatillas,urbano,0,APPLY
355473 01,1,1,Zapatillas,urbano,0,APPLY
355473 02,1,1,Zapatillas,urbano,0,APPLY
355473 04,1,1,Zapatillas,urbano,0,APPLY
2958,2,1;41,Zapatillas,urbano,0,APPLY
354561 02,2,1,Zapatillas,urbano,0,APPLY
437530-011,1,1,Zapatillas,urbano,0,APPLY
442807-003,1,1,Zapatillas,urbano,0,APPLY
443837-011,1,1,Zapatillas,urbano,0,APPLY
297,3,46;63,Zapatillas,urbano,0,APPLY
443917-013,1,1,Zapatillas,urbano,0,APPLY
443918-031,1,1,Zapatillas,urbano,0,APPLY
454485-102,1,1,Zapatillas,urbano,0,APPLY
443837-014,1,1,Zapatillas,urbano,0,APPLY
443837-504,1,1,Zapatillas,urbano,0,APPLY
454478-006,1,1,Zapatillas,urbano,0,APPLY
2972,1,1,Zapatillas,urbano,0,APPLY
29728,1,1,Zapatillas,urbano,0,APPLY
2974,3,1;41,Zapatillas,urbano,0,APPLY
29727,1,1,Zapatillas,urbano,0,APPLY
29729,1,1,Zapatillas,urbano,0,APPLY
29730,1,1,Zapatillas,urbano,0,APPLY
2978,1,1,Zapatillas,urbano,0,APPLY
2980,2,1;51,Zapatillas,urbano,0,APPLY
48820,1,1,Zapatillas,urbano,0,APPLY
503-4219,1,1,Zapatillas,urbano,0,APPLY
29850,1,1,Zapatillas,urbano,0,APPLY
488312-008,2,1,Zapatillas,urbano,0,APPLY
50514,3,1;5,Zapatillas,urbano,0,APPLY
50661,6,1;46,Zapatillas,urbano,0,APPLY
51J259X765,1,1,Zapatillas,urbano,0,APPLY
51J309X937,1,1,Zapatillas,urbano,0,APPLY
51J309X939,1,1,Zapatillas,urbano,0,APPLY
51J312X924,1,1,Zapatillas,urbano,0,APPLY
51O043X858,1,1,Zapatillas,urbano,0,APPLY
52T020140,1,1,Zapatillas,urbano,0,APPLY
538922-005,1,1,Zapatillas,urbano,0,APPLY
555091-001,1,1,Zapatillas,urbano,0,APPLY
555092-003,1,1,Zapatillas,urbano,0,APPLY
579974-002,2,1,Zapatillas,urbano,0,APPLY
580384-003,1,1,Zapatillas,urbano,0,APPLY
580397-505,1,1,Zapatillas,urbano,0,APPLY
580440-013,1,1,Zapatillas,urbano,0,APPLY
599570-602,1,1,Zapatillas,urbano,0,APPLY
599793-006,1,1,Zapatillas,urbano,0,APPLY
599801-009,1,1,Zapatillas,urbano,0,APPLY
580440-015,2,1,Zapatillas,urbano,0,APPLY
580561-402,1,1,Zapatillas,urbano,0,APPLY
599796-005,2,1,Zapatillas,urbano,0,APPLY
5AC174,1,1,Zapatillas,urbano,0,APPLY
D65828,1,1,Zapatillas,"urbano,basket",0,APPLY
D65969,1,1,Zapatillas,urbano,0,APPLY
D65972,1,1,Zapatillas,urbano,0,APPLY
D67306,1,1,Zapatillas,urbano,0,APPLY
D67609,1,1,Zapatillas,urbano,0,APPLY
D67567,1,1,Zapatillas,urbano,0,APPLY
D67608,1,1,Zapatillas,urbano,0,APPLY
F38403,2,1,Zapatillas,urbano,0,APPLY
F38754,1,1,Zapatillas,urbano,0,APPLY
F39161,2,1,Zapatillas,urbano,0,APPLY
F39283,2,1,Zapatillas,urbano,0,APPLY
G43668,1,1,Zapatillas,urbano,0,APPLY
G43669,1,1,Zapatillas,urbano,0,APPLY
F38401,2,1,Zapatillas,urbano,0,APPLY
F39228,1,1,Zapatillas,urbano,0,APPLY
G43682,1,1,Zapatillas,urbano,0,APPLY
G44309,1,1,Zapatillas,urbano,0,APPLY
G51073,1,1,Zapatillas,urbano,0,APPLY
G51086,1,1,Zapatillas,urbano,0,APPLY
G51139,1,1,Zapatillas,urbano,0,APPLY
G51382,1,1,Zapatillas,urbano,0,APPLY
G51403,1,1,Zapatillas,urbano,0,APPLY
G51648,1,1,Zapatillas,urbano,0,APPLY
G51652,1,1,Zapatillas,urbano,0,APPLY
G62393,1,1,Zapatillas,urbano,0,APPLY
3000011-102,1,1,Zapatillas,urbano,0,APPLY
3000011-111,1,1,Zapatillas,urbano,0,APPLY
3000011-402,1,1,Zapatillas,urbano,0,APPLY
3000011-600,1,1,Zapatillas,urbano,0,APPLY
3000061-600,1,1,Zapatillas,urbano,0,APPLY
3000115-001,2,1,Zapatillas,urbano,0,APPLY
3000115-100,1,1,Zapatillas,urbano,0,APPLY
3000115-600,2,1,Zapatillas,urbano,0,APPLY
3000116-001,4,1,Zapatillas,urbano,0,APPLY
G62289,1,1,Zapatillas,urbano,0,APPLY
300077-01,2,1,Zapatillas,urbano,0,APPLY
I6765,5,1;17,Zapatillas,"urbano,oficial",0,APPLY
M20068,1,1,Zapatillas,urbano,0,APPLY
M20069,2,1,Zapatillas,urbano,0,APPLY
M20335,2,1,Zapatillas,urbano,0,APPLY
M20764,1,1,Zapatillas,urbano,0,APPLY
M20765,1,1,Zapatillas,urbano,0,APPLY
001-9156,2,1,Zapatillas,urbano,0,APPLY
001-9187,1,1,Zapatillas,urbano,0,APPLY
001-9193,1,1,Zapatillas,urbano,0,APPLY
M22526,1,1,Zapatillas,urbano,0,APPLY
M22528,2,1,Zapatillas,urbano,0,APPLY
M40755,1,1,Zapatillas,urbano,0,APPLY
M43571,1,1,Zapatillas,urbano,0,APPLY
M25491,1,1,Zapatillas,urbano,0,APPLY
301-1450,1,1,Zapatillas,"urbano,oficial",0,APPLY
301-1129,2,1,Zapatillas,urbano,0,APPLY
301-5004,2,46,Zapatillas,urbano,0,APPLY
301-6129,2,1,Zapatillas,urbano,0,APPLY
301-6239,3,1,Zapatillas,urbano,0,APPLY
301-9219,1,1,Zapatillas,urbano,0,APPLY
301-8199,3,1,Zapatillas,urbano,0,APPLY
185423 01,1,1,Zapatillas,urbano,0,APPLY
3019858-001,2,1,Zapatillas,urbano,0,APPLY
3019858-401,1,1,Zapatillas,urbano,0,APPLY
3019858-604,1,1,Zapatillas,urbano,0,APPLY
3019875-002,1,1,Zapatillas,urbano,0,APPLY
302016L-NVLV,6,1,Zapatillas,urbano,0,APPLY
302016N,2,1,Zapatillas,urbano,0,APPLY
302016N-PKPR,3,1,Zapatillas,urbano,0,APPLY
3020193-400,1,1,Zapatillas,urbano,0,APPLY
302019L,2,1,Zapatillas,urbano,0,APPLY
302019L-NVM,2,1,Zapatillas,urbano,0,APPLY
302019L-NVMT,3,1,Zapatillas,urbano,0,APPLY
302021L,2,1,Zapatillas,urbano,0,APPLY
302021L-LTGY,3,1,Zapatillas,urbano,0,APPLY
3020336-004,1,1,Zapatillas,urbano,0,APPLY
3020336-005,1,1,Zapatillas,urbano,0,APPLY
3020345-001,1,1,Zapatillas,urbano,0,APPLY
3020515-002,1,1,Zapatillas,urbano,0,APPLY
302059L-LVMT,2,1,Zapatillas,urbano,0,APPLY
3020622-002,1,1,Zapatillas,urbano,0,APPLY
3020622-003,1,1,Zapatillas,urbano,0,APPLY
3020622-400,1,1,Zapatillas,urbano,0,APPLY
3020623-001,1,1,Zapatillas,urbano,0,APPLY
3020673-001,1,1,Zapatillas,urbano,0,APPLY
3020673-400,1,1,Zapatillas,urbano,0,APPLY
302070L-BKTQ,2,1,Zapatillas,urbano,0,APPLY
302072L,4,1,Zapatillas,urbano,0,APPLY
Q20322,1,1,Zapatillas,urbano,0,APPLY
Q20583,1,1,Zapatillas,urbano,0,APPLY
Q20599,1,1,Zapatillas,urbano,0,APPLY
051-1998,1,1,Zapatillas,urbano,0,APPLY
302088N-HPMT,4,1,Zapatillas,urbano,0,APPLY
302088N-LVAQ,2,1,Zapatillas,urbano,0,APPLY
302100N-GYMN,3,1,Zapatillas,urbano,0,APPLY
302100N-HTPK,5,1,Zapatillas,urbano,0,APPLY
3021036-001,2,1,Zapatillas,urbano,0,APPLY
302103N-AQMT,3,1,Zapatillas,urbano,0,APPLY
302107N-HPPR,4,1,Zapatillas,urbano,0,APPLY
302107N-NVPK,5,1,Zapatillas,urbano,0,APPLY
3021130-002,2,1,Zapatillas,urbano,0,APPLY
302116N,3,1,Zapatillas,urbano,0,APPLY
3021231-001,2,1,Zapatillas,urbano,0,APPLY
3021231-004,1,1,Zapatillas,urbano,0,APPLY
3021231-005,2,1,Zapatillas,urbano,0,APPLY
3021231-401,1,1,Zapatillas,urbano,0,APPLY
3021232-001,1,1,Zapatillas,urbano,0,APPLY
3021232-003,1,1,Zapatillas,urbano,0,APPLY
3021232-104,1,1,Zapatillas,urbano,0,APPLY
3021248-001,2,1,Zapatillas,urbano,0,APPLY
3021248-004,2,1,Zapatillas,urbano,0,APPLY
3021266-004,1,1,Zapatillas,urbano,0,APPLY
3021266-402,1,1,Zapatillas,urbano,0,APPLY
302145L,3,1,Zapatillas,urbano,0,APPLY
302145L-SMLT,3,1,Zapatillas,urbano,0,APPLY
302160N-HPMT,5,1,Zapatillas,urbano,0,APPLY
3021651-002,1,1,Zapatillas,urbano,0,APPLY
302185N-PKLV,2,1,Zapatillas,urbano,0,APPLY
3021952-001,1,1,Zapatillas,urbano,0,APPLY
3021952-002,2,1,Zapatillas,urbano,0,APPLY
3021952-005,1,1,Zapatillas,urbano,0,APPLY
3021952-102,2,1,Zapatillas,urbano,0,APPLY
3021952-402,1,1,Zapatillas,urbano,0,APPLY
3021972-103,1,1,Zapatillas,urbano,0,APPLY
3022027-001,2,1,Zapatillas,urbano,0,APPLY
3022048-102,2,1,Zapatillas,urbano,0,APPLY
3022051-005,2,1,Zapatillas,urbano,0,APPLY
3022052-006,1,1,Zapatillas,urbano,0,APPLY
3022052-102,2,1,Zapatillas,urbano,0,APPLY
302207L-BKMT,4,1,Zapatillas,urbano,0,APPLY
3022092-001,1,1,Zapatillas,urbano,0,APPLY
3022100-001,2,1,Zapatillas,urbano,0,APPLY
3022100-401,2,1,Zapatillas,urbano,0,APPLY
3022121-001,3,1,Zapatillas,urbano,0,APPLY
3022121-003,2,1,Zapatillas,urbano,0,APPLY
3022121-103,2,1,Zapatillas,urbano,0,APPLY
3022121-404,1,1,Zapatillas,urbano,0,APPLY
3022122-003,2,1,Zapatillas,urbano,0,APPLY
3022123-001,2,1,Zapatillas,urbano,0,APPLY
3022123-102,2,1,Zapatillas,urbano,0,APPLY
302213L-WMLT,3,1,Zapatillas,urbano,0,APPLY
302214L-BKMT,4,1,Zapatillas,urbano,0,APPLY
3022156-001,2,1,Zapatillas,urbano,0,APPLY
3022529-001,3,1,Zapatillas,urbano,0,APPLY
3022592-001,1,1,Zapatillas,urbano,0,APPLY
3022592-002,1,1,Zapatillas,urbano,0,APPLY
3022594-001,2,1,Zapatillas,urbano,0,APPLY
3022595-001,3,1,Zapatillas,urbano,0,APPLY
3022595-002,6,1,Zapatillas,urbano,0,APPLY
3022595-100,1,1,Zapatillas,urbano,0,APPLY
3022595-109,2,1,Zapatillas,urbano,0,APPLY
3022595-302,3,1,Zapatillas,urbano,0,APPLY
3022595-600,1,1,Zapatillas,urbano,0,APPLY
3022595-601,2,1,Zapatillas,urbano,0,APPLY
3022604-001,3,1,Zapatillas,urbano,0,APPLY
3022604-103,2,1,Zapatillas,urbano,0,APPLY
3022604-401,3,1,Zapatillas,urbano,0,APPLY
3022604-600,1,1,Zapatillas,urbano,0,APPLY
3022605-001,3,1,Zapatillas,urbano,0,APPLY
3022605-005,2,1,Zapatillas,urbano,0,APPLY
3022605-101,1,1,Zapatillas,urbano,0,APPLY
3022605-104,2,1,Zapatillas,urbano,0,APPLY
3022605-105,4,1,Zapatillas,urbano,0,APPLY
3022605-601,1,1,Zapatillas,urbano,0,APPLY
3022616-105,3,1,Zapatillas,urbano,0,APPLY
3022619-002,2,1,Zapatillas,urbano,0,APPLY
3022619-101,3,1,Zapatillas,urbano,0,APPLY
3022619-500,2,1,Zapatillas,urbano,0,APPLY
3022693-400,2,1,Zapatillas,urbano,0,APPLY
3022693-500,3,1,Zapatillas,urbano,0,APPLY
3022694-101,1,1,Zapatillas,urbano,0,APPLY
3022694-400,2,1,Zapatillas,urbano,0,APPLY
3022694-600,3,1,Zapatillas,urbano,0,APPLY
3022697-001,5,1,Zapatillas,urbano,0,APPLY
3022697-100,4,1,Zapatillas,urbano,0,APPLY
3022698-100,3,1,Zapatillas,urbano,0,APPLY
3022860-001,1,1,Zapatillas,urbano,0,APPLY
3022860-102,2,1,Zapatillas,urbano,0,APPLY
3022861-102,2,1,Zapatillas,urbano,0,APPLY
3022861-402,2,1,Zapatillas,urbano,0,APPLY
3022861-403,2,1,Zapatillas,urbano,0,APPLY
3022870-001,5,1,Zapatillas,urbano,0,APPLY
3022870-005,2,1,Zapatillas,urbano,0,APPLY
3022870-108,2,1,Zapatillas,urbano,0,APPLY
3022870-404,2,1,Zapatillas,urbano,0,APPLY
3022871-001,2,1,Zapatillas,urbano,0,APPLY
3022871-108,2,1,Zapatillas,urbano,0,APPLY
3022871-403,2,1,Zapatillas,urbano,0,APPLY
3022874-001,4,1,Zapatillas,urbano,0,APPLY
3022874-404,2,1,Zapatillas,urbano,0,APPLY
3022954-001,3,1,Zapatillas,urbano,0,APPLY
3022954-004,3,1,Zapatillas,urbano,0,APPLY
3022954-100,4,1,Zapatillas,urbano,0,APPLY
3022871-004,3,1,Zapatillas,urbano,0,APPLY
3022954-102,3,1,Zapatillas,urbano,0,APPLY
3022954-302,1,1,Zapatillas,urbano,0,APPLY
3022954-401,2,1,Zapatillas,urbano,0,APPLY
3022954-501,4,1,Zapatillas,urbano,0,APPLY
3022954-601,1,1,Zapatillas,urbano,0,APPLY
3022954-602,2,1,Zapatillas,urbano,0,APPLY
3022955-001,4,1,Zapatillas,urbano,0,APPLY
3023,3,1;2;48,Zapatillas,urbano,0,APPLY
302302L-BLK,6,1,Zapatillas,urbano,0,APPLY
302304N-NVMT,5,1,Zapatillas,urbano,0,APPLY
302304N-PKMT,3,1,Zapatillas,urbano,0,APPLY
302305L-BKMT,3,1,Zapatillas,urbano,0,APPLY
302305L-SMLT,3,1,Zapatillas,urbano,0,APPLY
3023087-003,2,1,Zapatillas,urbano,0,APPLY
3023088-601,2,1,Zapatillas,urbano,0,APPLY
302308N-PKMT,4,1,Zapatillas,urbano,0,APPLY
190676 09,1,1,Zapatillas,urbano,0,APPLY
190676 17,2,1,Zapatillas,urbano,0,APPLY
302308N-PRMT,3,1,Zapatillas,urbano,0,APPLY
302309L-BKMT,6,1,Zapatillas,urbano,0,APPLY
302310L-PKLV,2,1,Zapatillas,urbano,0,APPLY
302310N,1,1,Zapatillas,urbano,0,APPLY
302310N-PKLV,7,1,Zapatillas,urbano,0,APPLY
302311L-BLMT,5,1,Zapatillas,urbano,0,APPLY
302311L-PRMT,7,1,Zapatillas,urbano,0,APPLY
302312N-BKMT,4,1,Zapatillas,urbano,0,APPLY
302313N-PKMT,5,1,Zapatillas,urbano,0,APPLY
302314L-BKMT,4,1,Zapatillas,urbano,0,APPLY
302314L-LVMT,5,1,Zapatillas,urbano,0,APPLY
302316L-SMLT,2,1,Zapatillas,urbano,0,APPLY
302317N-PKMT,5,1,Zapatillas,urbano,0,APPLY
302319N-BLK,5,1,Zapatillas,urbano,0,APPLY
302319N-HPK,5,1,Zapatillas,urbano,0,APPLY
302319N-LTPK,4,1,Zapatillas,urbano,0,APPLY
193249 01,1,1,Zapatillas,urbano,0,APPLY
3023308-700,2,1,Zapatillas,urbano,0,APPLY
3023358-003,3,1,Zapatillas,urbano,0,APPLY
3023406-500,2,1,Zapatillas,urbano,0,APPLY
3023407-500,2,1,Zapatillas,urbano,0,APPLY
3023433-001,2,1,Zapatillas,urbano,0,APPLY
3023433-002,2,1,Zapatillas,urbano,0,APPLY
3023433-400,2,1,Zapatillas,urbano,0,APPLY
3023433-501,2,1,Zapatillas,urbano,0,APPLY
Q22944,2,1,Zapatillas,urbano,0,APPLY
Q23319,1,1,Zapatillas,urbano,0,APPLY
3023434-001,2,1,Zapatillas,urbano,0,APPLY
3023434-101,2,1,Zapatillas,urbano,0,APPLY
3023434-102,3,1,Zapatillas,urbano,0,APPLY
302343L-NVY,6,1,Zapatillas,urbano,0,APPLY
302343N-LTPK,4,1,Zapatillas,urbano,0,APPLY
302343N-NVY,4,1,Zapatillas,urbano,0,APPLY
302345N-BKMT,3,1,Zapatillas,urbano,0,APPLY
302348L-PKMT,2,1,Zapatillas,urbano,0,APPLY
3023533-001,3,1,Zapatillas,urbano,0,APPLY
302359L-BKW,4,1,Zapatillas,urbano,0,APPLY
302362L-MLT,6,1,Zapatillas,urbano,0,APPLY
3023639-001,2,1,Zapatillas,urbano,0,APPLY
3023639-002,2,1,Zapatillas,urbano,0,APPLY
3023640-102,2,1,Zapatillas,urbano,0,APPLY
3023683-500,3,1,Zapatillas,urbano,0,APPLY
3023686-500,2,1,Zapatillas,urbano,0,APPLY
3023687-500,2,1,Zapatillas,urbano,0,APPLY
3023703-001,4,1,Zapatillas,urbano,0,APPLY
3023741-001,2,1,Zapatillas,urbano,0,APPLY
3023741-300,2,1,Zapatillas,urbano,0,APPLY
302377L-NVY,5,1,Zapatillas,urbano,0,APPLY
302377N-LTPK,2,1,Zapatillas,urbano,0,APPLY
3023917-003,2,1,Zapatillas,urbano,0,APPLY
3023945-001,2,1,Zapatillas,urbano,0,APPLY
3023949-001,2,1,Zapatillas,urbano,0,APPLY
3023949-003,2,1,Zapatillas,urbano,0,APPLY
3023949-601,2,1,Zapatillas,urbano,0,APPLY
302396L-BKMT,2,1,Zapatillas,urbano,0,APPLY
3024031-100,4,1,Zapatillas,urbano,0,APPLY
302403L-BKMT,5,1,Zapatillas,urbano,0,APPLY
302403L-PKMT,3,1,Zapatillas,urbano,0,APPLY
302409L-,1,1,Zapatillas,urbano,0,APPLY
302409L-BLK,6,1,Zapatillas,"urbano,negro",0,APPLY
302409L-LTPK,5,1,Zapatillas,urbano,0,APPLY
3024131,1,1,Zapatillas,urbano,0,APPLY
3024131-002,3,1,Zapatillas,urbano,0,APPLY
3024131-105,3,1,Zapatillas,urbano,0,APPLY
3024131-300,2,1,Zapatillas,urbano,0,APPLY
3024134-400,2,1,Zapatillas,urbano,0,APPLY
3024134-402,3,1,Zapatillas,urbano,0,APPLY
3024137-002,2,1,Zapatillas,urbano,0,APPLY
3024137-003,2,1,Zapatillas,urbano,0,APPLY
3024141-001,2,1,Zapatillas,urbano,0,APPLY
3024154-005,2,1,Zapatillas,urbano,0,APPLY
3024154-107,2,1,Zapatillas,urbano,0,APPLY
3024186-001,2,1,Zapatillas,urbano,0,APPLY
3024210-100,2,1,Zapatillas,urbano,0,APPLY
3024260-001,4,1,Zapatillas,urbano,0,APPLY
3024260-003,2,1,Zapatillas,urbano,0,APPLY
3024260-006,2,1,Zapatillas,urbano,0,APPLY
3024267-001,2,1,Zapatillas,urbano,0,APPLY
3024277-001,2,1,Zapatillas,urbano,0,APPLY
302428L-BKPR,5,1,Zapatillas,urbano,0,APPLY
U46393,2,1,Zapatillas,urbano,0,APPLY
U46394,1,1,Zapatillas,urbano,0,APPLY
V21645,1,1,Zapatillas,urbano,0,APPLY
302430L-BKMT,5,1,Zapatillas,urbano,0,APPLY
302430L-PRMT,4,1,Zapatillas,urbano,0,APPLY
302434L-BKMT,3,1,Zapatillas,urbano,0,APPLY
302434L-LPMT,2,1,Zapatillas,urbano,0,APPLY
302434N-BKMT,5,1,Zapatillas,urbano,0,APPLY
302434N-WMLT,5,1,Zapatillas,urbano,0,APPLY
3024371-005,2,1,Zapatillas,urbano,0,APPLY
3024371-108,2,1,Zapatillas,urbano,0,APPLY
3024372-110,2,1,Zapatillas,urbano,0,APPLY
3024372-602,2,1,Zapatillas,urbano,0,APPLY
3024400-001,2,1,Zapatillas,urbano,0,APPLY
3024400-107,2,1,Zapatillas,urbano,0,APPLY
302442L-NVPK,4,1,Zapatillas,urbano,0,APPLY
302442L-PKLV,4,1,Zapatillas,urbano,0,APPLY
302442N-NVPK,5,1,Zapatillas,urbano,0,APPLY
3024485-001,2,1,Zapatillas,urbano,0,APPLY
302448L-NVMT,5,1,Zapatillas,urbano,0,APPLY
V23509,1,1,Zapatillas,urbano,0,APPLY
302448L-PKMT,3,1,Zapatillas,urbano,0,APPLY
302453L-AQPR,6,1,Zapatillas,urbano,0,APPLY
302456N-PKMT,4,1,Zapatillas,urbano,0,APPLY
3024590-001,2,1,Zapatillas,urbano,0,APPLY
3024590-003,2,1,Zapatillas,urbano,0,APPLY
3024590-007,3,1,Zapatillas,urbano,0,APPLY
3024591-001,2,1,Zapatillas,urbano,0,APPLY
3024591-002,2,1,Zapatillas,urbano,0,APPLY
3024633-001,2,1,Zapatillas,urbano,0,APPLY
3024633-600,2,1,Zapatillas,urbano,0,APPLY
3024635-001,4,1,Zapatillas,urbano,0,APPLY
3024635-003,2,1,Zapatillas,urbano,0,APPLY
3024635-600,3,1,Zapatillas,urbano,0,APPLY
V24184,1,1,Zapatillas,urbano,0,APPLY
187255 05,1,1,Zapatillas,urbano,0,APPLY
187255 06,2,1,Zapatillas,urbano,0,APPLY
V24259,1,1,Zapatillas,urbano,0,APPLY
V24263,1,1,Zapatillas,urbano,0,APPLY
187120 18,2,1,Zapatillas,urbano,0,APPLY
187255 07,2,1,Zapatillas,urbano,0,APPLY
187255 08,1,1,Zapatillas,urbano,0,APPLY
187218 08,1,1,Zapatillas,urbano,0,APPLY
3024637-001,2,1,Zapatillas,urbano,0,APPLY
302465L-GYMT,5,1,Zapatillas,urbano,0,APPLY
302465L-NVMT,4,1,Zapatillas,urbano,0,APPLY
302468L-BLK,5,1,Zapatillas,urbano,0,APPLY
302468L-GRY,4,1,Zapatillas,urbano,0,APPLY
302468L-LTPK,3,1,Zapatillas,urbano,0,APPLY
302468N-BLK,6,1,Zapatillas,urbano,0,APPLY
3024719-403,2,1,Zapatillas,urbano,0,APPLY
V24723,1,1,Zapatillas,urbano,0,APPLY
V25094,1,1,Zapatillas,urbano,0,APPLY
V52733,1,1,Zapatillas,urbano,0,APPLY
V55554,1,1,Zapatillas,urbano,0,APPLY
302478L-PKLV,2,1,Zapatillas,urbano,0,APPLY
3024794-001,2,1,Zapatillas,urbano,0,APPLY
3024852-001,2,1,Zapatillas,urbano,0,APPLY
3024853-107,2,1,Zapatillas,urbano,0,APPLY
3024870-003,2,1,Zapatillas,urbano,0,APPLY
3024871-001,2,1,Zapatillas,urbano,0,APPLY
3024873-002,2,1,Zapatillas,urbano,0,APPLY
3024873-400,2,1,Zapatillas,urbano,0,APPLY
3024873-600,2,1,Zapatillas,urbano,0,APPLY
3024873-601,2,1,Zapatillas,urbano,0,APPLY
3024877-002,3,1,Zapatillas,urbano,0,APPLY
3024877-600,2,1,Zapatillas,urbano,0,APPLY
3024877-601,3,1,Zapatillas,urbano,0,APPLY
3024878-002,2,1,Zapatillas,urbano,0,APPLY
3024878-100,2,1,Zapatillas,urbano,0,APPLY
V24369,2,1,Zapatillas,urbano,0,APPLY
V55970,2,1,Zapatillas,urbano,0,APPLY
V55971,1,1,Zapatillas,urbano,0,APPLY
V59265,1,1,Zapatillas,urbano,0,APPLY
3024880-001,2,1,Zapatillas,urbano,0,APPLY
3024880-002,3,1,Zapatillas,urbano,0,APPLY
3024880-003,4,1,Zapatillas,urbano,0,APPLY
3024880-400,4,1,Zapatillas,urbano,0,APPLY
3024883-001,3,1,Zapatillas,urbano,0,APPLY
3024883-002,3,1,Zapatillas,urbano,0,APPLY
3024883-103,3,1,Zapatillas,urbano,0,APPLY
3024883-106,3,1,Zapatillas,urbano,0,APPLY
3024884-102,4,1,Zapatillas,urbano,0,APPLY
3024888-004,2,1,Zapatillas,urbano,0,APPLY
3024889-001,3,1,Zapatillas,urbano,0,APPLY
3024891-002,3,1,Zapatillas,urbano,0,APPLY
V55990,1,1,Zapatillas,urbano,0,APPLY
V59582,1,1,Zapatillas,urbano,0,APPLY
VN-0RQ06BT,1,1,Zapatillas,urbano,0,APPLY
3024891-003,2,1,Zapatillas,urbano,0,APPLY
3024891-101,3,1,Zapatillas,urbano,0,APPLY
3024891-105,2,1,Zapatillas,urbano,0,APPLY
3024891-500,3,1,Zapatillas,urbano,0,APPLY
3024894-001,2,1,Zapatillas,urbano,0,APPLY
3024912-001,3,1,Zapatillas,urbano,0,APPLY
3025060-001,3,1,Zapatillas,urbano,0,APPLY
3025060-600,3,1,Zapatillas,urbano,0,APPLY
3025081-001,3,1,Zapatillas,urbano,0,APPLY
3025081-002,2,1,Zapatillas,urbano,0,APPLY
3025081-100,2,1,Zapatillas,urbano,0,APPLY
3025129-001,2,1,Zapatillas,urbano,0,APPLY
3025130-001,2,1,Zapatillas,urbano,0,APPLY
3025150-300,2,1,Zapatillas,urbano,0,APPLY
V59595,1,1,Zapatillas,urbano,0,APPLY
VN-0RQ07MI,1,1,Zapatillas,urbano,0,APPLY
VN-0SCQ7MK,1,1,Zapatillas,urbano,0,APPLY
VN-0T9N90D,1,1,Zapatillas,urbano,0,APPLY
3025358-003,2,1,Zapatillas,urbano,0,APPLY
302537L-BKLV,3,1,Zapatillas,urbano,0,APPLY
302537L-LTPK,4,1,Zapatillas,urbano,0,APPLY
3025527-602,2,1,Zapatillas,urbano,0,APPLY
3025616-003,2,1,Zapatillas,urbano,0,APPLY
3025616-101,2,1,Zapatillas,urbano,0,APPLY
3025616-600,2,1,Zapatillas,urbano,0,APPLY
3025617-003,2,1,Zapatillas,urbano,0,APPLY
3025642-400,2,1,Zapatillas,urbano,0,APPLY
3025750-106,2,1,Zapatillas,urbano,0,APPLY
3025750-301,2,1,Zapatillas,urbano,0,APPLY
081-9268,2,1,Zapatillas,urbano,0,APPLY
3025750-302,2,1,Zapatillas,urbano,0,APPLY
3025750-305,2,1,Zapatillas,urbano,0,APPLY
3025767-400,2,1,Zapatillas,urbano,0,APPLY
302585L-BKW,6,1,Zapatillas,"urbano,oficial",0,APPLY
3025944-001,3,1,Zapatillas,urbano,0,APPLY
302604L-BBK,2,1,Zapatillas,"urbano,negro",0,APPLY
302604L-WHT,2,1,Zapatillas,"urbano,blanco",0,APPLY
3026175-001,2,1,Zapatillas,urbano,0,APPLY
3026179-001,2,1,Zapatillas,urbano,0,APPLY
302625L-BBK,4,1,Zapatillas,"urbano,negro",0,APPLY
302625L-WHT,5,1,Zapatillas,"urbano,blanco",0,APPLY
3026462-402,2,1,Zapatillas,urbano,0,APPLY
3026634-002,2,1,Zapatillas,urbano,0,APPLY
3026636-003,2,1,Zapatillas,urbano,0,APPLY
3026637-001,2,1,Zapatillas,urbano,0,APPLY
3026637-101,2,1,Zapatillas,urbano,0,APPLY
3026638-004,2,1,Zapatillas,urbano,0,APPLY
302681N-BLMT,4,1,Zapatillas,urbano,0,APPLY
302686N-MLT,4,1,Zapatillas,urbano,0,APPLY
302691N-LVHP,5,1,Zapatillas,urbano,0,APPLY
302691N-PKVL,4,1,Zapatillas,urbano,0,APPLY
VN-0UAM9T3,1,1,Zapatillas,urbano,0,APPLY
VN-0UR8A40,1,1,Zapatillas,urbano,0,APPLY
VN-0UR8AMK,2,1,Zapatillas,urbano,0,APPLY
VN-OEE3BLK,1,1,Zapatillas,urbano,0,APPLY
VN-OGYQ6BT,2,1,Zapatillas,urbano,0,APPLY
3027103-001,2,1,Zapatillas,urbano,0,APPLY
3027105-003,2,1,Zapatillas,urbano,0,APPLY
3027108-001,2,1,Zapatillas,urbano,0,APPLY
3027237-101,2,1,Zapatillas,urbano,0,APPLY
302732N-SMLT,4,1,Zapatillas,urbano,0,APPLY
302750 02,1,1,Zapatillas,urbano,0,APPLY
302738-001,2,1,Zapatillas,urbano,0,APPLY
302742N-NVY,6,1,Zapatillas,urbano,0,APPLY
302754N-BLTQ,3,1,Zapatillas,urbano,0,APPLY
302754N-SLLV,3,1,Zapatillas,urbano,0,APPLY
302765N-PKLV,6,1,Zapatillas,urbano,0,APPLY
X73812,1,1,Zapatillas,urbano,0,APPLY
3028252-100,2,1,Zapatillas,urbano,0,APPLY
3028406-103,2,1,Zapatillas,urbano,0,APPLY
3028408-001,2,1,Zapatillas,urbano,0,APPLY
3028408-106,2,1,Zapatillas,urbano,0,APPLY
3029,2,10;63,Zapatillas,urbano,0,APPLY
3028512-003,2,1,Zapatillas,urbano,0,APPLY
3028513-102,3,1,Zapatillas,urbano,0,APPLY
3028641-100,2,1,Zapatillas,urbano,0,APPLY
302885-PKLV,2,1,Zapatillas,urbano,0,APPLY
303242-08,1,1,Zapatillas,urbano,0,APPLY
303253N-HPLV,4,1,Zapatillas,urbano,0,APPLY
303253N-LVAQ,3,1,Zapatillas,urbano,0,APPLY
303419 02,1,1,Zapatillas,urbano,0,APPLY
303419 08,1,1,Zapatillas,urbano,0,APPLY
303420 02,1,1,Zapatillas,urbano,0,APPLY
303420 03,1,1,Zapatillas,urbano,0,APPLY
303420 06,1,1,Zapatillas,urbano,0,APPLY
303420 08,1,1,Zapatillas,urbano,0,APPLY
303466 06,1,1,Zapatillas,urbano,0,APPLY
303466 07,1,1,Zapatillas,urbano,0,APPLY
303419 05,1,1,Zapatillas,urbano,0,APPLY
303528L-BLK,6,1,Zapatillas,urbano,0,APPLY
303528L-LTPK,5,1,Zapatillas,urbano,0,APPLY
303532L-BKMT,4,1,Zapatillas,urbano,0,APPLY
303552L-BLK,6,1,Zapatillas,urbano,0,APPLY
303574L-BLKL,5,1,Zapatillas,urbano,0,APPLY
303585L-BLK,4,1,Zapatillas,urbano,0,APPLY
303581 01,1,1,Zapatillas,urbano,0,APPLY
303649-02,1,1,Zapatillas,urbano,0,APPLY
303670 02,1,1,Zapatillas,urbano,0,APPLY
303670 03,1,1,Zapatillas,urbano,0,APPLY
303706 01,1,1,Zapatillas,urbano,0,APPLY
303707 01,1,1,Zapatillas,urbano,0,APPLY
303707 02,1,1,Zapatillas,urbano,0,APPLY
303707-01,1,1,Zapatillas,urbano,0,APPLY
303707-02,1,1,Zapatillas,urbano,0,APPLY
303714N-NVLB,4,1,Zapatillas,urbano,0,APPLY
303719 01,1,1,Zapatillas,urbano,0,APPLY
303719 02,1,1,Zapatillas,urbano,0,APPLY
303719 03,1,1,Zapatillas,urbano,0,APPLY
303720 03,1,1,Zapatillas,urbano,0,APPLY
303722 01,1,1,Zapatillas,urbano,0,APPLY
303722 02,2,1,Zapatillas,urbano,0,APPLY
303720 01,1,1,Zapatillas,urbano,0,APPLY
303729 01,1,1,Zapatillas,urbano,0,APPLY
303715L-NVY,2,1,Zapatillas,urbano,0,APPLY
303715N-BLK,3,1,Zapatillas,urbano,0,APPLY
303715N-LTPK,3,1,Zapatillas,urbano,0,APPLY
303715N-NVY,2,1,Zapatillas,urbano,0,APPLY
303729 07,1,1,Zapatillas,urbano,0,APPLY
303729 12,1,1,Zapatillas,urbano,0,APPLY
303729-04,1,1,Zapatillas,urbano,0,APPLY
303730 01,1,1,Zapatillas,urbano,0,APPLY
303730-01,2,1,Zapatillas,urbano,0,APPLY
303730-04,2,1,Zapatillas,urbano,0,APPLY
303759 01,1,1,Zapatillas,urbano,0,APPLY
303730 07,1,1,Zapatillas,urbano,0,APPLY
303730 12,1,1,Zapatillas,urbano,0,APPLY
303888 02,1,1,Zapatillas,urbano,0,APPLY
303760 01,1,1,Zapatillas,urbano,0,APPLY
303910L-NVBL,2,1,Zapatillas,urbano,0,APPLY
303910N-BKPR,2,1,Zapatillas,urbano,0,APPLY
303929L-BLK,5,1,Zapatillas,urbano,0,APPLY
303935L-BLK,4,1,Zapatillas,urbano,0,APPLY
303953 01,1,1,Zapatillas,urbano,0,APPLY
303953 03,1,1,Zapatillas,urbano,0,APPLY
303966 03,1,1,Zapatillas,urbano,0,APPLY
303966 04,1,1,Zapatillas,urbano,0,APPLY
303967 04,1,1,Zapatillas,urbano,0,APPLY
303968 01,1,1,Zapatillas,urbano,0,APPLY
303971 01,1,1,Zapatillas,urbano,0,APPLY
303971 02,1,1,Zapatillas,urbano,0,APPLY
303971 03,1,1,Zapatillas,urbano,0,APPLY
303972 01,1,1,Zapatillas,urbano,0,APPLY
303974 01,1,1,Zapatillas,urbano,0,APPLY
303975 02,2,1,Zapatillas,urbano,0,APPLY
303979 01,1,1,Zapatillas,urbano,0,APPLY
303979 02,1,1,Zapatillas,urbano,0,APPLY
303979 03,1,1,Zapatillas,urbano,0,APPLY
303979 04,1,1,Zapatillas,urbano,0,APPLY
303979 07,1,1,Zapatillas,urbano,0,APPLY
303979 10,1,1,Zapatillas,urbano,0,APPLY
303967 03,1,1,Zapatillas,urbano,0,APPLY
303975 01,1,1,Zapatillas,urbano,0,APPLY
303980 01,1,1,Zapatillas,urbano,0,APPLY
303980 03,1,1,Zapatillas,urbano,0,APPLY
303980 05,1,1,Zapatillas,urbano,0,APPLY
303980 07,1,1,Zapatillas,urbano,0,APPLY
303980 10,1,1,Zapatillas,urbano,0,APPLY
303982 01,1,1,Zapatillas,urbano,0,APPLY
303982 02,1,1,Zapatillas,urbano,0,APPLY
303982 03,1,1,Zapatillas,urbano,0,APPLY
303982 04,1,1,Zapatillas,urbano,0,APPLY
303982 05,1,1,Zapatillas,urbano,0,APPLY
303982 06,1,1,Zapatillas,urbano,0,APPLY
303982 07,1,1,Zapatillas,urbano,0,APPLY
303983 04,1,1,Zapatillas,urbano,0,APPLY
303983 05,1,1,Zapatillas,urbano,0,APPLY
303983 06,1,1,Zapatillas,urbano,0,APPLY
303983 07,1,1,Zapatillas,urbano,0,APPLY
303983 08,1,1,Zapatillas,urbano,0,APPLY
303983 09,1,1,Zapatillas,urbano,0,APPLY
303998 06,1,1,Zapatillas,urbano,0,APPLY
303998 08,2,1,Zapatillas,urbano,0,APPLY
303998 02,1,1,Zapatillas,urbano,0,APPLY
303998 03,1,1,Zapatillas,urbano,0,APPLY
303998 10,1,1,Zapatillas,urbano,0,APPLY
303998 11,1,1,Zapatillas,urbano,0,APPLY
303998 12,1,1,Zapatillas,urbano,0,APPLY
304-6027,1,46,Zapatillas,urbano,0,APPLY
304-6134,1,46,Zapatillas,urbano,0,APPLY
304-6375,1,1,Zapatillas,urbano,0,APPLY
304002 01,1,1,Zapatillas,urbano,0,APPLY
304002 02,1,1,Zapatillas,urbano,0,APPLY
304002 03,1,1,Zapatillas,urbano,0,APPLY
304002 06,1,1,Zapatillas,urbano,0,APPLY
304007 01,1,1,Zapatillas,urbano,0,APPLY
304007 03,1,1,Zapatillas,urbano,0,APPLY
304007 04,1,1,Zapatillas,urbano,0,APPLY
304010 01,1,1,Zapatillas,urbano,0,APPLY
1487,2,1;63,Zapatillas,urbano,0,APPLY
304011 06,1,1,Zapatillas,urbano,0,APPLY
304012 02,1,1,Zapatillas,urbano,0,APPLY
304022 09,1,1,Zapatillas,urbano,0,APPLY
304026 08,2,1,Zapatillas,urbano,0,APPLY
089-5047,1,1,Zapatillas,urbano,0,APPLY
304-6029,2,46,Zapatillas,urbano,0,APPLY
304-6131,2,46,Zapatillas,urbano,0,APPLY
304-6491,1,1,Zapatillas,urbano,0,APPLY
304-6818,3,1,Zapatillas,urbano,0,APPLY
304031 01,1,1,Zapatillas,urbano,0,APPLY
304031 06,1,1,Zapatillas,urbano,0,APPLY
304052 03,1,1,Zapatillas,urbano,0,APPLY
304052 04,2,1,Zapatillas,urbano,0,APPLY
304133 01,1,1,Zapatillas,urbano,0,APPLY
304137 01,1,1,Zapatillas,urbano,0,APPLY
304158 02,1,1,Zapatillas,urbano,0,APPLY
304166 02,1,1,Zapatillas,urbano,0,APPLY
304194 01,1,1,Zapatillas,urbano,0,APPLY
089-5053,1,1,Zapatillas,urbano,0,APPLY
304194 02,1,1,Zapatillas,urbano,0,APPLY
304245 01,1,1,Zapatillas,urbano,0,APPLY
304279 18,1,1,Zapatillas,urbano,0,APPLY
304279 23,1,1,Zapatillas,urbano,0,APPLY
304280 13,1,1,Zapatillas,urbano,0,APPLY
304280 14,1,1,Zapatillas,urbano,0,APPLY
304288 01,1,1,Zapatillas,urbano,0,APPLY
304288 02,1,1,Zapatillas,urbano,0,APPLY
304288 03,1,1,Zapatillas,urbano,0,APPLY
304298 01,1,1,Zapatillas,urbano,0,APPLY
304299 01,1,1,Zapatillas,urbano,0,APPLY
3044,1,1,Zapatillas,urbano,0,APPLY
304963 12,2,1,Zapatillas,urbano,0,APPLY
356665 07,2,1,Zapatillas,"urbano,sala",0,APPLY
304476 01,1,1,Zapatillas,urbano,0,APPLY
304476 02,1,1,Zapatillas,urbano,0,APPLY
304476 03,1,1,Zapatillas,urbano,0,APPLY
189576 02,1,1,Zapatillas,urbano,0,APPLY
22882,1,1,Zapatillas,urbano,0,APPLY
23400,1,1,Zapatillas,urbano,0,APPLY
304279 21,1,1,Zapatillas,urbano,0,APPLY
305183 07,1,1,Zapatillas,urbano,0,APPLY
304476 09,1,1,Zapatillas,urbano,0,APPLY
304476 10,1,1,Zapatillas,urbano,0,APPLY
3046,2,1;19,Zapatillas,urbano,0,APPLY
304685 01,1,1,Zapatillas,urbano,0,APPLY
304685 02,1,1,Zapatillas,urbano,0,APPLY
304685 03,1,1,Zapatillas,urbano,0,APPLY
304920 02,1,1,Zapatillas,urbano,0,APPLY
304920 03,1,1,Zapatillas,urbano,0,APPLY
356665 08,1,1,Zapatillas,"urbano,sala",0,APPLY
304922 01,1,1,Zapatillas,urbano,0,APPLY
304922 02,1,1,Zapatillas,urbano,0,APPLY
304922 03,1,1,Zapatillas,urbano,0,APPLY
304924 03,1,1,Zapatillas,urbano,0,APPLY
304962 11,1,1,Zapatillas,urbano,0,APPLY
304962 12,1,1,Zapatillas,urbano,0,APPLY
304981 01,1,1,Zapatillas,urbano,0,APPLY
304981 06,1,1,Zapatillas,urbano,0,APPLY
304996 01,1,1,Zapatillas,urbano,0,APPLY
304996 02,1,1,Zapatillas,urbano,0,APPLY
304996 04,1,1,Zapatillas,urbano,0,APPLY
304476 08,1,1,Zapatillas,urbano,0,APPLY
304963 11,1,1,Zapatillas,urbano,0,APPLY
356770 02,2,1,Zapatillas,urbano,0,APPLY
356781 02,1,1,Zapatillas,urbano,0,APPLY
356794 01,2,1,Zapatillas,urbano,0,APPLY
305068 02,1,1,Zapatillas,urbano,0,APPLY
305082 01,1,1,Zapatillas,urbano,0,APPLY
305082 02,1,1,Zapatillas,urbano,0,APPLY
3581,1,1,Zapatillas,urbano,0,APPLY
358584 01,2,1,Zapatillas,urbano,0,APPLY
305084 02,1,1,Zapatillas,urbano,0,APPLY
305134 02,1,1,Zapatillas,urbano,0,APPLY
305135 02,1,1,Zapatillas,urbano,0,APPLY
305347 02,1,1,Zapatillas,urbano,0,APPLY
305347 04,1,1,Zapatillas,urbano,0,APPLY
305084 01,1,1,Zapatillas,urbano,0,APPLY
305183 06,3,1,Zapatillas,urbano,0,APPLY
305347 01,1,1,Zapatillas,urbano,0,APPLY
357355 03,1,1,Zapatillas,urbano,0,APPLY
357814 06,3,1,Zapatillas,urbano,0,APPLY
357814 07,2,1,Zapatillas,urbano,0,APPLY
358908 13,1,1,Zapatillas,urbano,0,APPLY
089-9057,1,1,Zapatillas,urbano,0,APPLY
305822 01,1,1,Zapatillas,urbano,0,APPLY
305829 01,2,1,Zapatillas,urbano,0,APPLY
305829 02,1,1,Zapatillas,urbano,0,APPLY
305903 02,1,1,Zapatillas,urbano,0,APPLY
089-9046,1,1,Zapatillas,urbano,0,APPLY
089-9047,1,1,Zapatillas,urbano,0,APPLY
305903 01,1,1,Zapatillas,urbano,0,APPLY
089-9061,1,1,Zapatillas,urbano,0,APPLY
089-9112,1,1,Zapatillas,urbano,0,APPLY
089-9159,2,1,Zapatillas,urbano,0,APPLY
089-9213,2,1,Zapatillas,urbano,0,APPLY
306188 01,1,1,Zapatillas,urbano,0,APPLY
358908 14,1,1,Zapatillas,urbano,0,APPLY
307165-105,1,1,Zapatillas,urbano,0,APPLY
307165-603,1,1,Zapatillas,urbano,0,APPLY
307011 01,2,1,Zapatillas,urbano,0,APPLY
307137 01,6,1,Zapatillas,urbano,0,APPLY
358990 03,1,1,Zapatillas,urbano,0,APPLY
30721,1,1,Zapatillas,urbano,0,APPLY
307165-302,1,1,Zapatillas,urbano,0,APPLY
3074,1,1,Zapatillas,urbano,0,APPLY
3078,1,1,Zapatillas,urbano,0,APPLY
307812-018,1,1,Zapatillas,urbano,0,APPLY
307812-439,1,1,Zapatillas,urbano,0,APPLY
307812-650,2,1,Zapatillas,urbano,0,APPLY
307826-007,1,1,Zapatillas,urbano,0,APPLY
307826-404,1,1,Zapatillas,urbano,0,APPLY
307812-284,1,1,Zapatillas,urbano,0,APPLY
3081,1,1,Zapatillas,urbano,0,APPLY
3083,1,1,Zapatillas,urbano,0,APPLY
454501-016,1,1,Zapatillas,urbano,0,APPLY
307960-117,6,1,Zapatillas,urbano,0,APPLY
309341-110,1,1,Zapatillas,urbano,0,APPLY
49089,1,1,Zapatillas,urbano,0,APPLY
49342,1,1,Zapatillas,urbano,0,APPLY
309598-100,2,1,Zapatillas,urbano,0,APPLY
310024L-WHP,3,1,Zapatillas,urbano,0,APPLY
310024L-WHT,4,1,Zapatillas,urbano,0,APPLY
310093 03,4,1,Zapatillas,urbano,0,APPLY
310093 07,3,1,Zapatillas,urbano,0,APPLY
310093 30,2,1,Zapatillas,urbano,0,APPLY
310100L-HTPK,3,1,Zapatillas,urbano,0,APPLY
310154 03,2,1,Zapatillas,urbano,0,APPLY
310189 09,2,1,Zapatillas,urbano,0,APPLY
310189 14,3,1,Zapatillas,urbano,0,APPLY
310235X016,2,1,Zapatillas,urbano,0,APPLY
310236X2430,2,1,Zapatillas,urbano,0,APPLY
310283X979,2,1,Zapatillas,urbano,0,APPLY
310308 09,2,1,Zapatillas,urbano,0,APPLY
57003,1,1,Zapatillas,urbano,0,APPLY
599390-003,1,1,Zapatillas,urbano,0,APPLY
599390-016,1,1,Zapatillas,urbano,0,APPLY
5AC108,5,14;46,Zapatillas,"urbano,oficial",0,APPLY
6107,3,1;11;26,Zapatillas,urbano,0,APPLY
6613,2,1;46,Zapatillas,"urbano,oficial",0,APPLY
310448L-LTPK,3,1,Zapatillas,urbano,0,APPLY
310450L-WHP,6,1,Zapatillas,urbano,0,APPLY
310451L-RED,4,1,Zapatillas,urbano,0,APPLY
310483L-GDMT,4,1,Zapatillas,urbano,0,APPLY
310510L-WMLT,5,1,Zapatillas,urbano,0,APPLY
310538L-NAT,2,1,Zapatillas,urbano,0,APPLY
310541L-LVMT,5,1,Zapatillas,urbano,0,APPLY
310541L-WMLT,5,1,Zapatillas,urbano,0,APPLY
6705,1,1,Zapatillas,urbano,0,APPLY
6771,3,1;46,Zapatillas,urbano,0,APPLY
685362-001,1,1,Zapatillas,urbano,0,APPLY
310547L-LPMT,2,1,Zapatillas,urbano,0,APPLY
310974,1,1,Zapatillas,urbano,0,APPLY
685167-402,1,1,Zapatillas,urbano,0,APPLY
749680-010,1,1,Zapatillas,urbano,0,APPLY
311082-084,1,1,Zapatillas,urbano,0,APPLY
311082-090,1,1,Zapatillas,urbano,0,APPLY
311082-092,1,1,Zapatillas,urbano,0,APPLY
311082-096,1,1,Zapatillas,urbano,0,APPLY
311082-116,1,1,Zapatillas,urbano,0,APPLY
311082-140,1,1,Zapatillas,urbano,0,APPLY
311082-406,1,1,Zapatillas,urbano,0,APPLY
311082-423,1,1,Zapatillas,urbano,0,APPLY
311082-602,1,1,Zapatillas,urbano,0,APPLY
3113,3,1;12,Zapatillas,urbano,0,APPLY
3123,1,63,Zapatillas,urbano,0,APPLY
3124,1,1,Zapatillas,urbano,0,APPLY
312044 08,3,1,Zapatillas,urbano,0,APPLY
812655-002,1,1,Zapatillas,urbano,0,APPLY
31363,1,1,Zapatillas,urbano,0,APPLY
31347-BLK,1,1,Zapatillas,urbano,0,APPLY
31347-DKNV,3,1,Zapatillas,urbano,0,APPLY
31347-RAS,1,1,Zapatillas,urbano,0,APPLY
31347-WHT,3,1,Zapatillas,urbano,0,APPLY
31362,2,1,Zapatillas,"urbano,oficial",0,APPLY
31362-BBK,7,1,Zapatillas,"urbano,negro",0,APPLY
31370-GYTQ,1,1,Zapatillas,urbano,0,APPLY
812655-403,2,1,Zapatillas,urbano,0,APPLY
313880-121,1,1,Zapatillas,urbano,0,APPLY
313912-038,1,1,Zapatillas,urbano,0,APPLY
313912-126,1,1,Zapatillas,urbano,0,APPLY
313912-127,1,1,Zapatillas,urbano,0,APPLY
313914-038,1,1,Zapatillas,urbano,0,APPLY
314-6052,1,46,Zapatillas,urbano,0,APPLY
314-6105,1,46,Zapatillas,"urbano,baby",0,APPLY
314-6107,1,46,Zapatillas,urbano,0,APPLY
314-6109,2,46,Zapatillas,urbano,0,APPLY
314-6115,1,1,Zapatillas,urbano,0,APPLY
314-6206,1,1,Zapatillas,urbano,0,APPLY
31370-BKPK,1,1,Zapatillas,urbano,0,APPLY
313881-121,1,1,Zapatillas,urbano,0,APPLY
314-6016,1,46,Zapatillas,urbano,0,APPLY
314-6033,1,46,Zapatillas,urbano,0,APPLY
314-6098,1,46,Zapatillas,urbano,0,APPLY
314-6176,1,46,Zapatillas,urbano,0,APPLY
314-6189,1,46,Zapatillas,"urbano,baby",0,APPLY
314-6578,1,46,Zapatillas,urbano,0,APPLY
314-6995,1,46,Zapatillas,urbano,0,APPLY
314-6444,1,1,Zapatillas,urbano,0,APPLY
314-6541,1,1,Zapatillas,urbano,0,APPLY
314-6638,2,1,Zapatillas,"urbano,baby",0,APPLY
314-6725,1,1,Zapatillas,urbano,0,APPLY
314-6988,1,46,Zapatillas,"urbano,baby",0,APPLY
314019N-BLMT,4,1,Zapatillas,urbano,0,APPLY
314061L-WMLT,6,1,Zapatillas,urbano,0,APPLY
314064L-WMLT,3,1,Zapatillas,urbano,0,APPLY
314064L-WMN,3,1,Zapatillas,urbano,0,APPLY
31444,1,1,Zapatillas,urbano,0,APPLY
314392L-BLMT,3,1,Zapatillas,urbano,0,APPLY
314544L-BKMT,5,1,Zapatillas,urbano,0,APPLY
314550L-WMLT,4,1,Zapatillas,urbano,0,APPLY
314762N-WMLT,4,1,Zapatillas,urbano,0,APPLY
314918N-SLPK,5,1,Zapatillas,urbano,0,APPLY
314976L-WHP,4,1,Zapatillas,urbano,0,APPLY
314976L-WPTQ,2,1,Zapatillas,urbano,0,APPLY
3158,1,1,Zapatillas,urbano,0,APPLY
9916,6,1;2,Zapatillas,"urbano,oficial",0,APPLY
Q26287,1,1,Zapatillas,urbano,0,APPLY
870025-100,1,1,Zapatillas,urbano,0,APPLY
31597-BBK,3,1;14,Zapatillas,urbano,0,APPLY
AR1928,1,1,Zapatillas,urbano,0,APPLY
AW5128,1,1,Zapatillas,urbano,0,APPLY
31606,1,1,Zapatillas,urbano,0,APPLY
316-6007,3,1,Zapatillas,urbano,0,APPLY
316-6010,1,1,Zapatillas,urbano,0,APPLY
316-6020,1,1,Zapatillas,urbano,0,APPLY
316-6026,4,1,Zapatillas,urbano,0,APPLY
316-6031,4,1,Zapatillas,urbano,0,APPLY
31611-BBK,2,1,Zapatillas,urbano,0,APPLY
31611-WHT,2,1,Zapatillas,urbano,0,APPLY
31614-BLK,4,1,Zapatillas,urbano,0,APPLY
31617-BBK,5,1,Zapatillas,urbano,0,APPLY
AW4883,2,1,Zapatillas,urbano,0,APPLY
316317-132,1,1,Zapatillas,urbano,0,APPLY
316391-028,1,1,Zapatillas,urbano,0,APPLY
316391-030,1,1,Zapatillas,urbano,0,APPLY
316391-057,1,1,Zapatillas,urbano,0,APPLY
316391-081,1,1,Zapatillas,urbano,0,APPLY
316391-090,1,1,Zapatillas,urbano,0,APPLY
316391-131,1,1,Zapatillas,urbano,0,APPLY
316391-135,1,1,Zapatillas,urbano,0,APPLY
316391-138,1,1,Zapatillas,urbano,0,APPLY
3171,1,63,Zapatillas,urbano,0,APPLY
31617-TPE,3,1,Zapatillas,urbano,0,APPLY
31617-WHT,5,1,Zapatillas,urbano,0,APPLY
31619,1,1,Zapatillas,urbano,0,APPLY
31619-BLK,5,1,Zapatillas,urbano,0,APPLY
B33634,1,1,Zapatillas,urbano,0,APPLY
317547-036,1,1,Zapatillas,urbano,0,APPLY
317547-037,1,1,Zapatillas,urbano,0,APPLY
3176,1,63,Zapatillas,urbano,0,APPLY
317929-022,1,1,Zapatillas,urbano,0,APPLY
318691-116,1,1,Zapatillas,urbano,0,APPLY
31U040X635,1,1,Zapatillas,urbano,0,APPLY
31U040X636,1,1,Zapatillas,urbano,0,APPLY
31U041X610,1,1,Zapatillas,urbano,0,APPLY
31U041X636,1,1,Zapatillas,urbano,0,APPLY
31U124X165,1,1,Zapatillas,urbano,0,APPLY
31J278X156,1,1,Zapatillas,urbano,0,APPLY
31J278X819,1,1,Zapatillas,urbano,0,APPLY
31U124X649,1,1,Zapatillas,urbano,0,APPLY
31O314X090,4,1,Zapatillas,urbano,0,APPLY
B34249,3,1,Zapatillas,urbano,0,APPLY
3208,2,1;36,Zapatillas,urbano,0,APPLY
3204-10,1,33,Zapatillas,urbano,0,APPLY
BB2878,1,1,Zapatillas,urbano,0,APPLY
BB3171,2,1,Zapatillas,urbano,0,APPLY
BB4406,1,1,Zapatillas,urbano,0,APPLY
BB4818,2,1,Zapatillas,urbano,0,APPLY
W413LW1,6,1,Zapatillas,urbano,0,APPLY
20865,2,1,Zapatillas,urbano,0,APPLY
321-6020,3,1,Zapatillas,urbano,0,APPLY
BY9985,1,1,Zapatillas,urbano,0,APPLY
3210,3,1;33,Zapatillas,urbano,0,APPLY
3212-87,1,33,Zapatillas,urbano,0,APPLY
CQ2721,1,1,Zapatillas,urbano,0,APPLY
W490LZ,1,1,Zapatillas,urbano,0,APPLY
F99407,1,1,Zapatillas,urbano,0,APPLY
3217,2,1;45,Zapatillas,urbano,0,APPLY
321-6021,2,1,Zapatillas,urbano,0,APPLY
CM8910,1,1,Zapatillas,urbano,0,APPLY
CQ2814,1,1,Zapatillas,urbano,0,APPLY
DH7305,4,1,Zapatillas,urbano,0,APPLY
3223,1,1,Zapatillas,urbano,0,APPLY
3229,1,1,Zapatillas,urbano,0,APPLY
3230,1,1,Zapatillas,urbano,0,APPLY
324-6089,1,46,Zapatillas,urbano,0,APPLY
324-6189,1,46,Zapatillas,urbano,0,APPLY
3243,1,1,Zapatillas,urbano,0,APPLY
325018-057,1,1,Zapatillas,urbano,0,APPLY
325018-069,1,1,Zapatillas,urbano,0,APPLY
32501-NVF,1,1,Zapatillas,urbano,0,APPLY
32502,2,1,Zapatillas,urbano,0,APPLY
32502-BKMT,4,1,Zapatillas,urbano,0,APPLY
32502-BURG,5,1,Zapatillas,urbano,0,APPLY
32502-LTPK,1,1,Zapatillas,urbano,0,APPLY
32504-BBK,6,1,Zapatillas,"urbano,negro",0,APPLY
325040-103,1,1,Zapatillas,urbano,0,APPLY
325592 04,1,1,Zapatillas,urbano,0,APPLY
325592 06,1,1,Zapatillas,urbano,0,APPLY
325592 07,1,1,Zapatillas,urbano,0,APPLY
32504-BLK,2,1,Zapatillas,urbano,0,APPLY
32504-BLSH,1,1,Zapatillas,urbano,0,APPLY
32504-GRY,4,1,Zapatillas,urbano,0,APPLY
32504-NUDE,7,1,Zapatillas,urbano,0,APPLY
32504-PNK,5,1,Zapatillas,urbano,0,APPLY
32505-BBK,1,1,Zapatillas,urbano,0,APPLY
32510-BBK,1,1,Zapatillas,urbano,0,APPLY
325213-131,1,1,Zapatillas,urbano,0,APPLY
3259,1,63,Zapatillas,urbano,0,APPLY
3283,3,1;8;10,Zapatillas,urbano,0,APPLY
32604-PNK,2,1,Zapatillas,urbano,0,APPLY
32806-BLK,1,1,Zapatillas,urbano,0,APPLY
32806-PNK,1,1,Zapatillas,urbano,0,APPLY
328401,1,33,Zapatillas,urbano,0,APPLY
3286,1,1,Zapatillas,urbano,0,APPLY
328610,3,33,Zapatillas,urbano,0,APPLY
3291,1,1,Zapatillas,urbano,0,APPLY
32964-LPD,4,1,Zapatillas,urbano,0,APPLY
32977-BLK,1,1,Zapatillas,urbano,0,APPLY
32977-OFWT,2,1,Zapatillas,urbano,0,APPLY
330202 10,2,95,Zapatillas,urbano,0,APPLY
33162-NPNK,2,1,Zapatillas,urbano,0,APPLY
332-1287,1,46,Zapatillas,urbano,0,APPLY
332-2142,1,46,Zapatillas,urbano,0,APPLY
332-3143,1,46,Zapatillas,urbano,0,APPLY
332-1242,1,46,Zapatillas,urbano,0,APPLY
332-4334,2,46,Zapatillas,urbano,0,APPLY
M18044,1,1,Zapatillas,urbano,0,APPLY
M18095,1,1,Zapatillas,urbano,0,APPLY
M20739,1,1,Zapatillas,urbano,0,APPLY
M25547,2,1,Zapatillas,urbano,0,APPLY
M18746,2,1,Zapatillas,urbano,0,APPLY
333824-030,1,1,Zapatillas,urbano,0,APPLY
M25882,2,1,Zapatillas,urbano,0,APPLY
33427,2,1,Zapatillas,urbano,0,APPLY
M29367,2,1,Zapatillas,urbano,0,APPLY
M29696,1,1,Zapatillas,urbano,0,APPLY
M47903,1,1,Zapatillas,urbano,0,APPLY
3354,1,1,Zapatillas,urbano,0,APPLY
3356,1,1,Zapatillas,urbano,0,APPLY
M42664,2,1,Zapatillas,urbano,0,APPLY
S76301,1,1,Zapatillas,urbano,0,APPLY
S76314,1,1,Zapatillas,urbano,0,APPLY
S78749,2,1,Zapatillas,urbano,0,APPLY
S80564,1,1,Zapatillas,urbano,0,APPLY
S75039,1,1,Zapatillas,urbano,0,APPLY
V63297,1,1,Zapatillas,urbano,0,APPLY
3379,1,63,Zapatillas,urbano,0,APPLY
338010780,2,1,Zapatillas,urbano,0,APPLY
3391,2,1;63,Zapatillas,urbano,0,APPLY
3395,1,1,Zapatillas,urbano,0,APPLY
3400,2,1;7,Zapatillas,urbano,0,APPLY
3401,3,1;9,Zapatillas,urbano,0,APPLY
V70276,1,1,Zapatillas,urbano,0,APPLY
V70483,2,1,Zapatillas,urbano,0,APPLY
V70002,1,1,Zapatillas,urbano,0,APPLY
341044 27,1,1,Zapatillas,urbano,0,APPLY
V70564,1,1,Zapatillas,urbano,0,APPLY
3432,2,1;26,Zapatillas,urbano,0,APPLY
343880-040,1,1,Zapatillas,urbano,0,APPLY
343880-090,1,1,Zapatillas,urbano,0,APPLY
343880-102,1,1,Zapatillas,urbano,0,APPLY
343880-024,1,1,Zapatillas,urbano,0,APPLY
V72011,2,1,Zapatillas,urbano,0,APPLY
V72121,1,1,Zapatillas,urbano,0,APPLY
344487-105,1,1,Zapatillas,urbano,0,APPLY
344925-401,1,1,Zapatillas,urbano,0,APPLY
3453,1,63,Zapatillas,urbano,0,APPLY
345392 21,1,1,Zapatillas,urbano,0,APPLY
345392 24,1,1,Zapatillas,urbano,0,APPLY
345392 25,1,1,Zapatillas,urbano,0,APPLY
3456,1,1,Zapatillas,urbano,0,APPLY
345997 04,1,1,Zapatillas,urbano,0,APPLY
345997 09,1,1,Zapatillas,urbano,0,APPLY
1000000025,5,1,Zapatillas,urbano,0,APPLY
10003301,1,1,Zapatillas,urbano,0,APPLY
346056 02,1,1,Zapatillas,urbano,0,APPLY
346056 11,1,1,Zapatillas,urbano,0,APPLY
345392 22,1,1,Zapatillas,urbano,0,APPLY
345392 23,1,1,Zapatillas,urbano,0,APPLY
345997 10,1,1,Zapatillas,urbano,0,APPLY
346056 06,1,1,Zapatillas,urbano,0,APPLY
346-6003,6,1,Zapatillas,urbano,0,APPLY
3477,4,1,Zapatillas,urbano,0,APPLY
3483,1,63,Zapatillas,urbano,0,APPLY
349-8020,3,33,Zapatillas,urbano,0,APPLY
349946 20,1,1,Zapatillas,urbano,0,APPLY
350062 16,1,1,Zapatillas,urbano,0,APPLY
350062 17,1,1,Zapatillas,urbano,0,APPLY
350062 19,1,1,Zapatillas,urbano,0,APPLY
100033906,3,1,Zapatillas,urbano,0,APPLY
3505,2,1,Zapatillas,urbano,0,APPLY
3506,1,1,Zapatillas,urbano,0,APPLY
351,2,1;2,Zapatillas,urbano,0,APPLY
351-1110,1,1,Zapatillas,urbano,0,APPLY
351-1157,1,1,Zapatillas,urbano,0,APPLY
351-1222,1,1,Zapatillas,urbano,0,APPLY
351-1223,1,1,Zapatillas,urbano,0,APPLY
351-1276,1,1,Zapatillas,urbano,0,APPLY
351-1348,1,1,Zapatillas,"urbano,oficial",0,APPLY
351-1349,2,1,Zapatillas,"urbano,oficial",0,APPLY
35054,2,46,Zapatillas,urbano,0,APPLY
35055,2,46,Zapatillas,urbano,0,APPLY
350731 26,1,1,Zapatillas,urbano,0,APPLY
351-0345,2,1,Zapatillas,urbano,0,APPLY
351-1410,1,1,Zapatillas,urbano,0,APPLY
351-1432,1,1,Zapatillas,urbano,0,APPLY
351-1448,1,1,Zapatillas,"urbano,oficial",0,APPLY
351-1454,2,1,Zapatillas,urbano,0,APPLY
351-1501,1,1,Zapatillas,urbano,0,APPLY
351-1503,1,1,Zapatillas,urbano,0,APPLY
351-1515,2,1,Zapatillas,urbano,0,APPLY
351-1519,2,1,Zapatillas,urbano,0,APPLY
351-1537,2,1,Zapatillas,urbano,0,APPLY
351-1588,1,46,Zapatillas,urbano,0,APPLY
351-1859,1,1,Zapatillas,urbano,0,APPLY
351-2237,1,1,Zapatillas,urbano,0,APPLY
351-2348,1,1,Zapatillas,"urbano,oficial",0,APPLY
351-6159,1,1,Zapatillas,urbano,0,APPLY
351-5592,1,1,Zapatillas,urbano,0,APPLY
351-6536,2,1,Zapatillas,urbano,0,APPLY
351222 07,1,1,Zapatillas,urbano,0,APPLY
351222 08,1,1,Zapatillas,urbano,0,APPLY
351222-07,1,1,Zapatillas,urbano,0,APPLY
351222-11,1,1,Zapatillas,urbano,0,APPLY
351287 04,1,1,Zapatillas,urbano,0,APPLY
351487-06,2,1,Zapatillas,urbano,0,APPLY
351488 06,1,1,Zapatillas,urbano,0,APPLY
351488 07,1,1,Zapatillas,urbano,0,APPLY
351497 06,1,1,Zapatillas,urbano,0,APPLY
351497 08,1,1,Zapatillas,urbano,0,APPLY
351497 09,1,1,Zapatillas,urbano,0,APPLY
351497 12,1,1,Zapatillas,urbano,0,APPLY
351497 13,1,1,Zapatillas,urbano,0,APPLY
351497 15,1,1,Zapatillas,urbano,0,APPLY
351497 16,1,1,Zapatillas,urbano,0,APPLY
351525 21,1,1,Zapatillas,"urbano,voley",0,APPLY
351674 11,1,1,Zapatillas,urbano,0,APPLY
351674 12,1,1,Zapatillas,urbano,0,APPLY
351674 13,1,1,Zapatillas,urbano,0,APPLY
351674 16,1,1,Zapatillas,urbano,0,APPLY
351674 19,1,1,Zapatillas,urbano,0,APPLY
100033132,2,1,Zapatillas,urbano,0,APPLY
100033499,2,1,Zapatillas,urbano,0,APPLY
100033502,3,1,Zapatillas,urbano,0,APPLY
351-6788,2,1,Zapatillas,urbano,0,APPLY
351-9932,2,33,Zapatillas,urbano,0,APPLY
351676 13,1,1,Zapatillas,urbano,0,APPLY
351676 14,1,1,Zapatillas,urbano,0,APPLY
351676 16,1,1,Zapatillas,urbano,0,APPLY
351676-11,1,1,Zapatillas,urbano,0,APPLY
351676-12,1,1,Zapatillas,urbano,0,APPLY
351676-14,1,1,Zapatillas,urbano,0,APPLY
351710 15,1,1,Zapatillas,urbano,0,APPLY
351710 31,1,1,Zapatillas,urbano,0,APPLY
351710 32,1,1,Zapatillas,urbano,0,APPLY
351720 09,1,1,Zapatillas,urbano,0,APPLY
351720-09,1,1,Zapatillas,urbano,0,APPLY
351865 14,1,1,Zapatillas,urbano,0,APPLY
351865 16,1,1,Zapatillas,urbano,0,APPLY
351865-07,1,1,Zapatillas,urbano,0,APPLY
351865-12,2,1,Zapatillas,urbano,0,APPLY
351903 12,1,1,Zapatillas,urbano,0,APPLY
351926 01,1,1,Zapatillas,urbano,0,APPLY
351676-13,2,1,Zapatillas,urbano,0,APPLY
351979 06,1,1,Zapatillas,urbano,0,APPLY
351979 21,1,1,Zapatillas,urbano,0,APPLY
351979 22,1,1,Zapatillas,urbano,0,APPLY
351980 06,1,1,Zapatillas,urbano,0,APPLY
352139 08,1,1,Zapatillas,urbano,0,APPLY
352150 01,2,1,Zapatillas,urbano,0,APPLY
352150 02,1,1,Zapatillas,urbano,0,APPLY
351979 27,1,1,Zapatillas,urbano,0,APPLY
351980 18,1,1,Zapatillas,urbano,0,APPLY
351980 19,1,1,Zapatillas,urbano,0,APPLY
351980 21,1,1,Zapatillas,urbano,0,APPLY
351980 22,1,1,Zapatillas,urbano,0,APPLY
351980 24,1,1,Zapatillas,urbano,0,APPLY
351980 25,1,1,Zapatillas,urbano,0,APPLY
351980 26,2,1,Zapatillas,urbano,0,APPLY
351980 27,1,1,Zapatillas,urbano,0,APPLY
351980 29,1,1,Zapatillas,urbano,0,APPLY
351980 30,1,1,Zapatillas,urbano,0,APPLY
351980 31,1,1,Zapatillas,urbano,0,APPLY
352215 08,1,1,Zapatillas,urbano,0,APPLY
352215-01,1,1,Zapatillas,urbano,0,APPLY
352215-02,1,1,Zapatillas,urbano,0,APPLY
352591 01,1,1,Zapatillas,urbano,0,APPLY
352591 02,1,1,Zapatillas,urbano,0,APPLY
352591 03,1,1,Zapatillas,urbano,0,APPLY
352715-01,1,1,Zapatillas,urbano,0,APPLY
352715-03,1,1,Zapatillas,urbano,0,APPLY
352806 02,1,1,Zapatillas,urbano,0,APPLY
352966 01,1,1,Zapatillas,urbano,0,APPLY
352966 02,1,1,Zapatillas,urbano,0,APPLY
352983 09,1,1,Zapatillas,urbano,0,APPLY
353-20960,1,1,Zapatillas,urbano,0,APPLY
353-70970,1,1,Zapatillas,urbano,0,APPLY
3530,3,1,Zapatillas,urbano,0,APPLY
351980 32,1,1,Zapatillas,urbano,0,APPLY
351980 38,1,1,Zapatillas,urbano,0,APPLY
353012 01,1,1,Zapatillas,urbano,0,APPLY
353012 03,1,1,Zapatillas,urbano,0,APPLY
353012 10,1,1,Zapatillas,urbano,0,APPLY
353012 15,1,1,Zapatillas,urbano,0,APPLY
353013 03,1,1,Zapatillas,urbano,0,APPLY
353013 15,1,1,Zapatillas,urbano,0,APPLY
353016 04,1,1,Zapatillas,urbano,0,APPLY
353066 02,1,1,Zapatillas,urbano,0,APPLY
353092 04,1,1,Zapatillas,urbano,0,APPLY
353095 04,1,1,Zapatillas,urbano,0,APPLY
3531,1,1,Zapatillas,urbano,0,APPLY
353111 01,1,1,Zapatillas,urbano,0,APPLY
353123 01,1,1,Zapatillas,urbano,0,APPLY
353123 02,1,1,Zapatillas,urbano,0,APPLY
353123 03,1,1,Zapatillas,urbano,0,APPLY
353200 01,1,1,Zapatillas,urbano,0,APPLY
353012 02,1,1,Zapatillas,urbano,0,APPLY
353013 11,1,1,Zapatillas,urbano,0,APPLY
353200 07,1,1,Zapatillas,urbano,0,APPLY
353200 08,1,1,Zapatillas,urbano,0,APPLY
35320007,1,1,Zapatillas,urbano,0,APPLY
353208 03,1,1,Zapatillas,urbano,0,APPLY
100204956,2,1,Zapatillas,urbano,0,APPLY
100205029,2,1,Zapatillas,urbano,0,APPLY
101-3158,3,1,Zapatillas,urbano,0,APPLY
353208 05,1,1,Zapatillas,urbano,0,APPLY
353271 05,1,1,Zapatillas,urbano,0,APPLY
353271 13,1,1,Zapatillas,urbano,0,APPLY
353349 02,1,1,Zapatillas,urbano,0,APPLY
353565 01,1,1,Zapatillas,urbano,0,APPLY
353565 02,1,1,Zapatillas,urbano,0,APPLY
353573 02,1,1,Zapatillas,urbano,0,APPLY
353616 02,2,1,Zapatillas,urbano,0,APPLY
353649 03,1,1,Zapatillas,urbano,0,APPLY
353649 09,1,1,Zapatillas,urbano,0,APPLY
353749 01,1,1,Zapatillas,urbano,0,APPLY
353749 02,1,1,Zapatillas,urbano,0,APPLY
353847 03,1,1,Zapatillas,urbano,0,APPLY
353850 06,1,1,Zapatillas,urbano,0,APPLY
353888 01,1,1,Zapatillas,"urbano,voley",0,APPLY
353951 01,1,1,Zapatillas,urbano,0,APPLY
353951 03,1,1,Zapatillas,urbano,0,APPLY
353616 01,1,1,Zapatillas,urbano,0,APPLY
353998 07,1,1,Zapatillas,urbano,0,APPLY
353951 04,1,1,Zapatillas,urbano,0,APPLY
353998 01,1,1,Zapatillas,urbano,0,APPLY
353998 04,1,1,Zapatillas,urbano,0,APPLY
353649 11,1,1,Zapatillas,urbano,0,APPLY
353998 05,1,1,Zapatillas,urbano,0,APPLY
353998 06,1,1,Zapatillas,urbano,0,APPLY
353998 10,1,1,Zapatillas,urbano,0,APPLY
353998 11,1,1,Zapatillas,urbano,0,APPLY
354-1806,1,46,Zapatillas,"urbano,oficial",0,APPLY
354-1848,1,1,Zapatillas,"urbano,oficial",0,APPLY
354-1906,1,46,Zapatillas,"urbano,oficial",0,APPLY
354-6011,1,46,Zapatillas,"urbano,oficial",0,APPLY
354-6067,1,46,Zapatillas,"urbano,oficial",0,APPLY
354-6109,1,46,Zapatillas,"urbano,oficial",0,APPLY
354-6126,1,46,Zapatillas,"urbano,oficial",0,APPLY
354-6128,1,46,Zapatillas,"urbano,oficial",0,APPLY
354-6142,1,1,Zapatillas,"urbano,oficial",0,APPLY
354-6213,2,1,Zapatillas,"urbano,oficial",0,APPLY
354-6268,1,1,Zapatillas,"urbano,oficial",0,APPLY
354-6406,1,46,Zapatillas,"urbano,oficial",0,APPLY
353998 09,1,1,Zapatillas,urbano,0,APPLY
353998 12,1,1,Zapatillas,urbano,0,APPLY
354-6496,2,46,Zapatillas,"urbano,oficial,baby",0,APPLY
354-6825,1,46,Zapatillas,"urbano,oficial",0,APPLY
354-6829,1,46,Zapatillas,"urbano,oficial",0,APPLY
354-6830,1,46,Zapatillas,"urbano,oficial",0,APPLY
354-1241,3,1,Zapatillas,"urbano,oficial",0,APPLY
354-6056,1,46,Zapatillas,"urbano,oficial",0,APPLY
354-6146,2,46,Zapatillas,"urbano,oficial",0,APPLY
354-6373,1,46,Zapatillas,"urbano,oficial",0,APPLY
354-6446,3,46,Zapatillas,"urbano,oficial",0,APPLY
354-6878,1,46,Zapatillas,"urbano,oficial",0,APPLY
354-6941,1,46,Zapatillas,"urbano,oficial",0,APPLY
354-6989,3,46,Zapatillas,"urbano,oficial",0,APPLY
354162 07,1,1,Zapatillas,urbano,0,APPLY
354162 10,1,1,Zapatillas,urbano,0,APPLY
354508-107,1,1,Zapatillas,urbano,0,APPLY
354518 02,1,1,Zapatillas,urbano,0,APPLY
354522 01,1,1,Zapatillas,urbano,0,APPLY
354522 02,1,1,Zapatillas,urbano,0,APPLY
354522 03,1,1,Zapatillas,urbano,0,APPLY
354579 01,1,1,Zapatillas,urbano,0,APPLY
354579 03,1,1,Zapatillas,urbano,0,APPLY
354592 03,1,1,Zapatillas,urbano,0,APPLY
354593-105,1,1,Zapatillas,urbano,0,APPLY
354594 01,1,1,Zapatillas,urbano,0,APPLY
354594-105,1,1,Zapatillas,urbano,0,APPLY
354597 19,1,1,Zapatillas,urbano,0,APPLY
354597 23,1,1,Zapatillas,urbano,0,APPLY
354598 01,1,1,Zapatillas,urbano,0,APPLY
354598 03,1,1,Zapatillas,urbano,0,APPLY
354603 01,1,1,Zapatillas,urbano,0,APPLY
354603 02,1,1,Zapatillas,urbano,0,APPLY
354606 01,1,1,Zapatillas,urbano,0,APPLY
2297,1,1,Zapatillas,urbano,0,APPLY
100205465,2,1,Zapatillas,urbano,0,APPLY
354561 01,2,1,Zapatillas,urbano,0,APPLY
354597 35,2,1,Zapatillas,urbano,0,APPLY
354597 36,1,1,Zapatillas,urbano,0,APPLY
354606 02,3,1,Zapatillas,urbano,0,APPLY
354606 03,2,1,Zapatillas,urbano,0,APPLY
354680 01,1,1,Zapatillas,urbano,0,APPLY
354680 03,1,1,Zapatillas,urbano,0,APPLY
354684 02,2,1,Zapatillas,urbano,0,APPLY
354720 01,1,1,Zapatillas,urbano,0,APPLY
354919 02,2,1,Zapatillas,urbano,0,APPLY
354919 03,2,1,Zapatillas,urbano,0,APPLY
354972 01,1,1,Zapatillas,urbano,0,APPLY
354972 03,2,1,Zapatillas,urbano,0,APPLY
354972 05,1,1,Zapatillas,urbano,0,APPLY
355,1,1,Zapatillas,urbano,0,APPLY
355110 22,1,1,Zapatillas,urbano,0,APPLY
355110 32,1,1,Zapatillas,urbano,0,APPLY
355126 06,2,1,Zapatillas,urbano,0,APPLY
355126 07,1,1,Zapatillas,urbano,0,APPLY
355126 08,1,1,Zapatillas,urbano,0,APPLY
354606 04,3,1,Zapatillas,urbano,0,APPLY
354606 05,3,1,Zapatillas,urbano,0,APPLY
354607 04,1,1,Zapatillas,urbano,0,APPLY
354680 05,2,1,Zapatillas,urbano,0,APPLY
354684 01,1,1,Zapatillas,urbano,0,APPLY
355-6010,4,1,Zapatillas,urbano,0,APPLY
355-6016,2,1,Zapatillas,urbano,0,APPLY
355110 19,1,1,Zapatillas,urbano,0,APPLY
355194 01,1,1,Zapatillas,urbano,0,APPLY
355195 01,1,1,Zapatillas,urbano,0,APPLY
355195 03,1,1,Zapatillas,urbano,0,APPLY
3552,2,2;63,Zapatillas,urbano,0,APPLY
355493 04,1,1,Zapatillas,urbano,0,APPLY
355195 04,1,1,Zapatillas,urbano,0,APPLY
355195 05,2,1,Zapatillas,urbano,0,APPLY
355230 01,1,1,Zapatillas,urbano,0,APPLY
355230 03,1,1,Zapatillas,urbano,0,APPLY
356013 01,1,1,Zapatillas,urbano,0,APPLY
356015 01,1,1,Zapatillas,urbano,0,APPLY
356015 02,1,1,Zapatillas,urbano,0,APPLY
356015 03,1,1,Zapatillas,urbano,0,APPLY
356016 01,1,1,Zapatillas,urbano,0,APPLY
356016 02,1,1,Zapatillas,urbano,0,APPLY
356016 03,1,1,Zapatillas,urbano,0,APPLY
356049 01,1,1,Zapatillas,urbano,0,APPLY
356202 02,1,1,Zapatillas,urbano,0,APPLY
356242 08,1,1,Zapatillas,urbano,0,APPLY
356286 01,1,1,Zapatillas,urbano,0,APPLY
356286 02,1,1,Zapatillas,urbano,0,APPLY
356286 03,1,1,Zapatillas,urbano,0,APPLY
101-4193,3,1,Zapatillas,urbano,0,APPLY
356-6470,4,1,Zapatillas,urbano,0,APPLY
356013 03,1,1,Zapatillas,urbano,0,APPLY
356242 09,1,1,Zapatillas,urbano,0,APPLY
356437 06,1,1,Zapatillas,urbano,0,APPLY
356437 07,1,1,Zapatillas,urbano,0,APPLY
356448 10,1,1,Zapatillas,urbano,0,APPLY
356495 01,4,1,Zapatillas,urbano,0,APPLY
3566,2,1;24,Zapatillas,urbano,0,APPLY
356627 04,1,1,Zapatillas,urbano,0,APPLY
356665 01,1,1,Zapatillas,"urbano,sala",0,APPLY
356665 03,1,1,Zapatillas,"urbano,sala",0,APPLY
356665 04,1,1,Zapatillas,"urbano,sala",0,APPLY
356665 06,1,1,Zapatillas,"urbano,sala",0,APPLY
356690 01,1,1,Zapatillas,urbano,0,APPLY
356722 02,1,1,Zapatillas,urbano,0,APPLY
356805 02,1,1,Zapatillas,urbano,0,APPLY
356808 05,1,1,Zapatillas,urbano,0,APPLY
356808 07,1,1,Zapatillas,urbano,0,APPLY
356449 08,1,1,Zapatillas,urbano,0,APPLY
356449 10,1,1,Zapatillas,urbano,0,APPLY
356495 03,4,1,Zapatillas,urbano,0,APPLY
356495 04,4,1,Zapatillas,urbano,0,APPLY
356627 05,1,1,Zapatillas,urbano,0,APPLY
356665 09,1,1,Zapatillas,"urbano,sala",0,APPLY
356808 01,1,1,Zapatillas,urbano,0,APPLY
356808 02,1,1,Zapatillas,urbano,0,APPLY
356808 03,1,1,Zapatillas,urbano,0,APPLY
356812 03,3,1,Zapatillas,urbano,0,APPLY
356813 01,1,1,Zapatillas,urbano,0,APPLY
357245 01,1,1,Zapatillas,urbano,0,APPLY
357355 01,1,1,Zapatillas,urbano,0,APPLY
3576,1,63,Zapatillas,urbano,0,APPLY
357814 08,2,1,Zapatillas,urbano,0,APPLY
357909 02,1,1,Zapatillas,urbano,0,APPLY
357339 07,1,1,Zapatillas,urbano,0,APPLY
357339 09,1,1,Zapatillas,urbano,0,APPLY
358038 02,2,1,Zapatillas,urbano,0,APPLY
356812 02,1,1,Zapatillas,urbano,0,APPLY
356813 02,2,1,Zapatillas,urbano,0,APPLY
356813 03,1,1,Zapatillas,urbano,0,APPLY
357245 02,2,1,Zapatillas,urbano,0,APPLY
357339 08,1,1,Zapatillas,urbano,0,APPLY
357355 02,1,1,Zapatillas,urbano,0,APPLY
358663 04,2,1,Zapatillas,urbano,0,APPLY
358663 06,2,1,Zapatillas,urbano,0,APPLY
358776 01,1,1,Zapatillas,urbano,0,APPLY
358776 02,1,1,Zapatillas,urbano,0,APPLY
358782 03,1,1,Zapatillas,urbano,0,APPLY
358782 04,1,1,Zapatillas,urbano,0,APPLY
359059 01,1,1,Zapatillas,urbano,0,APPLY
359059 03,1,1,Zapatillas,urbano,0,APPLY
359071 01,1,1,Zapatillas,urbano,0,APPLY
359073 06,1,1,Zapatillas,urbano,0,APPLY
359904 20,1,1,Zapatillas,urbano,0,APPLY
101-6239,3,1,Zapatillas,urbano,0,APPLY
101-9156,2,1,Zapatillas,urbano,0,APPLY
149011-BKMN,3,1,Zapatillas,urbano,0,APPLY
360580 12,1,1,Zapatillas,urbano,0,APPLY
360732 36,1,1,Zapatillas,urbano,0,APPLY
360732 37,1,1,Zapatillas,urbano,0,APPLY
360732 38,1,1,Zapatillas,urbano,0,APPLY
360735 36,1,1,Zapatillas,urbano,0,APPLY
360762 05,1,1,Zapatillas,urbano,0,APPLY
360967 02,1,1,Zapatillas,urbano,0,APPLY
3606,1,46,Zapatillas,"urbano,oficial",0,APPLY
360580 11,1,1,Zapatillas,urbano,0,APPLY
360580 23,1,1,Zapatillas,urbano,0,APPLY
360580 25,2,1,Zapatillas,urbano,0,APPLY
360732 71,3,1,Zapatillas,urbano,0,APPLY
360732 73,2,1,Zapatillas,urbano,0,APPLY
360735 35,1,1,Zapatillas,urbano,0,APPLY
360756 28,4,1,Zapatillas,urbano,0,APPLY
360877 04,2,1,Zapatillas,urbano,0,APPLY
360877 08,3,1,Zapatillas,urbano,0,APPLY
360968 02,3,1,Zapatillas,urbano,0,APPLY
360971 02,2,1,Zapatillas,urbano,0,APPLY
361077 02,1,1,Zapatillas,urbano,0,APPLY
361192 01,1,1,Zapatillas,urbano,0,APPLY
361255 01,1,1,Zapatillas,urbano,0,APPLY
361264 06,1,1,Zapatillas,urbano,0,APPLY
361264 05,1,1,Zapatillas,urbano,0,APPLY
361523 04,1,1,Zapatillas,urbano,0,APPLY
361729 04,1,1,Zapatillas,urbano,0,APPLY
361599 09,5,1,Zapatillas,urbano,0,APPLY
361632 04,1,1,Zapatillas,urbano,0,APPLY
361632 08,1,1,Zapatillas,urbano,0,APPLY
050265-2,3,1,Zapatillas,urbano,0,APPLY
149011-NVHP,3,1,Zapatillas,urbano,0,APPLY
362-9210,5,1,Zapatillas,urbano,5,APPLY
362948 03,1,1,Zapatillas,urbano,0,APPLY
362948 06,1,1,Zapatillas,urbano,0,APPLY
362949 06,1,1,Zapatillas,urbano,0,APPLY
362381 01,1,1,Zapatillas,urbano,0,APPLY
362392 02,2,1,Zapatillas,urbano,0,APPLY
362395 01,1,1,Zapatillas,urbano,0,APPLY
362395 03,1,1,Zapatillas,urbano,0,APPLY
3624-23,4,1,Zapatillas,urbano,0,APPLY
362947 02,1,1,Zapatillas,urbano,0,APPLY
363917 01,1,1,Zapatillas,urbano,0,APPLY
364029 02,1,1,Zapatillas,urbano,0,APPLY
3640-02,5,1,Zapatillas,urbano,0,APPLY
364030 02,1,1,Zapatillas,urbano,0,APPLY
364259 06,1,1,Zapatillas,urbano,0,APPLY
364307 01,1,1,Zapatillas,urbano,0,APPLY
050269-2,4,1,Zapatillas,urbano,0,APPLY
364989 04,1,1,Zapatillas,urbano,0,APPLY
364989 06,1,1,Zapatillas,urbano,0,APPLY
364989 12,1,1,Zapatillas,urbano,0,APPLY
364989 13,1,1,Zapatillas,urbano,0,APPLY
364989 15,7,1,Zapatillas,urbano,0,APPLY
364989 19,1,1,Zapatillas,urbano,0,APPLY
365-0036,9,1,Zapatillas,urbano,0,APPLY
365-0037,7,1,Zapatillas,urbano,0,APPLY
365-0210,4,1,Zapatillas,urbano,0,APPLY
365160 05,1,1,Zapatillas,urbano,0,APPLY
365160 06,1,1,Zapatillas,urbano,0,APPLY
365160 07,1,1,Zapatillas,urbano,0,APPLY
365160 14,1,1,Zapatillas,urbano,0,APPLY
365170 08,1,1,Zapatillas,urbano,0,APPLY
365174 15,3,1,Zapatillas,urbano,0,APPLY
365183 27,3,1,Zapatillas,urbano,0,APPLY
365213 02,1,1,Zapatillas,urbano,0,APPLY
365215 01,5,1,Zapatillas,urbano,0,APPLY
365215 04,3,1,Zapatillas,urbano,0,APPLY
100000089,4,1,Zapatillas,urbano,0,APPLY
365215 12,2,1,Zapatillas,urbano,0,APPLY
032,4,1,Zapatillas,urbano,0,APPLY
100000108,3,1,Zapatillas,urbano,0,APPLY
366419 01,1,1,Zapatillas,urbano,0,APPLY
366419 02,1,1,Zapatillas,urbano,0,APPLY
3666,1,1,Zapatillas,urbano,0,APPLY
041-5016,2,1,Zapatillas,urbano,0,APPLY
3665-09,4,1,Zapatillas,urbano,0,APPLY
366901 01,1,1,Zapatillas,urbano,0,APPLY
366903 01,2,1,Zapatillas,urbano,0,APPLY
366970 01,1,1,Zapatillas,urbano,0,APPLY
367309 01,1,1,Zapatillas,urbano,0,APPLY
367309 12,2,1,Zapatillas,urbano,0,APPLY
W900,1,1,Zapatillas,urbano,0,APPLY
3686,1,1,Zapatillas,urbano,0,APPLY
100000199,2,1,Zapatillas,urbano,0,APPLY
100000453,3,1,Zapatillas,urbano,0,APPLY
100005920,3,1,Zapatillas,urbano,0,APPLY
367378 23,2,1,Zapatillas,urbano,0,APPLY
367380 02,1,1,Zapatillas,urbano,0,APPLY
367380 23,2,1,Zapatillas,urbano,0,APPLY
367380 25,2,1,Zapatillas,urbano,0,APPLY
367768 01,3,1,Zapatillas,urbano,0,APPLY
367768 15,4,1,Zapatillas,urbano,0,APPLY
367796 01,3,1,Zapatillas,urbano,0,APPLY
3695,1,1,Zapatillas,urbano,0,APPLY
3696,2,1;12,Zapatillas,urbano,0,APPLY
3698,2,1;63,Zapatillas,urbano,0,APPLY
100005967,3,1,Zapatillas,urbano,0,APPLY
100005968,3,1,Zapatillas,urbano,0,APPLY
100009061,5,1,Zapatillas,urbano,0,APPLY
369115 06,2,1,Zapatillas,urbano,0,APPLY
369122 01,1,1,Zapatillas,urbano,0,APPLY
369122 03,1,1,Zapatillas,urbano,0,APPLY
369122 08,1,1,Zapatillas,urbano,0,APPLY
369138 01,2,1,Zapatillas,urbano,0,APPLY
369139 01,1,1,Zapatillas,urbano,0,APPLY
369573 01,5,1,Zapatillas,urbano,0,APPLY
369573 15,2,1,Zapatillas,urbano,0,APPLY
100010030,3,1,Zapatillas,urbano,0,APPLY
237100-BBK,2,1,Zapatillas,urbano,0,APPLY
369866 01,1,1,Zapatillas,urbano,0,APPLY
369866 02,1,1,Zapatillas,urbano,0,APPLY
369866 04,2,1,Zapatillas,urbano,0,APPLY
369866 09,1,1,Zapatillas,urbano,0,APPLY
37-GULL-5,10,1,Zapatillas,urbano,0,APPLY
37-SHILA-1,7,1,Zapatillas,urbano,0,APPLY
37-SHILA-2,3,1,Zapatillas,urbano,0,APPLY
100010472,3,1,Zapatillas,urbano,0,APPLY
100010616,3,1,Zapatillas,urbano,0,APPLY
370009,1,1,Zapatillas,urbano,0,APPLY
370009 01,6,1,Zapatillas,urbano,0,APPLY
3704,1,1,Zapatillas,urbano,0,APPLY
100025108,2,1,Zapatillas,urbano,0,APPLY
190677 18,5,1,Zapatillas,urbano,0,APPLY
370325 01,3,1,Zapatillas,urbano,0,APPLY
370325 02,5,1,Zapatillas,urbano,0,APPLY
370325 08,4,1,Zapatillas,urbano,0,APPLY
370486 01,7,1,Zapatillas,urbano,0,APPLY
370486 08,5,1,Zapatillas,urbano,0,APPLY
370486 11,5,1,Zapatillas,urbano,0,APPLY
370488 01,6,1,Zapatillas,urbano,0,APPLY
370488 08,3,1,Zapatillas,urbano,0,APPLY
100025761,3,1,Zapatillas,urbano,0,APPLY
370488 10,3,1,Zapatillas,urbano,0,APPLY
370488 11,3,1,Zapatillas,urbano,0,APPLY
370489 01,1,1,Zapatillas,urbano,0,APPLY
370489 05,2,1,Zapatillas,urbano,0,APPLY
370490 01,6,1,Zapatillas,urbano,0,APPLY
370490 02,4,1,Zapatillas,urbano,0,APPLY
370492 01,7,1,Zapatillas,urbano,0,APPLY
370492 02,3,1,Zapatillas,urbano,0,APPLY
370493 01,4,1,Zapatillas,urbano,0,APPLY
370493 02,3,1,Zapatillas,urbano,0,APPLY
370529 01,3,1,Zapatillas,urbano,0,APPLY
400135L-BBLM,2,1,Zapatillas,urbano,0,APPLY
051-9998,1,1,Zapatillas,urbano,0,APPLY
100032749,4,1,Zapatillas,urbano,0,APPLY
370544 01,1,1,Zapatillas,urbano,0,APPLY
370626 01,3,1,Zapatillas,urbano,0,APPLY
370626 02,2,1,Zapatillas,urbano,0,APPLY
370985 02,1,1,Zapatillas,urbano,0,APPLY
370985 05,2,1,Zapatillas,urbano,0,APPLY
081-5270,2,1,Zapatillas,urbano,0,APPLY
100032751,3,1,Zapatillas,urbano,0,APPLY
100032758,2,1,Zapatillas,urbano,0,APPLY
100032760,2,1,Zapatillas,urbano,0,APPLY
371131 11,3,1,Zapatillas,urbano,0,APPLY
10245N,1,1,Zapatillas,urbano,0,APPLY
100032906,3,1,Zapatillas,urbano,0,APPLY
100032908,2,1,Zapatillas,urbano,0,APPLY
100032920,2,1,Zapatillas,urbano,0,APPLY
100032921,2,1,Zapatillas,urbano,0,APPLY
100032992,3,1,Zapatillas,urbano,0,APPLY
100033242,3,1,Zapatillas,urbano,0,APPLY
100033243,3,1,Zapatillas,urbano,0,APPLY
371544 06,2,1,Zapatillas,urbano,0,APPLY
371928 01,2,1,Zapatillas,urbano,0,APPLY
371928 03,1,1,Zapatillas,urbano,0,APPLY
23226-NE,1,1,Zapatillas,urbano,0,APPLY
100033244,3,1,Zapatillas,urbano,0,APPLY
100033265,3,1,Zapatillas,urbano,0,APPLY
100033266,3,1,Zapatillas,urbano,0,APPLY
100033332,2,1,Zapatillas,urbano,0,APPLY
100033347,3,1,Zapatillas,urbano,0,APPLY
100033350,2,1,Zapatillas,urbano,0,APPLY
372009 07,4,1,Zapatillas,urbano,0,APPLY
372010 04,1,1,Zapatillas,urbano,0,APPLY
117052-WHT,5,1,Zapatillas,urbano,0,APPLY
117178-RED,2,1,Zapatillas,urbano,0,APPLY
372039 01,1,1,Zapatillas,urbano,0,APPLY
372362 04,3,1,Zapatillas,urbano,0,APPLY
372362 08,3,1,Zapatillas,urbano,0,APPLY
37262,1,1,Zapatillas,urbano,0,APPLY
100033488,4,1,Zapatillas,urbano,0,APPLY
372602 03,2,1,Zapatillas,urbano,0,APPLY
373015 01,6,1,Zapatillas,urbano,0,APPLY
373015 05,3,1,Zapatillas,urbano,0,APPLY
373020 02,1,1,Zapatillas,urbano,0,APPLY
373025 03,3,1,Zapatillas,urbano,0,APPLY
373037 02,5,1,Zapatillas,urbano,0,APPLY
373108 08,6,1,Zapatillas,urbano,0,APPLY
373117 38,2,1,Zapatillas,urbano,0,APPLY
3736,1,1,Zapatillas,urbano,0,APPLY
11884,1,1,Zapatillas,urbano,0,APPLY
3739,2,1,Zapatillas,urbano,0,APPLY
3741,1,1,Zapatillas,urbano,0,APPLY
3742,1,1,Zapatillas,urbano,0,APPLY
100033498,3,1,Zapatillas,urbano,0,APPLY
100033524,4,1,Zapatillas,urbano,0,APPLY
373228 01,2,1,Zapatillas,urbano,0,APPLY
373233 02,2,1,Zapatillas,urbano,0,APPLY
374139 01,1,1,Zapatillas,urbano,0,APPLY
374139 03,1,1,Zapatillas,urbano,0,APPLY
374214 01,5,1,Zapatillas,urbano,0,APPLY
3743,1,1,Zapatillas,urbano,0,APPLY
100033703,3,1,Zapatillas,urbano,0,APPLY
374214 05,3,1,Zapatillas,urbano,0,APPLY
374216 01,6,1,Zapatillas,urbano,0,APPLY
374216 05,6,1,Zapatillas,urbano,0,APPLY
374217 01,5,1,Zapatillas,urbano,0,APPLY
374217 03,3,1,Zapatillas,urbano,0,APPLY
3749,1,63,Zapatillas,urbano,0,APPLY
3750,1,1,Zapatillas,urbano,0,APPLY
37514,2,111,Zapatillas,urbano,0,APPLY
374265 03,2,1,Zapatillas,urbano,0,APPLY
374740 01,3,1,Zapatillas,urbano,0,APPLY
374765 03,2,1,Zapatillas,urbano,0,APPLY
374765 08,3,1,Zapatillas,urbano,0,APPLY
37552,2,1,Zapatillas,urbano,0,APPLY
3760,2,1;5,Zapatillas,urbano,0,APPLY
100033761,2,1,Zapatillas,urbano,0,APPLY
376164 01,3,1,Zapatillas,urbano,0,APPLY
376296 05,3,1,Zapatillas,urbano,0,APPLY
3773,1,63,Zapatillas,urbano,0,APPLY
3774,1,63,Zapatillas,urbano,0,APPLY
100033837,3,1,Zapatillas,urbano,0,APPLY
100033886,2,1,Zapatillas,urbano,0,APPLY
376540 02,3,1,Zapatillas,urbano,0,APPLY
376676 01,13,1,Zapatillas,urbano,0,APPLY
376676 18,3,1,Zapatillas,urbano,0,APPLY
376809 03,5,1,Zapatillas,urbano,0,APPLY
3788,1,1,Zapatillas,urbano,0,APPLY
3789,1,1,Zapatillas,urbano,0,APPLY
100033908,3,1,Zapatillas,urbano,0,APPLY
379601 15,3,1,Zapatillas,urbano,0,APPLY
379437 01,3,1,Zapatillas,urbano,0,APPLY
379437 02,2,1,Zapatillas,urbano,0,APPLY
379437 07,2,1,Zapatillas,urbano,0,APPLY
379437 17,2,1,Zapatillas,urbano,0,APPLY
100033958,3,1,Zapatillas,urbano,0,APPLY
100033960,4,1,Zapatillas,urbano,0,APPLY
100033961,3,1,Zapatillas,urbano,0,APPLY
380067 01,2,1,Zapatillas,urbano,0,APPLY
380150 01,3,1,Zapatillas,urbano,0,APPLY
100034130,2,1,Zapatillas,urbano,0,APPLY
380585-009,1,1,Zapatillas,urbano,0,APPLY
380585-011,1,1,Zapatillas,urbano,0,APPLY
380585-080,1,1,Zapatillas,urbano,0,APPLY
380585-201,2,1,Zapatillas,urbano,0,APPLY
380585-204,1,1,Zapatillas,urbano,0,APPLY
380585-301,1,1,Zapatillas,urbano,0,APPLY
380590-001,1,1,Zapatillas,urbano,0,APPLY
380590-070,2,1,Zapatillas,urbano,0,APPLY
380590-230,1,1,Zapatillas,urbano,0,APPLY
380590-260,1,1,Zapatillas,urbano,0,APPLY
380587-010,1,1,Zapatillas,urbano,0,APPLY
380435 01,2,1,Zapatillas,urbano,0,APPLY
380606 01,3,1,Zapatillas,urbano,0,APPLY
380729 06,2,1,Zapatillas,urbano,0,APPLY
380740 01,4,1,Zapatillas,urbano,0,APPLY
380740 02,6,1,Zapatillas,urbano,0,APPLY
380740 05,3,1,Zapatillas,urbano,0,APPLY
380741 01,6,1,Zapatillas,urbano,0,APPLY
380741 02,6,1,Zapatillas,urbano,0,APPLY
380741 05,3,1,Zapatillas,urbano,0,APPLY
380747 01,3,1,Zapatillas,urbano,0,APPLY
380747 03,3,1,Zapatillas,urbano,0,APPLY
380751 02,2,1,Zapatillas,urbano,0,APPLY
380751 03,2,1,Zapatillas,urbano,0,APPLY
380880,1,1,Zapatillas,urbano,0,APPLY
380880 01,3,1,Zapatillas,urbano,0,APPLY
380880 02,4,1,Zapatillas,urbano,0,APPLY
380881 01,4,1,Zapatillas,urbano,0,APPLY
380881 02,4,1,Zapatillas,urbano,0,APPLY
100034152,3,1,Zapatillas,urbano,0,APPLY
100034365,5,1,Zapatillas,urbano,0,APPLY
100034402,3,1,Zapatillas,urbano,0,APPLY
381-0304,2,1,Zapatillas,urbano,0,APPLY
381-0968,2,1,Zapatillas,urbano,0,APPLY
381-0970,4,1,Zapatillas,urbano,0,APPLY
381-1120,1,1,Zapatillas,urbano,0,APPLY
14091,1,1,Zapatillas,urbano,0,APPLY
100039111,4,1,Zapatillas,urbano,0,APPLY
381-1137,1,1,Zapatillas,urbano,0,APPLY
381-1209,2,1,Zapatillas,urbano,0,APPLY
381-1434,2,1,Zapatillas,urbano,0,APPLY
381-1479,2,1,Zapatillas,urbano,0,APPLY
381-16000,2,1,Zapatillas,urbano,0,APPLY
381-16210,4,1,Zapatillas,urbano,0,APPLY
100062829,2,1,Zapatillas,urbano,0,APPLY
100069453,2,1,Zapatillas,urbano,0,APPLY
381-59560,2,1,Zapatillas,urbano,0,APPLY
381-5961,4,1,Zapatillas,urbano,0,APPLY
381-59610,2,1,Zapatillas,urbano,0,APPLY
381-5968,2,1,Zapatillas,urbano,0,APPLY
381-5970,3,1,Zapatillas,urbano,0,APPLY
100074882,2,1,Zapatillas,urbano,0,APPLY
381-66210,4,1,Zapatillas,urbano,0,APPLY
381-6652,2,1,Zapatillas,"urbano,oficial",0,APPLY
381-6659,4,1,Zapatillas,urbano,0,APPLY
381-6694,2,1,Zapatillas,urbano,0,APPLY
381-6707,2,1,Zapatillas,urbano,0,APPLY
3810,3,1;8,Zapatillas,urbano,0,APPLY
381-99560,2,1,Zapatillas,urbano,0,APPLY
454375-006,1,1,Zapatillas,urbano,0,APPLY
381827 01,3,1,Zapatillas,urbano,0,APPLY
381991 02,2,1,Zapatillas,urbano,0,APPLY
381992 02,2,1,Zapatillas,urbano,0,APPLY
382664 01,2,1,Zapatillas,urbano,0,APPLY
100201315,2,1,Zapatillas,urbano,0,APPLY
384-0074,2,46,Zapatillas,urbano,0,APPLY
100201423,3,1,Zapatillas,urbano,0,APPLY
100201564,2,1,Zapatillas,urbano,0,APPLY
141-1067,1,1,Zapatillas,urbano,0,APPLY
100204828,2,1,Zapatillas,urbano,0,APPLY
100204842,2,1,Zapatillas,urbano,0,APPLY
100204845,3,1,Zapatillas,urbano,0,APPLY
141-5067,1,1,Zapatillas,urbano,0,APPLY
100208254,3,1,Zapatillas,urbano,0,APPLY
3849,1,63,Zapatillas,urbano,0,APPLY
384311 01,4,1,Zapatillas,"urbano,oficial",0,APPLY
385-6003,3,1,Zapatillas,urbano,0,APPLY
3854,1,1,Zapatillas,urbano,0,APPLY
3860,2,1;5,Zapatillas,urbano,0,APPLY
386156-060,1,1,Zapatillas,urbano,0,APPLY
386156-067,1,1,Zapatillas,urbano,0,APPLY
385849 02,5,1,Zapatillas,urbano,0,APPLY
385849 09,5,1,Zapatillas,urbano,0,APPLY
385851 01,2,1,Zapatillas,urbano,0,APPLY
385851 02,4,1,Zapatillas,urbano,0,APPLY
386156-147,1,1,Zapatillas,urbano,0,APPLY
141-9104,1,46,Zapatillas,urbano,0,APPLY
386519-003,1,1,Zapatillas,urbano,0,APPLY
386519-405,1,1,Zapatillas,urbano,0,APPLY
386521-602,1,1,Zapatillas,urbano,0,APPLY
3866,1,1,Zapatillas,urbano,0,APPLY
386260 04,2,1,Zapatillas,urbano,0,APPLY
38793,1,1,Zapatillas,urbano,0,APPLY
1381,1,63,Zapatillas,urbano,0,APPLY
100209990,2,1,Zapatillas,urbano,0,APPLY
3881,1,1,Zapatillas,urbano,0,APPLY
3884,1,1,Zapatillas,urbano,0,APPLY
3892,2,1;24,Zapatillas,urbano,0,APPLY
389-0099,4,1,Zapatillas,urbano,0,APPLY
3898,1,1,Zapatillas,urbano,0,APPLY
3899,2,1;26,Zapatillas,urbano,0,APPLY
14146,1,1,Zapatillas,urbano,0,APPLY
14137,1,1,Zapatillas,urbano,0,APPLY
389318 02,2,1,Zapatillas,urbano,0,APPLY
389390 01,3,1,Zapatillas,urbano,0,APPLY
14152,1,1,Zapatillas,urbano,0,APPLY
3908,1,1,Zapatillas,urbano,0,APPLY
1420,1,1,Zapatillas,urbano,0,APPLY
100233960,2,1,Zapatillas,urbano,0,APPLY
390984 09,2,1,Zapatillas,urbano,0,APPLY
39102,1,1,Zapatillas,urbano,0,APPLY
39116,2,1,Zapatillas,urbano,0,APPLY
391327 05,2,1,Zapatillas,urbano,0,APPLY
391328 01,2,1,Zapatillas,urbano,0,APPLY
391328 03,2,1,Zapatillas,urbano,0,APPLY
391328 09,3,1,Zapatillas,urbano,0,APPLY
391328 28,3,1,Zapatillas,urbano,0,APPLY
3917,1,1,Zapatillas,urbano,0,APPLY
392290 02,3,1,Zapatillas,urbano,0,APPLY
3924,1,1,Zapatillas,urbano,0,APPLY
3928,1,1,Zapatillas,urbano,0,APPLY
3931,1,63,Zapatillas,urbano,0,APPLY
3933,3,1;7;13,Zapatillas,urbano,0,APPLY
3934,1,1,Zapatillas,urbano,0,APPLY
3935,1,1,Zapatillas,urbano,0,APPLY
3936,2,1,Zapatillas,urbano,0,APPLY
392326 03,2,1,Zapatillas,urbano,0,APPLY
392326 04,2,1,Zapatillas,urbano,0,APPLY
392326 06,2,1,Zapatillas,urbano,0,APPLY
392326 15,2,1,Zapatillas,urbano,0,APPLY
392328 03,3,1,Zapatillas,urbano,0,APPLY
392328 04,2,1,Zapatillas,urbano,0,APPLY
392328 11,2,1,Zapatillas,urbano,0,APPLY
393831 01,5,1,Zapatillas,urbano,0,APPLY
393831 05,5,1,Zapatillas,urbano,0,APPLY
393833 01,3,1,Zapatillas,urbano,0,APPLY
393833 02,2,1,Zapatillas,urbano,0,APPLY
393833 04,3,1,Zapatillas,urbano,0,APPLY
393833 06,2,1,Zapatillas,urbano,0,APPLY
393846 01,2,1,Zapatillas,urbano,0,APPLY
395016 13,1,1,Zapatillas,urbano,0,APPLY
395020 12,2,1,Zapatillas,urbano,0,APPLY
395022 05,2,1,Zapatillas,urbano,0,APPLY
3973,1,1,Zapatillas,urbano,0,APPLY
395205 02,3,1,Zapatillas,urbano,0,APPLY
395205 03,1,1,Zapatillas,urbano,0,APPLY
395205 16,1,1,Zapatillas,urbano,0,APPLY
396181 02,4,1,Zapatillas,urbano,0,APPLY
397262 01,2,1,Zapatillas,urbano,0,APPLY
397262 09,2,1,Zapatillas,urbano,0,APPLY
397689-059,1,1,Zapatillas,urbano,0,APPLY
397689-124,1,1,Zapatillas,urbano,0,APPLY
397419 03,2,1,Zapatillas,urbano,0,APPLY
397420 01,1,1,Zapatillas,urbano,0,APPLY
397422 01,2,1,Zapatillas,urbano,0,APPLY
397447 07,2,1,Zapatillas,urbano,0,APPLY
397461 02,2,1,Zapatillas,urbano,0,APPLY
397461 08,1,1,Zapatillas,urbano,0,APPLY
398251 01,3,1,Zapatillas,urbano,0,APPLY
398251 03,2,1,Zapatillas,urbano,0,APPLY
3991,1,1,Zapatillas,urbano,0,APPLY
3992,2,1;35,Zapatillas,urbano,0,APPLY
101-9162,2,1,Zapatillas,urbano,0,APPLY
398731 01,2,1,Zapatillas,urbano,0,APPLY
1010-0040,5,46,Zapatillas,urbano,0,APPLY
3SC60527-601,2,1,Zapatillas,urbano,0,APPLY
3SR20007130,1,1,Zapatillas,urbano,0,APPLY
3XM01321-152,3,1,Zapatillas,urbano,0,APPLY
3XM01321-154,3,1,Zapatillas,urbano,0,APPLY
31362-WHT,6,1,Zapatillas,"urbano,blanco",0,APPLY
400000L-BKOL,2,1,Zapatillas,urbano,0,APPLY
400014L-RDBK,4,1,Zapatillas,urbano,0,APPLY
400017L,3,1,Zapatillas,urbano,0,APPLY
400017L-BKGY,2,1,Zapatillas,urbano,0,APPLY
400030L-BBLM,1,1,Zapatillas,urbano,0,APPLY
400041L-BKRD,3,1,Zapatillas,urbano,0,APPLY
400042N-BBLM,2,1,Zapatillas,urbano,0,APPLY
400042N-NVRD,2,1,Zapatillas,urbano,0,APPLY
400053N-BBOR,3,1,Zapatillas,urbano,0,APPLY
400054L-BKRD,2,1,Zapatillas,urbano,0,APPLY
400069N,2,1,Zapatillas,urbano,0,APPLY
400069N-NVOR,4,1,Zapatillas,urbano,0,APPLY
400070L-BKSR,5,1,Zapatillas,urbano,0,APPLY
400070L-NVLM,1,1,Zapatillas,urbano,0,APPLY
400083N,1,1,Zapatillas,urbano,0,APPLY
400083N-BGRD,6,1,Zapatillas,urbano,0,APPLY
400083N-NVLM,3,1,Zapatillas,urbano,0,APPLY
1431,1,1,Zapatillas,urbano,0,APPLY
400103L-BBLM,4,1,Zapatillas,urbano,0,APPLY
400103L-BKRD,5,1,Zapatillas,urbano,0,APPLY
400106L-NVLM,5,1,Zapatillas,urbano,0,APPLY
14347,1,1,Zapatillas,urbano,0,APPLY
14350,1,1,Zapatillas,urbano,0,APPLY
400110L-BGRD,4,1,Zapatillas,urbano,0,APPLY
400112-BKCC,2,1,Zapatillas,urbano,0,APPLY
400112-BKLM,2,1,Zapatillas,urbano,0,APPLY
400112-DINO,1,1,Zapatillas,urbano,0,APPLY
400119L-BKLM,3,1,Zapatillas,urbano,0,APPLY
400135L-BKGY,5,1,Zapatillas,urbano,0,APPLY
400138L-BKBL,3,1,Zapatillas,urbano,0,APPLY
400138N-BKRD,2,1,Zapatillas,urbano,0,APPLY
14353,1,1,Zapatillas,urbano,0,APPLY
1000000075,3,1,Zapatillas,urbano,0,APPLY
1000000168,3,1,Zapatillas,urbano,0,APPLY
100001183,3,1,Zapatillas,urbano,0,APPLY
14352,1,1,Zapatillas,urbano,0,APPLY
100207971,2,1,Zapatillas,urbano,0,APPLY
400600L-BKGY,4,1,Zapatillas,urbano,0,APPLY
400600N-NVMT,5,1,Zapatillas,urbano,0,APPLY
400615L-BKOR,2,1,Zapatillas,urbano,0,APPLY
400617L-CCBL,2,1,Zapatillas,urbano,0,APPLY
13820,2,1,Zapatillas,urbano,0,APPLY
400708 01,2,1,Zapatillas,urbano,0,APPLY
400708 02,2,1,Zapatillas,urbano,0,APPLY
401-1745,5,1,Zapatillas,urbano,0,APPLY
401-6745,3,1,Zapatillas,urbano,0,APPLY
401-8199,1,1,Zapatillas,urbano,0,APPLY
4016,2,1;31,Zapatillas,urbano,0,APPLY
401503N-NVRD,4,1,Zapatillas,urbano,0,APPLY
401530L-BBLM,4,1,Zapatillas,urbano,0,APPLY
4017,1,1,Zapatillas,urbano,0,APPLY
401650L-BKSL,4,1,Zapatillas,urbano,0,APPLY
401650N-BKOR,3,1,Zapatillas,urbano,0,APPLY
401650N-CCRD,4,1,Zapatillas,urbano,0,APPLY
401650N-NVBL,3,1,Zapatillas,urbano,0,APPLY
4018,2,1;8,Zapatillas,urbano,0,APPLY
402003L-NVLM,6,1,Zapatillas,urbano,0,APPLY
402260L-RYMT,2,1,Zapatillas,urbano,0,APPLY
402265L-BKMT,4,1,Zapatillas,urbano,0,APPLY
4025,3,1;6,Zapatillas,urbano,0,APPLY
402303N-BKRD,4,1,Zapatillas,urbano,0,APPLY
402329 01,2,1,Zapatillas,urbano,0,APPLY
402637 02,2,1,Zapatillas,urbano,0,APPLY
403603L-BKNV,5,1,Zapatillas,urbano,0,APPLY
403647L-RED,3,1,Zapatillas,urbano,0,APPLY
403673L-WNVR,2,1,Zapatillas,urbano,0,APPLY
403674L-WNVR,5,1,Zapatillas,urbano,0,APPLY
403694L-BLK,3,1,Zapatillas,"urbano,negro",0,APPLY
403696L-BLU,3,1,Zapatillas,urbano,0,APPLY
403698L-BKW,3,1,Zapatillas,urbano,0,APPLY
403706L-GYCC,3,1,Zapatillas,urbano,0,APPLY
403718L-BKLM,3,1,Zapatillas,urbano,0,APPLY
403718L-BKSL,4,1,Zapatillas,urbano,0,APPLY
403719L-BKSL,4,1,Zapatillas,urbano,0,APPLY
403730L-BBLM,4,1,Zapatillas,urbano,0,APPLY
403730L-RDBL,5,1,Zapatillas,urbano,0,APPLY
403732L-BBK,4,1,Zapatillas,urbano,0,APPLY
403732L-WHT,5,1,Zapatillas,urbano,0,APPLY
403734L-BBK,6,1,Zapatillas,"urbano,negro",0,APPLY
403735L-BKRD,5,1,Zapatillas,urbano,0,APPLY
403764L-BLK,3,1,Zapatillas,urbano,0,APPLY
403753-BKSL,5,1,Zapatillas,urbano,0,APPLY
403764L-RED,4,1,Zapatillas,urbano,0,APPLY
403764N-BLK,5,1,Zapatillas,urbano,0,APPLY
403764N-RED,2,1,Zapatillas,urbano,0,APPLY
403769L-BKSL,4,1,Zapatillas,urbano,0,APPLY
403770L-BKPK,2,1,Zapatillas,urbano,0,APPLY
403770L-BKSL,5,1,Zapatillas,urbano,0,APPLY
403770L-BLOR,6,1,Zapatillas,urbano,0,APPLY
403770L-GYBL,3,1,Zapatillas,urbano,0,APPLY
403770N-BBK,4,1,Zapatillas,"urbano,negro",0,APPLY
403775L-CHAR,5,1,Zapatillas,urbano,0,APPLY
403775L-RYBK,2,1,Zapatillas,urbano,0,APPLY
403775N-RDBK,2,1,Zapatillas,urbano,0,APPLY
403781L-RDCC,6,1,Zapatillas,urbano,0,APPLY
403843L-BKLM,3,1,Zapatillas,urbano,0,APPLY
403861L-BKRD,4,1,Zapatillas,urbano,0,APPLY
403861L-BKSL,6,1,Zapatillas,urbano,0,APPLY
454375-105,1,1,Zapatillas,urbano,0,APPLY
403908N-NVLM,5,1,Zapatillas,urbano,0,APPLY
403920L-BKGY,2,1,Zapatillas,urbano,0,APPLY
403920N-BKRD,2,1,Zapatillas,urbano,0,APPLY
403922L-BBOR,4,1,Zapatillas,urbano,0,APPLY
403924L-BKSR,4,1,Zapatillas,urbano,0,APPLY
404-6134,1,46,Zapatillas,urbano,0,APPLY
404-6260,1,1,Zapatillas,urbano,0,APPLY
4041,1,1,Zapatillas,urbano,0,APPLY
4048,3,1;8,Zapatillas,urbano,0,APPLY
4049,1,1,Zapatillas,urbano,0,APPLY
405-6400,1,46,Zapatillas,urbano,0,APPLY
405-6244,1,1,Zapatillas,urbano,0,APPLY
405016L-BKRD,3,1,Zapatillas,urbano,0,APPLY
405018L-BKW,3,1,Zapatillas,"urbano,oficial",0,APPLY
405019L-BKW,5,1,Zapatillas,"urbano,oficial",0,APPLY
405032L-BBLM,7,1,Zapatillas,urbano,0,APPLY
405042L-NVLM,4,1,Zapatillas,urbano,0,APPLY
405094L-BKRY,4,1,Zapatillas,urbano,0,APPLY
14490,1,1,Zapatillas,urbano,0,APPLY
405094L-NVLM,4,1,Zapatillas,urbano,0,APPLY
405100L-BKRD,6,1,Zapatillas,urbano,0,APPLY
405100L-CCOR,2,1,Zapatillas,urbano,0,APPLY
405101L-BKRD,4,1,Zapatillas,urbano,0,APPLY
405101L-RDBK,2,1,Zapatillas,urbano,0,APPLY
405102L-BBK,6,1,Zapatillas,"urbano,negro",0,APPLY
145,8,1;26;38;40;46,Zapatillas,urbano,0,APPLY
405102L-BKRD,3,1,Zapatillas,urbano,0,APPLY
405110L-BLK,5,1,Zapatillas,urbano,0,APPLY
405113L-B,5,1,Zapatillas,urbano,0,APPLY
1075,1,1,Zapatillas,urbano,0,APPLY
Q26351,1,1,Zapatillas,urbano,0,APPLY
4058,3,1,Zapatillas,urbano,0,APPLY
405639L-LGW,2,1,Zapatillas,urbano,0,APPLY
405705L-BBK,3,1,Zapatillas,"urbano,negro",0,APPLY
405730L-BKW,2,1,Zapatillas,urbano,0,APPLY
405730L-WBK,2,1,Zapatillas,urbano,0,APPLY
4065,1,63,Zapatillas,urbano,0,APPLY
407237N-BKRD,3,1,Zapatillas,urbano,0,APPLY
407237N-CCOR,3,1,Zapatillas,urbano,0,APPLY
407239N-NVLM,4,1,Zapatillas,urbano,0,APPLY
407300N-RDBK,2,1,Zapatillas,urbano,0,APPLY
4076,1,1,Zapatillas,urbano,0,APPLY
407891-006,1,1,Zapatillas,urbano,0,APPLY
407891-440,1,1,Zapatillas,urbano,0,APPLY
407891-664,1,1,Zapatillas,urbano,0,APPLY
407891-700,1,1,Zapatillas,urbano,0,APPLY
407891-886,1,1,Zapatillas,urbano,0,APPLY
407891-601,1,1,Zapatillas,urbano,0,APPLY
407983-015,1,1,Zapatillas,urbano,0,APPLY
407983-021,1,1,Zapatillas,urbano,0,APPLY
407983-026,1,1,Zapatillas,urbano,0,APPLY
407983-057,1,1,Zapatillas,urbano,0,APPLY
407983-080,2,1,Zapatillas,urbano,0,APPLY
407983-104,1,1,Zapatillas,urbano,0,APPLY
407983-105,1,1,Zapatillas,urbano,0,APPLY
407983-108,1,1,Zapatillas,urbano,0,APPLY
407984-007,1,1,Zapatillas,urbano,0,APPLY
407984-012,1,1,Zapatillas,urbano,0,APPLY
407984-040,1,1,Zapatillas,urbano,0,APPLY
407984-106,1,1,Zapatillas,urbano,0,APPLY
407984-108,1,1,Zapatillas,urbano,0,APPLY
407984-109,1,1,Zapatillas,urbano,0,APPLY
407984-110,1,1,Zapatillas,urbano,0,APPLY
407984-111,1,1,Zapatillas,urbano,0,APPLY
10788NDNPK,2,1,Zapatillas,urbano,0,APPLY
407984-113,1,1,Zapatillas,urbano,0,APPLY
407985-011,1,1,Zapatillas,urbano,0,APPLY
407985-013,1,1,Zapatillas,urbano,0,APPLY
407985-014,1,1,Zapatillas,urbano,0,APPLY
407985-061,1,1,Zapatillas,urbano,0,APPLY
407985-070,1,1,Zapatillas,urbano,0,APPLY
407985-107,1,1,Zapatillas,urbano,0,APPLY
407985-108,1,1,Zapatillas,urbano,0,APPLY
407985-109,1,1,Zapatillas,urbano,0,APPLY
407985-106,1,1,Zapatillas,urbano,0,APPLY
408110-092,1,1,Zapatillas,urbano,0,APPLY
408110-135,1,1,Zapatillas,urbano,0,APPLY
408112-121,1,1,Zapatillas,urbano,0,APPLY
408112-500,1,1,Zapatillas,urbano,0,APPLY
408110-065,1,1,Zapatillas,urbano,0,APPLY
408112-112,1,1,Zapatillas,urbano,0,APPLY
4096,2,1;59,Zapatillas,urbano,0,APPLY
4098,1,1,Zapatillas,urbano,0,APPLY
4099,2,1,Zapatillas,urbano,0,APPLY
409998-034,1,1,Zapatillas,urbano,0,APPLY
409998-105,1,1,Zapatillas,urbano,0,APPLY
14500,1,1,Zapatillas,urbano,0,APPLY
4115,3,1;9,Zapatillas,urbano,0,APPLY
4119,1,1,Zapatillas,urbano,0,APPLY
4125,1,1,Zapatillas,urbano,0,APPLY
4128,2,1;14,Zapatillas,urbano,0,APPLY
4129,1,1,Zapatillas,urbano,0,APPLY
1452,2,56;63,Zapatillas,urbano,0,APPLY
415247-010,1,1,Zapatillas,urbano,0,APPLY
454375-106,1,1,Zapatillas,urbano,0,APPLY
415375-005,1,1,Zapatillas,urbano,0,APPLY
415375-105,1,1,Zapatillas,urbano,0,APPLY
416,5,5;14;46,Zapatillas,"urbano,oficial",0,APPLY
4160,1,1,Zapatillas,urbano,0,APPLY
415445-001,3,1,Zapatillas,urbano,0,APPLY
4171,1,1,Zapatillas,"urbano,tenis",0,APPLY
419015L-CCBK,3,1,Zapatillas,urbano,0,APPLY
4202.200.17607.23139,2,1,Zapatillas,urbano,0,APPLY
4202.200.9674.34,2,1,Zapatillas,urbano,0,APPLY
4202.213.16061.313,2,1,Zapatillas,urbano,0,APPLY
4202.213.17878.3,2,1,Zapatillas,urbano,0,APPLY
4202.213.17878.333,2,1,Zapatillas,urbano,0,APPLY
4202.223.21402.15745,3,1,Zapatillas,urbano,0,APPLY
5XM00810-320,2,1,Zapatillas,urbano,0,APPLY
4206,1,63,Zapatillas,urbano,0,APPLY
4215.604.15965.15745,3,1,Zapatillas,urbano,0,APPLY
4235,1,63,Zapatillas,urbano,0,APPLY
424-6089,1,46,Zapatillas,urbano,0,APPLY
424-6189,3,46,Zapatillas,urbano,0,APPLY
4243,1,1,Zapatillas,urbano,0,APPLY
4244,1,63,Zapatillas,urbano,0,APPLY
4276,1,1,Zapatillas,urbano,0,APPLY
4285,1,63,Zapatillas,urbano,0,APPLY
4286,2,2;63,Zapatillas,urbano,0,APPLY
4288,4,2;9;12;63,Zapatillas,urbano,0,APPLY
4294,1,1,Zapatillas,urbano,0,APPLY
429628-018,1,1,Zapatillas,urbano,0,APPLY
429628-019,1,1,Zapatillas,urbano,0,APPLY
429628-107,1,1,Zapatillas,urbano,0,APPLY
429722-106,1,1,Zapatillas,urbano,0,APPLY
429880-070,1,1,Zapatillas,urbano,0,APPLY
429884-004,1,1,Zapatillas,urbano,0,APPLY
429885-003,1,1,Zapatillas,urbano,0,APPLY
429885-004,1,1,Zapatillas,urbano,0,APPLY
429885-102,1,1,Zapatillas,urbano,0,APPLY
429885-103,1,1,Zapatillas,urbano,0,APPLY
429885-104,1,1,Zapatillas,urbano,0,APPLY
4301,1,63,Zapatillas,urbano,0,APPLY
429884-103,1,1,Zapatillas,urbano,0,APPLY
429880-077,1,1,Zapatillas,urbano,0,APPLY
089-5057,1,1,Zapatillas,urbano,0,APPLY
4311,1,1,Zapatillas,urbano,0,APPLY
4315,1,1,Zapatillas,urbano,0,APPLY
4313,1,1,Zapatillas,urbano,0,APPLY
050260-1,2,1,Zapatillas,urbano,0,APPLY
050260-3,3,1,Zapatillas,urbano,0,APPLY
432033-103,1,1,Zapatillas,urbano,0,APPLY
432033-104,1,1,Zapatillas,urbano,0,APPLY
432103-001,1,1,Zapatillas,urbano,0,APPLY
432103-201,1,1,Zapatillas,urbano,0,APPLY
432156-103,1,1,Zapatillas,urbano,0,APPLY
050265-1,2,1,Zapatillas,urbano,0,APPLY
12756,4,1,Zapatillas,urbano,0,APPLY
4327,1,1,Zapatillas,urbano,0,APPLY
432997-006,1,1,Zapatillas,urbano,0,APPLY
432997-012,1,1,Zapatillas,urbano,0,APPLY
1462,1,1,Zapatillas,urbano,0,APPLY
432997-122,1,1,Zapatillas,urbano,0,APPLY
4339,1,1,Zapatillas,urbano,0,APPLY
432502 50,2,95,Zapatillas,urbano,0,APPLY
434498-003,1,1,Zapatillas,urbano,0,APPLY
1465,2,1;2,Zapatillas,urbano,0,APPLY
434498-501,1,1,Zapatillas,urbano,0,APPLY
437530-003,1,1,Zapatillas,urbano,0,APPLY
437530-104,1,1,Zapatillas,urbano,0,APPLY
437530-401,1,1,Zapatillas,urbano,0,APPLY
442,2,1;14,Zapatillas,urbano,0,APPLY
442125-046,1,1,Zapatillas,urbano,0,APPLY
442807-004,1,1,Zapatillas,urbano,0,APPLY
442807-106,1,1,Zapatillas,urbano,0,APPLY
4433,1,63,Zapatillas,urbano,0,APPLY
443456-008,1,1,Zapatillas,urbano,0,APPLY
443456-010,1,1,Zapatillas,urbano,0,APPLY
443456-100,1,1,Zapatillas,urbano,0,APPLY
443456-107,1,1,Zapatillas,urbano,0,APPLY
443837-007,1,1,Zapatillas,urbano,0,APPLY
442204L-BBLM,2,1,Zapatillas,urbano,0,APPLY
443917-005,1,1,Zapatillas,urbano,0,APPLY
443917-010,1,1,Zapatillas,urbano,0,APPLY
443917-014,1,1,Zapatillas,urbano,0,APPLY
443917-404,1,1,Zapatillas,urbano,0,APPLY
Q26381,1,1,Zapatillas,urbano,0,APPLY
443918-011,1,1,Zapatillas,urbano,0,APPLY
443918-012,1,1,Zapatillas,urbano,0,APPLY
443918-017,1,1,Zapatillas,urbano,0,APPLY
443918-019,1,1,Zapatillas,urbano,0,APPLY
443918-040,1,1,Zapatillas,urbano,0,APPLY
443918-041,1,1,Zapatillas,urbano,0,APPLY
443918-068,1,1,Zapatillas,urbano,0,APPLY
443918-077,1,1,Zapatillas,urbano,0,APPLY
443918-081,1,1,Zapatillas,urbano,0,APPLY
443918-092,1,1,Zapatillas,urbano,0,APPLY
443918-202,1,1,Zapatillas,urbano,0,APPLY
443918-206,1,1,Zapatillas,urbano,0,APPLY
443918-401,1,1,Zapatillas,urbano,0,APPLY
443918-414,1,1,Zapatillas,urbano,0,APPLY
443928-442,2,1,Zapatillas,urbano,0,APPLY
443928-601,1,1,Zapatillas,urbano,0,APPLY
443969-010,1,1,Zapatillas,urbano,0,APPLY
443969-405,1,1,Zapatillas,urbano,0,APPLY
4442,3,99,Zapatillas,urbano,0,APPLY
444337-006,1,1,Zapatillas,urbano,0,APPLY
444337-008,1,1,Zapatillas,urbano,0,APPLY
444337-143,1,1,Zapatillas,urbano,0,APPLY
444337-411,1,1,Zapatillas,urbano,0,APPLY
4460,2,1;26,Zapatillas,urbano,0,APPLY
4461,2,1;14,Zapatillas,urbano,0,APPLY
4467,1,1,Zapatillas,urbano,0,APPLY
44706,1,1,Zapatillas,urbano,0,APPLY
44713,1,1,Zapatillas,urbano,0,APPLY
44714,1,1,Zapatillas,urbano,0,APPLY
44715,1,1,Zapatillas,urbano,0,APPLY
44716,1,1,Zapatillas,urbano,0,APPLY
446-6002,5,1,Zapatillas,urbano,0,APPLY
446-6003,1,1,Zapatillas,urbano,0,APPLY
44700,1,1,Zapatillas,urbano,0,APPLY
44701,1,1,Zapatillas,urbano,0,APPLY
44704,1,1,Zapatillas,urbano,0,APPLY
44729,1,1,Zapatillas,urbano,0,APPLY
44718,1,1,Zapatillas,urbano,0,APPLY
44723,1,1,Zapatillas,urbano,0,APPLY
44724,1,1,Zapatillas,urbano,0,APPLY
44727,1,1,Zapatillas,urbano,0,APPLY
4496,1,1,Zapatillas,urbano,0,APPLY
450,3,38;42;63,Zapatillas,urbano,0,APPLY
450-2091,1,1,Zapatillas,urbano,0,APPLY
450-2244,2,1,Zapatillas,urbano,0,APPLY
4507,2,1,Zapatillas,urbano,0,APPLY
4509,2,1,Zapatillas,urbano,0,APPLY
451-2237,1,1,Zapatillas,urbano,0,APPLY
451-0788,4,1,Zapatillas,urbano,0,APPLY
451-1788,3,1,Zapatillas,urbano,0,APPLY
451-2349,1,1,Zapatillas,"urbano,oficial",0,APPLY
31J277X525,1,1,Zapatillas,urbano,0,APPLY
451-6159,1,1,Zapatillas,urbano,0,APPLY
451-6519,1,1,Zapatillas,urbano,0,APPLY
451-6529,1,1,Zapatillas,urbano,0,APPLY
4511,1,1,Zapatillas,urbano,0,APPLY
1476,1,1,Zapatillas,urbano,0,APPLY
4512,1,1,Zapatillas,urbano,0,APPLY
4517,1,63,Zapatillas,urbano,0,APPLY
452,3,1;7;11,Zapatillas,urbano,0,APPLY
452-1005,1,1,Zapatillas,urbano,0,APPLY
4528,1,63,Zapatillas,urbano,0,APPLY
453-20960,1,1,Zapatillas,urbano,0,APPLY
453-70970,1,1,Zapatillas,urbano,0,APPLY
4534,1,1,Zapatillas,urbano,0,APPLY
4535,2,1;9,Zapatillas,urbano,0,APPLY
4537,1,63,Zapatillas,urbano,0,APPLY
454-6011,1,46,Zapatillas,"urbano,oficial",0,APPLY
454-6109,1,46,Zapatillas,"urbano,oficial",0,APPLY
454-6126,1,46,Zapatillas,"urbano,oficial",0,APPLY
454-6142,1,1,Zapatillas,"urbano,oficial",0,APPLY
454-6268,1,1,Zapatillas,"urbano,oficial",0,APPLY
454-6373,1,46,Zapatillas,"urbano,oficial",0,APPLY
454-6406,1,46,Zapatillas,"urbano,oficial",0,APPLY
454-6441,1,46,Zapatillas,"urbano,oficial",0,APPLY
454-6825,1,46,Zapatillas,"urbano,oficial",0,APPLY
4541,1,63,Zapatillas,urbano,0,APPLY
454128-102,1,1,Zapatillas,urbano,0,APPLY
454136-105,1,1,Zapatillas,urbano,0,APPLY
454138-104,1,1,Zapatillas,urbano,0,APPLY
454138-700,1,1,Zapatillas,urbano,0,APPLY
454163-002,1,1,Zapatillas,urbano,0,APPLY
454-6039,1,1,Zapatillas,"urbano,oficial",0,APPLY
454-6076,3,46,Zapatillas,"urbano,oficial",0,APPLY
454-6375,1,1,Zapatillas,"urbano,oficial",0,APPLY
454-6446,1,46,Zapatillas,"urbano,oficial",0,APPLY
454163-007,1,1,Zapatillas,urbano,0,APPLY
454163-009,1,1,Zapatillas,urbano,0,APPLY
454163-012,1,1,Zapatillas,urbano,0,APPLY
454163-103,1,1,Zapatillas,urbano,0,APPLY
454163-106,1,1,Zapatillas,urbano,0,APPLY
454163-108,1,1,Zapatillas,urbano,0,APPLY
454163-110,2,1,Zapatillas,urbano,0,APPLY
454240-100,1,1,Zapatillas,urbano,0,APPLY
454240-101,1,1,Zapatillas,urbano,0,APPLY
454245-006,2,1,Zapatillas,urbano,0,APPLY
454245-100,1,1,Zapatillas,urbano,0,APPLY
454245-102,1,1,Zapatillas,urbano,0,APPLY
454249-002,1,1,Zapatillas,urbano,0,APPLY
454249-102,1,1,Zapatillas,urbano,0,APPLY
454249-154,1,1,Zapatillas,urbano,0,APPLY
454251-010,1,1,Zapatillas,urbano,0,APPLY
454251-044,1,1,Zapatillas,urbano,0,APPLY
454251-100,1,1,Zapatillas,urbano,0,APPLY
454251-101,1,1,Zapatillas,urbano,0,APPLY
454340-015,1,1,Zapatillas,urbano,0,APPLY
454357-005,1,1,Zapatillas,urbano,0,APPLY
454357-007,1,1,Zapatillas,urbano,0,APPLY
454357-109,1,1,Zapatillas,urbano,0,APPLY
454366-003,1,1,Zapatillas,urbano,0,APPLY
454375-107,1,1,Zapatillas,urbano,0,APPLY
454376-006,1,1,Zapatillas,urbano,0,APPLY
454376-103,1,1,Zapatillas,urbano,0,APPLY
454376-104,1,1,Zapatillas,urbano,0,APPLY
454376-106,1,1,Zapatillas,urbano,0,APPLY
454376-107,1,1,Zapatillas,urbano,0,APPLY
454395-016,1,1,Zapatillas,urbano,0,APPLY
454395-018,1,1,Zapatillas,urbano,0,APPLY
454395-061,1,1,Zapatillas,urbano,0,APPLY
454395-103,1,1,Zapatillas,urbano,0,APPLY
454395-114,1,1,Zapatillas,urbano,0,APPLY
454395-144,1,1,Zapatillas,urbano,0,APPLY
454395-164,1,1,Zapatillas,urbano,0,APPLY
454395-441,1,1,Zapatillas,urbano,0,APPLY
454461-003,1,1,Zapatillas,urbano,0,APPLY
454461-103,1,1,Zapatillas,urbano,0,APPLY
454461-104,1,1,Zapatillas,urbano,0,APPLY
454461-105,1,1,Zapatillas,urbano,0,APPLY
454461-106,1,1,Zapatillas,urbano,0,APPLY
454462-003,1,1,Zapatillas,urbano,0,APPLY
454462-100,1,1,Zapatillas,urbano,0,APPLY
454462-104,1,1,Zapatillas,urbano,0,APPLY
454462-105,1,1,Zapatillas,urbano,0,APPLY
454462-106,1,1,Zapatillas,urbano,0,APPLY
454463-003,1,1,Zapatillas,urbano,0,APPLY
454463-100,1,1,Zapatillas,urbano,0,APPLY
454463-104,1,1,Zapatillas,urbano,0,APPLY
454475-007,1,1,Zapatillas,urbano,0,APPLY
454475-009,1,1,Zapatillas,urbano,0,APPLY
454475-101,1,1,Zapatillas,urbano,0,APPLY
454475-102,1,1,Zapatillas,urbano,0,APPLY
454475-106,1,1,Zapatillas,urbano,0,APPLY
454476-007,1,1,Zapatillas,urbano,0,APPLY
454476-009,1,1,Zapatillas,urbano,0,APPLY
454476-100,1,1,Zapatillas,urbano,0,APPLY
454476-104,1,1,Zapatillas,urbano,0,APPLY
454477-003,1,1,Zapatillas,urbano,0,APPLY
14804,1,1,Zapatillas,urbano,0,APPLY
14807,1,1,Zapatillas,urbano,0,APPLY
14811,3,1,Zapatillas,urbano,0,APPLY
1488,1,1,Zapatillas,urbano,0,APPLY
454477-008,1,1,Zapatillas,urbano,0,APPLY
454477-124,2,1,Zapatillas,urbano,0,APPLY
454477-132,2,1,Zapatillas,urbano,0,APPLY
454477-133,1,1,Zapatillas,urbano,0,APPLY
454477-136,1,1,Zapatillas,urbano,0,APPLY
454478-003,1,1,Zapatillas,urbano,0,APPLY
454478-106,1,1,Zapatillas,urbano,0,APPLY
454478-110,1,1,Zapatillas,urbano,0,APPLY
454478-124,1,1,Zapatillas,urbano,0,APPLY
454478-132,1,1,Zapatillas,urbano,0,APPLY
454478-133,1,1,Zapatillas,urbano,0,APPLY
454478-605,1,1,Zapatillas,urbano,0,APPLY
454484-008,1,1,Zapatillas,urbano,0,APPLY
454484-104,1,1,Zapatillas,urbano,0,APPLY
454485-012,1,1,Zapatillas,urbano,0,APPLY
454485-101,1,1,Zapatillas,urbano,0,APPLY
454500-012,1,1,Zapatillas,urbano,0,APPLY
454500-015,1,1,Zapatillas,urbano,0,APPLY
454500-100,1,1,Zapatillas,urbano,0,APPLY
454500-102,1,1,Zapatillas,urbano,0,APPLY
454500-108,1,1,Zapatillas,urbano,0,APPLY
454500-109,1,1,Zapatillas,urbano,0,APPLY
454500-111,1,1,Zapatillas,urbano,0,APPLY
454500-126,1,1,Zapatillas,urbano,0,APPLY
454463-106,1,1,Zapatillas,urbano,0,APPLY
454477-103,1,1,Zapatillas,urbano,0,APPLY
454478-008,2,1,Zapatillas,urbano,0,APPLY
454478-009,1,1,Zapatillas,urbano,0,APPLY
454478-103,1,1,Zapatillas,urbano,0,APPLY
454500-001,1,1,Zapatillas,urbano,0,APPLY
454500-101,1,1,Zapatillas,urbano,0,APPLY
454500-127,1,1,Zapatillas,urbano,0,APPLY
454500-404,1,1,Zapatillas,urbano,0,APPLY
454500-409,1,1,Zapatillas,urbano,0,APPLY
454501-012,1,1,Zapatillas,urbano,0,APPLY
454501-013,1,1,Zapatillas,urbano,0,APPLY
454501-014,1,1,Zapatillas,urbano,0,APPLY
454501-015,1,1,Zapatillas,urbano,0,APPLY
454501-018,1,1,Zapatillas,urbano,0,APPLY
454501-100,1,1,Zapatillas,urbano,0,APPLY
454501-102,1,1,Zapatillas,urbano,0,APPLY
454501-104,1,1,Zapatillas,urbano,0,APPLY
454501-105,1,1,Zapatillas,urbano,0,APPLY
454501-108,1,1,Zapatillas,urbano,0,APPLY
454501-109,1,1,Zapatillas,urbano,0,APPLY
454500-407,1,1,Zapatillas,urbano,0,APPLY
454501-126,1,1,Zapatillas,urbano,0,APPLY
454501-127,2,1,Zapatillas,urbano,0,APPLY
454501-128,1,1,Zapatillas,urbano,0,APPLY
454501-130,1,1,Zapatillas,urbano,0,APPLY
454507-400,1,1,Zapatillas,urbano,0,APPLY
454594-009,1,1,Zapatillas,urbano,0,APPLY
454594-012,1,1,Zapatillas,urbano,0,APPLY
454594-400,1,1,Zapatillas,urbano,0,APPLY
454500-133,1,1,Zapatillas,urbano,0,APPLY
454501-001,1,1,Zapatillas,urbano,0,APPLY
454501-101,2,1,Zapatillas,urbano,0,APPLY
454501-407,1,1,Zapatillas,urbano,0,APPLY
455-6013,1,1,Zapatillas,urbano,0,APPLY
454501-111,1,1,Zapatillas,urbano,0,APPLY
454501-404,1,1,Zapatillas,urbano,0,APPLY
455-6033,1,46,Zapatillas,urbano,0,APPLY
454501-134,1,1,Zapatillas,urbano,0,APPLY
455-6400,5,46,Zapatillas,urbano,0,APPLY
456-6017,1,1,Zapatillas,urbano,0,APPLY
456537-101,1,1,Zapatillas,urbano,0,APPLY
456537-102,1,1,Zapatillas,urbano,0,APPLY
456539-001,1,1,Zapatillas,urbano,0,APPLY
456970-005,1,1,Zapatillas,urbano,0,APPLY
457,1,1,Zapatillas,urbano,0,APPLY
4574,1,63,Zapatillas,urbano,0,APPLY
4577,1,1,Zapatillas,urbano,0,APPLY
458,2,1;7,Zapatillas,urbano,0,APPLY
458879-003,1,1,Zapatillas,urbano,0,APPLY
458879-102,1,1,Zapatillas,urbano,0,APPLY
458882-003,1,1,Zapatillas,urbano,0,APPLY
458882-101,1,1,Zapatillas,urbano,0,APPLY
459,1,63,Zapatillas,urbano,0,APPLY
14800,1,1,Zapatillas,urbano,0,APPLY
4592,1,1,Zapatillas,urbano,0,APPLY
4593,1,1,Zapatillas,urbano,0,APPLY
4594,1,1,Zapatillas,urbano,0,APPLY
458879-101,1,1,Zapatillas,urbano,0,APPLY
4599,2,1,Zapatillas,urbano,0,APPLY
460,8,9;25;28;46;50,Zapatillas,urbano,0,APPLY
3510051X970,1,1,Zapatillas,urbano,0,APPLY
351-1405,1,1,Zapatillas,urbano,0,APPLY
46071,1,1,Zapatillas,urbano,0,APPLY
4629,1,1,Zapatillas,urbano,0,APPLY
351710 03,1,1,Zapatillas,urbano,0,APPLY
4635,1,1,Zapatillas,urbano,0,APPLY
4638,1,1,Zapatillas,urbano,0,APPLY
149-9022,2,1,Zapatillas,urbano,0,APPLY
46658,2,1,Zapatillas,urbano,0,APPLY
14900,2,1,Zapatillas,urbano,0,APPLY
149008-GYMT,2,1,Zapatillas,urbano,0,APPLY
149022-NVHP,4,1,Zapatillas,urbano,0,APPLY
467685-001,1,1,Zapatillas,urbano,0,APPLY
467685-011,1,1,Zapatillas,urbano,0,APPLY
467685-101,1,1,Zapatillas,urbano,0,APPLY
4678,1,1,Zapatillas,urbano,0,APPLY
46860,3,1,Zapatillas,urbano,0,APPLY
46884,1,1,Zapatillas,urbano,0,APPLY
149024-BKMT,2,1,Zapatillas,urbano,0,APPLY
149024-WMLT,2,1,Zapatillas,urbano,0,APPLY
149036-BBK,5,1,Zapatillas,urbano,0,APPLY
100025050,2,1,Zapatillas,urbano,0,APPLY
149036-BKLB,5,1,Zapatillas,urbano,0,APPLY
47015,1,1,Zapatillas,urbano,0,APPLY
47020,1,1,Zapatillas,urbano,0,APPLY
47022,1,1,Zapatillas,urbano,0,APPLY
47023,1,1,Zapatillas,urbano,0,APPLY
4706,1,1,Zapatillas,urbano,0,APPLY
4712,1,1,Zapatillas,urbano,0,APPLY
149036-GYHP,3,1,Zapatillas,urbano,0,APPLY
149045-BKMT,5,1,Zapatillas,urbano,0,APPLY
471-59560,3,1,Zapatillas,urbano,0,APPLY
47174,1,1,Zapatillas,urbano,0,APPLY
47180,1,1,Zapatillas,urbano,0,APPLY
4713,1,1,Zapatillas,urbano,0,APPLY
149045-GYMT,5,1,Zapatillas,urbano,0,APPLY
471602,2,95,Zapatillas,urbano,0,APPLY
471602 01,2,95,Zapatillas,urbano,0,APPLY
47247,1,1,Zapatillas,urbano,0,APPLY
472536-019,1,1,Zapatillas,urbano,0,APPLY
472677-100,1,1,Zapatillas,urbano,0,APPLY
472681-009,1,1,Zapatillas,urbano,0,APPLY
472682-102,1,1,Zapatillas,urbano,0,APPLY
472685-105,1,1,Zapatillas,urbano,0,APPLY
472777-461,1,1,Zapatillas,urbano,0,APPLY
4728,1,63,Zapatillas,urbano,0,APPLY
149048-BKMT,1,1,Zapatillas,urbano,0,APPLY
149057-NVPK,3,1,Zapatillas,urbano,0,APPLY
472822-006,1,1,Zapatillas,urbano,0,APPLY
47307,1,1,Zapatillas,urbano,0,APPLY
47315,1,1,Zapatillas,urbano,0,APPLY
47316,1,1,Zapatillas,urbano,0,APPLY
472682-101,1,1,Zapatillas,urbano,0,APPLY
47306,3,1,Zapatillas,urbano,0,APPLY
47331,1,1,Zapatillas,urbano,0,APPLY
47338,1,1,Zapatillas,urbano,0,APPLY
100033922,2,1,Zapatillas,urbano,0,APPLY
100033923,2,1,Zapatillas,urbano,0,APPLY
100033949,3,1,Zapatillas,urbano,0,APPLY
100033950,2,1,Zapatillas,urbano,0,APPLY
100033951,6,1,Zapatillas,urbano,0,APPLY
149060-BKPR,2,1,Zapatillas,urbano,0,APPLY
149060-NVAQ,2,1,Zapatillas,urbano,0,APPLY
149085-BKHP,6,1,Zapatillas,urbano,0,APPLY
149086-RDMT,6,1,Zapatillas,urbano,0,APPLY
47305,1,1,Zapatillas,urbano,0,APPLY
473203 30,2,95,Zapatillas,urbano,0,APPLY
473203 50,2,95,Zapatillas,urbano,0,APPLY
4740,1,1,Zapatillas,urbano,0,APPLY
47357,2,1,Zapatillas,urbano,0,APPLY
4751,1,63,Zapatillas,urbano,0,APPLY
47554,1,1,Zapatillas,urbano,0,APPLY
47555,1,1,Zapatillas,urbano,0,APPLY
47545,1,1,Zapatillas,urbano,0,APPLY
47553,1,1,Zapatillas,urbano,0,APPLY
4763,1,1,Zapatillas,urbano,0,APPLY
4764,1,1,Zapatillas,urbano,0,APPLY
47660,3,1,Zapatillas,urbano,0,APPLY
476784-012,1,1,Zapatillas,urbano,0,APPLY
476784-015,1,1,Zapatillas,urbano,0,APPLY
476784-500,1,1,Zapatillas,urbano,0,APPLY
4769,1,63,Zapatillas,urbano,0,APPLY
4762,1,63,Zapatillas,urbano,0,APPLY
1127,3,1;12,Zapatillas,"urbano,oficial",0,APPLY
149099,1,1,Zapatillas,urbano,0,APPLY
149099-WBK,2,1,Zapatillas,urbano,0,APPLY
47818,1,1,Zapatillas,urbano,0,APPLY
47877,1,1,Zapatillas,urbano,0,APPLY
47926,1,1,Zapatillas,urbano,0,APPLY
149121-BKMT,2,1,Zapatillas,urbano,0,APPLY
47808,4,1,Zapatillas,urbano,0,APPLY
47809,2,1,Zapatillas,urbano,0,APPLY
47927,1,1,Zapatillas,urbano,0,APPLY
47929,2,1,Zapatillas,urbano,0,APPLY
47957,1,1,Zapatillas,urbano,0,APPLY
4797,1,1,Zapatillas,urbano,0,APPLY
47987,1,1,Zapatillas,urbano,0,APPLY
47996,1,1,Zapatillas,urbano,0,APPLY
47997,1,1,Zapatillas,urbano,0,APPLY
48019,1,1,Zapatillas,urbano,0,APPLY
4802.101.18378.20343,4,1,Zapatillas,urbano,0,APPLY
4802.104.19646.71883,2,1,Zapatillas,urbano,0,APPLY
4802.104.19646.71887,3,1,Zapatillas,urbano,0,APPLY
4802.107.20959.76671,2,1,Zapatillas,urbano,0,APPLY
4803,1,63,Zapatillas,urbano,0,APPLY
149205-NVPK,5,1,Zapatillas,urbano,0,APPLY
149206-BBK,5,1,Zapatillas,urbano,0,APPLY
149206-BKTQ,5,1,Zapatillas,urbano,0,APPLY
149206-BKW,5,1,Zapatillas,urbano,0,APPLY
48094,2,1,Zapatillas,urbano,0,APPLY
481-1659,1,1,Zapatillas,urbano,0,APPLY
100201272,3,1,Zapatillas,urbano,0,APPLY
481-6024,1,1,Zapatillas,urbano,0,APPLY
481-6659,2,1,Zapatillas,urbano,0,APPLY
481-6677,4,1,Zapatillas,urbano,0,APPLY
481-9169,1,1,Zapatillas,urbano,0,APPLY
100204830,2,1,Zapatillas,urbano,0,APPLY
481-7998,3,1,Zapatillas,urbano,0,APPLY
48114,2,1,Zapatillas,urbano,0,APPLY
149206-NVHP,5,1,Zapatillas,urbano,0,APPLY
356772 01,2,1,Zapatillas,urbano,0,APPLY
48133,3,1,Zapatillas,urbano,0,APPLY
4828,1,1,Zapatillas,urbano,0,APPLY
48357,1,1,Zapatillas,urbano,0,APPLY
48351,3,1,Zapatillas,urbano,0,APPLY
149219-BKW,5,1,Zapatillas,urbano,0,APPLY
149220-BKTQ,5,1,Zapatillas,urbano,0,APPLY
4856,2,14;63,Zapatillas,urbano,0,APPLY
352196 03,1,1,Zapatillas,urbano,0,APPLY
352215 01,1,1,Zapatillas,urbano,0,APPLY
352215 02,1,1,Zapatillas,urbano,0,APPLY
352215 05,1,1,Zapatillas,urbano,0,APPLY
352215 06,1,1,Zapatillas,urbano,0,APPLY
352215 07,1,1,Zapatillas,urbano,0,APPLY
3524,1,1,Zapatillas,urbano,0,APPLY
149220-GYCL,2,1,Zapatillas,urbano,0,APPLY
486-6035,2,1,Zapatillas,urbano,0,APPLY
4864,1,1,Zapatillas,urbano,0,APPLY
4865,1,1,Zapatillas,urbano,0,APPLY
486978-014,1,1,Zapatillas,urbano,0,APPLY
486978-015,1,1,Zapatillas,urbano,0,APPLY
149220-NVHP,6,1,Zapatillas,urbano,0,APPLY
48743,1,1,Zapatillas,urbano,0,APPLY
487604-010,1,1,Zapatillas,urbano,0,APPLY
487604-104,1,1,Zapatillas,urbano,0,APPLY
487657-011,1,1,Zapatillas,urbano,0,APPLY
488110-009,1,1,Zapatillas,urbano,0,APPLY
488110-101,1,1,Zapatillas,urbano,0,APPLY
488136-003,1,1,Zapatillas,urbano,0,APPLY
488144-005,1,1,Zapatillas,urbano,0,APPLY
488144-109,1,1,Zapatillas,urbano,0,APPLY
488151-006,1,1,Zapatillas,urbano,0,APPLY
488151-101,1,1,Zapatillas,urbano,0,APPLY
488160-011,1,1,Zapatillas,urbano,0,APPLY
488160-018,1,1,Zapatillas,urbano,0,APPLY
488160-603,1,1,Zapatillas,urbano,0,APPLY
488160-701,1,1,Zapatillas,urbano,0,APPLY
488160-774,1,1,Zapatillas,urbano,0,APPLY
488160-810,1,1,Zapatillas,urbano,0,APPLY
488161-010,1,1,Zapatillas,urbano,0,APPLY
488161-301,1,1,Zapatillas,urbano,0,APPLY
488161-401,1,1,Zapatillas,urbano,0,APPLY
488161-855,1,1,Zapatillas,urbano,0,APPLY
488302-100,1,1,Zapatillas,urbano,0,APPLY
488305-100,1,1,Zapatillas,urbano,0,APPLY
488160-610,1,1,Zapatillas,urbano,0,APPLY
832655-001,3,1,Zapatillas,urbano,0,APPLY
488308-013,1,1,Zapatillas,urbano,0,APPLY
488308-110,1,1,Zapatillas,urbano,0,APPLY
488311-108,1,1,Zapatillas,urbano,0,APPLY
488313-116,1,1,Zapatillas,urbano,0,APPLY
4887,1,1,Zapatillas,urbano,0,APPLY
488151-010,1,1,Zapatillas,urbano,0,APPLY
488151-104,1,1,Zapatillas,urbano,0,APPLY
48896,2,1,Zapatillas,urbano,0,APPLY
4891,1,1,Zapatillas,urbano,0,APPLY
48959,3,1,Zapatillas,urbano,0,APPLY
488161-053,1,1,Zapatillas,urbano,0,APPLY
489-6090,2,1,Zapatillas,urbano,0,APPLY
489-6620,2,1,Zapatillas,urbano,0,APPLY
48930,1,1,Zapatillas,urbano,0,APPLY
48957,1,1,Zapatillas,urbano,0,APPLY
48950,1,1,Zapatillas,urbano,0,APPLY
48963,3,1,Zapatillas,urbano,0,APPLY
149220-ROS,5,1,Zapatillas,urbano,0,APPLY
4901.108.20909.68456,9,84,Zapatillas,urbano,0,APPLY
49013,1,1,Zapatillas,urbano,0,APPLY
149239-WLV,6,1,Zapatillas,urbano,0,APPLY
149240-GRY,7,1,Zapatillas,urbano,0,APPLY
4956,1,1,Zapatillas,urbano,0,APPLY
4920,2,1;2,Zapatillas,urbano,0,APPLY
4924,1,1,Zapatillas,urbano,0,APPLY
149267-BKGD,6,1,Zapatillas,urbano,0,APPLY
4909.102.21787.15871,5,1,Zapatillas,urbano,0,APPLY
49109,1,1,Zapatillas,urbano,0,APPLY
49180,2,1,Zapatillas,urbano,0,APPLY
49186,1,1,Zapatillas,urbano,0,APPLY
4934,1,1,Zapatillas,urbano,0,APPLY
4935,1,1,Zapatillas,urbano,0,APPLY
4940,1,1,Zapatillas,urbano,0,APPLY
4948,1,1,Zapatillas,urbano,0,APPLY
4951,1,1,Zapatillas,urbano,0,APPLY
4954,1,63,Zapatillas,urbano,0,APPLY
4975,1,63,Zapatillas,urbano,0,APPLY
4976,1,63,Zapatillas,urbano,0,APPLY
49804,1,1,Zapatillas,urbano,0,APPLY
49799,3,1,Zapatillas,urbano,0,APPLY
49800,2,1,Zapatillas,urbano,0,APPLY
49803,3,1,Zapatillas,urbano,0,APPLY
149267-WLV,7,1,Zapatillas,urbano,0,APPLY
4TK-BLACK/ORANGE,2,1,Zapatillas,urbano,0,APPLY
4TK-YELLOW,2,1,Zapatillas,urbano,0,APPLY
101-1018,1,1,Zapatillas,urbano,0,APPLY
101-0412,2,1,Zapatillas,urbano,0,APPLY
AA2168-013,7,1,Zapatillas,urbano,0,APPLY
101-1035,1,1,Zapatillas,urbano,0,APPLY
101-10730,1,1,Zapatillas,urbano,0,APPLY
101-1077,1,1,Zapatillas,"urbano,basket",0,APPLY
101-11730,1,1,Zapatillas,urbano,0,APPLY
149277-ROS,6,1,Zapatillas,urbano,0,APPLY
149298-BKPK,4,1,Zapatillas,urbano,0,APPLY
149298-NVY,5,1,Zapatillas,urbano,0,APPLY
101-5102,1,1,Zapatillas,urbano,0,APPLY
101-5470,3,1,Zapatillas,urbano,0,APPLY
149303-BKRG,6,1,Zapatillas,urbano,0,APPLY
149303-MVE,2,1,Zapatillas,urbano,0,APPLY
AQ4225-004,3,1,Zapatillas,urbano,0,APPLY
AQ4225-100,3,1,Zapatillas,urbano,0,APPLY
BQ4284-001,4,1,Zapatillas,urbano,0,APPLY
101-5845,2,1,Zapatillas,urbano,0,APPLY
149305-BKW,5,1,Zapatillas,urbano,0,APPLY
149305-BLK,2,1,Zapatillas,urbano,0,APPLY
149307-NVBL,5,1,Zapatillas,urbano,0,APPLY
149336-BKW,2,1,Zapatillas,urbano,0,APPLY
149336-NVMT,4,1,Zapatillas,urbano,0,APPLY
149346-NVPK,5,1,Zapatillas,urbano,0,APPLY
149346-WBPK,2,1,Zapatillas,urbano,0,APPLY
149356-WBPK,4,1,Zapatillas,urbano,0,APPLY
BQ4284-102,1,1,Zapatillas,urbano,0,APPLY
CD0212-600,3,1,Zapatillas,urbano,0,APPLY
5004,4,2;12;14;63,Zapatillas,urbano,0,APPLY
50048,5,1;5,Zapatillas,urbano,0,APPLY
50051,1,1,Zapatillas,urbano,0,APPLY
501-1209,1,1,Zapatillas,urbano,0,APPLY
501-1219,1,1,Zapatillas,urbano,0,APPLY
501-0184,3,1,Zapatillas,urbano,0,APPLY
501-1184,4,1,Zapatillas,urbano,0,APPLY
501-1229,2,1,Zapatillas,urbano,0,APPLY
501-2207,1,1,Zapatillas,urbano,0,APPLY
501-2220,1,1,Zapatillas,urbano,0,APPLY
501-2437,1,1,Zapatillas,urbano,0,APPLY
501-2473,1,1,Zapatillas,urbano,0,APPLY
501-4214,1,1,Zapatillas,urbano,0,APPLY
501-1687,5,1,Zapatillas,urbano,0,APPLY
501-16870,3,1,Zapatillas,urbano,0,APPLY
501-1695,1,1,Zapatillas,urbano,0,APPLY
501-2499,2,1,Zapatillas,urbano,0,APPLY
501-2503,2,1,Zapatillas,urbano,0,APPLY
501-2524,2,85,Zapatillas,urbano,0,APPLY
501-2755,2,1,Zapatillas,urbano,0,APPLY
501-2869,4,85,Zapatillas,urbano,0,APPLY
501-3503,2,1,Zapatillas,urbano,0,APPLY
501-6214,1,1,Zapatillas,urbano,0,APPLY
501-7220,1,1,Zapatillas,urbano,0,APPLY
501-9209,1,1,Zapatillas,urbano,0,APPLY
501-9219,1,1,Zapatillas,urbano,0,APPLY
501-9319,1,1,Zapatillas,urbano,0,APPLY
149491-BKM,5,1,Zapatillas,urbano,0,APPLY
149491-BKW,5,1,Zapatillas,urbano,0,APPLY
501-4755,2,1,Zapatillas,urbano,0,APPLY
501-5473,1,1,Zapatillas,urbano,0,APPLY
501-6472,1,1,Zapatillas,urbano,0,APPLY
501-6797,4,1,Zapatillas,urbano,0,APPLY
50109,1,1,Zapatillas,urbano,0,APPLY
CD0227-001,2,1,Zapatillas,urbano,0,APPLY
50104,1,1,Zapatillas,urbano,0,APPLY
50113,1,1,Zapatillas,urbano,0,APPLY
5013,2,1;32,Zapatillas,urbano,0,APPLY
5014,2,1;26,Zapatillas,urbano,0,APPLY
501524-031,1,1,Zapatillas,urbano,0,APPLY
501524-103,1,1,Zapatillas,urbano,0,APPLY
149491-NTQL,6,1,Zapatillas,urbano,0,APPLY
50141,1,1,Zapatillas,urbano,0,APPLY
50149,3,1,Zapatillas,urbano,0,APPLY
50151,6,1;24,Zapatillas,urbano,0,APPLY
50162,1,1,Zapatillas,urbano,0,APPLY
50170,3,1,Zapatillas,urbano,0,APPLY
50172,3,1,Zapatillas,urbano,0,APPLY
503,5,88,Zapatillas,"urbano,oficial",0,APPLY
503-9219,1,1,Zapatillas,urbano,0,APPLY
504-6700,1,1,Zapatillas,urbano,0,APPLY
5043,2,1;63,Zapatillas,urbano,0,APPLY
5047,1,1,Zapatillas,urbano,0,APPLY
149498-BKCL,3,1,Zapatillas,urbano,0,APPLY
505-6014,4,1,Zapatillas,urbano,0,APPLY
50510,1,1,Zapatillas,urbano,0,APPLY
50517,2,1,Zapatillas,urbano,0,APPLY
50523,1,1,Zapatillas,urbano,0,APPLY
50547,1,1,Zapatillas,urbano,0,APPLY
50548,1,1,Zapatillas,urbano,0,APPLY
506-6025,2,1,Zapatillas,urbano,0,APPLY
50522,1,1,Zapatillas,urbano,0,APPLY
149498-LAV,3,1,Zapatillas,urbano,0,APPLY
506-6027,2,1,Zapatillas,urbano,0,APPLY
506-6028,1,1,Zapatillas,urbano,0,APPLY
506-6070,1,1,Zapatillas,urbano,0,APPLY
507940-016,1,1,Zapatillas,urbano,0,APPLY
507940-050,1,1,Zapatillas,urbano,0,APPLY
507940-101,1,1,Zapatillas,urbano,0,APPLY
508-3280,4,1,Zapatillas,urbano,0,APPLY
508-6209,1,1,Zapatillas,urbano,0,APPLY
508-6290,1,1,Zapatillas,urbano,0,APPLY
508-9290,2,1,Zapatillas,urbano,0,APPLY
50856,1,1,Zapatillas,urbano,0,APPLY
509-1064,1,1,Zapatillas,urbano,0,APPLY
509-4063,1,1,Zapatillas,urbano,0,APPLY
509-6063,1,1,Zapatillas,urbano,0,APPLY
508-2359,1,1,Zapatillas,urbano,0,APPLY
509-2122,2,1,Zapatillas,urbano,0,APPLY
509-2777,3,1,Zapatillas,urbano,0,APPLY
509-9071,1,1,Zapatillas,urbano,0,APPLY
14951,4,1,Zapatillas,urbano,0,APPLY
509-6531,7,1,Zapatillas,urbano,0,APPLY
CN4493-101,6,1,Zapatillas,urbano,0,APPLY
509504-601,1,1,Zapatillas,urbano,0,APPLY
149512-BKMT,4,1,Zapatillas,urbano,0,APPLY
510,6,12;46,Zapatillas,"urbano,oficial",0,APPLY
149512-NMLT,2,1,Zapatillas,urbano,0,APPLY
10150L,1,1,Zapatillas,urbano,0,APPLY
149523-BKHP,4,1,Zapatillas,urbano,0,APPLY
510214X3416,2,1,Zapatillas,urbano,0,APPLY
10155N,2,1,Zapatillas,urbano,0,APPLY
51045,1,46,Zapatillas,urbano,0,APPLY
510642-706,1,1,Zapatillas,urbano,0,APPLY
10168N,1,1,Zapatillas,urbano,0,APPLY
511233-006,1,1,Zapatillas,urbano,0,APPLY
511233-008,1,1,Zapatillas,urbano,0,APPLY
511233-402,1,1,Zapatillas,urbano,0,APPLY
149523-NVNP,4,1,Zapatillas,urbano,0,APPLY
149540-BKMN,2,1,Zapatillas,urbano,0,APPLY
511287-003,1,1,Zapatillas,urbano,0,APPLY
511287-005,1,1,Zapatillas,urbano,0,APPLY
511287-100,1,1,Zapatillas,urbano,0,APPLY
511287-200,1,1,Zapatillas,urbano,0,APPLY
511287-500,1,1,Zapatillas,urbano,0,APPLY
511320-010,1,1,Zapatillas,urbano,0,APPLY
511320-400,1,1,Zapatillas,urbano,0,APPLY
511332-011,1,1,Zapatillas,urbano,0,APPLY
511332-015,1,1,Zapatillas,urbano,0,APPLY
511332-102,1,1,Zapatillas,urbano,0,APPLY
511332-103,1,1,Zapatillas,urbano,0,APPLY
511332-401,1,1,Zapatillas,urbano,0,APPLY
511332-500,1,1,Zapatillas,urbano,0,APPLY
511332-601,1,1,Zapatillas,urbano,0,APPLY
511372-001,1,1,Zapatillas,urbano,0,APPLY
511372-003,1,1,Zapatillas,urbano,0,APPLY
511372-004,1,1,Zapatillas,urbano,0,APPLY
511372-015,1,1,Zapatillas,urbano,0,APPLY
149543-BKTQ,3,1,Zapatillas,urbano,0,APPLY
149543-NVPR,5,1,Zapatillas,urbano,0,APPLY
511372-020,1,1,Zapatillas,urbano,0,APPLY
511372-102,1,1,Zapatillas,urbano,0,APPLY
511372-105,1,1,Zapatillas,urbano,0,APPLY
511372-111,1,1,Zapatillas,urbano,0,APPLY
511372-113,1,1,Zapatillas,urbano,0,APPLY
511287-301,1,1,Zapatillas,urbano,0,APPLY
511372-115,1,1,Zapatillas,urbano,0,APPLY
511372-400,1,1,Zapatillas,urbano,0,APPLY
511416-010,1,1,Zapatillas,urbano,0,APPLY
511416-101,1,1,Zapatillas,urbano,0,APPLY
511416-104,1,1,Zapatillas,urbano,0,APPLY
511416-110,1,1,Zapatillas,urbano,0,APPLY
511416-160,1,1,Zapatillas,urbano,0,APPLY
51182,1,1,Zapatillas,urbano,0,APPLY
511847-019,1,1,Zapatillas,urbano,0,APPLY
511847-414,1,1,Zapatillas,urbano,0,APPLY
511847-611,1,1,Zapatillas,urbano,0,APPLY
51187,3,1,Zapatillas,urbano,0,APPLY
511417-100,1,1,Zapatillas,urbano,0,APPLY
511880-100,1,1,Zapatillas,urbano,0,APPLY
511881-025,1,1,Zapatillas,urbano,0,APPLY
511882-020,1,1,Zapatillas,urbano,0,APPLY
511882-444,1,1,Zapatillas,urbano,0,APPLY
511882-556,1,1,Zapatillas,urbano,0,APPLY
51191,1,1,Zapatillas,urbano,0,APPLY
51197,1,1,Zapatillas,urbano,0,APPLY
5120,1,1,Zapatillas,urbano,0,APPLY
512019-007,1,1,Zapatillas,urbano,0,APPLY
149544-BBK,5,1,Zapatillas,urbano,0,APPLY
511880-091,1,1,Zapatillas,urbano,0,APPLY
511880-302,2,1,Zapatillas,urbano,0,APPLY
512019-012,1,1,Zapatillas,urbano,0,APPLY
512019-017,1,1,Zapatillas,urbano,0,APPLY
512019-018,1,1,Zapatillas,urbano,0,APPLY
512019-07,1,1,Zapatillas,urbano,0,APPLY
512019-401,1,1,Zapatillas,urbano,0,APPLY
512038-009,1,1,Zapatillas,urbano,0,APPLY
512038-600,1,1,Zapatillas,urbano,0,APPLY
10208N,2,1,Zapatillas,urbano,0,APPLY
512080-102,1,1,Zapatillas,urbano,0,APPLY
512100-006,1,1,Zapatillas,urbano,0,APPLY
512101-006,1,1,Zapatillas,urbano,0,APPLY
512108-009,1,1,Zapatillas,urbano,0,APPLY
512108-015,1,1,Zapatillas,urbano,0,APPLY
512108-403,1,1,Zapatillas,urbano,0,APPLY
512109-012,1,1,Zapatillas,urbano,0,APPLY
512109-103,1,1,Zapatillas,urbano,0,APPLY
512117-015,1,1,Zapatillas,urbano,0,APPLY
512164-103,1,1,Zapatillas,urbano,0,APPLY
512174-005,1,1,Zapatillas,urbano,0,APPLY
51221,2,1,Zapatillas,urbano,0,APPLY
51252,1,1,Zapatillas,urbano,0,APPLY
149544-BKPK,5,1,Zapatillas,urbano,0,APPLY
149544-GYMN,2,1,Zapatillas,urbano,0,APPLY
149544-NVLV,2,1,Zapatillas,urbano,0,APPLY
149544-WPK,5,1,Zapatillas,urbano,0,APPLY
512164-102,2,1,Zapatillas,urbano,0,APPLY
512428,1,1,Zapatillas,urbano,0,APPLY
51278,1,1,Zapatillas,"urbano,oficial",0,APPLY
512080-106,1,1,Zapatillas,urbano,0,APPLY
512164-104,1,1,Zapatillas,urbano,0,APPLY
51292,1,1,Zapatillas,urbano,0,APPLY
51278-BMLT,2,1,Zapatillas,"urbano,oficial",0,APPLY
51286-NVBK,2,1,Zapatillas,urbano,0,APPLY
51292-BRN,4,1,Zapatillas,urbano,0,APPLY
51292-CCBK,5,1,Zapatillas,urbano,0,APPLY
10224L,1,1,Zapatillas,urbano,0,APPLY
10227N,1,1,Zapatillas,urbano,0,APPLY
102304 03,1,1,Zapatillas,urbano,0,APPLY
102304 04,1,1,Zapatillas,urbano,0,APPLY
51353,1,1,Zapatillas,urbano,0,APPLY
5137,2,1;7,Zapatillas,urbano,0,APPLY
149570-BKCL,5,1,Zapatillas,urbano,0,APPLY
149570-NVPR,4,1,Zapatillas,urbano,0,APPLY
51358,2,1,Zapatillas,urbano,0,APPLY
514-6052,1,46,Zapatillas,urbano,0,APPLY
514-6107,1,46,Zapatillas,urbano,0,APPLY
5144,1,1,Zapatillas,urbano,0,APPLY
51507,1,1,Zapatillas,urbano,0,APPLY
51510,1,1,Zapatillas,urbano,0,APPLY
51521,1,1,Zapatillas,urbano,0,APPLY
51533,1,1,Zapatillas,urbano,0,APPLY
514-6098,1,46,Zapatillas,urbano,0,APPLY
515-6001,2,1,Zapatillas,urbano,0,APPLY
51502,1,1,Zapatillas,urbano,0,APPLY
516-6010,1,1,Zapatillas,urbano,0,APPLY
516-6007,3,1,Zapatillas,urbano,0,APPLY
516-6012,2,1,Zapatillas,urbano,0,APPLY
516-6019,2,1,Zapatillas,urbano,0,APPLY
516-6026,4,1,Zapatillas,urbano,0,APPLY
516-6029,5,1,Zapatillas,urbano,0,APPLY
516-6031,4,1,Zapatillas,urbano,0,APPLY
517409-019,1,1,Zapatillas,urbano,0,APPLY
517409-021,1,1,Zapatillas,urbano,0,APPLY
517409-204,1,1,Zapatillas,urbano,0,APPLY
149585-BKPR,3,1,Zapatillas,urbano,0,APPLY
51705-BBK,4,1,Zapatillas,urbano,0,APPLY
51716-BLK,2,1,Zapatillas,urbano,0,APPLY
149585-NVPK,4,1,Zapatillas,urbano,0,APPLY
51893-BBK,6,1,Zapatillas,"urbano,negro",0,APPLY
51898,1,1,Zapatillas,urbano,0,APPLY
51898-BBK,3,1,Zapatillas,urbano,0,APPLY
CT10SN,7,1,Zapatillas,urbano,0,APPLY
CZ5659-001,3,1,Zapatillas,urbano,0,APPLY
059-0131,1,1,Zapatillas,urbano,0,APPLY
059-9135,3,1,Zapatillas,urbano,0,APPLY
DV9322,2,1,Zapatillas,urbano,0,APPLY
51J118X316,1,1,Zapatillas,urbano,0,APPLY
51J187X140,1,1,Zapatillas,urbano,0,APPLY
51J205X141,1,1,Zapatillas,urbano,0,APPLY
51J205X655,1,1,Zapatillas,urbano,0,APPLY
51J205X713,1,1,Zapatillas,urbano,0,APPLY
51J208X591,1,1,Zapatillas,urbano,0,APPLY
51J247X419,1,1,Zapatillas,urbano,0,APPLY
51J319X319,1,1,Zapatillas,urbano,0,APPLY
51O035X011,1,1,Zapatillas,urbano,0,APPLY
51O035X713,1,1,Zapatillas,urbano,0,APPLY
149586-BKMT,4,1,Zapatillas,urbano,0,APPLY
149626-BKMT,3,1,Zapatillas,urbano,0,APPLY
51959-CCMT,3,1,Zapatillas,urbano,0,APPLY
51O043X865,1,1,Zapatillas,urbano,0,APPLY
51J247X331,1,1,Zapatillas,urbano,0,APPLY
51U085X713,1,1,Zapatillas,urbano,0,APPLY
51U103X475,1,1,Zapatillas,urbano,0,APPLY
5201,1,1,Zapatillas,urbano,0,APPLY
WARISCP3,2,1,Zapatillas,urbano,0,APPLY
WARISLL3,1,1,Zapatillas,urbano,0,APPLY
149626-NTMT,2,1,Zapatillas,urbano,0,APPLY
149645-,1,1,Zapatillas,urbano,0,APPLY
149645-BKLV,6,1,Zapatillas,urbano,0,APPLY
149651-BKMT,3,1,Zapatillas,urbano,0,APPLY
149660-BKRG,3,1,Zapatillas,urbano,0,APPLY
149660-LAV,2,1,Zapatillas,urbano,0,APPLY
149663-GYPK,5,1,Zapatillas,urbano,0,APPLY
149669-NVPR,2,1,Zapatillas,urbano,0,APPLY
149669-WMNT,2,1,Zapatillas,urbano,0,APPLY
WCT10CBC,1,1,Zapatillas,urbano,0,APPLY
Q26402,1,1,Zapatillas,urbano,0,APPLY
102484 01,1,1,Zapatillas,urbano,0,APPLY
102484 02,1,1,Zapatillas,urbano,0,APPLY
102484 04,1,1,Zapatillas,urbano,0,APPLY
10249L,1,1,Zapatillas,urbano,0,APPLY
13910,2,1,Zapatillas,urbano,0,APPLY
10249N,2,1,Zapatillas,urbano,0,APPLY
102520 01,1,1,Zapatillas,urbano,0,APPLY
102520 02,1,1,Zapatillas,urbano,0,APPLY
102543 02,1,1,Zapatillas,urbano,0,APPLY
102543 03,1,1,Zapatillas,urbano,0,APPLY
102543 04,1,1,Zapatillas,urbano,0,APPLY
102543 05,1,1,Zapatillas,urbano,0,APPLY
102547 04,1,1,Zapatillas,urbano,0,APPLY
10256L,2,1,Zapatillas,urbano,0,APPLY
149693-BBK,5,1,Zapatillas,urbano,0,APPLY
149698-NVPK,4,1,Zapatillas,urbano,0,APPLY
149713-NVPK,2,1,Zapatillas,urbano,0,APPLY
WFLSHLB2,1,1,Zapatillas,urbano,0,APPLY
WFLSHRB119,1,1,Zapatillas,urbano,0,APPLY
WFLSHRP1061,1,1,Zapatillas,urbano,0,APPLY
149717-BKHP,3,1,Zapatillas,urbano,0,APPLY
149722-NVPR,3,1,Zapatillas,urbano,0,APPLY
149747-BKCL,5,1,Zapatillas,urbano,0,APPLY
WK230-70,1,1,Zapatillas,urbano,0,APPLY
WK230-A0,1,1,Zapatillas,urbano,0,APPLY
WKOZELB2,1,1,Zapatillas,urbano,0,APPLY
WKOZELG1,1,1,Zapatillas,urbano,0,APPLY
WL168,3,1,Zapatillas,urbano,0,APPLY
WL220TPA,2,1,Zapatillas,urbano,0,APPLY
WL220TPB,1,1,Zapatillas,urbano,0,APPLY
WL373BSP,1,1,Zapatillas,urbano,0,APPLY
WL373BTW,1,1,Zapatillas,urbano,0,APPLY
WL373NVB,2,1,Zapatillas,urbano,0,APPLY
WL373PWP,1,1,Zapatillas,urbano,0,APPLY
WL373WN1,2,1,Zapatillas,urbano,0,APPLY
WL373WNF,1,1,Zapatillas,urbano,0,APPLY
WL373WNG,2,1,Zapatillas,urbano,0,APPLY
WL515FCS,2,1,Zapatillas,urbano,0,APPLY
WL515FNE,2,1,Zapatillas,urbano,0,APPLY
WL515GBP,1,1,Zapatillas,urbano,0,APPLY
WL515NBB,1,1,Zapatillas,urbano,0,APPLY
WL515STG,1,1,Zapatillas,urbano,0,APPLY
10267L,1,1,Zapatillas,urbano,0,APPLY
149754-BKRG,2,1,Zapatillas,urbano,0,APPLY
WL574NDA,1,1,Zapatillas,urbano,0,APPLY
149757-BKW,5,1,Zapatillas,urbano,0,APPLY
149757-NVLV,4,1,Zapatillas,urbano,0,APPLY
WS24SA2,4,1,Zapatillas,urbano,0,APPLY
149793-NVMT,2,1,Zapatillas,urbano,0,APPLY
WT8506-1,1,1,Zapatillas,urbano,0,APPLY
061-21580,4,1,Zapatillas,urbano,0,APPLY
13912,2,1,Zapatillas,urbano,0,APPLY
117027-BBK,3,1,Zapatillas,urbano,0,APPLY
10272L,1,1,Zapatillas,urbano,0,APPLY
102758 06,1,1,Zapatillas,urbano,0,APPLY
102758 07,1,1,Zapatillas,urbano,0,APPLY
149794-BKMT,5,1,Zapatillas,urbano,0,APPLY
1498,1,46,Zapatillas,urbano,0,APPLY
4234-10,1,33,Zapatillas,urbano,0,APPLY
149807-NAT,2,1,Zapatillas,urbano,0,APPLY
10277L,1,1,Zapatillas,urbano,0,APPLY
52081,1,1,Zapatillas,urbano,0,APPLY
10281N,1,1,Zapatillas,urbano,0,APPLY
10284N,3,1,Zapatillas,urbano,0,APPLY
10287L,1,1,Zapatillas,urbano,0,APPLY
10283L,1,1,Zapatillas,urbano,0,APPLY
I6767,2,1,Zapatillas,"urbano,oficial",0,APPLY
401968-020,1,1,Zapatillas,urbano,0,APPLY
13922,2,1,Zapatillas,urbano,0,APPLY
10496N,2,1,Zapatillas,urbano,0,APPLY
XT79-930,2,1,Zapatillas,urbano,0,APPLY
XW1678-90,2,1,Zapatillas,urbano,0,APPLY
XW28643-40,2,46,Zapatillas,urbano,0,APPLY
XW28643-90,3,46,Zapatillas,urbano,0,APPLY
XW28712-90,3,46,Zapatillas,urbano,0,APPLY
103116 01,1,1,Zapatillas,urbano,0,APPLY
103118 01,1,1,Zapatillas,urbano,0,APPLY
10311N,1,1,Zapatillas,urbano,0,APPLY
10316L,1,1,Zapatillas,urbano,0,APPLY
YC373SN,5,1,Zapatillas,urbano,0,APPLY
YC515CM,2,1,Zapatillas,urbano,0,APPLY
YC515CP,2,1,Zapatillas,urbano,0,APPLY
13923,2,1,Zapatillas,urbano,0,APPLY
103349 01,2,1,Zapatillas,urbano,0,APPLY
103349 04,1,1,Zapatillas,urbano,0,APPLY
10337N,1,1,Zapatillas,urbano,0,APPLY
117074-NVY,6,1,Zapatillas,urbano,0,APPLY
10341N,1,1,Zapatillas,urbano,0,APPLY
103450 01,1,1,Zapatillas,urbano,0,APPLY
52200,1,1,Zapatillas,urbano,0,APPLY
5225,1,1,Zapatillas,urbano,0,APPLY
5226,1,1,Zapatillas,urbano,0,APPLY
103627 03,2,1,Zapatillas,urbano,0,APPLY
52311-001,1,1,Zapatillas,urbano,0,APPLY
117207-MVMT,5,1,Zapatillas,urbano,0,APPLY
52458-BBK,5,1,Zapatillas,urbano,0,APPLY
524822,1,1,Zapatillas,urbano,0,APPLY
524851-004,1,1,Zapatillas,urbano,0,APPLY
103656 01,1,1,Zapatillas,urbano,0,APPLY
524888-400,1,1,Zapatillas,urbano,0,APPLY
524889-401,1,1,Zapatillas,urbano,0,APPLY
524977-106,1,1,Zapatillas,urbano,0,APPLY
525035-070,1,1,Zapatillas,urbano,0,APPLY
525038-001,1,1,Zapatillas,urbano,0,APPLY
525038-100,1,1,Zapatillas,urbano,0,APPLY
525039-102,1,1,Zapatillas,urbano,0,APPLY
525104-041,1,1,Zapatillas,urbano,0,APPLY
525163-303,1,1,Zapatillas,urbano,0,APPLY
525163-470,1,1,Zapatillas,urbano,0,APPLY
525163-703,1,1,Zapatillas,urbano,0,APPLY
525163-800,1,1,Zapatillas,urbano,0,APPLY
10380N,1,1,Zapatillas,urbano,0,APPLY
103965 01,1,1,Zapatillas,urbano,0,APPLY
103965 03,1,1,Zapatillas,urbano,0,APPLY
525246-030,1,1,Zapatillas,urbano,0,APPLY
525246-201,1,1,Zapatillas,urbano,0,APPLY
525246-401,1,1,Zapatillas,urbano,0,APPLY
5253,1,63,Zapatillas,urbano,0,APPLY
525303-100,1,1,Zapatillas,urbano,0,APPLY
525309-010,1,1,Zapatillas,urbano,0,APPLY
525309-200,1,1,Zapatillas,urbano,0,APPLY
525309-601,1,1,Zapatillas,urbano,0,APPLY
103966 01,1,1,Zapatillas,urbano,0,APPLY
103966 03,1,1,Zapatillas,urbano,0,APPLY
525322-001,1,1,Zapatillas,urbano,0,APPLY
525322-015,1,1,Zapatillas,urbano,0,APPLY
525355-401,1,1,Zapatillas,urbano,0,APPLY
525383-010,1,1,Zapatillas,urbano,0,APPLY
525435-002,1,1,Zapatillas,urbano,0,APPLY
525438-002,1,1,Zapatillas,urbano,0,APPLY
525438-003,1,1,Zapatillas,urbano,0,APPLY
525440-002,1,1,Zapatillas,urbano,0,APPLY
52551-OLV,1,1,Zapatillas,urbano,0,APPLY
525590-001,1,1,Zapatillas,urbano,0,APPLY
525590-009,1,1,Zapatillas,urbano,0,APPLY
525590-011,1,1,Zapatillas,urbano,0,APPLY
525590-400,1,1,Zapatillas,urbano,0,APPLY
525591-009,1,1,Zapatillas,urbano,0,APPLY
525591-011,1,1,Zapatillas,urbano,0,APPLY
525592-009,1,1,Zapatillas,urbano,0,APPLY
525592-011,1,1,Zapatillas,urbano,0,APPLY
525593-003,1,1,Zapatillas,urbano,0,APPLY
525593-400,1,1,Zapatillas,urbano,0,APPLY
525593-500,1,1,Zapatillas,urbano,0,APPLY
525594-401,1,1,Zapatillas,urbano,0,APPLY
525595-401,1,1,Zapatillas,urbano,0,APPLY
525729-006,1,1,Zapatillas,urbano,0,APPLY
525729-008,1,1,Zapatillas,urbano,0,APPLY
525729-009,2,1,Zapatillas,urbano,0,APPLY
525354-003,1,1,Zapatillas,urbano,0,APPLY
525595-500,1,1,Zapatillas,urbano,0,APPLY
525729-017,1,1,Zapatillas,urbano,0,APPLY
525729-100,1,1,Zapatillas,urbano,0,APPLY
525743-102,1,1,Zapatillas,urbano,0,APPLY
525753-001,1,1,Zapatillas,urbano,0,APPLY
525753-006,1,1,Zapatillas,urbano,0,APPLY
525753-010,1,1,Zapatillas,urbano,0,APPLY
525753-014,1,1,Zapatillas,urbano,0,APPLY
525753-015,2,1,Zapatillas,urbano,0,APPLY
525753-101,1,1,Zapatillas,urbano,0,APPLY
525753-102,1,1,Zapatillas,urbano,0,APPLY
525753-103,1,1,Zapatillas,urbano,0,APPLY
525759-007,1,1,Zapatillas,urbano,0,APPLY
525761-002,1,1,Zapatillas,urbano,0,APPLY
52559-BBK,5,1,Zapatillas,"urbano,negro",0,APPLY
525761-005,1,1,Zapatillas,urbano,0,APPLY
525761-011,1,1,Zapatillas,urbano,0,APPLY
525761-017,1,1,Zapatillas,urbano,0,APPLY
525761-018,1,1,Zapatillas,urbano,0,APPLY
525761-019,1,1,Zapatillas,urbano,0,APPLY
525761-020,1,1,Zapatillas,urbano,0,APPLY
525761-100,1,1,Zapatillas,urbano,0,APPLY
525761-401,1,1,Zapatillas,urbano,0,APPLY
525763-002,1,1,Zapatillas,urbano,0,APPLY
525763-100,1,1,Zapatillas,urbano,0,APPLY
525765-060,1,1,Zapatillas,urbano,0,APPLY
525765-107,1,1,Zapatillas,urbano,0,APPLY
525766-104,1,1,Zapatillas,urbano,0,APPLY
525766-400,1,1,Zapatillas,urbano,0,APPLY
5263,1,1,Zapatillas,urbano,0,APPLY
52680,2,1,Zapatillas,urbano,0,APPLY
PC574FNB,2,1,Zapatillas,urbano,0,APPLY
5268,1,1,Zapatillas,urbano,0,APPLY
5284,1,63,Zapatillas,urbano,0,APPLY
5286,1,63,Zapatillas,urbano,0,APPLY
52757-NVRD,3,1,Zapatillas,urbano,0,APPLY
528899-011,1,1,Zapatillas,urbano,0,APPLY
528899-103,1,1,Zapatillas,urbano,0,APPLY
528899-502,1,1,Zapatillas,urbano,0,APPLY
S24033,3,1,Zapatillas,urbano,0,APPLY
529951-100,1,1,Zapatillas,urbano,0,APPLY
53,1,1,Zapatillas,urbano,0,APPLY
050265-3,2,1,Zapatillas,urbano,0,APPLY
ZPT18045,3,1,Zapatillas,urbano,0,APPLY
149847-BKMT,5,1,Zapatillas,urbano,0,APPLY
149882-WBPK,3,1,Zapatillas,urbano,0,APPLY
149882-WKW,3,1,Zapatillas,urbano,0,APPLY
11775,1,1,Zapatillas,urbano,0,APPLY
5348,1,1,Zapatillas,urbano,0,APPLY
149895-BKW,3,1,Zapatillas,urbano,0,APPLY
5350,2,1;25,Zapatillas,urbano,0,APPLY
53500,3,1,Zapatillas,urbano,0,APPLY
53507,1,1,Zapatillas,urbano,0,APPLY
535817-012,1,1,Zapatillas,urbano,0,APPLY
535817-101,1,1,Zapatillas,urbano,0,APPLY
535817-303,1,1,Zapatillas,urbano,0,APPLY
535817-411,1,1,Zapatillas,urbano,0,APPLY
535817-744,1,1,Zapatillas,urbano,0,APPLY
53590,2,1,Zapatillas,urbano,0,APPLY
53610,1,1,Zapatillas,urbano,0,APPLY
536367-004,1,1,Zapatillas,urbano,0,APPLY
536367-007,1,1,Zapatillas,urbano,0,APPLY
5368,1,63,Zapatillas,urbano,0,APPLY
536864-011,1,1,Zapatillas,urbano,0,APPLY
149947-BKW,2,1,Zapatillas,urbano,0,APPLY
537384-408,1,1,Zapatillas,urbano,0,APPLY
537509-005,1,1,Zapatillas,urbano,0,APPLY
537509-006,1,1,Zapatillas,urbano,0,APPLY
537509-008,1,1,Zapatillas,urbano,0,APPLY
537509-009,1,1,Zapatillas,urbano,0,APPLY
537509-012,1,1,Zapatillas,urbano,0,APPLY
537509-046,1,1,Zapatillas,urbano,0,APPLY
537572-012,1,1,Zapatillas,urbano,0,APPLY
537572-017,1,1,Zapatillas,urbano,0,APPLY
537572-018,1,1,Zapatillas,urbano,0,APPLY
537572-024,1,1,Zapatillas,urbano,0,APPLY
537572-105,1,1,Zapatillas,urbano,0,APPLY
537572-107,1,1,Zapatillas,urbano,0,APPLY
537607-005,1,1,Zapatillas,urbano,0,APPLY
537607-101,1,1,Zapatillas,urbano,0,APPLY
537696-007,1,1,Zapatillas,urbano,0,APPLY
537740-014,1,1,Zapatillas,urbano,0,APPLY
53824-001,1,1,Zapatillas,urbano,0,APPLY
538258-001,1,1,Zapatillas,urbano,0,APPLY
538258-007,1,1,Zapatillas,urbano,0,APPLY
538258-009,1,1,Zapatillas,urbano,0,APPLY
538258-010,1,1,Zapatillas,urbano,0,APPLY
538258-015,1,1,Zapatillas,urbano,0,APPLY
538258-016,1,1,Zapatillas,urbano,0,APPLY
538258-019,1,1,Zapatillas,urbano,0,APPLY
538258-021,1,1,Zapatillas,urbano,0,APPLY
538258-023,1,1,Zapatillas,urbano,0,APPLY
538258-024,1,1,Zapatillas,urbano,0,APPLY
538258-101,1,1,Zapatillas,urbano,0,APPLY
538258-102,1,1,Zapatillas,urbano,0,APPLY
538258-110,1,1,Zapatillas,urbano,0,APPLY
538258-401,1,1,Zapatillas,urbano,0,APPLY
538259-103,1,1,Zapatillas,urbano,0,APPLY
538407-007,1,1,Zapatillas,urbano,0,APPLY
538424-001,1,1,Zapatillas,urbano,0,APPLY
538548-004,1,1,Zapatillas,urbano,0,APPLY
538548-006,1,1,Zapatillas,urbano,0,APPLY
538548-007,1,1,Zapatillas,urbano,0,APPLY
538548-401,1,1,Zapatillas,urbano,0,APPLY
5386,1,1,Zapatillas,urbano,0,APPLY
53890,2,1,Zapatillas,urbano,0,APPLY
538922-002,1,1,Zapatillas,urbano,0,APPLY
538922-003,1,1,Zapatillas,urbano,0,APPLY
538922-004,1,1,Zapatillas,urbano,0,APPLY
538922-006,1,1,Zapatillas,urbano,0,APPLY
538922-300,1,1,Zapatillas,urbano,0,APPLY
538922-401,1,1,Zapatillas,urbano,0,APPLY
538922-402,1,1,Zapatillas,urbano,0,APPLY
538258-026,1,1,Zapatillas,urbano,0,APPLY
538407-003,1,1,Zapatillas,urbano,0,APPLY
5391,1,1,Zapatillas,urbano,0,APPLY
5399,1,1,Zapatillas,urbano,0,APPLY
540,1,1,Zapatillas,urbano,0,APPLY
149990-BKW,6,1,Zapatillas,urbano,0,APPLY
540998-414,1,1,Zapatillas,urbano,0,APPLY
540998-606,1,1,Zapatillas,urbano,0,APPLY
541-2020,1,1,Zapatillas,urbano,0,APPLY
541-2040,1,1,Zapatillas,urbano,0,APPLY
541-3007,1,1,Zapatillas,urbano,0,APPLY
541-8007,1,1,Zapatillas,urbano,0,APPLY
541-8008,1,1,Zapatillas,urbano,0,APPLY
149990-MVE,3,1,Zapatillas,urbano,0,APPLY
149990-NVY,3,1,Zapatillas,urbano,0,APPLY
541887-002,1,1,Zapatillas,urbano,0,APPLY
543,3,1;12;29,Zapatillas,urbano,0,APPLY
543823-007,1,1,Zapatillas,urbano,0,APPLY
543825-006,1,1,Zapatillas,urbano,0,APPLY
543825-360,1,1,Zapatillas,urbano,0,APPLY
149991-BBK,6,1,Zapatillas,urbano,0,APPLY
117385-BBK,3,1,Zapatillas,urbano,0,APPLY
549-5012,1,1,Zapatillas,urbano,0,APPLY
549-5015,1,1,Zapatillas,urbano,0,APPLY
549-6094,1,1,Zapatillas,urbano,0,APPLY
549-7012,1,1,Zapatillas,urbano,0,APPLY
549-7015,1,1,Zapatillas,urbano,0,APPLY
10995N-BLMT,3,1,Zapatillas,urbano,0,APPLY
149991-BKRG,3,1,Zapatillas,urbano,0,APPLY
149991-NVY,5,1,Zapatillas,urbano,0,APPLY
549890-101,1,1,Zapatillas,urbano,0,APPLY
549890-200,1,1,Zapatillas,urbano,0,APPLY
550-1257,1,1,Zapatillas,urbano,0,APPLY
550-1275,2,1,Zapatillas,urbano,0,APPLY
550-2043,1,1,Zapatillas,urbano,0,APPLY
550-2244,2,1,Zapatillas,urbano,0,APPLY
550-2287,1,1,Zapatillas,urbano,0,APPLY
550-2497,1,1,Zapatillas,urbano,0,APPLY
550-6497,1,1,Zapatillas,urbano,0,APPLY
550-9307,1,1,Zapatillas,urbano,0,APPLY
149991-PLUM,3,1,Zapatillas,urbano,0,APPLY
55061,1,46,Zapatillas,urbano,0,APPLY
551-1192,1,1,Zapatillas,urbano,0,APPLY
551-1197,1,1,Zapatillas,urbano,0,APPLY
551-1201,1,1,Zapatillas,urbano,0,APPLY
551-1214,1,1,Zapatillas,urbano,0,APPLY
551-1279,1,1,Zapatillas,urbano,0,APPLY
551-1310,1,1,Zapatillas,urbano,0,APPLY
551-1380,1,1,Zapatillas,urbano,0,APPLY
551-1394,1,1,Zapatillas,urbano,0,APPLY
551-1429,2,1,Zapatillas,urbano,0,APPLY
111-NVY,4,1,Zapatillas,urbano,0,APPLY
551-1432,1,1,Zapatillas,urbano,0,APPLY
551-1443,1,1,Zapatillas,urbano,0,APPLY
551-1447,1,1,Zapatillas,"urbano,oficial",0,APPLY
551-1456,1,1,Zapatillas,urbano,0,APPLY
551-1501,1,1,Zapatillas,urbano,0,APPLY
551-1900,1,1,Zapatillas,urbano,0,APPLY
551-2208,1,1,Zapatillas,urbano,0,APPLY
551-2219,2,1,Zapatillas,urbano,0,APPLY
551-2294,1,1,Zapatillas,"urbano,trekking",0,APPLY
551-2369,1,1,Zapatillas,urbano,0,APPLY
1130,5,1;11;12;63,Zapatillas,urbano,0,APPLY
551-5167,1,1,Zapatillas,urbano,0,APPLY
551-5306,1,1,Zapatillas,urbano,0,APPLY
551-5345,3,1,Zapatillas,urbano,0,APPLY
551-5446,2,1,Zapatillas,urbano,0,APPLY
551-6288,1,1,Zapatillas,urbano,0,APPLY
551-6327,1,1,Zapatillas,urbano,0,APPLY
551-6354,1,1,Zapatillas,urbano,0,APPLY
551-6394,1,1,Zapatillas,urbano,0,APPLY
551-6413,1,1,Zapatillas,urbano,0,APPLY
551-6433,1,1,Zapatillas,urbano,0,APPLY
551-6439,1,1,Zapatillas,urbano,0,APPLY
551-6442,1,1,Zapatillas,urbano,0,APPLY
551-9208,1,1,Zapatillas,urbano,0,APPLY
117013-GYMV,2,1,Zapatillas,urbano,0,APPLY
552-1001,1,1,Zapatillas,urbano,0,APPLY
553-2031,1,1,Zapatillas,urbano,0,APPLY
553-3012,1,1,Zapatillas,urbano,0,APPLY
553-9031,1,1,Zapatillas,urbano,0,APPLY
553019-100,1,1,Zapatillas,urbano,0,APPLY
5531,1,1,Zapatillas,urbano,0,APPLY
5532,1,1,Zapatillas,urbano,0,APPLY
553387,1,1,Zapatillas,urbano,0,APPLY
554677-077,1,1,Zapatillas,urbano,0,APPLY
554677-430,1,1,Zapatillas,urbano,0,APPLY
554889-002,1,1,Zapatillas,urbano,0,APPLY
554889-017,1,1,Zapatillas,urbano,0,APPLY
554889-402,1,1,Zapatillas,urbano,0,APPLY
554891-002,1,1,Zapatillas,urbano,0,APPLY
554891-005,1,1,Zapatillas,urbano,0,APPLY
554893-100,1,1,Zapatillas,urbano,0,APPLY
554895-001,1,1,Zapatillas,urbano,0,APPLY
554895-002,1,1,Zapatillas,urbano,0,APPLY
554895-011,1,1,Zapatillas,urbano,0,APPLY
Q26404,1,1,Zapatillas,urbano,0,APPLY
554901-003,1,1,Zapatillas,urbano,0,APPLY
554901-008,1,1,Zapatillas,urbano,0,APPLY
554901-009,1,1,Zapatillas,urbano,0,APPLY
554901-012,1,1,Zapatillas,urbano,0,APPLY
554901-013,1,1,Zapatillas,urbano,0,APPLY
554901-014,1,1,Zapatillas,urbano,0,APPLY
554901-018,1,1,Zapatillas,urbano,0,APPLY
554901-020,1,1,Zapatillas,urbano,0,APPLY
554901-600,1,1,Zapatillas,urbano,0,APPLY
554903-001,1,1,Zapatillas,urbano,0,APPLY
554903-005,1,1,Zapatillas,urbano,0,APPLY
554905-003,1,1,Zapatillas,urbano,0,APPLY
554905-006,1,1,Zapatillas,urbano,0,APPLY
554905-009,1,1,Zapatillas,urbano,0,APPLY
554905-013,1,1,Zapatillas,urbano,0,APPLY
554905-100,1,1,Zapatillas,urbano,0,APPLY
554905-401,1,1,Zapatillas,urbano,0,APPLY
554954-002,1,1,Zapatillas,urbano,0,APPLY
554954-007,1,1,Zapatillas,urbano,0,APPLY
554954-009,1,1,Zapatillas,urbano,0,APPLY
554954-020,1,1,Zapatillas,urbano,0,APPLY
554954-022,1,1,Zapatillas,urbano,0,APPLY
554954-027,1,1,Zapatillas,urbano,0,APPLY
554954-029,2,1,Zapatillas,urbano,0,APPLY
554954-030,1,1,Zapatillas,urbano,0,APPLY
554954-035,1,1,Zapatillas,urbano,0,APPLY
554954-050,1,1,Zapatillas,urbano,0,APPLY
554954-055,1,1,Zapatillas,urbano,0,APPLY
554954-301,1,1,Zapatillas,urbano,0,APPLY
554954-400,1,1,Zapatillas,urbano,0,APPLY
555033-600,1,1,Zapatillas,urbano,0,APPLY
555082-003,1,1,Zapatillas,urbano,0,APPLY
555082-012,1,1,Zapatillas,urbano,0,APPLY
555082-400,1,1,Zapatillas,urbano,0,APPLY
555082-401,1,1,Zapatillas,urbano,0,APPLY
555082-403,1,1,Zapatillas,urbano,0,APPLY
555083-003,1,1,Zapatillas,urbano,0,APPLY
555083-007,1,1,Zapatillas,urbano,0,APPLY
555083-010,1,1,Zapatillas,urbano,0,APPLY
555083-011,1,1,Zapatillas,urbano,0,APPLY
555083-012,1,1,Zapatillas,urbano,0,APPLY
555083-014,1,1,Zapatillas,urbano,0,APPLY
555083-400,1,1,Zapatillas,urbano,0,APPLY
555083-401,1,1,Zapatillas,urbano,0,APPLY
555083-403,1,1,Zapatillas,urbano,0,APPLY
555084-003,1,1,Zapatillas,urbano,0,APPLY
555084-007,1,1,Zapatillas,urbano,0,APPLY
555084-010,1,1,Zapatillas,urbano,0,APPLY
555084-012,1,1,Zapatillas,urbano,0,APPLY
555084-014,1,1,Zapatillas,urbano,0,APPLY
555084-401,1,1,Zapatillas,urbano,0,APPLY
555084-403,1,1,Zapatillas,urbano,0,APPLY
555084-600,1,1,Zapatillas,urbano,0,APPLY
555090-002,1,1,Zapatillas,urbano,0,APPLY
555090-400,1,1,Zapatillas,urbano,0,APPLY
555090-502,1,1,Zapatillas,urbano,0,APPLY
555091-002,1,1,Zapatillas,urbano,0,APPLY
555091-003,1,1,Zapatillas,urbano,0,APPLY
555091-008,1,1,Zapatillas,urbano,0,APPLY
555091-400,1,1,Zapatillas,urbano,0,APPLY
555091-502,1,1,Zapatillas,urbano,0,APPLY
555092-002,1,1,Zapatillas,urbano,0,APPLY
555092-008,1,1,Zapatillas,urbano,0,APPLY
555092-502,1,1,Zapatillas,urbano,0,APPLY
555092-503,1,1,Zapatillas,urbano,0,APPLY
555158-502,1,1,Zapatillas,urbano,0,APPLY
555265-003,1,1,Zapatillas,urbano,0,APPLY
554901-025,1,1,Zapatillas,urbano,0,APPLY
555265-005,1,1,Zapatillas,urbano,0,APPLY
555265-300,1,1,Zapatillas,urbano,0,APPLY
555265-401,1,1,Zapatillas,urbano,0,APPLY
555265-402,1,1,Zapatillas,urbano,0,APPLY
555265-501,1,1,Zapatillas,urbano,0,APPLY
555265-502,1,1,Zapatillas,urbano,0,APPLY
555265-603,1,1,Zapatillas,urbano,0,APPLY
555265-604,1,1,Zapatillas,urbano,0,APPLY
555266-001,1,1,Zapatillas,urbano,0,APPLY
555266-601,1,1,Zapatillas,urbano,0,APPLY
555272-013,1,1,Zapatillas,urbano,0,APPLY
555272-310,1,1,Zapatillas,urbano,0,APPLY
555331-018,1,1,Zapatillas,urbano,0,APPLY
555331-019,1,1,Zapatillas,urbano,0,APPLY
555331-020,1,1,Zapatillas,urbano,0,APPLY
555331-021,1,1,Zapatillas,urbano,0,APPLY
555331-101,1,1,Zapatillas,urbano,0,APPLY
555416-017,1,1,Zapatillas,urbano,0,APPLY
555613-570,1,1,Zapatillas,urbano,0,APPLY
555265-602,1,1,Zapatillas,urbano,0,APPLY
442807-101,1,1,Zapatillas,urbano,0,APPLY
442807-102,1,1,Zapatillas,urbano,0,APPLY
442807-103,2,1,Zapatillas,urbano,0,APPLY
555764-016,1,1,Zapatillas,urbano,0,APPLY
557,1,1,Zapatillas,urbano,0,APPLY
443918-009,1,1,Zapatillas,urbano,0,APPLY
559-2003,1,1,Zapatillas,urbano,0,APPLY
559-5003,1,1,Zapatillas,urbano,0,APPLY
559-6124,1,1,Zapatillas,urbano,0,APPLY
117209-OFWT,6,1,Zapatillas,urbano,0,APPLY
559-8015,1,1,Zapatillas,urbano,0,APPLY
559-9015,1,1,Zapatillas,urbano,0,APPLY
5590,1,63,Zapatillas,urbano,0,APPLY
5592,1,63,Zapatillas,urbano,0,APPLY
5602,1,63,Zapatillas,urbano,0,APPLY
11860,1,1,Zapatillas,urbano,0,APPLY
5612,1,1,Zapatillas,urbano,0,APPLY
56052121778353200,2,1,Zapatillas,urbano,0,APPLY
5623,2,1;19,Zapatillas,urbano,0,APPLY
5632,1,63,Zapatillas,urbano,0,APPLY
Q26434,1,1,Zapatillas,urbano,0,APPLY
5649,1,1,Zapatillas,urbano,0,APPLY
104039-BLK,4,1,Zapatillas,urbano,0,APPLY
104152-BLK,4,1,Zapatillas,urbano,0,APPLY
104152-NVY,5,1,Zapatillas,urbano,0,APPLY
104152-TPE,5,1,Zapatillas,urbano,0,APPLY
104163-BBK,5,1,Zapatillas,urbano,0,APPLY
5654,3,7;35;63,Zapatillas,urbano,0,APPLY
5655,3,1;2;26,Zapatillas,urbano,0,APPLY
104281-BKW,3,1,Zapatillas,urbano,0,APPLY
5717,1,63,Zapatillas,urbano,0,APPLY
5723,1,1,Zapatillas,urbano,0,APPLY
5729,1,63,Zapatillas,urbano,0,APPLY
5742,1,1,Zapatillas,urbano,0,APPLY
5743,1,1,Zapatillas,urbano,0,APPLY
575,1,1,Zapatillas,urbano,0,APPLY
5754,1,1,Zapatillas,urbano,0,APPLY
5756,1,1,Zapatillas,urbano,0,APPLY
576,1,1,Zapatillas,urbano,0,APPLY
104281-NVY,3,1,Zapatillas,urbano,0,APPLY
5782,1,63,Zapatillas,urbano,0,APPLY
Q26435,1,1,Zapatillas,urbano,0,APPLY
578356-002,1,1,Zapatillas,urbano,0,APPLY
578356-003,1,1,Zapatillas,urbano,0,APPLY
579622-011,1,1,Zapatillas,urbano,0,APPLY
579622-012,1,1,Zapatillas,urbano,0,APPLY
579622-016,1,1,Zapatillas,urbano,0,APPLY
579622-138,1,1,Zapatillas,urbano,0,APPLY
579622-317,1,1,Zapatillas,urbano,0,APPLY
579768-300,2,1,Zapatillas,urbano,0,APPLY
579768-301,1,1,Zapatillas,urbano,0,APPLY
579768-600,1,1,Zapatillas,urbano,0,APPLY
579769-200,1,1,Zapatillas,urbano,0,APPLY
579769-800,1,1,Zapatillas,urbano,0,APPLY
579812-600,1,1,Zapatillas,urbano,0,APPLY
579821-003,1,1,Zapatillas,urbano,0,APPLY
579821-004,1,1,Zapatillas,urbano,0,APPLY
579821-006,1,1,Zapatillas,urbano,0,APPLY
579821-007,1,1,Zapatillas,urbano,0,APPLY
579821-025,1,1,Zapatillas,urbano,0,APPLY
579821-026,1,1,Zapatillas,urbano,0,APPLY
579821-027,1,1,Zapatillas,urbano,0,APPLY
579821-405,1,1,Zapatillas,urbano,0,APPLY
579948-013,1,1,Zapatillas,urbano,0,APPLY
579948-101,1,1,Zapatillas,urbano,0,APPLY
579948-104,1,1,Zapatillas,urbano,0,APPLY
579949-013,1,1,Zapatillas,urbano,0,APPLY
579949-104,1,1,Zapatillas,urbano,0,APPLY
579951-400,1,1,Zapatillas,urbano,0,APPLY
579952-103,1,1,Zapatillas,urbano,0,APPLY
579952-401,1,1,Zapatillas,urbano,0,APPLY
579959-403,1,1,Zapatillas,urbano,0,APPLY
579959-701,1,1,Zapatillas,urbano,0,APPLY
579963-002,1,1,Zapatillas,urbano,0,APPLY
579963-005,1,1,Zapatillas,urbano,0,APPLY
579966-002,1,1,Zapatillas,urbano,0,APPLY
579967-002,1,1,Zapatillas,urbano,0,APPLY
579967-005,1,1,Zapatillas,urbano,0,APPLY
579967-401,1,1,Zapatillas,urbano,0,APPLY
579971-400,1,1,Zapatillas,urbano,0,APPLY
579974-400,1,1,Zapatillas,urbano,0,APPLY
579953-103,1,1,Zapatillas,urbano,0,APPLY
580374-004,1,1,Zapatillas,urbano,0,APPLY
580374-005,1,1,Zapatillas,urbano,0,APPLY
580374-007,1,1,Zapatillas,urbano,0,APPLY
580374-600,1,1,Zapatillas,urbano,0,APPLY
580374-603,1,1,Zapatillas,urbano,0,APPLY
580384-007,1,1,Zapatillas,urbano,0,APPLY
580384-012,1,1,Zapatillas,urbano,0,APPLY
580384-104,1,1,Zapatillas,urbano,0,APPLY
580384-105,1,1,Zapatillas,urbano,0,APPLY
580384-108,1,1,Zapatillas,urbano,0,APPLY
580386-003,1,1,Zapatillas,urbano,0,APPLY
580390-005,1,1,Zapatillas,urbano,0,APPLY
580410-010,1,1,Zapatillas,urbano,0,APPLY
580410-102,1,1,Zapatillas,urbano,0,APPLY
580437-100,1,1,Zapatillas,urbano,0,APPLY
580438-002,1,1,Zapatillas,urbano,0,APPLY
580438-003,1,1,Zapatillas,urbano,0,APPLY
580438-009,1,1,Zapatillas,urbano,0,APPLY
580438-013,1,1,Zapatillas,urbano,0,APPLY
580438-016,1,1,Zapatillas,urbano,0,APPLY
580438-017,1,1,Zapatillas,urbano,0,APPLY
580438-024,1,1,Zapatillas,urbano,0,APPLY
580438-032,1,1,Zapatillas,urbano,0,APPLY
580438-401,1,1,Zapatillas,urbano,0,APPLY
580440-003,1,1,Zapatillas,urbano,0,APPLY
580440-014,1,1,Zapatillas,urbano,0,APPLY
580440-403,1,1,Zapatillas,urbano,0,APPLY
11J118X756,1,1,Zapatillas,"urbano,tenis",0,APPLY
580440-500,1,1,Zapatillas,urbano,0,APPLY
579953-008,1,1,Zapatillas,urbano,0,APPLY
580440-501,1,1,Zapatillas,urbano,0,APPLY
580443-037,1,1,Zapatillas,urbano,0,APPLY
580443-700,1,1,Zapatillas,urbano,0,APPLY
580444-004,1,1,Zapatillas,urbano,0,APPLY
580444-030,1,1,Zapatillas,urbano,0,APPLY
580444-037,1,1,Zapatillas,urbano,0,APPLY
580444-078,1,1,Zapatillas,urbano,0,APPLY
580444-800,1,1,Zapatillas,urbano,0,APPLY
580446-030,1,1,Zapatillas,urbano,0,APPLY
580446-031,1,1,Zapatillas,urbano,0,APPLY
580452-074,1,1,Zapatillas,urbano,0,APPLY
580452-701,1,1,Zapatillas,urbano,0,APPLY
580453-700,1,1,Zapatillas,urbano,0,APPLY
580454-360,1,1,Zapatillas,urbano,0,APPLY
580487-174,1,1,Zapatillas,urbano,0,APPLY
580487-403,1,1,Zapatillas,urbano,0,APPLY
580527-002,1,1,Zapatillas,urbano,0,APPLY
580527-003,1,1,Zapatillas,urbano,0,APPLY
580527-011,1,1,Zapatillas,urbano,0,APPLY
580527-012,1,1,Zapatillas,urbano,0,APPLY
580527-015,1,1,Zapatillas,urbano,0,APPLY
580527-016,1,1,Zapatillas,urbano,0,APPLY
580527-018,1,1,Zapatillas,urbano,0,APPLY
580527-019,1,1,Zapatillas,urbano,0,APPLY
580527-022,1,1,Zapatillas,urbano,0,APPLY
580527-402,1,1,Zapatillas,urbano,0,APPLY
580527-700,1,1,Zapatillas,urbano,0,APPLY
580544-003,1,1,Zapatillas,urbano,0,APPLY
580591-500,1,1,Zapatillas,urbano,0,APPLY
580591-818,1,1,Zapatillas,urbano,0,APPLY
580595-602,1,1,Zapatillas,urbano,0,APPLY
104425-BBK,2,1,Zapatillas,urbano,0,APPLY
580440-601,2,1,Zapatillas,urbano,0,APPLY
580785-602,1,1,Zapatillas,urbano,0,APPLY
5809,1,1,Zapatillas,urbano,0,APPLY
580784-402,2,1,Zapatillas,urbano,0,APPLY
581-1238,4,1,Zapatillas,urbano,0,APPLY
581-0509,6,1,Zapatillas,urbano,0,APPLY
581-1918,4,1,Zapatillas,urbano,0,APPLY
581-6172,1,1,Zapatillas,urbano,0,APPLY
Q26436,1,1,Zapatillas,urbano,0,APPLY
5811,1,63,Zapatillas,urbano,0,APPLY
5820,2,1;12,Zapatillas,urbano,0,APPLY
581-9614,3,1,Zapatillas,urbano,0,APPLY
105548 01,1,1,Zapatillas,urbano,0,APPLY
5845,1,1,Zapatillas,urbano,0,APPLY
585,1,1,Zapatillas,urbano,0,APPLY
5854,1,63,Zapatillas,urbano,0,APPLY
5863,1,63,Zapatillas,urbano,0,APPLY
105558 01,3,1,Zapatillas,urbano,0,APPLY
5884,1,63,Zapatillas,urbano,0,APPLY
106195 01,3,1,Zapatillas,urbano,0,APPLY
106198 01,2,1,Zapatillas,urbano,0,APPLY
106209 01,2,1,Zapatillas,urbano,0,APPLY
106308 02,2,1,Zapatillas,urbano,0,APPLY
13950,1,1,Zapatillas,urbano,0,APPLY
13955,1,1,Zapatillas,urbano,0,APPLY
001-1018,1,1,Zapatillas,urbano,0,APPLY
13960,1,1,Zapatillas,urbano,0,APPLY
13971,1,1,Zapatillas,urbano,0,APPLY
13980,2,1,Zapatillas,urbano,0,APPLY
001-5102,1,1,Zapatillas,urbano,0,APPLY
001-5470,1,1,Zapatillas,urbano,0,APPLY
106536 01,2,1,Zapatillas,urbano,0,APPLY
59021D8001,1,46,Zapatillas,"urbano,oficial",0,APPLY
59022D8001,1,46,Zapatillas,"urbano,oficial",0,APPLY
59031D8001,1,46,Zapatillas,"urbano,oficial",0,APPLY
5931,1,1,Zapatillas,urbano,0,APPLY
107180 01,2,1,Zapatillas,urbano,0,APPLY
107184 01,2,1,Zapatillas,urbano,0,APPLY
5948,2,1;14,Zapatillas,urbano,0,APPLY
107191 01,2,1,Zapatillas,urbano,0,APPLY
5969,7,85,Zapatillas,urbano,0,APPLY
10833L-CCMT,1,1,Zapatillas,urbano,0,APPLY
598,2,1;2,Zapatillas,urbano,0,APPLY
598704-400,1,1,Zapatillas,urbano,0,APPLY
598706-004,1,1,Zapatillas,urbano,0,APPLY
598706-010,1,1,Zapatillas,urbano,0,APPLY
598706-400,1,1,Zapatillas,urbano,0,APPLY
598873-001,1,1,Zapatillas,urbano,0,APPLY
598875-001,1,1,Zapatillas,urbano,0,APPLY
599073-107,1,1,Zapatillas,urbano,0,APPLY
599073-303,1,1,Zapatillas,urbano,0,APPLY
599073-570,3,1,Zapatillas,urbano,0,APPLY
599187-100,1,1,Zapatillas,urbano,0,APPLY
599187-401,1,1,Zapatillas,urbano,0,APPLY
599187-601,1,1,Zapatillas,urbano,0,APPLY
599188-006,1,1,Zapatillas,urbano,0,APPLY
599187-007,1,1,Zapatillas,urbano,0,APPLY
599188-401,1,1,Zapatillas,urbano,0,APPLY
599188-601,1,1,Zapatillas,urbano,0,APPLY
599189-006,1,1,Zapatillas,urbano,0,APPLY
599189-007,1,1,Zapatillas,urbano,0,APPLY
599189-100,1,1,Zapatillas,urbano,0,APPLY
599189-401,1,1,Zapatillas,urbano,0,APPLY
599189-601,1,1,Zapatillas,urbano,0,APPLY
599340-007,1,1,Zapatillas,urbano,0,APPLY
599340-011,1,1,Zapatillas,urbano,0,APPLY
599341-400,1,1,Zapatillas,urbano,0,APPLY
599342-400,1,1,Zapatillas,urbano,0,APPLY
599343-001,1,1,Zapatillas,urbano,0,APPLY
599343-003,1,1,Zapatillas,urbano,0,APPLY
599343-017,1,1,Zapatillas,urbano,0,APPLY
599343-303,1,1,Zapatillas,urbano,0,APPLY
599343-474,1,1,Zapatillas,urbano,0,APPLY
599343-602,1,1,Zapatillas,urbano,0,APPLY
599344-402,1,1,Zapatillas,urbano,0,APPLY
599345-402,1,1,Zapatillas,urbano,0,APPLY
599345-600,1,1,Zapatillas,urbano,0,APPLY
599346-402,1,1,Zapatillas,urbano,0,APPLY
599346-600,1,1,Zapatillas,urbano,0,APPLY
599378-474,1,1,Zapatillas,urbano,0,APPLY
599378-565,1,1,Zapatillas,urbano,0,APPLY
599390-504,1,1,Zapatillas,urbano,0,APPLY
599427-018,1,1,Zapatillas,urbano,0,APPLY
599465-011,1,1,Zapatillas,urbano,0,APPLY
599486-006,1,1,Zapatillas,urbano,0,APPLY
599494-006,1,1,Zapatillas,urbano,0,APPLY
599494-007,1,1,Zapatillas,urbano,0,APPLY
599495-002,1,1,Zapatillas,urbano,0,APPLY
599495-017,1,1,Zapatillas,urbano,0,APPLY
599495-102,1,1,Zapatillas,urbano,0,APPLY
599496-002,1,1,Zapatillas,urbano,0,APPLY
599496-017,1,1,Zapatillas,urbano,0,APPLY
599496-102,2,1,Zapatillas,urbano,0,APPLY
599496-103,1,1,Zapatillas,urbano,0,APPLY
599513-004,1,1,Zapatillas,urbano,0,APPLY
599513-007,1,1,Zapatillas,urbano,0,APPLY
599513-009,1,1,Zapatillas,urbano,0,APPLY
599513-401,1,1,Zapatillas,urbano,0,APPLY
599342-007,1,1,Zapatillas,urbano,0,APPLY
599513-403,1,1,Zapatillas,urbano,0,APPLY
599513-405,1,1,Zapatillas,urbano,0,APPLY
599513-800,1,1,Zapatillas,urbano,0,APPLY
599528-001,1,1,Zapatillas,urbano,0,APPLY
599529-001,1,1,Zapatillas,urbano,0,APPLY
599529-009,1,1,Zapatillas,urbano,0,APPLY
599536-009,1,1,Zapatillas,urbano,0,APPLY
599536-402,1,1,Zapatillas,urbano,0,APPLY
599542-008,1,1,Zapatillas,urbano,0,APPLY
599542-009,1,1,Zapatillas,urbano,0,APPLY
599542-010,1,1,Zapatillas,urbano,0,APPLY
599542-027,1,1,Zapatillas,urbano,0,APPLY
599542-401,2,1,Zapatillas,urbano,0,APPLY
599556-002,1,1,Zapatillas,urbano,0,APPLY
599556-006,1,1,Zapatillas,urbano,0,APPLY
599556-500,1,1,Zapatillas,urbano,0,APPLY
599558-008,1,1,Zapatillas,urbano,0,APPLY
599558-018,1,1,Zapatillas,urbano,0,APPLY
599560-004,1,1,Zapatillas,urbano,0,APPLY
599560-006,1,1,Zapatillas,urbano,0,APPLY
599560-007,1,1,Zapatillas,urbano,0,APPLY
599560-501,1,1,Zapatillas,urbano,0,APPLY
599560-601,1,1,Zapatillas,urbano,0,APPLY
599570-402,1,1,Zapatillas,urbano,0,APPLY
599793-002,1,1,Zapatillas,urbano,0,APPLY
599793-005,1,1,Zapatillas,urbano,0,APPLY
599793-400,1,1,Zapatillas,urbano,0,APPLY
599796-002,1,1,Zapatillas,urbano,0,APPLY
599529-004,2,1,Zapatillas,urbano,0,APPLY
599799-002,1,1,Zapatillas,urbano,0,APPLY
599799-005,1,1,Zapatillas,urbano,0,APPLY
599799-400,1,1,Zapatillas,urbano,0,APPLY
599801-002,1,1,Zapatillas,urbano,0,APPLY
599801-006,1,1,Zapatillas,urbano,0,APPLY
599801-007,1,1,Zapatillas,urbano,0,APPLY
599801-100,1,1,Zapatillas,urbano,0,APPLY
599803-002,1,1,Zapatillas,urbano,0,APPLY
599804-002,1,1,Zapatillas,urbano,0,APPLY
599804-007,1,1,Zapatillas,urbano,0,APPLY
599809-570,1,1,Zapatillas,urbano,0,APPLY
599809-690,1,1,Zapatillas,urbano,0,APPLY
599824-001,1,1,Zapatillas,urbano,0,APPLY
599824-300,1,1,Zapatillas,urbano,0,APPLY
599899-001,1,1,Zapatillas,urbano,0,APPLY
599804-009,1,1,Zapatillas,urbano,0,APPLY
IE1978,2,1,Zapatillas,urbano,0,APPLY
5AC111,2,1,Zapatillas,urbano,0,APPLY
5AC118,1,1,Zapatillas,urbano,0,APPLY
001-4162,2,1,Zapatillas,urbano,0,APPLY
001-4193,1,1,Zapatillas,urbano,0,APPLY
001-5845,2,1,Zapatillas,urbano,0,APPLY
IF4794,3,1,Zapatillas,urbano,0,APPLY
5AC142,2,5;46,Zapatillas,"urbano,oficial",0,APPLY
5AC148,4,14;46,Zapatillas,"urbano,oficial",0,APPLY
5AC149,3,14;46,Zapatillas,"urbano,oficial",0,APPLY
5AC163,2,1,Zapatillas,urbano,0,APPLY
5AC177,1,1,Zapatillas,urbano,0,APPLY
5AC172,1,1,Zapatillas,urbano,0,APPLY
5AC150,1,46,Zapatillas,"urbano,oficial",0,APPLY
5AC151,1,46,Zapatillas,"urbano,oficial",0,APPLY
407065N-GNBK,1,1,Zapatillas,urbano,0,APPLY
407312N-BLNV,1,1,Zapatillas,urbano,0,APPLY
5CM01687-125,3,1,Zapatillas,urbano,0,APPLY
5FM00693-013,2,1,Zapatillas,urbano,0,APPLY
5RM00816-112,1,1,Zapatillas,urbano,0,APPLY
WL220HB,1,1,Zapatillas,urbano,0,APPLY
5RM02241-013,2,1,Zapatillas,urbano,0,APPLY
WZ501TLC,1,1,Zapatillas,urbano,0,APPLY
5XM00818-697,2,1,Zapatillas,urbano,0,APPLY
100033364,2,1,Zapatillas,urbano,0,APPLY
100069573,3,1,Zapatillas,urbano,0,APPLY
6,21,85,Zapatillas,urbano,0,APPLY
150020-BBK,2,1,Zapatillas,urbano,0,APPLY
13981,1,1,Zapatillas,urbano,0,APPLY
6002,14,85,Zapatillas,"urbano,oficial",0,APPLY
600702,1,1,Zapatillas,urbano,0,APPLY
600706,1,1,Zapatillas,urbano,0,APPLY
10920L-BKMT,1,1,Zapatillas,urbano,0,APPLY
10920L-SMLT,1,1,Zapatillas,urbano,0,APPLY
10920N-NPMT,2,1,Zapatillas,urbano,0,APPLY
10920N-SMLT,2,1,Zapatillas,urbano,0,APPLY
150024-BKPK,4,1,Zapatillas,urbano,0,APPLY
150024-NVLV,2,1,Zapatillas,urbano,0,APPLY
10942L-WHP,1,1,Zapatillas,urbano,0,APPLY
10959L-NPMT,3,1,Zapatillas,urbano,0,APPLY
10959L-NVMT,1,1,Zapatillas,urbano,0,APPLY
10959N-NPMT,3,1,Zapatillas,urbano,0,APPLY
10960L-NVMT,2,1,Zapatillas,urbano,0,APPLY
10976L-PKSL,2,1,Zapatillas,urbano,0,APPLY
10988N-LBM,3,1,Zapatillas,urbano,0,APPLY
10992N-GYM,1,1,Zapatillas,urbano,0,APPLY
10168L,1,1,Zapatillas,urbano,0,APPLY
150041-BKPK,3,1,Zapatillas,urbano,0,APPLY
150044-BBK,4,1,Zapatillas,urbano,0,APPLY
150075-BKW,3,1,Zapatillas,urbano,0,APPLY
150093-BKCL,2,1,Zapatillas,urbano,0,APPLY
150108-TPOR,2,1,Zapatillas,urbano,0,APPLY
150131-NVMT,3,1,Zapatillas,urbano,0,APPLY
150150-BKW,3,1,Zapatillas,urbano,0,APPLY
150160-BKW,3,1,Zapatillas,urbano,0,APPLY
6015,8,109,Zapatillas,urbano,0,APPLY
6019,2,1,Zapatillas,urbano,0,APPLY
110095X219,1,1,Zapatillas,urbano,0,APPLY
110095X2781,2,1,Zapatillas,urbano,0,APPLY
6025,2,1;26,Zapatillas,urbano,0,APPLY
6028,1,1,Zapatillas,urbano,0,APPLY
6036,1,1,Zapatillas,urbano,0,APPLY
6041,1,1,Zapatillas,urbano,0,APPLY
6048,1,1,Zapatillas,urbano,0,APPLY
302160L-HPMT,4,1,Zapatillas,urbano,0,APPLY
BQ3999-104,5,1,Zapatillas,urbano,0,APPLY
6062,1,1,Zapatillas,urbano,0,APPLY
6067,4,98,Zapatillas,"urbano,oficial",0,APPLY
6071,8,1;46;64,Zapatillas,"urbano,oficial",0,APPLY
6078,1,46,Zapatillas,"urbano,oficial",0,APPLY
609-2001,2,1,Zapatillas,urbano,0,APPLY
609-6001,2,1,Zapatillas,urbano,0,APPLY
6097,1,1,Zapatillas,urbano,0,APPLY
6099,1,1,Zapatillas,urbano,0,APPLY
609089-127,1,1,Zapatillas,urbano,0,APPLY
610229-101,1,1,Zapatillas,urbano,0,APPLY
610230-100,1,1,Zapatillas,urbano,0,APPLY
6104,1,63,Zapatillas,urbano,0,APPLY
6105,2,7;46,Zapatillas,"urbano,oficial",0,APPLY
6124,1,63,Zapatillas,urbano,0,APPLY
6133,1,1,Zapatillas,urbano,0,APPLY
6150,1,1,Zapatillas,urbano,0,APPLY
615150-001,1,1,Zapatillas,urbano,0,APPLY
6158,1,1,Zapatillas,urbano,0,APPLY
615972-003,1,1,Zapatillas,urbano,0,APPLY
615972-401,1,1,Zapatillas,urbano,0,APPLY
616273-013,1,1,Zapatillas,urbano,0,APPLY
616353-002,1,1,Zapatillas,urbano,0,APPLY
615150-400,2,1,Zapatillas,urbano,0,APPLY
6156,1,1,Zapatillas,urbano,0,APPLY
616353-005,1,1,Zapatillas,urbano,0,APPLY
616353-011,1,1,Zapatillas,urbano,0,APPLY
616514-009,1,1,Zapatillas,urbano,0,APPLY
616543-001,1,1,Zapatillas,urbano,0,APPLY
616543-003,1,1,Zapatillas,urbano,0,APPLY
616543-019,1,1,Zapatillas,urbano,0,APPLY
616543-021,1,1,Zapatillas,urbano,0,APPLY
616543-022,1,1,Zapatillas,urbano,0,APPLY
616543-023,1,1,Zapatillas,urbano,0,APPLY
616543-031,1,1,Zapatillas,urbano,0,APPLY
616543-035,1,1,Zapatillas,urbano,0,APPLY
616543-036,1,1,Zapatillas,urbano,0,APPLY
616543-402,1,1,Zapatillas,urbano,0,APPLY
616544-001,1,1,Zapatillas,urbano,0,APPLY
616547-027,1,1,Zapatillas,urbano,0,APPLY
616547-100,1,1,Zapatillas,urbano,0,APPLY
616547-112,1,1,Zapatillas,urbano,0,APPLY
616597-001,1,1,Zapatillas,urbano,0,APPLY
616597-401,1,1,Zapatillas,urbano,0,APPLY
616684-007,1,1,Zapatillas,urbano,0,APPLY
616694-002,1,1,Zapatillas,urbano,0,APPLY
616694-505,1,1,Zapatillas,urbano,0,APPLY
616694-600,1,1,Zapatillas,urbano,0,APPLY
616694-601,1,1,Zapatillas,urbano,0,APPLY
616697-300,1,1,Zapatillas,urbano,0,APPLY
616498-101,2,1,Zapatillas,urbano,0,APPLY
616597-006,1,1,Zapatillas,urbano,0,APPLY
61779,4,1,Zapatillas,urbano,0,APPLY
616498-002,2,1,Zapatillas,urbano,0,APPLY
6183,6,19;46;63,Zapatillas,"urbano,oficial",0,APPLY
619-9001,2,1,Zapatillas,urbano,0,APPLY
6192,2,1;14,Zapatillas,urbano,0,APPLY
6193,4,1,Zapatillas,"urbano,oficial",0,APPLY
150201-BKW,2,1,Zapatillas,urbano,0,APPLY
62003,1,1,Zapatillas,urbano,0,APPLY
6204,2,16;46,Zapatillas,"urbano,oficial",0,APPLY
621078-103,1,1,Zapatillas,urbano,0,APPLY
620990-200,1,1,Zapatillas,urbano,0,APPLY
102543 01,1,1,Zapatillas,urbano,0,APPLY
621077-002,1,1,Zapatillas,urbano,0,APPLY
621077-003,1,1,Zapatillas,urbano,0,APPLY
621077-004,1,1,Zapatillas,urbano,0,APPLY
621077-009,1,1,Zapatillas,urbano,0,APPLY
621077-303,1,1,Zapatillas,urbano,0,APPLY
621077-308,1,1,Zapatillas,urbano,0,APPLY
621077-401,1,1,Zapatillas,urbano,0,APPLY
621077-402,1,1,Zapatillas,urbano,0,APPLY
621077-403,1,1,Zapatillas,urbano,0,APPLY
621077-404,1,1,Zapatillas,urbano,0,APPLY
621077-701,1,1,Zapatillas,urbano,0,APPLY
621078-006,1,1,Zapatillas,urbano,0,APPLY
621078-009,1,1,Zapatillas,urbano,0,APPLY
621078-200,1,1,Zapatillas,urbano,0,APPLY
621078-305,1,1,Zapatillas,urbano,0,APPLY
621078-500,1,1,Zapatillas,urbano,0,APPLY
621078-501,1,1,Zapatillas,urbano,0,APPLY
6211,1,1,Zapatillas,urbano,0,APPLY
621078-600,1,1,Zapatillas,urbano,0,APPLY
621078-503,1,1,Zapatillas,urbano,0,APPLY
150370-BKMV,4,1,Zapatillas,urbano,0,APPLY
621226-506,1,1,Zapatillas,urbano,0,APPLY
622041-013,1,1,Zapatillas,urbano,0,APPLY
6229,5,1;9;63,Zapatillas,"urbano,oficial",0,APPLY
62319,2,1,Zapatillas,urbano,0,APPLY
62320,1,1,Zapatillas,urbano,0,APPLY
625748-001,2,1,Zapatillas,urbano,0,APPLY
62607,1,1,Zapatillas,urbano,0,APPLY
62608,2,1,Zapatillas,urbano,0,APPLY
6261,2,1;14,Zapatillas,urbano,0,APPLY
Q26450,1,1,Zapatillas,urbano,0,APPLY
62707,1,1,Zapatillas,urbano,0,APPLY
62799,2,1,Zapatillas,urbano,0,APPLY
62800,1,1,Zapatillas,urbano,0,APPLY
62810,4,1,Zapatillas,urbano,0,APPLY
62813,2,1,Zapatillas,urbano,0,APPLY
62817,5,1,Zapatillas,urbano,0,APPLY
555444-009,1,1,Zapatillas,urbano,0,APPLY
62871,2,1,Zapatillas,urbano,0,APPLY
62889,2,1,Zapatillas,urbano,0,APPLY
62895,2,1,Zapatillas,urbano,0,APPLY
114825-WHT,2,1,Zapatillas,urbano,0,APPLY
55510EWW-NVY,3,1,Zapatillas,urbano,0,APPLY
6292,2,1;2,Zapatillas,"urbano,oficial",0,APPLY
150370-GYLB,2,1,Zapatillas,urbano,0,APPLY
629746-004,1,1,Zapatillas,urbano,0,APPLY
629746-501,1,1,Zapatillas,urbano,0,APPLY
629993-027,1,1,Zapatillas,urbano,0,APPLY
629993-028,1,1,Zapatillas,urbano,0,APPLY
629993-029,1,1,Zapatillas,urbano,0,APPLY
629993-031,1,1,Zapatillas,urbano,0,APPLY
629993-419,1,1,Zapatillas,urbano,0,APPLY
630893-003,1,1,Zapatillas,urbano,0,APPLY
630893-600,1,1,Zapatillas,urbano,0,APPLY
631280-008,1,1,Zapatillas,urbano,0,APPLY
631381-100,1,1,Zapatillas,urbano,0,APPLY
631382-001,1,1,Zapatillas,urbano,0,APPLY
631382-100,1,1,Zapatillas,urbano,0,APPLY
631383-001,1,1,Zapatillas,urbano,0,APPLY
631383-100,1,1,Zapatillas,urbano,0,APPLY
631392-600,1,1,Zapatillas,urbano,0,APPLY
631428-004,1,1,Zapatillas,urbano,0,APPLY
631428-006,1,1,Zapatillas,urbano,0,APPLY
631428-501,1,1,Zapatillas,urbano,0,APPLY
631430-002,1,1,Zapatillas,urbano,0,APPLY
631459-001,1,1,Zapatillas,urbano,0,APPLY
631459-002,1,1,Zapatillas,urbano,0,APPLY
631467-003,1,1,Zapatillas,urbano,0,APPLY
631472-700,1,1,Zapatillas,urbano,0,APPLY
631496-400,1,1,Zapatillas,urbano,0,APPLY
631496-401,1,1,Zapatillas,urbano,0,APPLY
631497-004,1,1,Zapatillas,urbano,0,APPLY
631497-401,2,1,Zapatillas,urbano,0,APPLY
631565-001,1,1,Zapatillas,urbano,0,APPLY
631569-001,1,1,Zapatillas,urbano,0,APPLY
631570-001,1,1,Zapatillas,urbano,0,APPLY
631629-003,1,1,Zapatillas,urbano,0,APPLY
631629-004,1,1,Zapatillas,urbano,0,APPLY
631629-005,1,1,Zapatillas,urbano,0,APPLY
631629-009,1,1,Zapatillas,urbano,0,APPLY
631685-031,1,1,Zapatillas,urbano,0,APPLY
631685-038,1,1,Zapatillas,urbano,0,APPLY
631685-061,1,1,Zapatillas,urbano,0,APPLY
631685-410,1,1,Zapatillas,urbano,0,APPLY
631685-441,1,1,Zapatillas,urbano,0,APPLY
631686-010,1,1,Zapatillas,urbano,0,APPLY
631686-011,1,1,Zapatillas,urbano,0,APPLY
631686-014,1,1,Zapatillas,urbano,0,APPLY
631686-202,1,1,Zapatillas,urbano,0,APPLY
631686-310,1,1,Zapatillas,urbano,0,APPLY
6317,1,1,Zapatillas,urbano,0,APPLY
631703-101,1,1,Zapatillas,urbano,0,APPLY
631718-700,1,1,Zapatillas,urbano,0,APPLY
631566-001,2,1,Zapatillas,urbano,0,APPLY
63205,2,1;13,Zapatillas,urbano,0,APPLY
633631-005,1,1,Zapatillas,urbano,0,APPLY
633631-007,1,1,Zapatillas,urbano,0,APPLY
633631-009,1,1,Zapatillas,urbano,0,APPLY
633631-013,1,1,Zapatillas,urbano,0,APPLY
633631-018,1,1,Zapatillas,urbano,0,APPLY
633631-072,1,1,Zapatillas,urbano,0,APPLY
633631-108,1,1,Zapatillas,urbano,0,APPLY
633631-400,1,1,Zapatillas,urbano,0,APPLY
63382,1,1,Zapatillas,urbano,0,APPLY
63402,1,1,Zapatillas,urbano,0,APPLY
6345,1,1,Zapatillas,urbano,0,APPLY
6346,1,1,Zapatillas,urbano,0,APPLY
63472,2,1,Zapatillas,urbano,0,APPLY
63488,1,1,Zapatillas,urbano,0,APPLY
63494,2,1,Zapatillas,urbano,0,APPLY
63579,2,1,Zapatillas,urbano,0,APPLY
117007-BKPK,2,1,Zapatillas,urbano,0,APPLY
63611,2,1,Zapatillas,urbano,0,APPLY
63621,1,1,Zapatillas,urbano,0,APPLY
63623,2,1,Zapatillas,urbano,0,APPLY
63701,2,1,Zapatillas,urbano,0,APPLY
63704,2,1,Zapatillas,urbano,0,APPLY
63706,1,1,Zapatillas,urbano,0,APPLY
63707,2,1,Zapatillas,urbano,0,APPLY
637382-004,1,1,Zapatillas,urbano,0,APPLY
637382-008,1,1,Zapatillas,urbano,0,APPLY
637382-011,1,1,Zapatillas,urbano,0,APPLY
637382-013,1,1,Zapatillas,urbano,0,APPLY
637382-018,1,1,Zapatillas,urbano,0,APPLY
637382-020,1,1,Zapatillas,urbano,0,APPLY
637382-102,1,1,Zapatillas,urbano,0,APPLY
637382-103,1,1,Zapatillas,urbano,0,APPLY
637382-104,1,1,Zapatillas,urbano,0,APPLY
637382-105,1,1,Zapatillas,urbano,0,APPLY
637382-500,1,1,Zapatillas,urbano,0,APPLY
117052-BLK,4,1,Zapatillas,urbano,0,APPLY
63742,3,1,Zapatillas,urbano,0,APPLY
63746,1,1,Zapatillas,urbano,0,APPLY
63850,2,1,Zapatillas,urbano,0,APPLY
63890,2,1,Zapatillas,urbano,0,APPLY
6391,1,1,Zapatillas,urbano,0,APPLY
6393,1,1,Zapatillas,urbano,0,APPLY
639351-003,1,1,Zapatillas,urbano,0,APPLY
639351-300,1,1,Zapatillas,urbano,0,APPLY
117067-OFWT,5,1,Zapatillas,urbano,0,APPLY
117074-BBK,5,1,Zapatillas,urbano,0,APPLY
639657-002,1,1,Zapatillas,urbano,0,APPLY
639657-003,1,1,Zapatillas,urbano,0,APPLY
639657-104,1,1,Zapatillas,urbano,0,APPLY
63986,1,1,Zapatillas,urbano,0,APPLY
117151-BBK,6,1,Zapatillas,urbano,0,APPLY
117151-WHT,5,1,Zapatillas,urbano,0,APPLY
117152-BBK,2,1,Zapatillas,urbano,0,APPLY
117152-BLK,5,1,Zapatillas,"urbano,negro",0,APPLY
117152-NVY,3,1,Zapatillas,urbano,0,APPLY
117186-WLPK,3,1,Zapatillas,urbano,0,APPLY
117187-BURG,3,1,Zapatillas,urbano,0,APPLY
15061,1,1,Zapatillas,urbano,0,APPLY
15069BBK,1,1,Zapatillas,urbano,0,APPLY
15069BKHP,1,1,Zapatillas,urbano,0,APPLY
117209-RAS,5,1,Zapatillas,urbano,0,APPLY
117209-RED,4,1,Zapatillas,urbano,0,APPLY
6404,2,2;63,Zapatillas,urbano,0,APPLY
6405,2,1;14,Zapatillas,urbano,0,APPLY
64090,1,1,Zapatillas,urbano,0,APPLY
641-2006,1,1,Zapatillas,urbano,0,APPLY
641-5006,1,1,Zapatillas,urbano,0,APPLY
64109,1,1,Zapatillas,urbano,0,APPLY
64111,1,1,Zapatillas,urbano,0,APPLY
641864-400,1,1,Zapatillas,urbano,0,APPLY
641865-400,1,1,Zapatillas,urbano,0,APPLY
641866-001,1,1,Zapatillas,urbano,0,APPLY
117256-BLK,2,1,Zapatillas,urbano,0,APPLY
641868-001,1,1,Zapatillas,urbano,0,APPLY
641869-001,1,1,Zapatillas,urbano,0,APPLY
641870-001,1,1,Zapatillas,urbano,0,APPLY
641893-112,1,1,Zapatillas,urbano,0,APPLY
641894-110,1,1,Zapatillas,urbano,0,APPLY
642198-301,1,1,Zapatillas,urbano,0,APPLY
642198-400,1,1,Zapatillas,urbano,0,APPLY
642198-402,1,1,Zapatillas,urbano,0,APPLY
642198-601,1,1,Zapatillas,urbano,0,APPLY
642199-002,1,1,Zapatillas,urbano,0,APPLY
642199-501,1,1,Zapatillas,urbano,0,APPLY
642199-601,1,1,Zapatillas,urbano,0,APPLY
642800-005,1,1,Zapatillas,urbano,0,APPLY
642800-300,1,1,Zapatillas,urbano,0,APPLY
642800-400,1,1,Zapatillas,urbano,0,APPLY
642780-500,2,1,Zapatillas,urbano,0,APPLY
643083-500,1,1,Zapatillas,urbano,0,APPLY
643083-604,1,1,Zapatillas,urbano,0,APPLY
643096-101,1,1,Zapatillas,urbano,0,APPLY
643104-003,1,1,Zapatillas,urbano,0,APPLY
643245-004,1,1,Zapatillas,urbano,0,APPLY
643245-006,1,1,Zapatillas,urbano,0,APPLY
643245-008,1,1,Zapatillas,urbano,0,APPLY
117378-RED,3,1,Zapatillas,urbano,0,APPLY
117379-OFWT,4,1,Zapatillas,urbano,0,APPLY
6437,1,1,Zapatillas,urbano,0,APPLY
64429-004,1,1,Zapatillas,urbano,0,APPLY
64429-401,1,1,Zapatillas,urbano,0,APPLY
117385-BLSH,2,1,Zapatillas,urbano,0,APPLY
13989,1,1,Zapatillas,urbano,0,APPLY
15098-BBK,1,1,Zapatillas,urbano,0,APPLY
151-0361,2,1,Zapatillas,urbano,0,APPLY
64355,1,1,Zapatillas,urbano,0,APPLY
151-1047,1,1,Zapatillas,urbano,0,APPLY
151-1122,1,1,Zapatillas,urbano,0,APPLY
644402-008,1,1,Zapatillas,urbano,0,APPLY
644402-020,1,1,Zapatillas,urbano,0,APPLY
644402-412,1,1,Zapatillas,urbano,0,APPLY
644402-414,1,1,Zapatillas,urbano,0,APPLY
644402-700,1,1,Zapatillas,urbano,0,APPLY
644429-006,1,1,Zapatillas,urbano,0,APPLY
644429-701,1,1,Zapatillas,urbano,0,APPLY
644430-004,1,1,Zapatillas,urbano,0,APPLY
644430-401,1,1,Zapatillas,urbano,0,APPLY
644430-701,1,1,Zapatillas,urbano,0,APPLY
644447-004,1,1,Zapatillas,urbano,0,APPLY
644447-502,1,1,Zapatillas,urbano,0,APPLY
644447-601,1,1,Zapatillas,urbano,0,APPLY
644448-004,1,1,Zapatillas,urbano,0,APPLY
644448-601,1,1,Zapatillas,urbano,0,APPLY
644521-600,1,1,Zapatillas,urbano,0,APPLY
644593-001,1,1,Zapatillas,urbano,0,APPLY
644593-500,1,1,Zapatillas,urbano,0,APPLY
644593-601,1,1,Zapatillas,urbano,0,APPLY
644673-017,1,1,Zapatillas,urbano,0,APPLY
644673-360,1,1,Zapatillas,urbano,0,APPLY
151-0788,4,1,Zapatillas,urbano,0,APPLY
151-1475,4,1,Zapatillas,urbano,0,APPLY
644402-006,1,1,Zapatillas,urbano,0,APPLY
644877-300,1,1,Zapatillas,urbano,0,APPLY
644877-600,1,1,Zapatillas,urbano,0,APPLY
64521,1,1,Zapatillas,urbano,0,APPLY
645778-409,1,1,Zapatillas,urbano,0,APPLY
151-1936,1,1,Zapatillas,urbano,0,APPLY
151-1998,1,1,Zapatillas,urbano,0,APPLY
64641,1,1,Zapatillas,urbano,0,APPLY
151-1884,1,1,Zapatillas,urbano,0,APPLY
151-1960,2,1,Zapatillas,urbano,0,APPLY
64593,1,1,Zapatillas,urbano,0,APPLY
647,3,1;5;11,Zapatillas,urbano,0,APPLY
64712,1,1,Zapatillas,urbano,0,APPLY
151-2361,5,1,Zapatillas,urbano,0,APPLY
64857,3,1,Zapatillas,urbano,0,APPLY
6487,1,1,Zapatillas,urbano,0,APPLY
649-4004,2,1,Zapatillas,urbano,0,APPLY
649-6004,1,1,Zapatillas,urbano,0,APPLY
151-4065,1,46,Zapatillas,urbano,0,APPLY
151-5136,1,1,Zapatillas,urbano,0,APPLY
6491,1,63,Zapatillas,urbano,0,APPLY
6492,1,1,Zapatillas,urbano,0,APPLY
151-5361,3,1,Zapatillas,urbano,0,APPLY
151-5399,2,1,Zapatillas,urbano,0,APPLY
151-5475,2,1,Zapatillas,urbano,0,APPLY
651618-170,1,1,Zapatillas,urbano,0,APPLY
651618-650,1,1,Zapatillas,urbano,0,APPLY
651618-690,1,1,Zapatillas,urbano,0,APPLY
651618-800,1,1,Zapatillas,urbano,0,APPLY
13993,1,1,Zapatillas,urbano,0,APPLY
121-6010,5,1,Zapatillas,urbano,0,APPLY
151-5481,2,1,Zapatillas,urbano,0,APPLY
651647-440,1,1,Zapatillas,urbano,0,APPLY
651651-770,1,1,Zapatillas,urbano,0,APPLY
6517,2,1;14,Zapatillas,urbano,0,APPLY
151-5542,2,1,Zapatillas,urbano,0,APPLY
652867-002,1,1,Zapatillas,urbano,0,APPLY
652867-014,1,1,Zapatillas,urbano,0,APPLY
652980-007,1,1,Zapatillas,urbano,0,APPLY
652980-011,1,1,Zapatillas,urbano,0,APPLY
653455-004,1,1,Zapatillas,urbano,0,APPLY
653455-005,1,1,Zapatillas,urbano,0,APPLY
653455-008,1,1,Zapatillas,urbano,0,APPLY
653455-009,1,1,Zapatillas,urbano,0,APPLY
653455-403,1,1,Zapatillas,urbano,0,APPLY
653656-006,1,1,Zapatillas,urbano,0,APPLY
653698-002,1,1,Zapatillas,urbano,0,APPLY
151-5937,1,1,Zapatillas,urbano,0,APPLY
653699-002,1,1,Zapatillas,urbano,0,APPLY
653703-004,1,1,Zapatillas,urbano,0,APPLY
653755-401,1,1,Zapatillas,urbano,0,APPLY
653822-101,1,1,Zapatillas,urbano,0,APPLY
653754-401,1,1,Zapatillas,urbano,0,APPLY
653819-106,2,1,Zapatillas,urbano,0,APPLY
654145-500,1,1,Zapatillas,urbano,0,APPLY
654147-002,1,1,Zapatillas,urbano,0,APPLY
654147-500,1,1,Zapatillas,urbano,0,APPLY
654147-600,1,1,Zapatillas,urbano,0,APPLY
654154-003,1,1,Zapatillas,urbano,0,APPLY
654157-003,1,1,Zapatillas,urbano,0,APPLY
654289-003,1,1,Zapatillas,urbano,0,APPLY
654289-012,1,1,Zapatillas,urbano,0,APPLY
654289-400,1,1,Zapatillas,urbano,0,APPLY
654290-006,1,1,Zapatillas,urbano,0,APPLY
654290-012,1,1,Zapatillas,urbano,0,APPLY
654433-005,1,1,Zapatillas,urbano,0,APPLY
6549,1,63,Zapatillas,urbano,0,APPLY
654989-207,1,1,Zapatillas,urbano,0,APPLY
654989-440,1,1,Zapatillas,urbano,0,APPLY
6550,1,1,Zapatillas,urbano,0,APPLY
654154-005,1,1,Zapatillas,urbano,0,APPLY
6557,1,1,Zapatillas,urbano,0,APPLY
151-6308,3,1,Zapatillas,urbano,0,APPLY
117730-LAV,1,1,Zapatillas,urbano,0,APPLY
151-6332,4,1,Zapatillas,urbano,0,APPLY
6575,1,1,Zapatillas,urbano,0,APPLY
659-6004,1,1,Zapatillas,urbano,0,APPLY
659-6005,1,1,Zapatillas,urbano,0,APPLY
659-9001,2,1,Zapatillas,urbano,0,APPLY
151-9052,1,46,Zapatillas,urbano,0,APPLY
151-6337,2,1,Zapatillas,urbano,0,APPLY
151-6992,1,1,Zapatillas,urbano,0,APPLY
151-9337,2,1,Zapatillas,urbano,0,APPLY
151-9361,4,1,Zapatillas,urbano,0,APPLY
6602,2,46;64,Zapatillas,"urbano,oficial",0,APPLY
151-9932,2,1,Zapatillas,urbano,0,APPLY
151-9998,1,1,Zapatillas,urbano,0,APPLY
660269,2,1,Zapatillas,urbano,0,APPLY
15103-BKPK,4,1,Zapatillas,urbano,0,APPLY
660296REG,3,1,Zapatillas,urbano,0,APPLY
661,9,109,Zapatillas,urbano,0,APPLY
6612,1,1,Zapatillas,urbano,0,APPLY
118300-BBK,2,1,Zapatillas,urbano,0,APPLY
6619,1,1,Zapatillas,urbano,0,APPLY
664488-010,1,1,Zapatillas,urbano,0,APPLY
664488-016,1,1,Zapatillas,urbano,0,APPLY
6652,2,1;11,Zapatillas,urbano,0,APPLY
6654,1,46,Zapatillas,"urbano,oficial",0,APPLY
6658,1,1,Zapatillas,urbano,0,APPLY
15100BBK,1,1,Zapatillas,urbano,0,APPLY
66454-BLK,2,1,Zapatillas,urbano,0,APPLY
6667,1,1,Zapatillas,urbano,0,APPLY
6668,2,1,Zapatillas,urbano,0,APPLY
6680,1,46,Zapatillas,urbano,0,APPLY
6681,2,19;46,Zapatillas,urbano,0,APPLY
6696,1,1,Zapatillas,urbano,0,APPLY
6701,3,1;15,Zapatillas,urbano,0,APPLY
6704,1,1,Zapatillas,urbano,0,APPLY
6711,1,1,Zapatillas,urbano,0,APPLY
673,3,1;24;26,Zapatillas,urbano,0,APPLY
6736,1,1,Zapatillas,urbano,0,APPLY
6740,1,1,Zapatillas,urbano,0,APPLY
6746,1,1,Zapatillas,urbano,0,APPLY
6752,1,1,Zapatillas,urbano,0,APPLY
6759,1,1,Zapatillas,urbano,0,APPLY
676,1,1,Zapatillas,urbano,0,APPLY
6770,1,1,Zapatillas,urbano,0,APPLY
6764,1,1,Zapatillas,urbano,0,APPLY
6773,3,1,Zapatillas,urbano,0,APPLY
6782,1,1,Zapatillas,urbano,0,APPLY
679,4,19;46,Zapatillas,urbano,0,APPLY
677357,2,1,Zapatillas,urbano,0,APPLY
68012,3,1,Zapatillas,urbano,0,APPLY
6802,1,1,Zapatillas,urbano,0,APPLY
68031,1,1,Zapatillas,urbano,0,APPLY
68032,2,1,Zapatillas,urbano,0,APPLY
68057,1,1,Zapatillas,urbano,0,APPLY
68058,1,1,Zapatillas,urbano,0,APPLY
68081,1,1,Zapatillas,urbano,0,APPLY
68082,1,1,Zapatillas,urbano,0,APPLY
6811,1,1,Zapatillas,urbano,0,APPLY
68164,1,1,Zapatillas,urbano,0,APPLY
683632-004,1,1,Zapatillas,urbano,0,APPLY
683632-017,1,1,Zapatillas,urbano,0,APPLY
683635-002,1,1,Zapatillas,urbano,0,APPLY
683635-009,1,1,Zapatillas,urbano,0,APPLY
683635-500,1,1,Zapatillas,urbano,0,APPLY
6842,2,1;19,Zapatillas,urbano,0,APPLY
6843,3,1,Zapatillas,urbano,0,APPLY
684530-002,1,1,Zapatillas,urbano,0,APPLY
684530-004,1,1,Zapatillas,urbano,0,APPLY
684530-010,1,1,Zapatillas,urbano,0,APPLY
684530-101,1,1,Zapatillas,urbano,0,APPLY
684530-402,1,1,Zapatillas,urbano,0,APPLY
684531-002,1,1,Zapatillas,urbano,0,APPLY
684531-005,1,1,Zapatillas,urbano,0,APPLY
684658-030,1,1,Zapatillas,urbano,0,APPLY
684658-034,1,1,Zapatillas,urbano,0,APPLY
6847,1,1,Zapatillas,urbano,0,APPLY
Q26471,1,1,Zapatillas,urbano,0,APPLY
684531-003,1,1,Zapatillas,urbano,0,APPLY
684658-003,1,1,Zapatillas,urbano,0,APPLY
684771-102,1,1,Zapatillas,urbano,0,APPLY
684979-008,1,1,Zapatillas,urbano,0,APPLY
684981-005,1,1,Zapatillas,urbano,0,APPLY
684981-006,1,1,Zapatillas,urbano,0,APPLY
684981-007,1,1,Zapatillas,urbano,0,APPLY
684981-008,1,1,Zapatillas,urbano,0,APPLY
684981-400,1,1,Zapatillas,urbano,0,APPLY
684981-401,1,1,Zapatillas,urbano,0,APPLY
684981-600,1,1,Zapatillas,urbano,0,APPLY
6853,1,1,Zapatillas,urbano,0,APPLY
685360-001,1,1,Zapatillas,urbano,0,APPLY
685360-480,1,1,Zapatillas,urbano,0,APPLY
685362-800,1,1,Zapatillas,urbano,0,APPLY
6858,1,46,Zapatillas,urbano,0,APPLY
6863,1,63,Zapatillas,urbano,0,APPLY
104163-NVCL,4,1,Zapatillas,urbano,0,APPLY
684531-101,1,1,Zapatillas,urbano,0,APPLY
6887,1,63,Zapatillas,urbano,0,APPLY
6910,1,1,Zapatillas,urbano,0,APPLY
6916,2,1;46,Zapatillas,urbano,0,APPLY
6947,1,1,Zapatillas,urbano,0,APPLY
15162-NVHP,2,1,Zapatillas,urbano,0,APPLY
6971,1,1,Zapatillas,urbano,0,APPLY
698902-002,1,1,Zapatillas,urbano,0,APPLY
698902-006,1,1,Zapatillas,urbano,0,APPLY
1090,4,1;9;40,Zapatillas,urbano,0,APPLY
117209-BLSH,6,1,Zapatillas,urbano,0,APPLY
104048 02,1,1,Zapatillas,urbano,0,APPLY
555023-002,1,1,Zapatillas,urbano,0,APPLY
555024-006,1,1,Zapatillas,urbano,0,APPLY
104078 01,1,1,Zapatillas,urbano,0,APPLY
104046 02,1,1,Zapatillas,urbano,0,APPLY
7016,1,63,Zapatillas,urbano,0,APPLY
555764-012,1,1,Zapatillas,urbano,0,APPLY
104413-NVLV,4,1,Zapatillas,urbano,0,APPLY
703072-004,1,1,Zapatillas,urbano,0,APPLY
703072-005,1,1,Zapatillas,urbano,0,APPLY
703072-014,1,1,Zapatillas,urbano,0,APPLY
1525,4,1;14;69,Zapatillas,urbano,0,APPLY
10486L,1,1,Zapatillas,urbano,0,APPLY
7043,3,1;2,Zapatillas,urbano,0,APPLY
7045,1,1,Zapatillas,urbano,0,APPLY
1049,2,1,Zapatillas,urbano,0,APPLY
705114-200,1,1,Zapatillas,urbano,0,APPLY
705372-403,1,1,Zapatillas,urbano,0,APPLY
7071,1,1,Zapatillas,urbano,0,APPLY
7073,1,1,Zapatillas,urbano,0,APPLY
707319-005,1,1,Zapatillas,urbano,0,APPLY
707394-011,1,1,Zapatillas,urbano,0,APPLY
153-9258,3,1,Zapatillas,urbano,0,APPLY
7112,1,1,Zapatillas,urbano,0,APPLY
71130101,1,46,Zapatillas,urbano,0,APPLY
71110101,1,46,Zapatillas,urbano,0,APPLY
7111,1,46,Zapatillas,"urbano,oficial",0,APPLY
71230120,1,46,Zapatillas,urbano,0,APPLY
7142,1,63,Zapatillas,urbano,0,APPLY
716789-502,1,1,Zapatillas,urbano,0,APPLY
10573N,1,1,Zapatillas,urbano,0,APPLY
1536,2,1,Zapatillas,urbano,0,APPLY
7178,1,46,Zapatillas,"urbano,oficial",0,APPLY
7183,1,63,Zapatillas,urbano,0,APPLY
716904-041,2,1,Zapatillas,urbano,0,APPLY
621225-017,1,1,Zapatillas,urbano,0,APPLY
7213,1,46,Zapatillas,urbano,0,APPLY
10592N,2,1,Zapatillas,urbano,0,APPLY
723107,2,1,Zapatillas,urbano,0,APPLY
724067-013,1,1,Zapatillas,urbano,0,APPLY
724987-014,1,1,Zapatillas,urbano,0,APPLY
724991-002,1,1,Zapatillas,urbano,0,APPLY
724994-001,1,1,Zapatillas,urbano,0,APPLY
724995-001,1,1,Zapatillas,urbano,0,APPLY
725109-080,1,1,Zapatillas,urbano,0,APPLY
725245-508,2,1,Zapatillas,urbano,0,APPLY
7266,2,1,Zapatillas,urbano,0,APPLY
7268,1,1,Zapatillas,urbano,0,APPLY
154-4046,2,46,Zapatillas,urbano,0,APPLY
154-5006,1,46,Zapatillas,urbano,0,APPLY
154-6067,1,46,Zapatillas,urbano,0,APPLY
154-6825,3,46,Zapatillas,urbano,0,APPLY
154-9106,1,46,Zapatillas,urbano,0,APPLY
154-9146,3,46,Zapatillas,urbano,0,APPLY
10613N,3,1,Zapatillas,urbano,0,APPLY
7313,1,1,Zapatillas,urbano,0,APPLY
7314,1,1,Zapatillas,urbano,0,APPLY
73689-WMLT,2,1,Zapatillas,urbano,0,APPLY
73690-SLT,4,1,Zapatillas,urbano,0,APPLY
11J230X150,1,1,Zapatillas,urbano,0,APPLY
155005-BLK,2,1,Zapatillas,urbano,0,APPLY
155005-ROS,2,1,Zapatillas,urbano,0,APPLY
7385,1,1,Zapatillas,urbano,0,APPLY
155089-BLK,3,1,Zapatillas,urbano,0,APPLY
74245-BLK,1,1,Zapatillas,urbano,0,APPLY
747998-002,1,1,Zapatillas,urbano,0,APPLY
747998-010,1,1,Zapatillas,urbano,0,APPLY
747998-101,1,1,Zapatillas,urbano,0,APPLY
747998-102,1,1,Zapatillas,urbano,0,APPLY
747998-401,1,1,Zapatillas,urbano,0,APPLY
747998-402,1,1,Zapatillas,urbano,0,APPLY
747999-001,1,1,Zapatillas,urbano,0,APPLY
747999-002,1,1,Zapatillas,urbano,0,APPLY
747999-004,1,1,Zapatillas,urbano,0,APPLY
748002-001,1,1,Zapatillas,urbano,0,APPLY
748002-002,1,1,Zapatillas,urbano,0,APPLY
748002-004,1,1,Zapatillas,urbano,0,APPLY
748002-005,1,1,Zapatillas,urbano,0,APPLY
748002-101,1,1,Zapatillas,urbano,0,APPLY
7490,1,1,Zapatillas,urbano,0,APPLY
599188-007,1,1,Zapatillas,urbano,0,APPLY
599188-100,1,1,Zapatillas,urbano,0,APPLY
749167-005,1,1,Zapatillas,urbano,0,APPLY
749181-102,1,1,Zapatillas,urbano,0,APPLY
749184-501,1,1,Zapatillas,urbano,0,APPLY
7494,1,1,Zapatillas,urbano,0,APPLY
749425-009,1,1,Zapatillas,urbano,0,APPLY
749428-022,1,1,Zapatillas,urbano,0,APPLY
749432-200,1,1,Zapatillas,urbano,0,APPLY
749593-501,1,1,Zapatillas,urbano,0,APPLY
749680-003,1,1,Zapatillas,urbano,0,APPLY
749180-500,1,1,Zapatillas,urbano,0,APPLY
749747-411,4,1,Zapatillas,urbano,0,APPLY
749794-001,1,1,Zapatillas,urbano,0,APPLY
749795-001,1,1,Zapatillas,urbano,0,APPLY
749809-400,1,1,Zapatillas,urbano,0,APPLY
749818-007,1,1,Zapatillas,urbano,0,APPLY
749821-007,1,1,Zapatillas,urbano,0,APPLY
749836-400,1,1,Zapatillas,urbano,0,APPLY
749862-070,1,1,Zapatillas,urbano,0,APPLY
749862-484,1,1,Zapatillas,urbano,0,APPLY
10659N,1,1,Zapatillas,urbano,0,APPLY
749869-087,1,1,Zapatillas,urbano,0,APPLY
155089-WHT,2,1,Zapatillas,urbano,0,APPLY
155133-WHT,5,1,Zapatillas,urbano,0,APPLY
749747-200,4,1,Zapatillas,urbano,0,APPLY
749922-080,1,1,Zapatillas,urbano,0,APPLY
155174-WHT,5,1,Zapatillas,urbano,0,APPLY
749869-463,1,1,Zapatillas,urbano,0,APPLY
7519,1,1,Zapatillas,urbano,0,APPLY
7523,1,1,Zapatillas,urbano,0,APPLY
7552,1,1,Zapatillas,urbano,0,APPLY
155179-BLK,3,1,Zapatillas,urbano,0,APPLY
7591,1,1,Zapatillas,urbano,0,APPLY
10667N,3,1,Zapatillas,urbano,0,APPLY
644-5009,1,1,Zapatillas,urbano,0,APPLY
7611,1,63,Zapatillas,urbano,0,APPLY
1068,4,1;12,Zapatillas,urbano,0,APPLY
155196-MVE,3,1,Zapatillas,urbano,0,APPLY
7655,1,63,Zapatillas,"urbano,sala",0,APPLY
7690,3,41;63;64,Zapatillas,urbano,0,APPLY
155196-WSL,3,1,Zapatillas,urbano,0,APPLY
155246-WHT,6,1,Zapatillas,urbano,0,APPLY
1071,2,1;63,Zapatillas,urbano,0,APPLY
155255-BLK,5,1,Zapatillas,urbano,0,APPLY
774,1,1,Zapatillas,urbano,0,APPLY
7753,1,1,Zapatillas,urbano,0,APPLY
7759,1,1,Zapatillas,urbano,0,APPLY
7763,1,1,Zapatillas,urbano,0,APPLY
7787,1,63,Zapatillas,urbano,0,APPLY
1074,4,1;19,Zapatillas,urbano,0,APPLY
10758N,3,1,Zapatillas,urbano,0,APPLY
10764N,1,1,Zapatillas,urbano,0,APPLY
10767L BKMT,1,1,Zapatillas,urbano,0,APPLY
10767N,3,1,Zapatillas,urbano,0,APPLY
1078,2,1,Zapatillas,urbano,0,APPLY
10767N NPMT,4,1,Zapatillas,urbano,0,APPLY
10767N NVLV,1,1,Zapatillas,urbano,0,APPLY
10776N,4,1,Zapatillas,urbano,0,APPLY
1079,2,1;3,Zapatillas,urbano,0,APPLY
155399-BLSH,2,1,Zapatillas,urbano,0,APPLY
155401-BBK,5,1,Zapatillas,urbano,0,APPLY
7850,1,1,Zapatillas,urbano,0,APPLY
7884,1,1,Zapatillas,urbano,0,APPLY
7893,1,1,Zapatillas,urbano,0,APPLY
7894,1,1,Zapatillas,urbano,0,APPLY
7927,1,63,Zapatillas,urbano,0,APPLY
7929,1,1,Zapatillas,urbano,0,APPLY
7930,1,1,Zapatillas,urbano,0,APPLY
7931,1,1,Zapatillas,urbano,0,APPLY
7983,2,1,Zapatillas,urbano,0,APPLY
7984,2,1;7,Zapatillas,urbano,0,APPLY
7985,2,1;43,Zapatillas,urbano,0,APPLY
7989,1,63,Zapatillas,urbano,0,APPLY
799,1,1,Zapatillas,urbano,0,APPLY
10801N,1,1,Zapatillas,urbano,0,APPLY
1081,1,1,Zapatillas,urbano,0,APPLY
155507-WMLT,2,1,Zapatillas,urbano,0,APPLY
155521-WHT,5,1,Zapatillas,urbano,0,APPLY
8003,9,2;5;9;16;42;46;63,Zapatillas,urbano,0,APPLY
1084,1,1,Zapatillas,urbano,0,APPLY
80033L,1,1,Zapatillas,urbano,0,APPLY
801-2473,1,1,Zapatillas,urbano,0,APPLY
801-4026,1,1,Zapatillas,urbano,0,APPLY
801-4030,1,1,Zapatillas,urbano,0,APPLY
801-4407,1,1,Zapatillas,urbano,0,APPLY
801-6026,1,1,Zapatillas,urbano,0,APPLY
801-4524,4,1,Zapatillas,urbano,0,APPLY
801-6444,1,1,Zapatillas,urbano,0,APPLY
801-8407,1,1,Zapatillas,urbano,0,APPLY
155543-BBK,2,1,Zapatillas,urbano,0,APPLY
155543-BLSH,5,1,Zapatillas,urbano,0,APPLY
801-6797,5,1,Zapatillas,urbano,0,APPLY
801-7662,2,1,Zapatillas,urbano,0,APPLY
801-9520,1,1,Zapatillas,urbano,0,APPLY
1089,1,1,Zapatillas,urbano,0,APPLY
10874NDMLT,4,1,Zapatillas,urbano,0,APPLY
10886NLPMT,2,1,Zapatillas,urbano,0,APPLY
80165L,2,1,Zapatillas,urbano,0,APPLY
80182L,2,1,Zapatillas,urbano,0,APPLY
80190L,2,1,Zapatillas,urbano,0,APPLY
80221L,1,1,Zapatillas,urbano,0,APPLY
80240L,1,1,Zapatillas,urbano,0,APPLY
155543-WHT,4,1,Zapatillas,urbano,0,APPLY
803-3214,1,1,Zapatillas,urbano,0,APPLY
803-4213,1,1,Zapatillas,urbano,0,APPLY
10901L,2,1,Zapatillas,urbano,0,APPLY
804-2018,1,1,Zapatillas,urbano,0,APPLY
804-3118,1,1,Zapatillas,urbano,0,APPLY
804-4635,1,1,Zapatillas,urbano,0,APPLY
804-4855,1,1,Zapatillas,urbano,0,APPLY
804-5118,1,1,Zapatillas,urbano,0,APPLY
804-6020,1,1,Zapatillas,urbano,0,APPLY
10914N,3,1,Zapatillas,urbano,0,APPLY
155544-BKLP,4,1,Zapatillas,urbano,0,APPLY
155593-WNPK,6,1,Zapatillas,urbano,0,APPLY
804-6260,1,1,Zapatillas,urbano,0,APPLY
8043,1,1,Zapatillas,urbano,0,APPLY
1093,2,1;63,Zapatillas,urbano,0,APPLY
1094,2,1,Zapatillas,urbano,0,APPLY
10940L,1,1,Zapatillas,urbano,0,APPLY
10921LNPMT,1,1,Zapatillas,urbano,0,APPLY
10921NNPMT,1,1,Zapatillas,urbano,0,APPLY
10921NSMLT,1,1,Zapatillas,urbano,0,APPLY
10943L PKPR,1,1,Zapatillas,urbano,0,APPLY
80475L,1,1,Zapatillas,urbano,0,APPLY
8048,1,63,Zapatillas,urbano,0,APPLY
805-6400,1,46,Zapatillas,urbano,0,APPLY
10940L-GLD,2,1,Zapatillas,urbano,0,APPLY
10959N-BKMT,2,1,Zapatillas,urbano,0,APPLY
155616-TPE,3,1,Zapatillas,urbano,0,APPLY
80444L-PWMT,3,1,Zapatillas,urbano,0,APPLY
80572L,2,1,Zapatillas,urbano,0,APPLY
80575L,2,1,Zapatillas,urbano,0,APPLY
1099,2,1;7,Zapatillas,urbano,0,APPLY
155620-BLK,3,1,Zapatillas,urbano,0,APPLY
80591L,1,1,Zapatillas,urbano,0,APPLY
80591N,1,1,Zapatillas,urbano,0,APPLY
805941-004,1,1,Zapatillas,urbano,0,APPLY
805941-008,1,1,Zapatillas,urbano,0,APPLY
805941-013,1,1,Zapatillas,urbano,0,APPLY
80594N,1,1,Zapatillas,urbano,0,APPLY
805941-001,1,1,Zapatillas,urbano,0,APPLY
805942-408,1,1,Zapatillas,urbano,0,APPLY
806-6007,1,1,Zapatillas,urbano,0,APPLY
155628-PKMT,3,1,Zapatillas,urbano,0,APPLY
155628-WMLT,2,1,Zapatillas,urbano,0,APPLY
80579L-WHT,3,1,Zapatillas,urbano,0,APPLY
806255-403,1,1,Zapatillas,urbano,0,APPLY
80638L,2,1,Zapatillas,urbano,0,APPLY
80668L,2,1,Zapatillas,urbano,0,APPLY
806-6038,1,1,Zapatillas,urbano,0,APPLY
8067,1,63,Zapatillas,urbano,0,APPLY
806941-007,1,1,Zapatillas,urbano,0,APPLY
806941-401,1,1,Zapatillas,urbano,0,APPLY
80695L,2,1,Zapatillas,urbano,0,APPLY
807113-005,1,1,Zapatillas,urbano,0,APPLY
807113-006,1,1,Zapatillas,urbano,0,APPLY
807144-001,1,1,Zapatillas,urbano,0,APPLY
807144-002,1,1,Zapatillas,urbano,0,APPLY
807187-002,1,1,Zapatillas,urbano,0,APPLY
807242-770,1,1,Zapatillas,urbano,0,APPLY
155637-OFWT,3,1,Zapatillas,urbano,0,APPLY
807317-403,1,1,Zapatillas,urbano,0,APPLY
807328-002,1,1,Zapatillas,urbano,0,APPLY
807328-004,1,1,Zapatillas,urbano,0,APPLY
80733N,3,1,Zapatillas,urbano,0,APPLY
808-2192,1,1,Zapatillas,"urbano,trekking",0,APPLY
808-2193,1,1,Zapatillas,"urbano,trekking",0,APPLY
808-4193,1,1,Zapatillas,"urbano,trekking",0,APPLY
808-6192,1,1,Zapatillas,"urbano,trekking",0,APPLY
808-6214,1,1,Zapatillas,urbano,0,APPLY
808-7193,1,1,Zapatillas,"urbano,trekking",0,APPLY
808-9359,1,1,Zapatillas,urbano,0,APPLY
80855L,1,1,Zapatillas,urbano,0,APPLY
80855L-WBPR,1,1,Zapatillas,urbano,0,APPLY
80855L-WMLT,1,1,Zapatillas,urbano,0,APPLY
80867N,5,1,Zapatillas,urbano,0,APPLY
80871L,1,1,Zapatillas,urbano,0,APPLY
80877L,2,1,Zapatillas,urbano,0,APPLY
80878L,1,1,Zapatillas,urbano,0,APPLY
80884L,1,1,Zapatillas,urbano,0,APPLY
80885L,2,1,Zapatillas,urbano,0,APPLY
80895L,1,1,Zapatillas,urbano,0,APPLY
809-2028,1,1,Zapatillas,urbano,0,APPLY
809-7050,1,1,Zapatillas,urbano,0,APPLY
809-8003,1,1,Zapatillas,urbano,0,APPLY
809-9003,1,1,Zapatillas,urbano,0,APPLY
809-9021,1,1,Zapatillas,urbano,0,APPLY
809-9050,1,1,Zapatillas,urbano,0,APPLY
80923N,1,1,Zapatillas,urbano,0,APPLY
15600-BBK,1,1,Zapatillas,urbano,0,APPLY
81040L,2,1,Zapatillas,urbano,0,APPLY
81068N,1,1,Zapatillas,urbano,0,APPLY
81090L,1,1,Zapatillas,urbano,0,APPLY
81092L,1,1,Zapatillas,urbano,0,APPLY
811099-001,1,1,Zapatillas,urbano,0,APPLY
811099-002,1,1,Zapatillas,urbano,0,APPLY
81115L,1,1,Zapatillas,urbano,0,APPLY
12371,1,1,Zapatillas,urbano,0,APPLY
812654-002,1,1,Zapatillas,urbano,0,APPLY
812654-003,1,1,Zapatillas,urbano,0,APPLY
812654-110,1,1,Zapatillas,urbano,0,APPLY
812655-010,1,1,Zapatillas,urbano,0,APPLY
81181N-NVM,5,1,Zapatillas,urbano,0,APPLY
81181N-PKM,4,1,Zapatillas,urbano,0,APPLY
812655-110,1,1,Zapatillas,urbano,0,APPLY
812655-410,1,1,Zapatillas,urbano,0,APPLY
812654-001,1,1,Zapatillas,urbano,0,APPLY
812654-414,2,1,Zapatillas,urbano,0,APPLY
81336L,1,1,Zapatillas,urbano,0,APPLY
81489N,2,1,Zapatillas,urbano,0,APPLY
81494N,1,1,Zapatillas,urbano,0,APPLY
81401N-BLMT,3,1,Zapatillas,urbano,0,APPLY
81498L,1,1,Zapatillas,urbano,0,APPLY
15600-NVW,1,1,Zapatillas,urbano,0,APPLY
15610-BBK,1,1,Zapatillas,urbano,0,APPLY
15614-BKGY,1,1,Zapatillas,urbano,0,APPLY
8164,1,1,Zapatillas,urbano,0,APPLY
15637-BKHP,2,1,Zapatillas,urbano,0,APPLY
15641-BKAQ,4,1,Zapatillas,urbano,0,APPLY
81651L,1,1,Zapatillas,urbano,0,APPLY
81655L,1,1,Zapatillas,urbano,0,APPLY
81710L,1,1,Zapatillas,urbano,0,APPLY
81656L,2,1,Zapatillas,urbano,0,APPLY
81832L,1,1,Zapatillas,urbano,0,APPLY
818382-001,1,1,Zapatillas,urbano,0,APPLY
818383-008,1,1,Zapatillas,urbano,0,APPLY
818384-111,1,1,Zapatillas,urbano,0,APPLY
818385-061,1,1,Zapatillas,urbano,0,APPLY
818381-400,1,1,Zapatillas,urbano,0,APPLY
818382-011,1,1,Zapatillas,urbano,0,APPLY
81841L,1,1,Zapatillas,urbano,0,APPLY
81842L,1,1,Zapatillas,urbano,0,APPLY
81844L,1,1,Zapatillas,urbano,0,APPLY
81852L,1,1,Zapatillas,urbano,0,APPLY
81853N,1,1,Zapatillas,urbano,0,APPLY
81855N,1,1,Zapatillas,urbano,0,APPLY
81861L,1,1,Zapatillas,urbano,0,APPLY
81820L,3,1,Zapatillas,urbano,0,APPLY
81863L,1,1,Zapatillas,urbano,0,APPLY
81875L,1,1,Zapatillas,urbano,0,APPLY
81878L,1,1,Zapatillas,urbano,0,APPLY
81881L,1,1,Zapatillas,urbano,0,APPLY
81882N,2,1,Zapatillas,urbano,0,APPLY
81884L,1,1,Zapatillas,urbano,0,APPLY
81891L,1,1,Zapatillas,urbano,0,APPLY
818954-102,1,1,Zapatillas,urbano,0,APPLY
818954-600,1,1,Zapatillas,urbano,0,APPLY
81896L,1,1,Zapatillas,urbano,0,APPLY
81899L,1,1,Zapatillas,urbano,0,APPLY
819022-003,1,1,Zapatillas,urbano,0,APPLY
819033-008,1,1,Zapatillas,urbano,0,APPLY
818954-001,1,1,Zapatillas,urbano,0,APPLY
818954-400,1,1,Zapatillas,urbano,0,APPLY
81907L,1,1,Zapatillas,urbano,0,APPLY
81905L,1,1,Zapatillas,urbano,0,APPLY
819233-001,1,1,Zapatillas,urbano,0,APPLY
819233-103,1,1,Zapatillas,urbano,0,APPLY
819233-707,1,1,Zapatillas,urbano,0,APPLY
819233-010,1,1,Zapatillas,urbano,0,APPLY
15734-BBK,2,1,Zapatillas,urbano,0,APPLY
819303-604,1,1,Zapatillas,urbano,0,APPLY
819316-001,1,1,Zapatillas,urbano,0,APPLY
819318-005,1,1,Zapatillas,urbano,0,APPLY
Q26498,1,1,Zapatillas,urbano,0,APPLY
819303-001,1,1,Zapatillas,urbano,0,APPLY
819413-001,1,1,Zapatillas,urbano,0,APPLY
819413-006,1,1,Zapatillas,urbano,0,APPLY
819413-404,1,1,Zapatillas,urbano,0,APPLY
819413-600,1,1,Zapatillas,urbano,0,APPLY
819414-003,1,1,Zapatillas,urbano,0,APPLY
819414-006,1,1,Zapatillas,urbano,0,APPLY
819414-401,1,1,Zapatillas,urbano,0,APPLY
819415-003,1,1,Zapatillas,urbano,0,APPLY
819300-007,1,1,Zapatillas,urbano,0,APPLY
819303-009,1,1,Zapatillas,urbano,0,APPLY
819303-020,1,1,Zapatillas,urbano,0,APPLY
819415-006,1,1,Zapatillas,urbano,0,APPLY
819416-300,1,1,Zapatillas,urbano,0,APPLY
819416-503,1,1,Zapatillas,urbano,0,APPLY
819417-001,1,1,Zapatillas,urbano,0,APPLY
819417-401,1,1,Zapatillas,urbano,0,APPLY
819418-001,1,1,Zapatillas,urbano,0,APPLY
819418-503,1,1,Zapatillas,urbano,0,APPLY
819798-001,1,1,Zapatillas,urbano,0,APPLY
819798-003,1,1,Zapatillas,urbano,0,APPLY
819798-100,1,1,Zapatillas,urbano,0,APPLY
819798-410,1,1,Zapatillas,urbano,0,APPLY
819802-003,1,1,Zapatillas,urbano,0,APPLY
819893-006,1,1,Zapatillas,urbano,0,APPLY
819415-401,1,1,Zapatillas,urbano,0,APPLY
819957-010,1,1,Zapatillas,urbano,0,APPLY
81998L,2,1,Zapatillas,urbano,0,APPLY
819957-100,1,1,Zapatillas,urbano,0,APPLY
81997L,2,1,Zapatillas,urbano,0,APPLY
8204,4,2;46,Zapatillas,"urbano,oficial",0,APPLY
82006L-GYMT,3,1,Zapatillas,urbano,0,APPLY
82022L,1,1,Zapatillas,urbano,0,APPLY
82042L,2,1,Zapatillas,urbano,0,APPLY
82043L,4,1,Zapatillas,urbano,0,APPLY
8205,1,46,Zapatillas,"urbano,oficial",0,APPLY
820201-401,1,1,Zapatillas,urbano,0,APPLY
8214,1,46,Zapatillas,urbano,0,APPLY
8223,4,9;46,Zapatillas,"urbano,oficial",0,APPLY
82230L,2,1,Zapatillas,urbano,0,APPLY
159-0500,1,1,Zapatillas,urbano,0,APPLY
82280L,2,1,Zapatillas,urbano,0,APPLY
110093X960,1,1,Zapatillas,urbano,0,APPLY
159-5103,1,1,Zapatillas,urbano,0,APPLY
159-5105,1,1,Zapatillas,urbano,0,APPLY
824-6089,1,46,Zapatillas,urbano,0,APPLY
824-6108,1,46,Zapatillas,urbano,0,APPLY
824-6189,1,46,Zapatillas,urbano,0,APPLY
159-5128,2,1,Zapatillas,urbano,0,APPLY
159-5300,2,1,Zapatillas,urbano,0,APPLY
159-5500,1,1,Zapatillas,urbano,0,APPLY
82491N,2,1,Zapatillas,urbano,0,APPLY
159-6072,1,1,Zapatillas,urbano,0,APPLY
159-8073,1,1,Zapatillas,urbano,0,APPLY
159-9073,1,1,Zapatillas,urbano,0,APPLY
8260000,1,1,Zapatillas,urbano,0,APPLY
159-9202,1,1,Zapatillas,urbano,0,APPLY
159-9203,2,1,Zapatillas,urbano,0,APPLY
8261,1,63,Zapatillas,urbano,0,APPLY
82664N,1,1,Zapatillas,urbano,0,APPLY
82688N,2,1,Zapatillas,urbano,0,APPLY
8273,1,1,Zapatillas,urbano,0,APPLY
159-9135,2,1,Zapatillas,urbano,0,APPLY
159-9404,1,1,Zapatillas,urbano,0,APPLY
159-9935,1,1,Zapatillas,urbano,0,APPLY
82819L,2,1,Zapatillas,urbano,0,APPLY
159-9500,2,1,Zapatillas,urbano,0,APPLY
159-9992,2,1,Zapatillas,urbano,0,APPLY
82820L,1,1,Zapatillas,urbano,0,APPLY
82824L,1,1,Zapatillas,urbano,0,APPLY
15901-BBK,7,1,Zapatillas,urbano,0,APPLY
8288,1,63,Zapatillas,urbano,0,APPLY
82896L,1,1,Zapatillas,urbano,0,APPLY
82926N,1,1,Zapatillas,urbano,0,APPLY
82990N-WMLT,1,1,Zapatillas,urbano,0,APPLY
82990N-WPHP,1,1,Zapatillas,urbano,0,APPLY
82999N,1,56,Zapatillas,"urbano,oficial",0,APPLY
110104X898,1,1,Zapatillas,urbano,0,APPLY
110106X077,1,1,Zapatillas,urbano,0,APPLY
110106X897,1,1,Zapatillas,urbano,0,APPLY
110116X904,1,1,Zapatillas,urbano,0,APPLY
830369-001,1,1,Zapatillas,urbano,0,APPLY
830369-006,1,1,Zapatillas,urbano,0,APPLY
830369-010,1,1,Zapatillas,urbano,0,APPLY
830369-011,1,1,Zapatillas,urbano,0,APPLY
830369-014,1,1,Zapatillas,urbano,0,APPLY
830369-101,1,1,Zapatillas,urbano,0,APPLY
830369-400,1,1,Zapatillas,urbano,0,APPLY
830369-401,1,1,Zapatillas,urbano,0,APPLY
8311,1,46,Zapatillas,"urbano,oficial",0,APPLY
831217-001,1,1,Zapatillas,urbano,0,APPLY
831217-100,1,1,Zapatillas,urbano,0,APPLY
831217-500,1,1,Zapatillas,urbano,0,APPLY
831217-007,1,1,Zapatillas,urbano,0,APPLY
111-1026,1,1,Zapatillas,urbano,0,APPLY
83051L-BKHP,5,1,Zapatillas,urbano,0,APPLY
831572-007,1,1,Zapatillas,urbano,0,APPLY
831572-001,1,1,Zapatillas,urbano,0,APPLY
111-BLK,4,1,Zapatillas,urbano,0,APPLY
629746-002,1,1,Zapatillas,urbano,0,APPLY
832219-001,1,1,Zapatillas,urbano,0,APPLY
832234-001,1,1,Zapatillas,urbano,0,APPLY
832234-100,1,1,Zapatillas,urbano,0,APPLY
1111,4,1;5;63;69,Zapatillas,urbano,0,APPLY
832884-011,1,1,Zapatillas,urbano,0,APPLY
832884-100,1,1,Zapatillas,urbano,0,APPLY
83295L,2,1,Zapatillas,urbano,0,APPLY
80685L,2,1,Zapatillas,urbano,0,APPLY
833260-011,1,1,Zapatillas,urbano,0,APPLY
833260-110,1,1,Zapatillas,urbano,0,APPLY
833260-600,1,1,Zapatillas,urbano,0,APPLY
8335,2,14;63,Zapatillas,urbano,0,APPLY
833536-002,1,1,Zapatillas,urbano,0,APPLY
833584-006,1,1,Zapatillas,urbano,0,APPLY
833662-110,1,1,Zapatillas,urbano,0,APPLY
832883-011,2,1,Zapatillas,urbano,0,APPLY
833677-100,1,1,Zapatillas,urbano,0,APPLY
83337L,2,1,Zapatillas,urbano,0,APPLY
8336,1,1,Zapatillas,urbano,0,APPLY
834279-006,1,1,Zapatillas,urbano,0,APPLY
834279-400,1,1,Zapatillas,urbano,0,APPLY
834280-400,1,1,Zapatillas,urbano,0,APPLY
834284-500,1,1,Zapatillas,urbano,0,APPLY
8351,1,63,Zapatillas,urbano,0,APPLY
833662-011,1,1,Zapatillas,urbano,0,APPLY
83598N,1,1,Zapatillas,urbano,0,APPLY
83599N,1,1,Zapatillas,urbano,0,APPLY
834285-500,1,1,Zapatillas,urbano,0,APPLY
83700L,1,1,Zapatillas,urbano,0,APPLY
838937-010,1,1,Zapatillas,urbano,0,APPLY
840300-001,1,1,Zapatillas,urbano,0,APPLY
840306-001,1,1,Zapatillas,urbano,0,APPLY
840306-111,1,1,Zapatillas,urbano,0,APPLY
840306-010,1,1,Zapatillas,urbano,0,APPLY
841-2012,1,1,Zapatillas,urbano,0,APPLY
841-2014,1,1,Zapatillas,urbano,0,APPLY
841-4022,1,1,Zapatillas,urbano,0,APPLY
841-6009,1,1,Zapatillas,urbano,0,APPLY
841-6012,1,1,Zapatillas,urbano,0,APPLY
841-6019,1,1,Zapatillas,urbano,0,APPLY
841-8012,1,1,Zapatillas,urbano,0,APPLY
841-9022,1,1,Zapatillas,urbano,0,APPLY
117178-BBK,6,1,Zapatillas,urbano,0,APPLY
84210L,1,1,Zapatillas,urbano,0,APPLY
843882-010,1,1,Zapatillas,urbano,0,APPLY
843882-402,1,1,Zapatillas,urbano,0,APPLY
843883-004,1,1,Zapatillas,urbano,0,APPLY
843883-007,1,1,Zapatillas,urbano,0,APPLY
117509-OFWT,3,1,Zapatillas,urbano,0,APPLY
117550-QUAL,2,1,Zapatillas,urbano,0,APPLY
844-4789,1,46,Zapatillas,urbano,0,APPLY
844-7389,1,46,Zapatillas,urbano,0,APPLY
8442,1,1,Zapatillas,urbano,0,APPLY
844514-002,1,1,Zapatillas,urbano,0,APPLY
844514-007,1,1,Zapatillas,urbano,0,APPLY
844592-002,1,1,Zapatillas,urbano,0,APPLY
844667-001,1,1,Zapatillas,urbano,0,APPLY
1128,3,1;63,Zapatillas,urbano,0,APPLY
844729-501,1,1,Zapatillas,urbano,0,APPLY
844736-500,1,1,Zapatillas,urbano,0,APPLY
844794-001,1,1,Zapatillas,urbano,0,APPLY
844794-600,1,1,Zapatillas,urbano,0,APPLY
844857-010,1,1,Zapatillas,urbano,0,APPLY
844872-502,1,1,Zapatillas,urbano,0,APPLY
844884-007,1,1,Zapatillas,urbano,0,APPLY
844895-001,1,1,Zapatillas,urbano,0,APPLY
844895-400,1,1,Zapatillas,urbano,0,APPLY
844591-005,1,1,Zapatillas,urbano,0,APPLY
113,5,1;14;64,Zapatillas,urbano,0,APPLY
844905-001,1,1,Zapatillas,urbano,0,APPLY
844901-001,1,1,Zapatillas,urbano,0,APPLY
844969-001,1,1,Zapatillas,urbano,0,APPLY
844991-500,1,1,Zapatillas,urbano,0,APPLY
844995-001,1,1,Zapatillas,urbano,0,APPLY
844995-400,1,1,Zapatillas,urbano,0,APPLY
844995-401,1,1,Zapatillas,urbano,0,APPLY
844974-402,1,1,Zapatillas,urbano,0,APPLY
1601,3,1;21;45,Zapatillas,urbano,0,APPLY
846,1,1,Zapatillas,urbano,0,APPLY
849-2020,1,1,Zapatillas,urbano,0,APPLY
849-2026,1,1,Zapatillas,urbano,0,APPLY
849-2030,1,1,Zapatillas,urbano,0,APPLY
849-5020,2,1,Zapatillas,urbano,0,APPLY
849-8012,1,1,Zapatillas,urbano,0,APPLY
849-9012,1,1,Zapatillas,urbano,0,APPLY
849-9026,1,1,Zapatillas,urbano,0,APPLY
849-9030,1,1,Zapatillas,urbano,0,APPLY
849-9041,1,1,Zapatillas,urbano,0,APPLY
850-6241,1,1,Zapatillas,urbano,0,APPLY
850-6244,1,1,Zapatillas,urbano,0,APPLY
850-6274,1,1,Zapatillas,urbano,0,APPLY
850-6480,1,1,Zapatillas,urbano,0,APPLY
851-1173,1,1,Zapatillas,urbano,0,APPLY
851-1174,1,1,Zapatillas,urbano,0,APPLY
851-1206,1,1,Zapatillas,urbano,0,APPLY
851-1207,1,1,Zapatillas,urbano,0,APPLY
851-1259,1,1,Zapatillas,urbano,0,APPLY
851-1346,1,1,Zapatillas,urbano,0,APPLY
851-1349,1,1,Zapatillas,"urbano,oficial",0,APPLY
851-1519,1,1,Zapatillas,urbano,0,APPLY
851-2109,1,1,Zapatillas,urbano,0,APPLY
851-2167,1,1,Zapatillas,urbano,0,APPLY
851-2173,1,1,Zapatillas,urbano,0,APPLY
851-2181,1,1,Zapatillas,urbano,0,APPLY
851-2184,1,1,Zapatillas,urbano,0,APPLY
851-2349,1,1,Zapatillas,"urbano,oficial",0,APPLY
851-2443,1,1,Zapatillas,urbano,0,APPLY
851-2539,1,1,Zapatillas,urbano,0,APPLY
851-3227,1,1,Zapatillas,urbano,0,APPLY
851-3292,1,1,Zapatillas,urbano,0,APPLY
851-3295,1,1,Zapatillas,"urbano,trekking",0,APPLY
851-4184,1,1,Zapatillas,urbano,0,APPLY
851-4282,1,1,Zapatillas,urbano,0,APPLY
851-4539,1,1,Zapatillas,urbano,0,APPLY
851-6142,1,1,Zapatillas,urbano,0,APPLY
851-6259,1,1,Zapatillas,urbano,0,APPLY
851-6292,1,1,Zapatillas,urbano,0,APPLY
851-6347,1,1,Zapatillas,urbano,0,APPLY
851-6349,1,1,Zapatillas,"urbano,oficial",0,APPLY
851-6369,1,1,Zapatillas,urbano,0,APPLY
851-6519,1,1,Zapatillas,urbano,0,APPLY
851-6729,1,1,Zapatillas,urbano,0,APPLY
851-7084,1,1,Zapatillas,urbano,0,APPLY
851-8184,1,1,Zapatillas,urbano,0,APPLY
851-9204,1,1,Zapatillas,urbano,0,APPLY
851-9219,1,1,Zapatillas,urbano,0,APPLY
8510,1,63,Zapatillas,urbano,0,APPLY
8514,1,1,Zapatillas,urbano,0,APPLY
851-6529,1,1,Zapatillas,urbano,0,APPLY
11667,1,1,Zapatillas,urbano,0,APPLY
11668,1,1,Zapatillas,urbano,0,APPLY
11679,2,1,Zapatillas,urbano,0,APPLY
852-1005,1,1,Zapatillas,urbano,0,APPLY
852-6005,1,1,Zapatillas,urbano,0,APPLY
852435-002,1,1,Zapatillas,urbano,0,APPLY
852435-008,1,1,Zapatillas,urbano,0,APPLY
852438-002,1,1,Zapatillas,urbano,0,APPLY
852438-003,1,1,Zapatillas,urbano,0,APPLY
852442-001,1,1,Zapatillas,urbano,0,APPLY
11681,2,1,Zapatillas,urbano,0,APPLY
11684,3,1,Zapatillas,urbano,0,APPLY
11692,1,1,Zapatillas,urbano,0,APPLY
852442-004,1,1,Zapatillas,urbano,0,APPLY
852456-003,1,1,Zapatillas,urbano,0,APPLY
852456-004,1,1,Zapatillas,urbano,0,APPLY
852456-008,1,1,Zapatillas,urbano,0,APPLY
852459-009,1,1,Zapatillas,urbano,0,APPLY
852431-001,1,1,Zapatillas,urbano,0,APPLY
852462-405,1,1,Zapatillas,urbano,0,APPLY
852466-400,1,1,Zapatillas,urbano,0,APPLY
852466-010,1,1,Zapatillas,urbano,0,APPLY
11694,1,1,Zapatillas,urbano,0,APPLY
11696,2,1,Zapatillas,urbano,0,APPLY
852466-600,1,1,Zapatillas,urbano,0,APPLY
852467-001,1,1,Zapatillas,urbano,0,APPLY
852535-001,1,1,Zapatillas,urbano,0,APPLY
852535-376,1,1,Zapatillas,urbano,0,APPLY
852556-104,1,1,Zapatillas,urbano,0,APPLY
852448-009,2,1,Zapatillas,urbano,0,APPLY
852694-002,1,1,Zapatillas,urbano,0,APPLY
8529,1,63,Zapatillas,urbano,0,APPLY
853-3087,1,1,Zapatillas,urbano,0,APPLY
853-4033,1,46,Zapatillas,urbano,0,APPLY
8531,1,63,Zapatillas,urbano,0,APPLY
854-3520,1,1,Zapatillas,urbano,0,APPLY
854-4173,1,1,Zapatillas,urbano,0,APPLY
854-4321,1,1,Zapatillas,urbano,0,APPLY
854-6076,1,46,Zapatillas,urbano,0,APPLY
854-6141,1,1,Zapatillas,urbano,0,APPLY
854-6375,1,1,Zapatillas,urbano,0,APPLY
854-6441,1,46,Zapatillas,urbano,0,APPLY
854-6526,1,1,Zapatillas,urbano,0,APPLY
854-6800,2,1,Zapatillas,urbano,0,APPLY
854-6832,1,46,Zapatillas,urbano,0,APPLY
854-6845,1,1,Zapatillas,urbano,0,APPLY
854-1842,5,1,Zapatillas,urbano,0,APPLY
855-1011,1,1,Zapatillas,urbano,0,APPLY
855-6013,1,1,Zapatillas,urbano,0,APPLY
855-6025,1,1,Zapatillas,urbano,0,APPLY
855-6031,1,46,Zapatillas,urbano,0,APPLY
855-6033,1,46,Zapatillas,urbano,0,APPLY
855-6048,1,46,Zapatillas,urbano,0,APPLY
856-6023,1,1,Zapatillas,urbano,0,APPLY
8575,2,1;8,Zapatillas,urbano,0,APPLY
8589,1,1,Zapatillas,urbano,0,APPLY
859-2005,1,1,Zapatillas,urbano,0,APPLY
859-5056,1,1,Zapatillas,urbano,0,APPLY
859-6056,1,1,Zapatillas,urbano,0,APPLY
859-6345,1,1,Zapatillas,urbano,0,APPLY
859-9005,1,1,Zapatillas,urbano,0,APPLY
859577-400,1,1,Zapatillas,urbano,0,APPLY
8616,1,1,Zapatillas,urbano,0,APPLY
8617,2,1;5,Zapatillas,urbano,0,APPLY
861-60330,1,46,Zapatillas,urbano,0,APPLY
86217L,2,1,Zapatillas,urbano,0,APPLY
11726,3,1,Zapatillas,urbano,0,APPLY
11727,2,1,Zapatillas,urbano,0,APPLY
11728,5,1,Zapatillas,urbano,0,APPLY
8630AL08A,1,46,Zapatillas,urbano,0,APPLY
8655,1,63,Zapatillas,urbano,0,APPLY
11729,3,1,Zapatillas,urbano,0,APPLY
8658,1,63,Zapatillas,urbano,0,APPLY
866,3,9;12;63,Zapatillas,urbano,0,APPLY
86614L,2,1,Zapatillas,urbano,0,APPLY
86623L,1,1,Zapatillas,urbano,0,APPLY
86631L,1,1,Zapatillas,urbano,0,APPLY
8664,1,1,Zapatillas,urbano,0,APPLY
86645L,3,1,Zapatillas,urbano,0,APPLY
86702L,1,1,Zapatillas,urbano,0,APPLY
868,2,1;47,Zapatillas,urbano,0,APPLY
8682,2,1,Zapatillas,urbano,0,APPLY
869965-600,1,1,Zapatillas,urbano,0,APPLY
869969-001,1,1,Zapatillas,urbano,0,APPLY
869972-002,1,1,Zapatillas,urbano,0,APPLY
8700,1,1,Zapatillas,urbano,0,APPLY
8713,2,1;14,Zapatillas,urbano,0,APPLY
8720,1,1,Zapatillas,urbano,0,APPLY
8741,1,1,Zapatillas,urbano,0,APPLY
117346-BBK,5,1,Zapatillas,urbano,0,APPLY
117384-BBK,5,1,Zapatillas,urbano,0,APPLY
870029-001,3,1,Zapatillas,urbano,0,APPLY
8780,1,1,Zapatillas,urbano,0,APPLY
87893L,2,1,Zapatillas,urbano,0,APPLY
881-1148,1,1,Zapatillas,urbano,0,APPLY
881-0040,5,1,Zapatillas,urbano,0,APPLY
11774,1,1,Zapatillas,urbano,0,APPLY
881-1179,2,1,Zapatillas,urbano,0,APPLY
881-2159,1,1,Zapatillas,urbano,0,APPLY
881-1817,5,1,Zapatillas,urbano,0,APPLY
881-6148,1,1,Zapatillas,urbano,0,APPLY
83255L,2,1,Zapatillas,urbano,0,APPLY
881-6172,2,1,Zapatillas,urbano,0,APPLY
881-6232,1,1,Zapatillas,urbano,0,APPLY
881-6179,5,1,Zapatillas,urbano,0,APPLY
11792,2,1,Zapatillas,urbano,0,APPLY
881-66110,4,1,Zapatillas,urbano,0,APPLY
13829,1,1,Zapatillas,urbano,0,APPLY
881-67870,2,1,Zapatillas,urbano,0,APPLY
104023 04,1,1,Zapatillas,urbano,0,APPLY
881802-001,1,1,Zapatillas,urbano,0,APPLY
881802-002,1,1,Zapatillas,urbano,0,APPLY
881802-005,1,1,Zapatillas,urbano,0,APPLY
881-9752,5,1,Zapatillas,urbano,0,APPLY
881805-001,1,1,Zapatillas,urbano,0,APPLY
881805-008,1,1,Zapatillas,urbano,0,APPLY
881805-601,1,1,Zapatillas,urbano,0,APPLY
881863-009,1,1,Zapatillas,urbano,0,APPLY
881863-600,1,1,Zapatillas,urbano,0,APPLY
881941-004,1,1,Zapatillas,urbano,0,APPLY
881942-002,1,1,Zapatillas,urbano,0,APPLY
881802-404,1,1,Zapatillas,urbano,0,APPLY
881942-004,1,1,Zapatillas,urbano,0,APPLY
881942-401,1,1,Zapatillas,urbano,0,APPLY
881943-004,1,1,Zapatillas,urbano,0,APPLY
881943-100,1,1,Zapatillas,urbano,0,APPLY
881943-401,1,1,Zapatillas,urbano,0,APPLY
882267-003,1,1,Zapatillas,urbano,0,APPLY
8823,2,1,Zapatillas,urbano,0,APPLY
8826,2,1;26,Zapatillas,urbano,0,APPLY
882690-400,1,1,Zapatillas,urbano,0,APPLY
882699-001,1,1,Zapatillas,urbano,0,APPLY
8828,1,1,Zapatillas,urbano,0,APPLY
8844,2,1,Zapatillas,urbano,0,APPLY
8846,1,1,Zapatillas,urbano,0,APPLY
882690-005,1,1,Zapatillas,urbano,0,APPLY
8853,1,1,Zapatillas,urbano,0,APPLY
8859,1,1,Zapatillas,urbano,0,APPLY
8873,1,1,Zapatillas,urbano,0,APPLY
FW6125,4,1,Zapatillas,urbano,0,APPLY
88888388,2,1,Zapatillas,"urbano,oficial",0,APPLY
889-6090,5,1,Zapatillas,urbano,0,APPLY
118423-WHT,2,1,Zapatillas,urbano,0,APPLY
11897,7,1,Zapatillas,urbano,0,APPLY
889-94350,2,1,Zapatillas,urbano,0,APPLY
119006-BBK,3,1,Zapatillas,urbano,0,APPLY
119110-WHT,3,1,Zapatillas,urbano,0,APPLY
889-98920,3,1,Zapatillas,urbano,0,APPLY
10573L,1,1,Zapatillas,urbano,0,APPLY
8943,1,1,Zapatillas,urbano,0,APPLY
8951,1,63,Zapatillas,urbano,0,APPLY
8952,1,63,Zapatillas,urbano,0,APPLY
895457-406,1,1,Zapatillas,urbano,0,APPLY
8972,1,1,Zapatillas,urbano,0,APPLY
8981,1,1,Zapatillas,urbano,0,APPLY
898455-001,1,1,Zapatillas,urbano,0,APPLY
898457-402,1,1,Zapatillas,urbano,0,APPLY
898464-001,2,1,Zapatillas,urbano,0,APPLY
898466-006,1,1,Zapatillas,urbano,0,APPLY
898479-001,1,1,Zapatillas,urbano,0,APPLY
898484-001,1,1,Zapatillas,urbano,0,APPLY
898455-002,1,1,Zapatillas,urbano,0,APPLY
898455-100,1,1,Zapatillas,urbano,0,APPLY
898455-102,1,1,Zapatillas,urbano,0,APPLY
898457-003,1,1,Zapatillas,urbano,0,APPLY
8988,1,1,Zapatillas,urbano,0,APPLY
898476-600,2,1,Zapatillas,urbano,0,APPLY
898476-001,1,1,Zapatillas,urbano,0,APPLY
160425,1,1,Zapatillas,urbano,0,APPLY
16049-BBK,4,1,Zapatillas,urbano,0,APPLY
11918-BKRG,1,1,Zapatillas,urbano,0,APPLY
119200-BLK,2,1,Zapatillas,urbano,0,APPLY
16051-BBK,3,1,Zapatillas,urbano,0,APPLY
90020,3,108,Zapatillas,"urbano,vestir",0,APPLY
11977-NVY,1,1,Zapatillas,urbano,0,APPLY
16071-NVAQ,5,1,Zapatillas,urbano,0,APPLY
9014,5,1;2;26;38,Zapatillas,"urbano,vestir",0,APPLY
73690-BLSH,8,1,Zapatillas,urbano,0,APPLY
1209,2,46,Zapatillas,urbano,0,APPLY
90302L,2,1,Zapatillas,urbano,0,APPLY
90302N,2,1,Zapatillas,urbano,0,APPLY
90303N,1,1,Zapatillas,urbano,0,APPLY
90310L,1,1,Zapatillas,urbano,0,APPLY
90379L,1,1,Zapatillas,urbano,0,APPLY
90379N,2,1,Zapatillas,urbano,0,APPLY
90405N,1,1,Zapatillas,urbano,0,APPLY
9041,1,1,Zapatillas,urbano,0,APPLY
9049,1,1,Zapatillas,urbano,0,APPLY
903632-002,1,1,Zapatillas,urbano,0,APPLY
90532L,1,1,Zapatillas,urbano,0,APPLY
124702-BKW,5,1,Zapatillas,urbano,0,APPLY
124702-NVY,5,1,Zapatillas,urbano,0,APPLY
124704-BKPK,2,1,Zapatillas,urbano,0,APPLY
124704-NVLV,3,1,Zapatillas,urbano,0,APPLY
124707-BKPK,5,1,Zapatillas,urbano,0,APPLY
908987-002,1,1,Zapatillas,urbano,0,APPLY
9090,2,1;26,Zapatillas,urbano,0,APPLY
909006-001,1,1,Zapatillas,urbano,0,APPLY
909009-001,1,1,Zapatillas,urbano,0,APPLY
12127,1,1,Zapatillas,urbano,0,APPLY
9112,1,1,Zapatillas,urbano,0,APPLY
9120,1,46,Zapatillas,"urbano,oficial",0,APPLY
9138,1,1,Zapatillas,urbano,0,APPLY
9146,1,1,Zapatillas,urbano,0,APPLY
91476L,4,1,Zapatillas,urbano,0,APPLY
91482N,2,1,Zapatillas,urbano,0,APPLY
91525N,1,1,Zapatillas,urbano,0,APPLY
91615L,1,1,Zapatillas,urbano,0,APPLY
91618L,1,1,Zapatillas,urbano,0,APPLY
91647L,1,1,Zapatillas,urbano,0,APPLY
9180,2,1;10,Zapatillas,urbano,0,APPLY
917650-400,1,1,Zapatillas,urbano,0,APPLY
92,1,63,Zapatillas,urbano,0,APPLY
918194-102,1,1,Zapatillas,urbano,0,APPLY
10758L,1,1,Zapatillas,urbano,0,APPLY
9209,4,1;63,Zapatillas,urbano,0,APPLY
921443-001,1,1,Zapatillas,urbano,0,APPLY
921511-400,1,1,Zapatillas,urbano,0,APPLY
9222,2,1,Zapatillas,urbano,0,APPLY
9225,1,1,Zapatillas,urbano,0,APPLY
922681-004,1,1,Zapatillas,urbano,0,APPLY
9228,1,1,Zapatillas,urbano,0,APPLY
119001-BKMT,7,1;14,Zapatillas,urbano,0,APPLY
921669-300,2,1,Zapatillas,urbano,0,APPLY
9256,2,1,Zapatillas,urbano,0,APPLY
9277,1,1,Zapatillas,urbano,0,APPLY
11931-BBK,8,1,Zapatillas,urbano,0,APPLY
11931-WNVR,1,1,Zapatillas,urbano,0,APPLY
161-1321,4,1,Zapatillas,urbano,0,APPLY
11O206X2436,1,1,Zapatillas,urbano,0,APPLY
9299,1,1,Zapatillas,urbano,0,APPLY
11O206X3049,1,1,Zapatillas,urbano,0,APPLY
11O213X972,2,1,Zapatillas,urbano,0,APPLY
11O226X2436W,1,1,Zapatillas,urbano,0,APPLY
9311,3,87,Zapatillas,urbano,0,APPLY
93159N,1,1,Zapatillas,urbano,0,APPLY
9326,1,63,Zapatillas,urbano,0,APPLY
9339,1,1,Zapatillas,urbano,0,APPLY
93412L,3,1,Zapatillas,urbano,0,APPLY
9363,1,1,Zapatillas,urbano,0,APPLY
9364,2,1;16,Zapatillas,urbano,0,APPLY
93667L,1,1,Zapatillas,urbano,0,APPLY
93690L,2,1,Zapatillas,urbano,0,APPLY
93780L,1,1,Zapatillas,urbano,0,APPLY
93814L,1,1,Zapatillas,urbano,0,APPLY
9383,1,63,Zapatillas,urbano,0,APPLY
9384,1,1,Zapatillas,urbano,0,APPLY
939,1,46,Zapatillas,"urbano,oficial",0,APPLY
9412,1,1,Zapatillas,urbano,0,APPLY
9402,2,26;46,Zapatillas,"urbano,oficial",0,APPLY
9413,6,1;26;46,Zapatillas,urbano,0,APPLY
9415,2,1,Zapatillas,urbano,0,APPLY
9418,4,1;14;18,Zapatillas,"urbano,vestir",0,APPLY
9421,2,1,Zapatillas,urbano,0,APPLY
9423,5,1;19,Zapatillas,"urbano,vestir",0,APPLY
9424,1,1,Zapatillas,"urbano,vestir",0,APPLY
9428,4,1;9;19,Zapatillas,"urbano,vestir",0,APPLY
9429,3,1;18,Zapatillas,"urbano,vestir",0,APPLY
9433,4,46,Zapatillas,urbano,0,APPLY
9437,3,1,Zapatillas,"urbano,vestir",0,APPLY
9446,1,1,Zapatillas,urbano,0,APPLY
9461,1,1,Zapatillas,urbano,0,APPLY
9462,1,1,Zapatillas,urbano,0,APPLY
9484,1,1,Zapatillas,urbano,0,APPLY
9500,5,87,Zapatillas,urbano,0,APPLY
946,1,1,Zapatillas,urbano,0,APPLY
95054N,1,1,Zapatillas,urbano,0,APPLY
9508,6,87,Zapatillas,"urbano,oficial",0,APPLY
9515,1,1,Zapatillas,urbano,0,APPLY
9526,6,1,Zapatillas,"urbano,oficial",0,APPLY
95096N,3,1,Zapatillas,urbano,0,APPLY
804-2677,1,46,Zapatillas,urbano,0,APPLY
95302L,1,1,Zapatillas,urbano,0,APPLY
95303L,1,1,Zapatillas,urbano,0,APPLY
95261N,1,1,Zapatillas,urbano,0,APPLY
10943L GUPR,2,1,Zapatillas,urbano,0,APPLY
95450N,1,1,Zapatillas,urbano,0,APPLY
95452L,2,1,Zapatillas,urbano,0,APPLY
95497L,1,1,Zapatillas,urbano,0,APPLY
95515L,1,1,Zapatillas,urbano,0,APPLY
95521L,1,1,Zapatillas,urbano,0,APPLY
95523L,1,1,Zapatillas,urbano,0,APPLY
95526L,1,1,Zapatillas,urbano,0,APPLY
95532L,1,1,Zapatillas,urbano,0,APPLY
95674N,1,1,Zapatillas,urbano,0,APPLY
95676N,1,1,Zapatillas,urbano,0,APPLY
95677N,1,1,Zapatillas,urbano,0,APPLY
95733L,2,1,Zapatillas,urbano,0,APPLY
958,3,104,Zapatillas,urbano,0,APPLY
9603,10,1;8;26,Zapatillas,urbano,0,APPLY
9600,6,1,Zapatillas,urbano,0,APPLY
9618,2,19;63,Zapatillas,urbano,0,APPLY
9623,1,1,Zapatillas,urbano,0,APPLY
12154-WHT,5,1,Zapatillas,urbano,0,APPLY
964,1,63,Zapatillas,urbano,0,APPLY
96472L-PKM,1,1,Zapatillas,urbano,0,APPLY
9664,1,1,Zapatillas,urbano,0,APPLY
9666,1,63,Zapatillas,urbano,0,APPLY
9669,1,1,Zapatillas,urbano,0,APPLY
97000L,1,1,Zapatillas,urbano,0,APPLY
97003L,1,1,Zapatillas,urbano,0,APPLY
97020L,2,1,Zapatillas,urbano,0,APPLY
9710,3,1;22;26,Zapatillas,urbano,0,APPLY
9718,1,1,Zapatillas,urbano,0,APPLY
9720,3,1;5,Zapatillas,urbano,0,APPLY
9721,1,1,Zapatillas,urbano,0,APPLY
9722,5,1;2;46,Zapatillas,urbano,0,APPLY
9726,3,1;9,Zapatillas,"urbano,vestir",0,APPLY
9730,1,1,Zapatillas,urbano,0,APPLY
9733,1,1,Zapatillas,urbano,0,APPLY
9735,2,1;26,Zapatillas,urbano,0,APPLY
9736,1,1,Zapatillas,urbano,0,APPLY
9761,1,1,Zapatillas,urbano,0,APPLY
97366N-NVGD,3,1,Zapatillas,urbano,0,APPLY
9769,1,1,Zapatillas,urbano,0,APPLY
9816,1,63,Zapatillas,urbano,0,APPLY
9817,4,1;63,Zapatillas,urbano,0,APPLY
9826,16,1;63,Zapatillas,urbano,0,APPLY
124094-BBK,6,1,Zapatillas,urbano,0,APPLY
9819,2,1,Zapatillas,"urbano,vestir",0,APPLY
9828,2,1,Zapatillas,urbano,0,APPLY
9834,3,1;19,Zapatillas,urbano,0,APPLY
9836,3,1;63,Zapatillas,urbano,0,APPLY
124191-NVCL,5,1,Zapatillas,urbano,0,APPLY
9841,7,84,Zapatillas,urbano,0,APPLY
124661-BBK,5,1,Zapatillas,urbano,0,APPLY
124661-BKW,4,1,Zapatillas,urbano,0,APPLY
9852,2,1;5,Zapatillas,urbano,0,APPLY
9856,8,1;64,Zapatillas,"urbano,oficial",0,APPLY
9880,1,1,Zapatillas,urbano,0,APPLY
9881,1,63,Zapatillas,urbano,0,APPLY
9884,1,1,Zapatillas,urbano,0,APPLY
9885,1,1,Zapatillas,urbano,0,APPLY
99040000,2,1,Zapatillas,urbano,0,APPLY
9913,1,63,Zapatillas,urbano,0,APPLY
9921,3,14;63;64,Zapatillas,urbano,0,APPLY
9925,1,1,Zapatillas,urbano,0,APPLY
9937,1,1,Zapatillas,urbano,0,APPLY
9939,3,1;63,Zapatillas,urbano,0,APPLY
9951,1,63,Zapatillas,urbano,0,APPLY
9956,1,63,Zapatillas,urbano,0,APPLY
996187L,1,1,Zapatillas,urbano,0,APPLY
996257N,1,1,Zapatillas,urbano,0,APPLY
996275L,1,1,Zapatillas,urbano,0,APPLY
996122L,1,1,Zapatillas,urbano,0,APPLY
9963,1,1,Zapatillas,urbano,0,APPLY
999526,1,1,Zapatillas,urbano,0,APPLY
999564,1,1,Zapatillas,urbano,0,APPLY
999691,1,46,Zapatillas,urbano,0,APPLY
99999209,1,1,Zapatillas,urbano,0,APPLY
999610,4,1;46,Zapatillas,urbano,0,APPLY
99999314,1,1,Zapatillas,urbano,0,APPLY
99999481,1,1,Zapatillas,urbano,0,APPLY
99999487,1,1,Zapatillas,urbano,0,APPLY
99999521,1,1,Zapatillas,urbano,0,APPLY
99999675,2,1,Zapatillas,urbano,0,APPLY
99999692,1,1,Zapatillas,urbano,0,APPLY
99999694,1,1,Zapatillas,urbano,0,APPLY
99999763,3,1,Zapatillas,urbano,0,APPLY
99999916,1,1,Zapatillas,urbano,0,APPLY
1259.200.26565.41,2,46,Zapatillas,urbano,0,APPLY
1259.200.26565.66,2,46,Zapatillas,urbano,0,APPLY
12606-BKHP,1,1,Zapatillas,urbano,0,APPLY
12607-BBK,5,1,Zapatillas,urbano,0,APPLY
12607-BKW,2,1,Zapatillas,urbano,0,APPLY
12615-BBK,2,1,Zapatillas,urbano,0,APPLY
11J183X136,1,1,Zapatillas,urbano,0,APPLY
11930-BBK,3,1,Zapatillas,urbano,0,APPLY
12012,1,1,Zapatillas,urbano,0,APPLY
1616,2,19;63,Zapatillas,urbano,0,APPLY
12126,1,1,Zapatillas,urbano,0,APPLY
12615,1,1,Zapatillas,urbano,0,APPLY
12615BKW,1,1,Zapatillas,urbano,0,APPLY
A07070,8,1,Zapatillas,urbano,0,APPLY
11891,4,1,Zapatillas,urbano,0,APPLY
11892,2,1,Zapatillas,urbano,0,APPLY
11903,2,1,Zapatillas,urbano,0,APPLY
11908,1,1,Zapatillas,urbano,0,APPLY
11906,1,1,Zapatillas,urbano,0,APPLY
A233APOK7,2,46,Zapatillas,urbano,0,APPLY
A512-88,4,1,Zapatillas,urbano,0,APPLY
11965,1,1,Zapatillas,urbano,0,APPLY
11955,2,1,Zapatillas,urbano,0,APPLY
11963,2,1,Zapatillas,urbano,0,APPLY
11977BLK,1,1,Zapatillas,urbano,0,APPLY
11J183X421,1,1,Zapatillas,urbano,0,APPLY
11J223X991,1,1,Zapatillas,urbano,0,APPLY
11J228X885,1,1,Zapatillas,urbano,0,APPLY
11J228X896,1,1,Zapatillas,urbano,0,APPLY
11J302X964,1,1,Zapatillas,urbano,0,APPLY
11J313X960,1,1,Zapatillas,urbano,0,APPLY
11J319X254,1,1,Zapatillas,urbano,0,APPLY
11O015X028,1,1,Zapatillas,urbano,0,APPLY
11O015X933,1,1,Zapatillas,urbano,0,APPLY
11O035X011,1,1,Zapatillas,urbano,0,APPLY
11O043X623,1,1,Zapatillas,urbano,0,APPLY
11O045X546,1,1,Zapatillas,urbano,0,APPLY
11O045X973,1,1,Zapatillas,urbano,0,APPLY
11O056X860,1,1,Zapatillas,urbano,0,APPLY
11O056X970,1,1,Zapatillas,urbano,0,APPLY
11O083X639,1,1,Zapatillas,urbano,0,APPLY
11O093X026,1,1,Zapatillas,urbano,0,APPLY
11O100X940,1,1,Zapatillas,urbano,0,APPLY
11O103X819,1,1,Zapatillas,urbano,0,APPLY
11O106X651,1,1,Zapatillas,urbano,0,APPLY
11O112X964,1,1,Zapatillas,urbano,0,APPLY
A9290,12,1,Zapatillas,urbano,0,APPLY
AA-HD053,2,1,Zapatillas,urbano,0,APPLY
AA0553-100,1,1,Zapatillas,urbano,0,APPLY
AA7400-001,4,1,Zapatillas,urbano,0,APPLY
ACO-1,2,1,Zapatillas,urbano,0,APPLY
1641033,1,1,Zapatillas,urbano,0,APPLY
1643,1,1,Zapatillas,urbano,0,APPLY
1647,5,1,Zapatillas,"urbano,oficial",0,APPLY
12004,2,1,Zapatillas,urbano,0,APPLY
1658,2,1,Zapatillas,urbano,0,APPLY
AF3947,1,1,Zapatillas,urbano,0,APPLY
AF3949,1,1,Zapatillas,urbano,0,APPLY
AF3969,1,1,Zapatillas,urbano,0,APPLY
AF3999,1,1,Zapatillas,urbano,0,APPLY
AF4031,1,1,Zapatillas,urbano,0,APPLY
AF4638,1,1,Zapatillas,urbano,0,APPLY
AF3961,1,1,Zapatillas,urbano,0,APPLY
AF4856,1,1,Zapatillas,urbano,0,APPLY
AF4858,1,1,Zapatillas,urbano,0,APPLY
AF4887,1,1,Zapatillas,urbano,0,APPLY
AF5340,1,1,Zapatillas,urbano,0,APPLY
AF5341,1,1,Zapatillas,urbano,0,APPLY
AF5561,1,1,Zapatillas,urbano,0,APPLY
AF5725,1,1,Zapatillas,urbano,0,APPLY
AF5733,1,1,Zapatillas,urbano,0,APPLY
AF5734,1,1,Zapatillas,urbano,0,APPLY
100033359,3,1,Zapatillas,urbano,0,APPLY
AF4053,6,1,Zapatillas,urbano,0,APPLY
AF6114,1,1,Zapatillas,urbano,0,APPLY
AF6205,1,1,Zapatillas,urbano,0,APPLY
AF6693,1,1,Zapatillas,urbano,0,APPLY
AF6780,1,1,Zapatillas,urbano,0,APPLY
AF6805,1,1,Zapatillas,urbano,0,APPLY
AF5563,2,1,Zapatillas,urbano,0,APPLY
1153,1,1,Zapatillas,urbano,0,APPLY
1665,1,1,Zapatillas,urbano,0,APPLY
16677-BRN,3,1,Zapatillas,urbano,0,APPLY
AH2594,1,1,Zapatillas,urbano,0,APPLY
AH7372-081,1,1,Zapatillas,urbano,0,APPLY
AI1683,1,1,Zapatillas,urbano,0,APPLY
CD4156-606,2,1,Zapatillas,urbano,0,APPLY
1670,2,1;7,Zapatillas,urbano,0,APPLY
AO3258-400,1,1,Zapatillas,urbano,0,APPLY
12075,1,1,Zapatillas,urbano,0,APPLY
12034,1,1,Zapatillas,urbano,0,APPLY
12055,2,1,Zapatillas,urbano,0,APPLY
12074,1,1,Zapatillas,urbano,0,APPLY
167178-BLK,2,1,Zapatillas,urbano,0,APPLY
12062,1,1,Zapatillas,urbano,0,APPLY
12067,1,1,Zapatillas,urbano,0,APPLY
001-10730,1,1,Zapatillas,urbano,0,APPLY
001-11730,1,1,Zapatillas,urbano,0,APPLY
167305-BBK,3,1,Zapatillas,urbano,0,APPLY
AQ1423,1,1,Zapatillas,urbano,0,APPLY
AQ0551,2,1,Zapatillas,urbano,0,APPLY
AQ2195,1,1,Zapatillas,urbano,0,APPLY
AQ2196,1,1,Zapatillas,urbano,0,APPLY
AQ2174,2,1,Zapatillas,urbano,0,APPLY
12129,1,1,Zapatillas,urbano,0,APPLY
AQ2279,1,1,Zapatillas,urbano,0,APPLY
12118,4,1,Zapatillas,urbano,0,APPLY
12128,1,1,Zapatillas,urbano,0,APPLY
167328-BBK,1,1,Zapatillas,urbano,0,APPLY
AQ2286,1,1,Zapatillas,urbano,0,APPLY
AQ2802,1,1,Zapatillas,urbano,0,APPLY
AQ3731,1,1,Zapatillas,urbano,0,APPLY
AQ3967,1,1,Zapatillas,urbano,0,APPLY
AQ3977,1,1,Zapatillas,urbano,0,APPLY
AQ2568-402,2,1,Zapatillas,urbano,0,APPLY
AQ3980,1,1,Zapatillas,urbano,0,APPLY
12162,1,1,Zapatillas,urbano,0,APPLY
167328-CH,2,1,Zapatillas,urbano,0,APPLY
AQ4096,1,1,Zapatillas,urbano,0,APPLY
AQ4097,1,1,Zapatillas,urbano,0,APPLY
AQ4105,1,1,Zapatillas,urbano,0,APPLY
AQ4106,1,1,Zapatillas,urbano,0,APPLY
AQ4107,1,1,Zapatillas,urbano,0,APPLY
AQ4137,2,1,Zapatillas,urbano,0,APPLY
167433-BLK,2,1,Zapatillas,urbano,0,APPLY
AQ4049,1,1,Zapatillas,urbano,0,APPLY
12178,1,1,Zapatillas,urbano,0,APPLY
AQ4224-002,3,1,Zapatillas,urbano,0,APPLY
AQ4331,1,1,Zapatillas,urbano,0,APPLY
AQ4332,1,1,Zapatillas,urbano,0,APPLY
AQ4364,1,1,Zapatillas,urbano,0,APPLY
AQ4885,1,1,Zapatillas,urbano,0,APPLY
AQ5048,1,1,Zapatillas,urbano,0,APPLY
1218,2,12;63,Zapatillas,urbano,0,APPLY
AQ5309,1,1,Zapatillas,urbano,0,APPLY
AQ5311,1,1,Zapatillas,urbano,0,APPLY
AQ5921,1,1,Zapatillas,urbano,0,APPLY
AQ4502,1,1,Zapatillas,urbano,0,APPLY
AQ4884,1,1,Zapatillas,urbano,0,APPLY
AQ5041,1,1,Zapatillas,urbano,0,APPLY
AQ5042,2,1,Zapatillas,urbano,0,APPLY
AQ6168,1,1,Zapatillas,urbano,0,APPLY
AQ6304,1,1,Zapatillas,urbano,0,APPLY
AQ6556,1,1,Zapatillas,urbano,0,APPLY
AQ6557,1,1,Zapatillas,urbano,0,APPLY
AQ6814,1,1,Zapatillas,urbano,0,APPLY
AQ7319,1,1,Zapatillas,urbano,0,APPLY
167988-BLK,2,1,Zapatillas,urbano,0,APPLY
167988-NAT,2,1,Zapatillas,urbano,0,APPLY
AQ5922,1,1,Zapatillas,urbano,0,APPLY
AQ6167,2,1,Zapatillas,urbano,0,APPLY
AQ7486-200,1,1,Zapatillas,urbano,0,APPLY
AQ7751,1,1,Zapatillas,urbano,0,APPLY
AQ7752,1,1,Zapatillas,urbano,0,APPLY
AQ7860,1,1,Zapatillas,urbano,0,APPLY
AQ9984,1,1,Zapatillas,urbano,0,APPLY
AQ9987,1,1,Zapatillas,urbano,0,APPLY
AQ7509,1,1,Zapatillas,urbano,0,APPLY
AR0413,1,1,Zapatillas,urbano,0,APPLY
AR0419,1,1,Zapatillas,urbano,0,APPLY
AR0725,1,1,Zapatillas,urbano,0,APPLY
AR0726,1,1,Zapatillas,urbano,0,APPLY
AR0730,1,1,Zapatillas,urbano,0,APPLY
AR0731,1,1,Zapatillas,urbano,0,APPLY
AR0762,1,1,Zapatillas,urbano,0,APPLY
AR0973,1,1,Zapatillas,urbano,0,APPLY
AR1929,1,1,Zapatillas,urbano,0,APPLY
AR0733,1,1,Zapatillas,urbano,0,APPLY
AR2092,1,1,Zapatillas,urbano,0,APPLY
AR2942,1,1,Zapatillas,urbano,0,APPLY
AR3029,1,1,Zapatillas,urbano,0,APPLY
AR3055,1,1,Zapatillas,urbano,0,APPLY
AR3067,1,1,Zapatillas,urbano,0,APPLY
AR3068,1,1,Zapatillas,urbano,0,APPLY
AR3070,1,1,Zapatillas,urbano,0,APPLY
AR3087,1,1,Zapatillas,urbano,0,APPLY
AR3095,1,1,Zapatillas,urbano,0,APPLY
AR3097,1,1,Zapatillas,urbano,0,APPLY
AR3105,1,1,Zapatillas,urbano,0,APPLY
AR3107,1,1,Zapatillas,urbano,0,APPLY
AR3223,1,1,Zapatillas,urbano,0,APPLY
AR3226,1,1,Zapatillas,urbano,0,APPLY
AR3658,1,1,Zapatillas,urbano,0,APPLY
AR3053,1,1,Zapatillas,urbano,0,APPLY
1687,1,1,Zapatillas,urbano,0,APPLY
051-5481,2,1,Zapatillas,urbano,0,APPLY
AT1238-006,2,1,Zapatillas,urbano,0,APPLY
AT4517-002,5,1,Zapatillas,urbano,0,APPLY
AT6109-060,4,1,Zapatillas,urbano,0,APPLY
1232,1,1,Zapatillas,urbano,0,APPLY
12340,3,1,Zapatillas,urbano,0,APPLY
AUTHENTIC U NEON,3,1,Zapatillas,urbano,0,APPLY
AUTHENTICLOPRO NEON,1,1,Zapatillas,urbano,0,APPLY
AUTHENTICLOPRO U,1,1,Zapatillas,urbano,0,APPLY
AUTHENTICSLIM U,1,1,Zapatillas,urbano,0,APPLY
AUTHENTICCLOP FUC,1,1,Zapatillas,urbano,0,APPLY
AUTHENTICLOP NEON,1,1,Zapatillas,urbano,0,APPLY
AUTHENTICLOP U,2,1,Zapatillas,urbano,0,APPLY
12370,3,1,Zapatillas,urbano,0,APPLY
AW3831,1,1,Zapatillas,urbano,0,APPLY
AW3881,1,1,Zapatillas,urbano,0,APPLY
12378,1,1,Zapatillas,urbano,0,APPLY
AW4005,1,1,Zapatillas,urbano,0,APPLY
AVSS21037,3,1,Zapatillas,"urbano,baby",0,APPLY
AW4061,1,1,Zapatillas,urbano,0,APPLY
AW4062,1,1,Zapatillas,urbano,0,APPLY
AW4063,1,1,Zapatillas,urbano,0,APPLY
AW4107,1,1,Zapatillas,urbano,0,APPLY
AW4109,1,1,Zapatillas,urbano,0,APPLY
AW4394,1,1,Zapatillas,urbano,0,APPLY
AW4570,1,1,Zapatillas,urbano,0,APPLY
AW4007,1,1,Zapatillas,urbano,0,APPLY
AW4581,1,1,Zapatillas,urbano,0,APPLY
AW4592,1,1,Zapatillas,urbano,0,APPLY
AW4593,1,1,Zapatillas,urbano,0,APPLY
AW4632,1,1,Zapatillas,urbano,0,APPLY
AW4633,1,1,Zapatillas,urbano,0,APPLY
AW4650,1,1,Zapatillas,urbano,0,APPLY
AW4656,2,1,Zapatillas,urbano,0,APPLY
AW4657,1,1,Zapatillas,urbano,0,APPLY
AW4698,1,1,Zapatillas,urbano,0,APPLY
AW4802,1,1,Zapatillas,urbano,0,APPLY
AW4808,1,1,Zapatillas,urbano,0,APPLY
AW4848,1,1,Zapatillas,urbano,0,APPLY
AW4875,1,1,Zapatillas,urbano,0,APPLY
AW4579,2,1,Zapatillas,urbano,0,APPLY
AW4818,1,1,Zapatillas,urbano,0,APPLY
AW4851,2,1,Zapatillas,urbano,0,APPLY
AW4852,2,1,Zapatillas,urbano,0,APPLY
AW4884,5,1,Zapatillas,urbano,0,APPLY
AW5053,1,1,Zapatillas,urbano,0,APPLY
AW5104,1,1,Zapatillas,urbano,0,APPLY
AW5121,1,1,Zapatillas,urbano,0,APPLY
AW5129,1,1,Zapatillas,urbano,0,APPLY
AW5135,1,1,Zapatillas,urbano,0,APPLY
AW5136,1,1,Zapatillas,urbano,0,APPLY
AW5137,1,1,Zapatillas,urbano,0,APPLY
AW5138,1,1,Zapatillas,urbano,0,APPLY
AW5139,1,1,Zapatillas,urbano,0,APPLY
AW5214,1,1,Zapatillas,urbano,0,APPLY
AW5215,1,1,Zapatillas,urbano,0,APPLY
AW5310,1,1,Zapatillas,urbano,0,APPLY
AW5313,1,1,Zapatillas,urbano,0,APPLY
AW5314,1,1,Zapatillas,urbano,0,APPLY
AW5321,1,1,Zapatillas,urbano,0,APPLY
AW5324,1,1,Zapatillas,urbano,0,APPLY
AW5328,1,1,Zapatillas,urbano,0,APPLY
AW5342,1,1,Zapatillas,urbano,0,APPLY
AW5116,1,1,Zapatillas,urbano,0,APPLY
AW5126,1,1,Zapatillas,urbano,0,APPLY
AW5286,1,1,Zapatillas,urbano,0,APPLY
AW5287,1,1,Zapatillas,urbano,0,APPLY
AW5307,1,1,Zapatillas,urbano,0,APPLY
AW5341,1,1,Zapatillas,urbano,0,APPLY
AZ254011155-P07,2,46,Zapatillas,urbano,0,APPLY
B2012030,1,1,Zapatillas,urbano,0,APPLY
B2012032,1,1,Zapatillas,urbano,0,APPLY
B2012031,1,1,Zapatillas,urbano,0,APPLY
B2012033,1,1,Zapatillas,urbano,0,APPLY
B22797,1,1,Zapatillas,urbano,0,APPLY
B22798,1,1,Zapatillas,urbano,0,APPLY
B22820,1,1,Zapatillas,urbano,0,APPLY
B22853,1,1,Zapatillas,urbano,0,APPLY
B22857,1,1,Zapatillas,urbano,0,APPLY
B23610,1,1,Zapatillas,"urbano,training",0,APPLY
B23638,1,1,Zapatillas,urbano,0,APPLY
B23641,1,1,Zapatillas,urbano,0,APPLY
B23637,1,1,Zapatillas,urbano,0,APPLY
12405,1,1,Zapatillas,urbano,0,APPLY
B24568,1,1,Zapatillas,urbano,0,APPLY
B24600,1,1,Zapatillas,urbano,0,APPLY
B24601,1,1,Zapatillas,urbano,0,APPLY
B24719,1,1,Zapatillas,urbano,0,APPLY
124013-MVE,4,1,Zapatillas,urbano,0,APPLY
B23755,2,1,Zapatillas,urbano,0,APPLY
B24855,1,1,Zapatillas,urbano,0,APPLY
B24904,1,1,Zapatillas,urbano,0,APPLY
B25026,1,1,Zapatillas,urbano,0,APPLY
B25510,1,1,Zapatillas,urbano,0,APPLY
B25511,1,1,Zapatillas,urbano,0,APPLY
B25645,1,1,Zapatillas,urbano,0,APPLY
B26203,1,1,Zapatillas,urbano,0,APPLY
B26218,1,1,Zapatillas,urbano,0,APPLY
B26230,1,1,Zapatillas,urbano,0,APPLY
B26527,1,1,Zapatillas,urbano,0,APPLY
B26529,1,1,Zapatillas,urbano,0,APPLY
B27019,1,1,Zapatillas,urbano,0,APPLY
B27022,1,1,Zapatillas,urbano,0,APPLY
124094-NVY,4,1,Zapatillas,urbano,0,APPLY
12418,1,1,Zapatillas,urbano,0,APPLY
B25027,1,1,Zapatillas,urbano,0,APPLY
B25714,1,1,Zapatillas,urbano,0,APPLY
B27141,1,1,Zapatillas,urbano,0,APPLY
B27268,1,1,Zapatillas,urbano,0,APPLY
B27275,1,1,Zapatillas,urbano,0,APPLY
B27342,2,1,Zapatillas,urbano,0,APPLY
B27343,1,1,Zapatillas,urbano,0,APPLY
1700,1,1,Zapatillas,urbano,0,APPLY
B27665,1,1,Zapatillas,urbano,0,APPLY
12420,1,1,Zapatillas,urbano,0,APPLY
12947-BBK,4,1,Zapatillas,urbano,0,APPLY
B26397,2,1,Zapatillas,urbano,0,APPLY
B33131,1,1,Zapatillas,urbano,0,APPLY
B33187,1,1,Zapatillas,urbano,0,APPLY
B40557,2,1,Zapatillas,urbano,0,APPLY
B40720,1,1,Zapatillas,urbano,0,APPLY
B28128,2,1,Zapatillas,urbano,0,APPLY
B33758,2,1,Zapatillas,urbano,0,APPLY
B33765,1,1,Zapatillas,urbano,0,APPLY
B33102,1,1,Zapatillas,urbano,0,APPLY
B34580,1,1,Zapatillas,urbano,0,APPLY
B34596,1,1,Zapatillas,urbano,0,APPLY
B34814,1,1,Zapatillas,urbano,0,APPLY
B34815,1,1,Zapatillas,urbano,0,APPLY
B34980,1,1,Zapatillas,urbano,0,APPLY
B35098,1,1,Zapatillas,urbano,0,APPLY
B35204,1,1,Zapatillas,urbano,0,APPLY
B35438,1,1,Zapatillas,urbano,0,APPLY
B33397,1,1,Zapatillas,urbano,0,APPLY
12428,2,1,Zapatillas,urbano,0,APPLY
B39835,1,1,Zapatillas,urbano,0,APPLY
B39836,1,1,Zapatillas,urbano,0,APPLY
B40097,1,1,Zapatillas,urbano,0,APPLY
B40099,1,1,Zapatillas,urbano,0,APPLY
B40225,1,1,Zapatillas,urbano,0,APPLY
B40227,1,1,Zapatillas,urbano,0,APPLY
B40228,1,1,Zapatillas,urbano,0,APPLY
B40257,1,1,Zapatillas,urbano,0,APPLY
B40295,1,1,Zapatillas,urbano,0,APPLY
B40388,1,1,Zapatillas,urbano,0,APPLY
B40530,1,1,Zapatillas,urbano,0,APPLY
B40554,1,1,Zapatillas,urbano,0,APPLY
12431,1,1,Zapatillas,urbano,0,APPLY
B40864,1,1,Zapatillas,urbano,0,APPLY
B40865,1,1,Zapatillas,urbano,0,APPLY
B40951,1,1,Zapatillas,urbano,0,APPLY
B40968,1,1,Zapatillas,urbano,0,APPLY
B40994,1,1,Zapatillas,urbano,0,APPLY
B41028,1,1,Zapatillas,urbano,0,APPLY
11936-BKHP,1,1,Zapatillas,urbano,0,APPLY
B39974,2,1,Zapatillas,urbano,0,APPLY
B42860,1,1,Zapatillas,urbano,0,APPLY
B44014,1,1,Zapatillas,urbano,0,APPLY
B44106,1,1,Zapatillas,urbano,0,APPLY
B44135,1,1,Zapatillas,urbano,0,APPLY
B44152,1,1,Zapatillas,urbano,0,APPLY
12437,1,1,Zapatillas,urbano,0,APPLY
B42105,2,1,Zapatillas,urbano,0,APPLY
B44297,1,1,Zapatillas,urbano,0,APPLY
B44298,2,1,Zapatillas,urbano,0,APPLY
B44364,1,1,Zapatillas,urbano,0,APPLY
B44013,1,1,Zapatillas,urbano,0,APPLY
B72576,1,1,Zapatillas,urbano,0,APPLY
B72587,1,1,Zapatillas,urbano,0,APPLY
12447,1,1,Zapatillas,urbano,0,APPLY
B72958,1,1,Zapatillas,urbano,0,APPLY
B74297,1,1,Zapatillas,urbano,0,APPLY
B74506,1,1,Zapatillas,urbano,0,APPLY
B74533,1,1,Zapatillas,urbano,0,APPLY
B74652,1,1,Zapatillas,urbano,0,APPLY
B74669,1,1,Zapatillas,urbano,0,APPLY
103315 01,1,1,Zapatillas,urbano,0,APPLY
10331L,1,1,Zapatillas,urbano,0,APPLY
B75681,2,1,Zapatillas,urbano,0,APPLY
BA3013,1,1,Zapatillas,urbano,0,APPLY
B96470,1,1,Zapatillas,urbano,0,APPLY
1706,2,1;14,Zapatillas,urbano,0,APPLY
10472N,1,1,Zapatillas,urbano,0,APPLY
1709,2,1;23,Zapatillas,urbano,0,APPLY
1062,1,1,Zapatillas,urbano,0,APPLY
1710,3,1;19,Zapatillas,urbano,0,APPLY
1082,2,1;5,Zapatillas,urbano,0,APPLY
1096,1,1,Zapatillas,urbano,0,APPLY
1712,1,1,Zapatillas,urbano,0,APPLY
H01994,4,1,Zapatillas,urbano,0,APPLY
12470,1,1,Zapatillas,urbano,0,APPLY
124637-BBK,3,1,Zapatillas,urbano,0,APPLY
12947-BKW,4,1,Zapatillas,urbano,0,APPLY
12473,1,1,Zapatillas,urbano,0,APPLY
125,8,1;12;14;25;46,Zapatillas,urbano,0,APPLY
124959-NVY,4,1,Zapatillas,urbano,0,APPLY
BA7422,1,1,Zapatillas,urbano,0,APPLY
BA7429,1,1,Zapatillas,urbano,0,APPLY
BA7458,1,1,Zapatillas,urbano,0,APPLY
BA7880,1,1,Zapatillas,urbano,0,APPLY
BA7882,1,1,Zapatillas,urbano,0,APPLY
BA7884,1,1,Zapatillas,urbano,0,APPLY
BA8099,1,1,Zapatillas,urbano,0,APPLY
BA8107,1,1,Zapatillas,urbano,0,APPLY
BA8153,1,1,Zapatillas,urbano,0,APPLY
BA8166,1,1,Zapatillas,urbano,0,APPLY
BA7883,1,1,Zapatillas,urbano,0,APPLY
BA9423,1,1,Zapatillas,urbano,0,APPLY
BA9424,1,1,Zapatillas,urbano,0,APPLY
1252,2,1;2,Zapatillas,urbano,0,APPLY
BAKU,2,1,Zapatillas,urbano,0,APPLY
11639,2,1,Zapatillas,urbano,0,APPLY
11641022,3,1,Zapatillas,urbano,0,APPLY
11642,2,1,Zapatillas,urbano,0,APPLY
BA9707,3,1,Zapatillas,urbano,0,APPLY
117209-BBK,6,1,Zapatillas,urbano,0,APPLY
BB0809,1,1,Zapatillas,urbano,0,APPLY
BB1000,1,1,Zapatillas,urbano,0,APPLY
BD4590,1,1,Zapatillas,urbano,0,APPLY
BB1016,1,1,Zapatillas,urbano,0,APPLY
BB1979,1,1,Zapatillas,urbano,0,APPLY
124187-BBK,2,1,Zapatillas,urbano,0,APPLY
124191-GYAQ,5,1,Zapatillas,urbano,0,APPLY
BB2259,1,1,Zapatillas,urbano,0,APPLY
BB2520,1,1,Zapatillas,urbano,0,APPLY
BB2577,1,1,Zapatillas,urbano,0,APPLY
BB3025,1,1,Zapatillas,urbano,0,APPLY
BB3160,1,1,Zapatillas,urbano,0,APPLY
BB3459,1,1,Zapatillas,urbano,0,APPLY
BB3896,1,1,Zapatillas,urbano,0,APPLY
1722,3,1;23;64,Zapatillas,urbano,0,APPLY
BB4358,1,1,Zapatillas,urbano,0,APPLY
1725,4,1;14,Zapatillas,urbano,0,APPLY
BB4623,1,1,Zapatillas,urbano,0,APPLY
BB4370,4,1,Zapatillas,urbano,0,APPLY
BB4843,1,1,Zapatillas,urbano,0,APPLY
BB8287,1,1,Zapatillas,urbano,0,APPLY
BB8457,1,1,Zapatillas,urbano,0,APPLY
BB7019,2,1,Zapatillas,urbano,0,APPLY
BB9646,1,1,Zapatillas,urbano,0,APPLY
BB8774,1,1,Zapatillas,urbano,0,APPLY
BB9884,1,1,Zapatillas,urbano,0,APPLY
BB9901,1,1,Zapatillas,urbano,0,APPLY
BB9683,1,1,Zapatillas,urbano,0,APPLY
BB9977,1,1,Zapatillas,urbano,0,APPLY
BBBFW14006,1,1,Zapatillas,urbano,0,APPLY
BBBFW14014,1,1,Zapatillas,urbano,0,APPLY
BBBFW14021,1,1,Zapatillas,urbano,0,APPLY
BBBFW15007,1,1,Zapatillas,urbano,0,APPLY
BBBSS14025,1,1,Zapatillas,urbano,0,APPLY
BBBSS15013,1,1,Zapatillas,urbano,0,APPLY
BBBSS16002-B,1,1,Zapatillas,urbano,0,APPLY
BBBSS16005,1,1,Zapatillas,urbano,0,APPLY
BBBWZ13001,1,1,Zapatillas,urbano,0,APPLY
BBBWZ13002,1,1,Zapatillas,urbano,0,APPLY
BBBWZ13005,1,1,Zapatillas,urbano,0,APPLY
BBBWZ13006,1,1,Zapatillas,urbano,0,APPLY
BBFW14020,1,1,Zapatillas,urbano,0,APPLY
BBFW17009,1,1,Zapatillas,urbano,0,APPLY
BBFW17013,1,1,Zapatillas,urbano,0,APPLY
BBFWZ13003,1,1,Zapatillas,urbano,0,APPLY
BBFWZ13004,2,1,Zapatillas,urbano,0,APPLY
12061,1,1,Zapatillas,urbano,0,APPLY
BBFWZ13006,2,1,Zapatillas,urbano,0,APPLY
BBFWZ13008,1,1,Zapatillas,urbano,0,APPLY
BBFWZ13013,1,1,Zapatillas,urbano,0,APPLY
BBPFW14004,2,1,Zapatillas,urbano,0,APPLY
BBPFW14006,1,1,Zapatillas,urbano,0,APPLY
BBPFW14009,1,1,Zapatillas,urbano,0,APPLY
BBPFW14013,1,1,Zapatillas,urbano,0,APPLY
BBPFW14014,1,1,Zapatillas,urbano,0,APPLY
BBPFW14015,1,1,Zapatillas,urbano,0,APPLY
BBPFW14016,1,1,Zapatillas,urbano,0,APPLY
BBPFW14017,1,1,Zapatillas,urbano,0,APPLY
BBPFW14020,1,1,Zapatillas,urbano,0,APPLY
BBPFW15001,1,1,Zapatillas,urbano,0,APPLY
BBPFW15011,1,1,Zapatillas,urbano,0,APPLY
BBPSS14013,1,1,Zapatillas,urbano,0,APPLY
BBPSS14028,1,1,Zapatillas,urbano,0,APPLY
12119,1,1,Zapatillas,urbano,0,APPLY
12119 BKHP,1,1,Zapatillas,urbano,0,APPLY
BBPSS14029,1,1,Zapatillas,urbano,0,APPLY
BBPSS14039,1,1,Zapatillas,urbano,0,APPLY
BBPSS14040,1,1,Zapatillas,urbano,0,APPLY
BBPSS15001,1,1,Zapatillas,urbano,0,APPLY
BBPSS15005,1,1,Zapatillas,urbano,0,APPLY
BBPSS15007,1,1,Zapatillas,urbano,0,APPLY
BBPSS15011,1,1,Zapatillas,urbano,0,APPLY
BBPSS15013,1,1,Zapatillas,urbano,0,APPLY
BBPSS15014,1,1,Zapatillas,urbano,0,APPLY
BC0070,1,1,Zapatillas,urbano,0,APPLY
BD1446,1,1,Zapatillas,urbano,0,APPLY
BD1447,1,1,Zapatillas,urbano,0,APPLY
BD1459,1,1,Zapatillas,urbano,0,APPLY
BD1460,1,1,Zapatillas,urbano,0,APPLY
BD1465,1,1,Zapatillas,urbano,0,APPLY
BD1393,1,1,Zapatillas,urbano,0,APPLY
BD1997,1,1,Zapatillas,urbano,0,APPLY
BD09208,2,1,Zapatillas,urbano,0,APPLY
BD1444,1,1,Zapatillas,urbano,0,APPLY
BD1549,2,1,Zapatillas,urbano,0,APPLY
BD2069,1,1,Zapatillas,urbano,0,APPLY
BD2344,1,1,Zapatillas,urbano,0,APPLY
BD2401,2,1,Zapatillas,urbano,0,APPLY
BD2776,1,1,Zapatillas,urbano,0,APPLY
BD2777,1,1,Zapatillas,urbano,0,APPLY
BD2942,1,1,Zapatillas,urbano,0,APPLY
BD3994,1,1,Zapatillas,urbano,0,APPLY
BD4250,1,1,Zapatillas,urbano,0,APPLY
BD2213,2,1,Zapatillas,urbano,0,APPLY
BD3663,1,1,Zapatillas,urbano,0,APPLY
BD5445,1,1,Zapatillas,urbano,0,APPLY
12125,1,1,Zapatillas,urbano,0,APPLY
BD2591,1,1,Zapatillas,urbano,0,APPLY
BD5393,1,1,Zapatillas,urbano,0,APPLY
BD7984,3,1,Zapatillas,urbano,0,APPLY
BD8054,1,1,Zapatillas,urbano,0,APPLY
124222-BBK,5,1,Zapatillas,urbano,0,APPLY
12013,2,1;35,Zapatillas,urbano,0,APPLY
126,4,86,Zapatillas,urbano,0,APPLY
1300152-100,1,1,Zapatillas,urbano,0,APPLY
12982 NVBL,1,1,Zapatillas,urbano,0,APPLY
12982 WSL,2,1,Zapatillas,urbano,0,APPLY
BORDER,1,1,Zapatillas,"urbano,oficial",0,APPLY
BOX,1,1,Zapatillas,urbano,0,APPLY
BOX1,1,1,Zapatillas,urbano,0,APPLY
1757,1,1,Zapatillas,urbano,0,APPLY
12704-BKW,3,1,Zapatillas,urbano,0,APPLY
12704-NVY,2,1,Zapatillas,urbano,0,APPLY
12716-BKHP,4,1,Zapatillas,urbano,0,APPLY
1763,2,11;63,Zapatillas,urbano,0,APPLY
1766,1,1,Zapatillas,urbano,0,APPLY
1767,1,1,Zapatillas,urbano,0,APPLY
128013-NVPK,2,1,Zapatillas,urbano,0,APPLY
12817-BBK,1,1,Zapatillas,urbano,0,APPLY
177092-WCRL,5,1,Zapatillas,urbano,0,APPLY
128003-BBK,7,1,Zapatillas,urbano,0,APPLY
128010-BKPK,4,1,Zapatillas,urbano,0,APPLY
128190-BKBL,6,1,Zapatillas,urbano,0,APPLY
12820-BKW,2,1,Zapatillas,urbano,0,APPLY
128262-BKMV,2,1,Zapatillas,urbano,0,APPLY
128266-BKW,5,1,Zapatillas,urbano,0,APPLY
BQ3203-002,3,1,Zapatillas,urbano,0,APPLY
1285.436.13488.15745,2,46,Zapatillas,urbano,0,APPLY
128551-BKBL,2,1,Zapatillas,urbano,0,APPLY
177151-BLK,2,1,Zapatillas,urbano,0,APPLY
177151-OFWT,3,1,Zapatillas,urbano,0,APPLY
BQ3204-002,2,1,Zapatillas,urbano,0,APPLY
BQ5448-100,10,1,Zapatillas,urbano,0,APPLY
128608-BKPR,2,1,Zapatillas,urbano,0,APPLY
128615-BBK,2,1,Zapatillas,urbano,0,APPLY
128615-NVBL,2,1,Zapatillas,urbano,0,APPLY
129000-BKBL,2,1,Zapatillas,urbano,0,APPLY
129006-BKW,2,1,Zapatillas,urbano,0,APPLY
BQ5451-109,4,1,Zapatillas,urbano,0,APPLY
129423-BKPR,2,1,Zapatillas,urbano,0,APPLY
12946-ROS,4,1,Zapatillas,urbano,0,APPLY
BQ5453-104,5,1,Zapatillas,urbano,0,APPLY
129470-BKW,2,1,Zapatillas,urbano,0,APPLY
12955-BKPK,1,1,Zapatillas,urbano,0,APPLY
12955-WPKB,2,1,Zapatillas,urbano,0,APPLY
12964-BBK,1,1,Zapatillas,urbano,0,APPLY
12964-BKW,1,1,Zapatillas,urbano,0,APPLY
12964-BURG,1,1,Zapatillas,urbano,0,APPLY
12964-CCCL,1,1,Zapatillas,urbano,0,APPLY
12964-LAV,1,1,Zapatillas,urbano,0,APPLY
12964-NVLB,1,1,Zapatillas,urbano,0,APPLY
12965-NVPK,1,1,Zapatillas,urbano,0,APPLY
12966,1,1,Zapatillas,urbano,0,APPLY
12966-BKW,3,1,Zapatillas,urbano,0,APPLY
12966-LAV,1,1,Zapatillas,urbano,0,APPLY
12966-NVHP,4,1,Zapatillas,urbano,0,APPLY
177335-BLK,2,1,Zapatillas,urbano,0,APPLY
177335-NAT,4,1,Zapatillas,urbano,0,APPLY
177345-BLK,2,1,Zapatillas,urbano,0,APPLY
177345-OFWT,2,1,Zapatillas,urbano,0,APPLY
12965-BKCC,2,1,Zapatillas,urbano,0,APPLY
12982,2,1,Zapatillas,"urbano,oficial",0,APPLY
12982 BKW,6,1,Zapatillas,urbano,0,APPLY
12982-GYTQ,7,1,Zapatillas,urbano,0,APPLY
177520-BBK,5,1,Zapatillas,urbano,0,APPLY
BS5574,1,1,Zapatillas,urbano,0,APPLY
BS6155,1,1,Zapatillas,urbano,0,APPLY
BS6157,1,1,Zapatillas,urbano,0,APPLY
BS6540,1,1,Zapatillas,urbano,0,APPLY
12982-WSL,11,1,Zapatillas,"urbano,blanco",0,APPLY
12991-NVLB,2,1,Zapatillas,urbano,0,APPLY
12995-BKW,1,1,Zapatillas,urbano,0,APPLY
12995-NVHP,2,1,Zapatillas,urbano,0,APPLY
12997-BBK,4,1,Zapatillas,urbano,0,APPLY
12997-BKW,4,1,Zapatillas,urbano,0,APPLY
12997-GYCL,4,1,Zapatillas,urbano,0,APPLY
12997-NVTQ,6,1,Zapatillas,urbano,0,APPLY
BS8709,1,1,Zapatillas,urbano,0,APPLY
BS8737,1,1,Zapatillas,urbano,0,APPLY
BS8026,1,1,Zapatillas,urbano,0,APPLY
BS8782,1,1,Zapatillas,urbano,0,APPLY
177546-BBK,2,1,Zapatillas,urbano,0,APPLY
177546-NVY,2,1,Zapatillas,urbano,0,APPLY
177546-WHT,3,1,Zapatillas,urbano,0,APPLY
BS8713,1,1,Zapatillas,urbano,0,APPLY
BSSSC15003,1,1,Zapatillas,urbano,0,APPLY
BSSSC15005,1,1,Zapatillas,urbano,0,APPLY
BSSSC16009,2,1,Zapatillas,urbano,0,APPLY
177550-BBK,2,1,Zapatillas,urbano,0,APPLY
177550-OBBK,1,1,Zapatillas,urbano,0,APPLY
177550-OFWT,2,1,Zapatillas,urbano,0,APPLY
177710-BLSH,2,1,Zapatillas,urbano,0,APPLY
177710-W,2,1,Zapatillas,urbano,0,APPLY
13019-WMLT,2,1,Zapatillas,urbano,0,APPLY
13020-BKMT,2,1,Zapatillas,urbano,0,APPLY
177959-WBK,2,1,Zapatillas,urbano,0,APPLY
177959-WMLT,2,1,Zapatillas,urbano,0,APPLY
13024371-006,2,1,Zapatillas,urbano,0,APPLY
177975-BKGD,5,1,Zapatillas,urbano,0,APPLY
177975-NTGD,4,1,Zapatillas,urbano,0,APPLY
177980-BKPK,4,1,Zapatillas,urbano,0,APPLY
177980-WRD,4,1,Zapatillas,urbano,0,APPLY
177981-WMLT,2,1,Zapatillas,urbano,0,APPLY
BY2196,1,1,Zapatillas,urbano,0,APPLY
BY2205,1,1,Zapatillas,urbano,0,APPLY
BY2721,1,1,Zapatillas,urbano,0,APPLY
BY2895,1,1,Zapatillas,urbano,0,APPLY
BY4015,1,1,Zapatillas,urbano,0,APPLY
BY4060,1,1,Zapatillas,urbano,0,APPLY
BY4188,1,1,Zapatillas,urbano,0,APPLY
BY9175,1,1,Zapatillas,urbano,0,APPLY
BY9177,1,1,Zapatillas,urbano,0,APPLY
BY9265,1,1,Zapatillas,urbano,0,APPLY
BY9582,1,1,Zapatillas,urbano,0,APPLY
BY9585,1,1,Zapatillas,urbano,0,APPLY
BY9855,1,1,Zapatillas,urbano,0,APPLY
BY9856,1,1,Zapatillas,urbano,0,APPLY
BY9885,1,1,Zapatillas,urbano,0,APPLY
BY9176,1,1,Zapatillas,urbano,0,APPLY
1305039-004,3,1,Zapatillas,urbano,0,APPLY
C13803-007,3,1,Zapatillas,urbano,0,APPLY
C75485,1,1,Zapatillas,urbano,0,APPLY
C75639,1,1,Zapatillas,urbano,0,APPLY
C75640,1,1,Zapatillas,urbano,0,APPLY
C75643,1,1,Zapatillas,urbano,0,APPLY
C75644,1,1,Zapatillas,urbano,0,APPLY
C75646,1,1,Zapatillas,urbano,0,APPLY
1782,1,1,Zapatillas,urbano,0,APPLY
1787,1,1,Zapatillas,urbano,0,APPLY
1789,1,1,Zapatillas,urbano,0,APPLY
C75658,1,1,Zapatillas,urbano,0,APPLY
C75660,1,1,Zapatillas,urbano,0,APPLY
C75688,1,1,Zapatillas,urbano,0,APPLY
C75702,1,1,Zapatillas,urbano,0,APPLY
C75712,1,1,Zapatillas,urbano,0,APPLY
C75733,1,1,Zapatillas,urbano,0,APPLY
C75788,1,1,Zapatillas,urbano,0,APPLY
C75792,1,1,Zapatillas,urbano,0,APPLY
C75665,1,1,Zapatillas,urbano,0,APPLY
C75948,1,1,Zapatillas,urbano,0,APPLY
C76492,1,1,Zapatillas,urbano,0,APPLY
C76974,1,1,Zapatillas,urbano,0,APPLY
C76976,1,1,Zapatillas,urbano,0,APPLY
C76982,1,1,Zapatillas,urbano,0,APPLY
C77644,1,1,Zapatillas,urbano,0,APPLY
C77797,1,1,Zapatillas,urbano,0,APPLY
C77800,2,1,Zapatillas,urbano,0,APPLY
C77904,1,1,Zapatillas,urbano,0,APPLY
C77905,1,1,Zapatillas,urbano,0,APPLY
C77913,1,1,Zapatillas,urbano,0,APPLY
C75789,1,1,Zapatillas,urbano,0,APPLY
CA-A1711-70,1,1,Zapatillas,urbano,0,APPLY
C77153,1,1,Zapatillas,urbano,0,APPLY
C77647,1,1,Zapatillas,urbano,0,APPLY
CA-A1711-90,1,1,Zapatillas,urbano,0,APPLY
1305459-461,2,1,Zapatillas,urbano,0,APPLY
13061 BKW,3,1,Zapatillas,urbano,0,APPLY
C75793,1,1,Zapatillas,urbano,0,APPLY
1791,1,1,Zapatillas,urbano,0,APPLY
13061-BKW,6,1,Zapatillas,"urbano,oficial",0,APPLY
13061-NVLB,5,1,Zapatillas,urbano,0,APPLY
13062-BKHP,2,1,Zapatillas,urbano,0,APPLY
13062-BKW,1,1,Zapatillas,urbano,0,APPLY
13062-NVHP,2,1,Zapatillas,urbano,0,APPLY
1799,1,1,Zapatillas,urbano,0,APPLY
13061-GYMN,1,1,Zapatillas,urbano,0,APPLY
12029,2,1,Zapatillas,urbano,0,APPLY
12065,1,1,Zapatillas,urbano,0,APPLY
13067-BKHP,1,1,Zapatillas,urbano,0,APPLY
13069-BBK,6,1,Zapatillas,urbano,0,APPLY
12113,1,1,Zapatillas,urbano,0,APPLY
12144,1,1,Zapatillas,urbano,0,APPLY
13069-NVAQ,2,1,Zapatillas,urbano,0,APPLY
13070-BKR,2,1,Zapatillas,urbano,0,APPLY
13070-NVA,2,1,Zapatillas,urbano,0,APPLY
13070-SLTP,1,1,Zapatillas,urbano,0,APPLY
CARFW17014,1,1,Zapatillas,urbano,0,APPLY
13077-BKLB,3,1,Zapatillas,urbano,0,APPLY
1804,1,63,Zapatillas,urbano,0,APPLY
18052,4,1,Zapatillas,urbano,0,APPLY
CD5461-009,3,1,Zapatillas,urbano,0,APPLY
CD5463-100,2,1,Zapatillas,urbano,0,APPLY
CD6892-001,4,1,Zapatillas,urbano,0,APPLY
CD7093-001,4,1,Zapatillas,urbano,0,APPLY
CF-288-90,1,1,Zapatillas,urbano,0,APPLY
CG3599,1,1,Zapatillas,urbano,0,APPLY
CG3109,1,1,Zapatillas,urbano,0,APPLY
CG3113,2,1,Zapatillas,urbano,0,APPLY
CG3345,1,1,Zapatillas,urbano,0,APPLY
CG3820,1,1,Zapatillas,urbano,0,APPLY
CG3858,2,1,Zapatillas,urbano,0,APPLY
CG4044,1,1,Zapatillas,urbano,0,APPLY
CG4048,1,1,Zapatillas,urbano,0,APPLY
CG4056,1,1,Zapatillas,urbano,0,APPLY
CG4110,2,1,Zapatillas,urbano,0,APPLY
CG5693,1,1,Zapatillas,urbano,0,APPLY
041-2034,1,1,Zapatillas,urbano,0,APPLY
13143-BKGY,2,1,Zapatillas,urbano,0,APPLY
13174-BKRG,3,1,Zapatillas,urbano,0,APPLY
1319.101.12553-17165,1,1,Zapatillas,urbano,0,APPLY
CHL-1626B,3,1,Zapatillas,urbano,0,APPLY
181-1135,1,1,Zapatillas,urbano,0,APPLY
181-1092,1,1,Zapatillas,urbano,0,APPLY
181-1270,2,1,Zapatillas,urbano,0,APPLY
181-1569,2,1,Zapatillas,urbano,0,APPLY
181-1681,3,1,Zapatillas,urbano,0,APPLY
CJ0291-004,3,1,Zapatillas,urbano,0,APPLY
181-2520,3,1,Zapatillas,urbano,0,APPLY
181-2639,2,1,Zapatillas,urbano,0,APPLY
181-2700,2,1,Zapatillas,urbano,0,APPLY
CJ0842-005,2,1,Zapatillas,urbano,0,APPLY
181-3004,1,1,Zapatillas,urbano,0,APPLY
181-3520,4,1,Zapatillas,urbano,0,APPLY
181-5270,2,1,Zapatillas,urbano,0,APPLY
181-5289,5,1,Zapatillas,urbano,0,APPLY
100033959,3,1,Zapatillas,urbano,0,APPLY
181-5386,2,1,Zapatillas,urbano,0,APPLY
181-6067,2,1,Zapatillas,urbano,0,APPLY
12406,1,1,Zapatillas,urbano,0,APPLY
050267-1,3,1,Zapatillas,urbano,0,APPLY
181-9037,1,1,Zapatillas,urbano,0,APPLY
124094-CHAR,3,1,Zapatillas,urbano,0,APPLY
181-7700,2,1,Zapatillas,urbano,0,APPLY
181-9067,2,1,Zapatillas,urbano,0,APPLY
181-9268,4,1,Zapatillas,urbano,0,APPLY
181-9289,4,1,Zapatillas,urbano,0,APPLY
181-9520,4,1,Zapatillas,urbano,0,APPLY
181-9700,2,1,Zapatillas,urbano,0,APPLY
CM8518,2,1,Zapatillas,urbano,0,APPLY
CN0320,1,1,Zapatillas,urbano,0,APPLY
CN1289,1,1,Zapatillas,urbano,0,APPLY
CN1434,1,1,Zapatillas,urbano,0,APPLY
CN1943,1,1,Zapatillas,urbano,0,APPLY
CN1138,2,1,Zapatillas,urbano,0,APPLY
CN3100,1,1,Zapatillas,urbano,0,APPLY
COL-04,1,46,Zapatillas,"urbano,oficial",0,APPLY
10967L-SIL,2,1,Zapatillas,urbano,0,APPLY
124640-BBK,4,1,Zapatillas,urbano,0,APPLY
CP8823,2,1,Zapatillas,urbano,0,APPLY
CQ0026,5,1,Zapatillas,urbano,0,APPLY
CQ4230-102,4,1,Zapatillas,urbano,0,APPLY
182683 03,1,1,Zapatillas,urbano,0,APPLY
182683 09,1,1,Zapatillas,urbano,0,APPLY
182683 13,1,1,Zapatillas,urbano,0,APPLY
BB3164,2,1,Zapatillas,urbano,0,APPLY
CU4826-100,3,1,Zapatillas,urbano,0,APPLY
183010-NVY,2,1,Zapatillas,urbano,0,APPLY
183020-WBK,3,1,Zapatillas,urbano,0,APPLY
183020-WGR,4,1,Zapatillas,urbano,0,APPLY
183102-WRD,2,1,Zapatillas,urbano,0,APPLY
183120-BBK,4,1,Zapatillas,urbano,0,APPLY
100000103,5,1,Zapatillas,urbano,0,APPLY
183120-RED,2,1,Zapatillas,urbano,0,APPLY
G46897,1,1,Zapatillas,urbano,0,APPLY
183241-BLK,2,1,Zapatillas,urbano,0,APPLY
183241-WYL,2,1,Zapatillas,urbano,0,APPLY
CW6735-602,4,1,Zapatillas,urbano,0,APPLY
1835,1,63,Zapatillas,urbano,0,APPLY
CZ0436-100,2,1,Zapatillas,urbano,0,APPLY
1843,2,19;63,Zapatillas,urbano,0,APPLY
184954 17,1,1,Zapatillas,urbano,0,APPLY
185071 02,1,1,Zapatillas,urbano,0,APPLY
185098 10,1,1,Zapatillas,urbano,0,APPLY
185098 11,2,1,Zapatillas,urbano,0,APPLY
185098 12,1,1,Zapatillas,urbano,0,APPLY
185090-WMLT,3,1,Zapatillas,urbano,0,APPLY
185104 05,1,1,Zapatillas,urbano,0,APPLY
185104 13,1,1,Zapatillas,urbano,0,APPLY
185104 15,1,1,Zapatillas,urbano,0,APPLY
128079-BKMT,3,1,Zapatillas,urbano,0,APPLY
185127-06,1,1,Zapatillas,urbano,0,APPLY
185127-09,1,1,Zapatillas,urbano,0,APPLY
185138 10,1,1,Zapatillas,urbano,0,APPLY
185174 05,1,1,Zapatillas,urbano,0,APPLY
185174 13,2,1,Zapatillas,urbano,0,APPLY
185174 02,1,1,Zapatillas,urbano,0,APPLY
D65259,1,1,Zapatillas,urbano,0,APPLY
D65260,1,1,Zapatillas,urbano,0,APPLY
D65262,1,1,Zapatillas,urbano,0,APPLY
D65340,1,1,Zapatillas,urbano,0,APPLY
D65353,1,1,Zapatillas,urbano,0,APPLY
D65466,1,1,Zapatillas,urbano,0,APPLY
D65467,2,1,Zapatillas,urbano,0,APPLY
D65468,1,1,Zapatillas,urbano,0,APPLY
D65469,1,1,Zapatillas,urbano,0,APPLY
D65553,1,1,Zapatillas,urbano,0,APPLY
D65554,1,1,Zapatillas,urbano,0,APPLY
D65630,1,1,Zapatillas,urbano,0,APPLY
D65650,1,1,Zapatillas,urbano,0,APPLY
D65688,1,1,Zapatillas,urbano,0,APPLY
D65689,1,1,Zapatillas,urbano,0,APPLY
D65691,1,1,Zapatillas,urbano,0,APPLY
D65693,1,1,Zapatillas,urbano,0,APPLY
D65704,1,1,Zapatillas,"urbano,oficial",0,APPLY
D65705,1,1,Zapatillas,"urbano,oficial",0,APPLY
D65706,1,1,Zapatillas,"urbano,oficial",0,APPLY
D65722,1,1,Zapatillas,urbano,0,APPLY
D65726,1,1,Zapatillas,urbano,0,APPLY
D65727,1,1,Zapatillas,urbano,0,APPLY
D65738,1,1,Zapatillas,urbano,0,APPLY
D65854,1,1,Zapatillas,urbano,0,APPLY
D65856,1,1,Zapatillas,urbano,0,APPLY
D65857,1,1,Zapatillas,urbano,0,APPLY
D65912,1,1,Zapatillas,urbano,0,APPLY
D65966,1,1,Zapatillas,urbano,0,APPLY
D65967,1,1,Zapatillas,urbano,0,APPLY
D66022,1,1,Zapatillas,urbano,0,APPLY
D66023,1,1,Zapatillas,urbano,0,APPLY
D66063,1,1,Zapatillas,urbano,0,APPLY
D66082,1,1,Zapatillas,urbano,0,APPLY
D66083,1,1,Zapatillas,urbano,0,APPLY
D66087,1,1,Zapatillas,urbano,0,APPLY
D65690,1,1,Zapatillas,urbano,0,APPLY
D66106,1,1,Zapatillas,urbano,0,APPLY
D66125,1,1,Zapatillas,urbano,0,APPLY
D66126,1,1,Zapatillas,urbano,0,APPLY
D66143,1,1,Zapatillas,urbano,0,APPLY
D66271,1,1,Zapatillas,urbano,0,APPLY
D66428,1,1,Zapatillas,urbano,0,APPLY
D66429,1,1,Zapatillas,urbano,0,APPLY
D66490,1,1,Zapatillas,urbano,0,APPLY
D66502,1,1,Zapatillas,urbano,0,APPLY
D66503,1,1,Zapatillas,urbano,0,APPLY
D66505,2,1,Zapatillas,urbano,0,APPLY
D66507,1,1,Zapatillas,urbano,0,APPLY
D66512,1,1,Zapatillas,urbano,0,APPLY
BQ3203-006,3,1,Zapatillas,urbano,0,APPLY
D65735,1,1,Zapatillas,urbano,0,APPLY
D66525,1,1,Zapatillas,urbano,0,APPLY
D66528,1,1,Zapatillas,urbano,0,APPLY
D66529,1,1,Zapatillas,urbano,0,APPLY
D66549,1,1,Zapatillas,urbano,0,APPLY
D66562,1,1,Zapatillas,urbano,0,APPLY
D66605,1,1,Zapatillas,urbano,0,APPLY
D66606,1,1,Zapatillas,urbano,0,APPLY
D66607,1,1,Zapatillas,urbano,0,APPLY
D66608,1,1,Zapatillas,urbano,0,APPLY
D66659,1,1,Zapatillas,urbano,0,APPLY
D66660,1,1,Zapatillas,urbano,0,APPLY
D66753,1,1,Zapatillas,urbano,0,APPLY
D66806,1,1,Zapatillas,urbano,0,APPLY
D67021,1,1,Zapatillas,urbano,0,APPLY
D67022,1,1,Zapatillas,urbano,0,APPLY
D67026,1,1,Zapatillas,urbano,0,APPLY
D67054,1,1,Zapatillas,urbano,0,APPLY
D67055,1,1,Zapatillas,urbano,0,APPLY
D67056,1,1,Zapatillas,urbano,0,APPLY
D67060,1,1,Zapatillas,urbano,0,APPLY
D67085,1,1,Zapatillas,urbano,0,APPLY
D67125,1,1,Zapatillas,urbano,0,APPLY
D67129,1,1,Zapatillas,urbano,0,APPLY
D67152,1,1,Zapatillas,urbano,0,APPLY
D67153,1,1,Zapatillas,urbano,0,APPLY
D67154,1,1,Zapatillas,urbano,0,APPLY
D67156,1,1,Zapatillas,urbano,0,APPLY
D67159,1,1,Zapatillas,urbano,0,APPLY
D67160,1,1,Zapatillas,urbano,0,APPLY
D67191,1,1,Zapatillas,urbano,0,APPLY
D67192,1,1,Zapatillas,urbano,0,APPLY
D67200,1,1,Zapatillas,urbano,0,APPLY
D67206,1,1,Zapatillas,urbano,0,APPLY
D67213,1,1,Zapatillas,urbano,0,APPLY
D67063,2,1,Zapatillas,urbano,0,APPLY
D67139,2,1,Zapatillas,urbano,0,APPLY
D67245,1,1,Zapatillas,urbano,0,APPLY
D67246,1,1,Zapatillas,urbano,0,APPLY
D67255,1,1,Zapatillas,urbano,0,APPLY
D67259,2,1,Zapatillas,urbano,0,APPLY
D67279,1,1,Zapatillas,"urbano,oficial",0,APPLY
D67283,1,1,Zapatillas,urbano,0,APPLY
D67288,1,1,Zapatillas,urbano,0,APPLY
D67297,2,1,Zapatillas,urbano,0,APPLY
D67303,1,1,Zapatillas,"urbano,oficial",0,APPLY
D67304,1,1,Zapatillas,urbano,0,APPLY
D67305,1,1,Zapatillas,urbano,0,APPLY
D67328,1,1,Zapatillas,"urbano,baby",0,APPLY
D67329,1,1,Zapatillas,"urbano,baby",0,APPLY
D67476,2,1,Zapatillas,urbano,0,APPLY
D67477,1,1,Zapatillas,urbano,0,APPLY
D67491,1,1,Zapatillas,urbano,0,APPLY
D67492,1,1,Zapatillas,urbano,0,APPLY
D67498,1,1,Zapatillas,urbano,0,APPLY
D67529,1,1,Zapatillas,urbano,0,APPLY
D67532,1,1,Zapatillas,urbano,0,APPLY
D67536,1,1,Zapatillas,"urbano,oficial",0,APPLY
185530 12,1,1,Zapatillas,urbano,0,APPLY
D67136,1,1,Zapatillas,urbano,0,APPLY
185530 13,1,1,Zapatillas,urbano,0,APPLY
185576 06,1,1,Zapatillas,urbano,0,APPLY
D67593,1,1,Zapatillas,urbano,0,APPLY
D67596,1,1,Zapatillas,urbano,0,APPLY
D67597,1,1,Zapatillas,urbano,0,APPLY
D67599,1,1,Zapatillas,urbano,0,APPLY
D67601,1,1,Zapatillas,urbano,0,APPLY
D67602,1,1,Zapatillas,urbano,0,APPLY
D67603,1,1,Zapatillas,urbano,0,APPLY
D67677,1,1,Zapatillas,urbano,0,APPLY
D67891,1,1,Zapatillas,urbano,0,APPLY
D67892,1,1,Zapatillas,urbano,0,APPLY
D67906,1,1,Zapatillas,urbano,0,APPLY
D67907,1,1,Zapatillas,urbano,0,APPLY
D67908,1,1,Zapatillas,urbano,0,APPLY
D67909,1,1,Zapatillas,urbano,0,APPLY
D67911,1,1,Zapatillas,urbano,0,APPLY
D67912,1,1,Zapatillas,urbano,0,APPLY
D67918,1,1,Zapatillas,urbano,0,APPLY
D67919,1,1,Zapatillas,urbano,0,APPLY
D67920,1,1,Zapatillas,urbano,0,APPLY
D67921,1,1,Zapatillas,urbano,0,APPLY
D68870,1,1,Zapatillas,urbano,0,APPLY
D68881,1,1,Zapatillas,urbano,0,APPLY
185650 07,1,1,Zapatillas,urbano,0,APPLY
185650 09,1,1,Zapatillas,urbano,0,APPLY
D68884,1,1,Zapatillas,urbano,0,APPLY
D68885,1,1,Zapatillas,urbano,0,APPLY
D69239,1,1,Zapatillas,urbano,0,APPLY
128606-BKW,2,1,Zapatillas,urbano,0,APPLY
1856576-1,1,1,Zapatillas,urbano,0,APPLY
D67566,1,1,Zapatillas,urbano,0,APPLY
D69490,1,1,Zapatillas,urbano,0,APPLY
D69626,1,1,Zapatillas,urbano,0,APPLY
D69716,1,1,Zapatillas,urbano,0,APPLY
D69785,1,1,Zapatillas,urbano,0,APPLY
D69815,1,1,Zapatillas,urbano,0,APPLY
D73955,1,1,Zapatillas,urbano,0,APPLY
D7706,1,1,Zapatillas,urbano,0,APPLY
185671 01,1,1,Zapatillas,urbano,0,APPLY
185671 02,1,1,Zapatillas,urbano,0,APPLY
185701 01,1,1,Zapatillas,urbano,0,APPLY
100201525,2,1,Zapatillas,urbano,0,APPLY
D69628,1,1,Zapatillas,urbano,0,APPLY
1858,1,1,Zapatillas,urbano,0,APPLY
185876 01,1,1,Zapatillas,urbano,0,APPLY
185876 02,1,1,Zapatillas,urbano,0,APPLY
185940 03,1,1,Zapatillas,urbano,0,APPLY
185997 02,1,1,Zapatillas,urbano,0,APPLY
185997 03,1,1,Zapatillas,urbano,0,APPLY
186,5,9;25;46,Zapatillas,urbano,0,APPLY
186000 02,1,1,Zapatillas,urbano,0,APPLY
186000 25,1,1,Zapatillas,urbano,0,APPLY
186000 26,1,1,Zapatillas,urbano,0,APPLY
186000 27,1,1,Zapatillas,urbano,0,APPLY
186000 34,1,1,Zapatillas,urbano,0,APPLY
12965-BKHP,1,1,Zapatillas,urbano,0,APPLY
12965-GYNM,1,1,Zapatillas,urbano,0,APPLY
D96824,2,1,Zapatillas,urbano,0,APPLY
186188 03,1,1,Zapatillas,urbano,0,APPLY
186188 04,1,1,Zapatillas,urbano,0,APPLY
186188 06,1,1,Zapatillas,urbano,0,APPLY
186272 14,1,1,Zapatillas,urbano,0,APPLY
1863,3,9;11;63,Zapatillas,urbano,0,APPLY
186400 01,2,1,Zapatillas,urbano,0,APPLY
12983-NVPR,3,1,Zapatillas,urbano,0,APPLY
12987-BKHP,3,1,Zapatillas,urbano,0,APPLY
186400 02,1,1,Zapatillas,urbano,0,APPLY
186402 01,1,1,Zapatillas,urbano,0,APPLY
DA1333-007,2,1,Zapatillas,urbano,0,APPLY
186402 02,1,1,Zapatillas,urbano,0,APPLY
186427 05,1,1,Zapatillas,urbano,0,APPLY
186428 05,1,1,Zapatillas,urbano,0,APPLY
186428 07,1,1,Zapatillas,urbano,0,APPLY
186492 01,1,1,Zapatillas,urbano,0,APPLY
186492 02,1,1,Zapatillas,urbano,0,APPLY
12997-BKHP,3,1,Zapatillas,urbano,0,APPLY
186427 06,1,1,Zapatillas,urbano,0,APPLY
186427 07,1,1,Zapatillas,urbano,0,APPLY
186492 03,1,1,Zapatillas,urbano,0,APPLY
186492 04,1,1,Zapatillas,urbano,0,APPLY
DA9670,1,1,Zapatillas,urbano,0,APPLY
186493 13,1,1,Zapatillas,urbano,0,APPLY
1865,2,1,Zapatillas,urbano,0,APPLY
186530 01,1,1,Zapatillas,urbano,0,APPLY
186530 02,1,1,Zapatillas,urbano,0,APPLY
186428 06,1,1,Zapatillas,urbano,0,APPLY
186530 04,1,1,Zapatillas,urbano,0,APPLY
186530 06,1,1,Zapatillas,urbano,0,APPLY
1867,1,63,Zapatillas,urbano,0,APPLY
186748 01,1,1,Zapatillas,urbano,0,APPLY
186748 04,1,1,Zapatillas,urbano,0,APPLY
186748 05,1,1,Zapatillas,urbano,0,APPLY
186748 06,1,1,Zapatillas,urbano,0,APPLY
186756 04,1,1,Zapatillas,urbano,0,APPLY
186756 05,1,1,Zapatillas,urbano,0,APPLY
1869,1,1,Zapatillas,urbano,0,APPLY
186728 10,1,1,Zapatillas,urbano,0,APPLY
186770 01,1,1,Zapatillas,urbano,0,APPLY
186770 03,1,1,Zapatillas,urbano,0,APPLY
187064 07,1,1,Zapatillas,urbano,0,APPLY
187064 09,1,1,Zapatillas,urbano,0,APPLY
187066 07,1,1,Zapatillas,urbano,0,APPLY
187066 09,1,1,Zapatillas,urbano,0,APPLY
187066 10,1,1,Zapatillas,urbano,0,APPLY
187075 05,1,1,Zapatillas,urbano,0,APPLY
051-1061,1,1,Zapatillas,urbano,0,APPLY
051-1122,1,1,Zapatillas,urbano,0,APPLY
051-1884,1,1,Zapatillas,urbano,0,APPLY
DB1462,1,1,Zapatillas,urbano,0,APPLY
186770 05,1,1,Zapatillas,urbano,0,APPLY
187075 07,1,1,Zapatillas,urbano,0,APPLY
DB0580,3,1,Zapatillas,urbano,0,APPLY
DB0702,3,1,Zapatillas,urbano,0,APPLY
10480N,2,1,Zapatillas,urbano,0,APPLY
DB1941,1,1,Zapatillas,urbano,0,APPLY
1871,2,1;63,Zapatillas,urbano,0,APPLY
187119 11,1,1,Zapatillas,urbano,0,APPLY
187119 15,1,1,Zapatillas,urbano,0,APPLY
187113 08,2,1,Zapatillas,urbano,0,APPLY
187119 08,1,1,Zapatillas,urbano,0,APPLY
187120 08,3,1,Zapatillas,urbano,0,APPLY
10833L-NVMT,2,1,Zapatillas,urbano,0,APPLY
10868N,4,1,Zapatillas,urbano,0,APPLY
187120 09,3,1,Zapatillas,urbano,0,APPLY
187120 11,2,1,Zapatillas,urbano,0,APPLY
187120 15,2,1,Zapatillas,urbano,0,APPLY
DC3598-010,6,1,Zapatillas,urbano,0,APPLY
117152-WHT,3,1,Zapatillas,urbano,0,APPLY
187120 17,2,1,Zapatillas,urbano,0,APPLY
DC3725-001,3,1,Zapatillas,urbano,0,APPLY
051-4914,1,1,Zapatillas,urbano,0,APPLY
051-5035,1,1,Zapatillas,urbano,0,APPLY
051-5136,1,1,Zapatillas,urbano,0,APPLY
051-9052,1,46,Zapatillas,urbano,0,APPLY
051-9215,2,1,Zapatillas,urbano,0,APPLY
117342-BLK,3,1,Zapatillas,urbano,0,APPLY
187306 09,1,1,Zapatillas,urbano,0,APPLY
187306 10,1,1,Zapatillas,urbano,0,APPLY
187306 12,1,1,Zapatillas,urbano,0,APPLY
187306 13,1,1,Zapatillas,urbano,0,APPLY
118000-LTGY,4,1,Zapatillas,urbano,0,APPLY
DD9311-006,3,1,Zapatillas,urbano,0,APPLY
187306 15,1,1,Zapatillas,urbano,0,APPLY
187310 02,1,1,Zapatillas,urbano,0,APPLY
187311 03,1,1,Zapatillas,urbano,0,APPLY
11870,2,1,Zapatillas,urbano,0,APPLY
187311 01,1,1,Zapatillas,urbano,0,APPLY
DD9538-009,2,1,Zapatillas,urbano,0,APPLY
187367 01,1,1,Zapatillas,urbano,0,APPLY
187367 02,1,1,Zapatillas,urbano,0,APPLY
187367 04,1,1,Zapatillas,urbano,0,APPLY
187311 06,2,1,Zapatillas,urbano,0,APPLY
187311 13,1,1,Zapatillas,urbano,0,APPLY
187367 09,1,1,Zapatillas,urbano,0,APPLY
187367 16,1,1,Zapatillas,urbano,0,APPLY
187450 02,1,1,Zapatillas,urbano,0,APPLY
187367 07,1,1,Zapatillas,urbano,0,APPLY
187450 01,3,1,Zapatillas,urbano,0,APPLY
187452 02,3,1,Zapatillas,urbano,0,APPLY
187367 03,1,1,Zapatillas,urbano,0,APPLY
187367 05,1,1,Zapatillas,urbano,0,APPLY
13061-BBK,3,1,Zapatillas,urbano,0,APPLY
187367 06,1,1,Zapatillas,urbano,0,APPLY
187452 01,2,1,Zapatillas,urbano,0,APPLY
187557 04,1,1,Zapatillas,urbano,0,APPLY
13064-BKW,1,1,Zapatillas,urbano,0,APPLY
187311 10,2,1,Zapatillas,urbano,0,APPLY
187559 03,1,1,Zapatillas,urbano,0,APPLY
187561 01,1,1,Zapatillas,urbano,0,APPLY
187561 03,1,1,Zapatillas,urbano,0,APPLY
187562 01,1,1,Zapatillas,urbano,0,APPLY
187562 02,1,1,Zapatillas,urbano,0,APPLY
18760,1,1,Zapatillas,urbano,0,APPLY
18766,1,1,Zapatillas,urbano,0,APPLY
DES221-4,5,1,Zapatillas,urbano,0,APPLY
13278-BKHP,1,1,Zapatillas,urbano,0,APPLY
13278-MVE,1,1,Zapatillas,urbano,0,APPLY
188-5063,1,1,Zapatillas,urbano,0,APPLY
188059 01,1,1,Zapatillas,urbano,0,APPLY
1278850-100,1,1,Zapatillas,urbano,0,APPLY
12716-NVTQ,5,1,Zapatillas,urbano,0,APPLY
12789,2,1,Zapatillas,urbano,0,APPLY
12790,3,1,Zapatillas,urbano,0,APPLY
12831,1,1,Zapatillas,urbano,0,APPLY
188167 04,1,1,Zapatillas,urbano,0,APPLY
188167 05,1,1,Zapatillas,urbano,0,APPLY
DH7306,3,1,Zapatillas,urbano,0,APPLY
188576 02,1,1,Zapatillas,urbano,0,APPLY
1887,1,1,Zapatillas,urbano,0,APPLY
12834,3,1,Zapatillas,urbano,0,APPLY
188576 04,1,1,Zapatillas,urbano,0,APPLY
188859 07,1,1,Zapatillas,urbano,0,APPLY
188859 08,1,1,Zapatillas,urbano,0,APPLY
188859 09,1,1,Zapatillas,urbano,0,APPLY
188859 16,1,1,Zapatillas,urbano,0,APPLY
188867 01,1,1,Zapatillas,urbano,0,APPLY
DJ3016-016,3,1,Zapatillas,urbano,0,APPLY
Q33132,1,1,Zapatillas,urbano,0,APPLY
18774,1,1,Zapatillas,urbano,0,APPLY
188166 05,1,1,Zapatillas,urbano,0,APPLY
188168 02,1,1,Zapatillas,urbano,0,APPLY
189-0099,2,1,Zapatillas,urbano,0,APPLY
189-0159,3,1,Zapatillas,urbano,0,APPLY
DM0950-104,4,1,Zapatillas,urbano,0,APPLY
1298309-003,1,1,Zapatillas,urbano,0,APPLY
1298309-040,1,1,Zapatillas,urbano,0,APPLY
189-1046,3,1,Zapatillas,urbano,0,APPLY
189-5047,2,1,Zapatillas,urbano,0,APPLY
189-5053,1,1,Zapatillas,urbano,0,APPLY
189-5057,1,1,Zapatillas,urbano,0,APPLY
DQ0492-100,3,1,Zapatillas,urbano,0,APPLY
189-9055,1,1,Zapatillas,urbano,0,APPLY
189-9046,2,1,Zapatillas,urbano,0,APPLY
189-9047,1,1,Zapatillas,urbano,0,APPLY
189-9057,1,1,Zapatillas,urbano,0,APPLY
189-9061,1,1,Zapatillas,urbano,0,APPLY
189-9112,1,1,Zapatillas,urbano,0,APPLY
189-9159,3,1,Zapatillas,urbano,0,APPLY
189-9213,4,1,Zapatillas,urbano,0,APPLY
DR6047-810,2,1,Zapatillas,urbano,0,APPLY
189024 03,2,1,Zapatillas,urbano,0,APPLY
189026 03,1,1,Zapatillas,urbano,0,APPLY
189024 02,1,1,Zapatillas,urbano,0,APPLY
189024 04,1,1,Zapatillas,urbano,0,APPLY
189058 06,1,1,Zapatillas,urbano,0,APPLY
189058 10,1,1,Zapatillas,urbano,0,APPLY
189059 08,1,1,Zapatillas,urbano,0,APPLY
189094 01,1,1,Zapatillas,urbano,0,APPLY
1891,2,1;63,Zapatillas,urbano,0,APPLY
1893,1,1,Zapatillas,urbano,0,APPLY
189336 05,1,1,Zapatillas,urbano,0,APPLY
189112 05,2,1,Zapatillas,urbano,0,APPLY
189337 05,1,1,Zapatillas,urbano,0,APPLY
DT4827,2,12;75,Zapatillas,urbano,0,APPLY
189495 01,1,1,Zapatillas,urbano,0,APPLY
189495 03,1,1,Zapatillas,urbano,0,APPLY
189498 01,1,1,Zapatillas,urbano,0,APPLY
189498 03,2,1,Zapatillas,urbano,0,APPLY
189506 03,1,1,Zapatillas,urbano,0,APPLY
189517 03,1,1,Zapatillas,urbano,0,APPLY
189517 04,1,1,Zapatillas,urbano,0,APPLY
189574 02,1,1,Zapatillas,urbano,0,APPLY
189818 03,2,1,Zapatillas,urbano,0,APPLY
189203 05,1,1,Zapatillas,urbano,0,APPLY
189574 01,2,1,Zapatillas,urbano,0,APPLY
189602 05,1,1,Zapatillas,urbano,0,APPLY
189602 06,1,1,Zapatillas,urbano,0,APPLY
189685 02,1,1,Zapatillas,urbano,0,APPLY
189987 02,1,1,Zapatillas,urbano,0,APPLY
189987 07,1,1,Zapatillas,urbano,0,APPLY
DV4179,1,1,Zapatillas,urbano,0,APPLY
DV4615,3,1,Zapatillas,urbano,0,APPLY
DX4816-001,3,1,Zapatillas,urbano,0,APPLY
190002 05,1,1,Zapatillas,urbano,0,APPLY
190084 01,1,1,Zapatillas,urbano,0,APPLY
190057 01,1,1,Zapatillas,urbano,0,APPLY
190038 07,3,1,Zapatillas,urbano,0,APPLY
190057 02,2,1,Zapatillas,urbano,0,APPLY
190074 01,1,1,Zapatillas,urbano,0,APPLY
190074 02,3,1,Zapatillas,urbano,0,APPLY
190074 13,1,1,Zapatillas,urbano,0,APPLY
190083 01,1,1,Zapatillas,urbano,0,APPLY
190083 03,1,1,Zapatillas,urbano,0,APPLY
128551-NVPK,4,1,Zapatillas,urbano,0,APPLY
190074 17,5,1,Zapatillas,urbano,0,APPLY
190114 08,1,1,Zapatillas,urbano,0,APPLY
190115 08,2,1,Zapatillas,urbano,0,APPLY
190368 03,1,1,Zapatillas,urbano,0,APPLY
190368 07,1,1,Zapatillas,urbano,0,APPLY
E0341D8001,1,46,Zapatillas,"urbano,oficial",0,APPLY
E0342D8001,1,46,Zapatillas,"urbano,oficial",0,APPLY
E0343D8001,1,46,Zapatillas,"urbano,oficial",0,APPLY
E0533D8001,1,46,Zapatillas,"urbano,oficial",0,APPLY
E0703D8001,1,46,Zapatillas,"urbano,oficial",0,APPLY
E0723D8001,1,46,Zapatillas,"urbano,oficial",0,APPLY
E0802D8001,1,46,Zapatillas,"urbano,oficial",0,APPLY
190343 02,1,1,Zapatillas,urbano,0,APPLY
190556 01,2,1;19,Zapatillas,urbano,0,APPLY
190556 02,1,1,Zapatillas,urbano,0,APPLY
190556 04,1,1,Zapatillas,urbano,0,APPLY
190556 06,8,1,Zapatillas,urbano,0,APPLY
EE6058,2,1,Zapatillas,urbano,0,APPLY
EE7856,2,1,Zapatillas,urbano,0,APPLY
EE9005,2,1,Zapatillas,urbano,0,APPLY
EE9006,1,1,Zapatillas,urbano,0,APPLY
EE9863,2,1,Zapatillas,urbano,0,APPLY
EF1113,4,1,Zapatillas,urbano,0,APPLY
1264224-987,1,1,Zapatillas,urbano,0,APPLY
12648,1,1,Zapatillas,urbano,0,APPLY
EF4838,2,1,Zapatillas,urbano,0,APPLY
EF9279,2,1,Zapatillas,urbano,0,APPLY
EF9893,3,1,Zapatillas,urbano,0,APPLY
12658,4,1,Zapatillas,urbano,0,APPLY
190556 09,1,1,Zapatillas,urbano,0,APPLY
190556 26,2,1,Zapatillas,urbano,0,APPLY
EG9415,3,1,Zapatillas,urbano,0,APPLY
EG9824,2,1,Zapatillas,urbano,0,APPLY
1266224-001,1,1,Zapatillas,urbano,0,APPLY
EH1943,2,1,Zapatillas,urbano,0,APPLY
1267,1,1,Zapatillas,urbano,0,APPLY
EH3536,2,1,Zapatillas,urbano,0,APPLY
1269280-100,1,1,Zapatillas,urbano,0,APPLY
EK006/1,3,1,Zapatillas,urbano,0,APPLY
12703,1,1,Zapatillas,urbano,0,APPLY
12708,1,1,Zapatillas,urbano,0,APPLY
190565 02,2,1,Zapatillas,urbano,0,APPLY
190589 01,1,1,Zapatillas,urbano,0,APPLY
190596 01,1,1,Zapatillas,urbano,0,APPLY
190596 02,1,1,Zapatillas,urbano,0,APPLY
190675 04,1,1,Zapatillas,urbano,0,APPLY
EK099/1,2,1,Zapatillas,urbano,0,APPLY
190675 05,1,1,Zapatillas,urbano,0,APPLY
190675 11,1,1,Zapatillas,urbano,0,APPLY
190675 18,2,1,Zapatillas,urbano,0,APPLY
190676 04,1,1,Zapatillas,urbano,0,APPLY
190676 07,1,1,Zapatillas,urbano,0,APPLY
12721,1,1,Zapatillas,urbano,0,APPLY
1272305-003,1,1,Zapatillas,urbano,0,APPLY
1272302-100,1,1,Zapatillas,urbano,0,APPLY
1272305-100,1,1,Zapatillas,urbano,0,APPLY
1272305-731,1,1,Zapatillas,urbano,0,APPLY
12731,1,1,Zapatillas,urbano,0,APPLY
190676 18,2,1,Zapatillas,urbano,0,APPLY
ERA U,2,1,Zapatillas,urbano,0,APPLY
ERAU 2TON,3,1,Zapatillas,urbano,0,APPLY
ESSIEN,1,1,Zapatillas,urbano,0,APPLY
Q33134,1,1,Zapatillas,urbano,0,APPLY
12735,2,1,Zapatillas,urbano,0,APPLY
CT10CBW,1,1,Zapatillas,urbano,0,APPLY
190676 19,3,1,Zapatillas,urbano,0,APPLY
1273946-005,1,1,Zapatillas,urbano,0,APPLY
1274425-001,1,1,Zapatillas,urbano,0,APPLY
1274425-400,1,1,Zapatillas,urbano,0,APPLY
12745,1,1,Zapatillas,urbano,0,APPLY
12757,1,1,Zapatillas,urbano,0,APPLY
12753SAGE,1,1,Zapatillas,urbano,0,APPLY
12757BKW,1,1,Zapatillas,urbano,0,APPLY
12757NVHP,1,1,Zapatillas,urbano,0,APPLY
190677 04,1,1,Zapatillas,urbano,0,APPLY
1276370-257,1,1,Zapatillas,urbano,0,APPLY
12767,1,1,Zapatillas,urbano,0,APPLY
190677 10,4,1,Zapatillas,urbano,0,APPLY
190677 17,3,1,Zapatillas,urbano,0,APPLY
190677 19,5,1,Zapatillas,urbano,0,APPLY
1278819-006,1,1,Zapatillas,urbano,0,APPLY
1278819-100,1,1,Zapatillas,urbano,0,APPLY
1278821-006,1,1,Zapatillas,urbano,0,APPLY
19081,1,1,Zapatillas,urbano,0,APPLY
19083,1,1,Zapatillas,urbano,0,APPLY
1278845-100,2,1,Zapatillas,urbano,0,APPLY
1279429-731,2,1,Zapatillas,urbano,0,APPLY
1278821-100,1,1,Zapatillas,urbano,0,APPLY
1278821-611,1,1,Zapatillas,urbano,0,APPLY
F32243,1,1,Zapatillas,urbano,0,APPLY
F32262,1,1,Zapatillas,urbano,0,APPLY
F32265,1,1,Zapatillas,urbano,0,APPLY
128075-NVPK,3,1,Zapatillas,urbano,0,APPLY
F32351,2,1,Zapatillas,urbano,0,APPLY
F32356,1,1,Zapatillas,urbano,0,APPLY
F32357,1,1,Zapatillas,urbano,0,APPLY
F32508,1,1,Zapatillas,urbano,0,APPLY
F32539,1,1,Zapatillas,urbano,0,APPLY
F32693,1,1,Zapatillas,urbano,0,APPLY
F32715,1,1,Zapatillas,urbano,0,APPLY
F32722,1,1,Zapatillas,urbano,0,APPLY
F32888,1,1,Zapatillas,urbano,0,APPLY
F32896,1,1,Zapatillas,urbano,0,APPLY
19090,1,1,Zapatillas,urbano,0,APPLY
F32897,1,1,Zapatillas,urbano,0,APPLY
F32913,1,1,Zapatillas,urbano,0,APPLY
F33006,1,1,Zapatillas,urbano,0,APPLY
F33031,1,1,Zapatillas,urbano,0,APPLY
F33117,1,1,Zapatillas,urbano,0,APPLY
F33005,1,1,Zapatillas,urbano,0,APPLY
F35050,1,1,Zapatillas,urbano,0,APPLY
F37430,1,1,Zapatillas,urbano,0,APPLY
F37497,1,1,Zapatillas,urbano,0,APPLY
F37498,1,1,Zapatillas,urbano,0,APPLY
1285488-001,1,1,Zapatillas,urbano,0,APPLY
191082 01,1,1,Zapatillas,urbano,0,APPLY
191083 01,1,1,Zapatillas,urbano,0,APPLY
F36183,2,1,Zapatillas,urbano,0,APPLY
F37760,1,1,Zapatillas,urbano,0,APPLY
F37831,1,1,Zapatillas,urbano,0,APPLY
F37905,1,1,Zapatillas,urbano,0,APPLY
1285488-076,1,1,Zapatillas,urbano,0,APPLY
F37908,1,1,Zapatillas,urbano,0,APPLY
F37952,1,1,Zapatillas,urbano,0,APPLY
F37953,1,1,Zapatillas,urbano,0,APPLY
F37957,1,1,Zapatillas,urbano,0,APPLY
F37959,1,1,Zapatillas,urbano,0,APPLY
F37960,1,1,Zapatillas,urbano,0,APPLY
F37962,1,1,Zapatillas,urbano,0,APPLY
F37963,1,1,Zapatillas,urbano,0,APPLY
F37986,1,1,Zapatillas,urbano,0,APPLY
F37987,1,1,Zapatillas,urbano,0,APPLY
F37998,1,1,Zapatillas,urbano,0,APPLY
F38004,1,1,Zapatillas,urbano,0,APPLY
F38005,1,1,Zapatillas,urbano,0,APPLY
F38006,1,1,Zapatillas,urbano,0,APPLY
F38029,1,1,Zapatillas,urbano,0,APPLY
F38033,1,1,Zapatillas,urbano,0,APPLY
F38036,1,1,Zapatillas,urbano,0,APPLY
F38038,1,1,Zapatillas,urbano,0,APPLY
F38039,1,1,Zapatillas,urbano,0,APPLY
F38055,1,1,Zapatillas,urbano,0,APPLY
F38059,1,1,Zapatillas,urbano,0,APPLY
F38069,1,1,Zapatillas,urbano,0,APPLY
F38070,1,1,Zapatillas,urbano,0,APPLY
1285648-288,1,1,Zapatillas,urbano,0,APPLY
1285671-003,1,1,Zapatillas,urbano,0,APPLY
1285681-600,1,1,Zapatillas,urbano,0,APPLY
1285683-004,1,1,Zapatillas,urbano,0,APPLY
1285683-036,1,1,Zapatillas,urbano,0,APPLY
191083 03,1,1,Zapatillas,urbano,0,APPLY
191095 06,1,1,Zapatillas,urbano,0,APPLY
F37907,2,1,Zapatillas,urbano,0,APPLY
F38077,1,1,Zapatillas,urbano,0,APPLY
F38088,1,1,Zapatillas,urbano,0,APPLY
F38091,1,1,Zapatillas,urbano,0,APPLY
F38103,1,1,Zapatillas,urbano,0,APPLY
F38361,1,1,Zapatillas,urbano,0,APPLY
F38368,1,1,Zapatillas,urbano,0,APPLY
F38381,1,1,Zapatillas,urbano,0,APPLY
F38390,1,1,Zapatillas,urbano,0,APPLY
F38391,1,1,Zapatillas,urbano,0,APPLY
F38394,1,1,Zapatillas,urbano,0,APPLY
F38402,1,1,Zapatillas,urbano,0,APPLY
F38405,1,1,Zapatillas,urbano,0,APPLY
F38406,1,1,Zapatillas,urbano,0,APPLY
F38409,1,1,Zapatillas,urbano,0,APPLY
F38413,1,1,Zapatillas,urbano,0,APPLY
F38415,1,1,Zapatillas,urbano,0,APPLY
F38416,1,1,Zapatillas,urbano,0,APPLY
F38378,1,1,Zapatillas,urbano,0,APPLY
1286385-016,1,1,Zapatillas,urbano,0,APPLY
F38710,1,1,Zapatillas,urbano,0,APPLY
F38716,1,1,Zapatillas,urbano,0,APPLY
F38725,1,1,Zapatillas,urbano,0,APPLY
F38728,1,1,Zapatillas,urbano,0,APPLY
F38730,1,1,Zapatillas,urbano,0,APPLY
F38732,1,1,Zapatillas,urbano,0,APPLY
F38735,1,1,Zapatillas,urbano,0,APPLY
F38737,1,1,Zapatillas,urbano,0,APPLY
F38739,1,1,Zapatillas,urbano,0,APPLY
F38740,1,1,Zapatillas,urbano,0,APPLY
F38741,1,1,Zapatillas,urbano,0,APPLY
F38756,1,1,Zapatillas,urbano,0,APPLY
F38776,1,1,Zapatillas,urbano,0,APPLY
F38778,1,1,Zapatillas,urbano,0,APPLY
F38779,1,1,Zapatillas,urbano,0,APPLY
F38781,1,1,Zapatillas,urbano,0,APPLY
F38801,1,1,Zapatillas,urbano,0,APPLY
F38802,1,1,Zapatillas,urbano,0,APPLY
F38808,1,1,Zapatillas,urbano,0,APPLY
F38809,1,1,Zapatillas,urbano,0,APPLY
F38812,1,1,Zapatillas,urbano,0,APPLY
F38813,1,1,Zapatillas,urbano,0,APPLY
F38847,1,1,Zapatillas,urbano,0,APPLY
F38848,1,1,Zapatillas,urbano,0,APPLY
F38849,1,1,Zapatillas,urbano,0,APPLY
F38850,1,1,Zapatillas,urbano,0,APPLY
F39062,1,1,Zapatillas,urbano,0,APPLY
F39064,1,1,Zapatillas,urbano,0,APPLY
F39078,1,1,Zapatillas,urbano,0,APPLY
F39079,1,1,Zapatillas,urbano,0,APPLY
F39083,1,1,Zapatillas,urbano,0,APPLY
F39085,1,1,Zapatillas,urbano,0,APPLY
F39087,1,1,Zapatillas,urbano,0,APPLY
191403 01,1,1,Zapatillas,urbano,0,APPLY
F39089,1,1,Zapatillas,urbano,0,APPLY
F39098,1,1,Zapatillas,urbano,0,APPLY
F39099,1,1,Zapatillas,urbano,0,APPLY
F38694,1,1,Zapatillas,urbano,0,APPLY
F38753,1,1,Zapatillas,urbano,0,APPLY
F39100,1,1,Zapatillas,urbano,0,APPLY
F39101,1,1,Zapatillas,urbano,0,APPLY
F39102,1,1,Zapatillas,urbano,0,APPLY
F39141,1,1,Zapatillas,urbano,0,APPLY
F39142,1,1,Zapatillas,urbano,0,APPLY
F39144,1,1,Zapatillas,urbano,0,APPLY
F39146,1,1,Zapatillas,urbano,0,APPLY
F39147,1,1,Zapatillas,urbano,0,APPLY
F39149,1,1,Zapatillas,urbano,0,APPLY
F39160,1,1,Zapatillas,urbano,0,APPLY
F39162,1,1,Zapatillas,urbano,0,APPLY
F39176,1,1,Zapatillas,urbano,0,APPLY
F39177,1,1,Zapatillas,urbano,0,APPLY
F39193,1,1,Zapatillas,urbano,0,APPLY
F39194,1,1,Zapatillas,urbano,0,APPLY
F39195,1,1,Zapatillas,urbano,0,APPLY
F39197,1,1,Zapatillas,urbano,0,APPLY
F39198,1,1,Zapatillas,urbano,0,APPLY
F39199,1,1,Zapatillas,urbano,0,APPLY
F39203,1,1,Zapatillas,urbano,0,APPLY
F39204,1,1,Zapatillas,urbano,0,APPLY
F39209,1,1,Zapatillas,urbano,0,APPLY
F39210,1,1,Zapatillas,urbano,0,APPLY
F39214,1,1,Zapatillas,urbano,0,APPLY
F39281,1,1,Zapatillas,urbano,0,APPLY
F39282,1,1,Zapatillas,urbano,0,APPLY
F39284,1,1,Zapatillas,urbano,0,APPLY
F39285,1,1,Zapatillas,urbano,0,APPLY
F39308,1,1,Zapatillas,urbano,0,APPLY
F39319,1,1,Zapatillas,urbano,0,APPLY
F39320,1,1,Zapatillas,urbano,0,APPLY
F39322,1,1,Zapatillas,urbano,0,APPLY
F39342,1,1,Zapatillas,urbano,0,APPLY
F39343,1,1,Zapatillas,urbano,0,APPLY
F39345,1,1,Zapatillas,urbano,0,APPLY
F39346,2,1,Zapatillas,urbano,0,APPLY
F39347,1,1,Zapatillas,urbano,0,APPLY
191487 02,1,1,Zapatillas,urbano,0,APPLY
F39140,1,1,Zapatillas,urbano,0,APPLY
F39350,1,1,Zapatillas,urbano,0,APPLY
F39352,1,1,Zapatillas,urbano,0,APPLY
F39353,1,1,Zapatillas,urbano,0,APPLY
F39357,1,1,Zapatillas,urbano,0,APPLY
F39363,1,1,Zapatillas,urbano,0,APPLY
F39364,1,1,Zapatillas,urbano,0,APPLY
F39366,1,1,Zapatillas,urbano,0,APPLY
F39367,1,1,Zapatillas,urbano,0,APPLY
F39370,1,1,Zapatillas,urbano,0,APPLY
F39375,1,1,Zapatillas,urbano,0,APPLY
F39376,1,1,Zapatillas,urbano,0,APPLY
F39378,1,1,Zapatillas,urbano,0,APPLY
F39387,1,1,Zapatillas,urbano,0,APPLY
F39396,1,1,Zapatillas,urbano,0,APPLY
F39397,1,1,Zapatillas,"urbano,oficial",0,APPLY
F39382,1,1,Zapatillas,urbano,0,APPLY
F39150,2,1,Zapatillas,urbano,0,APPLY
1289534-162,1,1,Zapatillas,urbano,0,APPLY
1289539-003,1,1,Zapatillas,urbano,0,APPLY
1289539-100,1,1,Zapatillas,urbano,0,APPLY
192237 01,1,1,Zapatillas,urbano,0,APPLY
192237 08,1,1,Zapatillas,urbano,0,APPLY
192257 23,1,1,Zapatillas,urbano,0,APPLY
1923,1,1,Zapatillas,urbano,0,APPLY
192340 01,2,1,Zapatillas,urbano,0,APPLY
192340 07,1,1,Zapatillas,urbano,0,APPLY
192344 01,1,1,Zapatillas,urbano,0,APPLY
192344 06,2,1,Zapatillas,urbano,0,APPLY
192344 08,1,1,Zapatillas,urbano,0,APPLY
192491 02,2,1,Zapatillas,urbano,0,APPLY
19255,1,1,Zapatillas,urbano,0,APPLY
F76146,1,1,Zapatillas,urbano,0,APPLY
F76148,1,1,Zapatillas,urbano,0,APPLY
F76153,1,1,Zapatillas,urbano,0,APPLY
F76445,1,1,Zapatillas,urbano,0,APPLY
F76446,1,1,Zapatillas,urbano,0,APPLY
F76454,1,1,Zapatillas,urbano,0,APPLY
F76464,1,1,Zapatillas,urbano,0,APPLY
F76469,1,1,Zapatillas,urbano,0,APPLY
F76470,1,1,Zapatillas,urbano,0,APPLY
19256,2,1,Zapatillas,urbano,0,APPLY
192581 01,2,1,Zapatillas,urbano,0,APPLY
F76556,1,1,Zapatillas,urbano,0,APPLY
F76557,1,1,Zapatillas,urbano,0,APPLY
F76560,1,1,Zapatillas,urbano,0,APPLY
F76589,1,1,Zapatillas,urbano,0,APPLY
F76605,1,1,Zapatillas,urbano,0,APPLY
F76606,1,1,Zapatillas,urbano,0,APPLY
F76623,1,1,Zapatillas,urbano,0,APPLY
192593 01,1,1,Zapatillas,urbano,0,APPLY
192593 02,1,1,Zapatillas,urbano,0,APPLY
D69233,1,1,Zapatillas,urbano,0,APPLY
192632 02,2,1,Zapatillas,urbano,0,APPLY
192805 01,1,1,Zapatillas,urbano,0,APPLY
192805 03,1,1,Zapatillas,urbano,0,APPLY
192971 01,8,1,Zapatillas,urbano,0,APPLY
192971 06,2,1,Zapatillas,urbano,0,APPLY
F97690,3,1,Zapatillas,urbano,0,APPLY
F97786,1,1,Zapatillas,urbano,0,APPLY
F97856,1,1,Zapatillas,urbano,0,APPLY
F97897,1,1,Zapatillas,urbano,0,APPLY
F97898,1,1,Zapatillas,urbano,0,APPLY
F97900,1,1,Zapatillas,urbano,0,APPLY
F97923,1,1,Zapatillas,urbano,0,APPLY
F97930,1,1,Zapatillas,urbano,0,APPLY
F97931,1,1,Zapatillas,urbano,0,APPLY
F97949,1,1,Zapatillas,urbano,0,APPLY
F97952,1,1,Zapatillas,urbano,0,APPLY
F97964,1,1,Zapatillas,urbano,0,APPLY
F98012,1,1,Zapatillas,urbano,0,APPLY
F98268,1,1,Zapatillas,urbano,0,APPLY
F98270,1,1,Zapatillas,urbano,0,APPLY
F98355,1,1,Zapatillas,urbano,0,APPLY
F98356,1,1,Zapatillas,urbano,0,APPLY
F98376,1,1,Zapatillas,urbano,0,APPLY
192971 08,3,1,Zapatillas,urbano,0,APPLY
F97187,2,1,Zapatillas,urbano,0,APPLY
F97272,2,1,Zapatillas,urbano,0,APPLY
F98406,1,1,Zapatillas,urbano,0,APPLY
F98501,1,1,Zapatillas,urbano,0,APPLY
F98512,1,1,Zapatillas,urbano,0,APPLY
F98522,1,1,Zapatillas,urbano,0,APPLY
F98523,1,1,Zapatillas,urbano,0,APPLY
F98536,1,1,Zapatillas,urbano,0,APPLY
F98539,1,1,Zapatillas,urbano,0,APPLY
F98543,1,1,Zapatillas,urbano,0,APPLY
F98590,1,1,Zapatillas,urbano,0,APPLY
F98604,1,1,Zapatillas,urbano,0,APPLY
F98645,1,1,Zapatillas,urbano,0,APPLY
F98647,1,1,Zapatillas,urbano,0,APPLY
F98657,1,1,Zapatillas,urbano,0,APPLY
F98885,1,1,Zapatillas,urbano,0,APPLY
F99171,1,1,Zapatillas,urbano,0,APPLY
1292165-288,1,1,Zapatillas,urbano,0,APPLY
192972 01,9,1,Zapatillas,urbano,0,APPLY
F98450,1,1,Zapatillas,urbano,0,APPLY
F99271,1,1,Zapatillas,urbano,0,APPLY
F99365,1,1,Zapatillas,urbano,0,APPLY
FAB3,2,1,Zapatillas,urbano,0,APPLY
FAB31,1,1,Zapatillas,urbano,0,APPLY
192972 03,3,1,Zapatillas,urbano,0,APPLY
F98886,3,1,Zapatillas,urbano,0,APPLY
192972 06,3,1,Zapatillas,urbano,0,APPLY
192972 13,4,1,Zapatillas,urbano,0,APPLY
193091 01,1,1,Zapatillas,urbano,0,APPLY
193125 03,1,1,Zapatillas,urbano,0,APPLY
193249 05,2,1,Zapatillas,urbano,0,APPLY
193623 02,3,1,Zapatillas,urbano,0,APPLY
193624 02,3,1,Zapatillas,urbano,0,APPLY
193720 03,5,1,Zapatillas,urbano,0,APPLY
193841 01,3,1,Zapatillas,urbano,0,APPLY
1942,1,1,Zapatillas,urbano,0,APPLY
1944,1,63,Zapatillas,urbano,0,APPLY
194739 03,2,1,Zapatillas,urbano,0,APPLY
195063 01,6,1,Zapatillas,urbano,0,APPLY
12991,1,1,Zapatillas,urbano,0,APPLY
195109 01,6,1,Zapatillas,urbano,0,APPLY
195109 02,5,1,Zapatillas,urbano,0,APPLY
FJ2032-060,2,1,Zapatillas,urbano,0,APPLY
FJ2033-060,2,1,Zapatillas,urbano,0,APPLY
12T020150,1,1,Zapatillas,urbano,0,APPLY
1968,2,1;5,Zapatillas,urbano,0,APPLY
1970,1,1,Zapatillas,urbano,0,APPLY
1972,2,9;63,Zapatillas,urbano,0,APPLY
053-9258,2,1,Zapatillas,urbano,0,APPLY
1300152-900,1,1,Zapatillas,urbano,0,APPLY
FQ1833-102,3,1,Zapatillas,urbano,0,APPLY
DJ5958-300,2,1,Zapatillas,urbano,0,APPLY
FRISS18017,2,1,Zapatillas,urbano,0,APPLY
14010,1,1,Zapatillas,urbano,0,APPLY
1BM00499-125,1,1,Zapatillas,urbano,0,APPLY
1BM00642-014,2,1,Zapatillas,urbano,0,APPLY
13013,1,1,Zapatillas,urbano,0,APPLY
1BM00736-050,2,1,Zapatillas,urbano,0,APPLY
1BM00739-113,1,1,Zapatillas,urbano,0,APPLY
FU7292,1,1,Zapatillas,urbano,0,APPLY
1BM00740-113,2,1,Zapatillas,urbano,0,APPLY
1BM00743-708,2,1,Zapatillas,urbano,0,APPLY
1BM00747-014,3,1,Zapatillas,urbano,0,APPLY
Q33149,1,1,Zapatillas,urbano,0,APPLY
1302626-100,1,1,Zapatillas,urbano,0,APPLY
1302626-900,1,1,Zapatillas,urbano,0,APPLY
FW05142015,1,1,Zapatillas,urbano,0,APPLY
FW05143008,1,1,Zapatillas,urbano,0,APPLY
FW05144013,1,1,Zapatillas,urbano,0,APPLY
FW05145021,1,1,Zapatillas,urbano,0,APPLY
FW05144021,1,1,Zapatillas,urbano,0,APPLY
1BM00838-001,2,1,Zapatillas,urbano,0,APPLY
1BM00860-053,2,1,Zapatillas,urbano,0,APPLY
FW4562,3,1,Zapatillas,urbano,0,APPLY
FX2788,2,1,Zapatillas,urbano,0,APPLY
054-4046,1,46,Zapatillas,urbano,0,APPLY
FX4188,6,1,Zapatillas,urbano,0,APPLY
054-5006,1,46,Zapatillas,urbano,0,APPLY
1BM00860-125,3,1,Zapatillas,urbano,0,APPLY
1BM00880-113,2,1,Zapatillas,urbano,0,APPLY
1BM00880-139,2,1,Zapatillas,urbano,0,APPLY
1BM01076-227,2,1,Zapatillas,urbano,0,APPLY
FX7123,4,1,Zapatillas,urbano,0,APPLY
1BM01083-118,2,1,Zapatillas,urbano,0,APPLY
1BM01084-175,2,1,Zapatillas,urbano,0,APPLY
FY1103,2,1,Zapatillas,urbano,0,APPLY
1BM01088-253,2,1,Zapatillas,urbano,0,APPLY
FY4812,2,1,Zapatillas,urbano,0,APPLY
1BM01094-227,3,1,Zapatillas,urbano,0,APPLY
FY6888,2,1,Zapatillas,urbano,0,APPLY
1BM01110-019,3,1,Zapatillas,urbano,0,APPLY
FY8558,3,1,Zapatillas,urbano,0,APPLY
1BM01260-041,2,1,Zapatillas,urbano,0,APPLY
FY9494,5,1,Zapatillas,urbano,0,APPLY
1BM01261-021,2,1,Zapatillas,urbano,0,APPLY
FZ0097,4,1;12,Zapatillas,urbano,0,APPLY
1BM01264-041,3,1,Zapatillas,urbano,0,APPLY
FZ1473,2,1,Zapatillas,urbano,0,APPLY
1BM01266-017,2,1,Zapatillas,urbano,0,APPLY
FZ4969,2,1,Zapatillas,urbano,0,APPLY
G02834,1,1,Zapatillas,urbano,0,APPLY
G04534,1,1,Zapatillas,urbano,0,APPLY
GY5774,2,1,Zapatillas,urbano,0,APPLY
G13124,1,1,Zapatillas,urbano,0,APPLY
G13838,1,1,Zapatillas,urbano,0,APPLY
G13947,1,1,Zapatillas,urbano,0,APPLY
G16080,1,1,Zapatillas,urbano,0,APPLY
G16082,1,1,Zapatillas,urbano,0,APPLY
G17068,1,1,Zapatillas,urbano,0,APPLY
G12012,1,1,Zapatillas,urbano,0,APPLY
G17102,1,1,Zapatillas,urbano,0,APPLY
G17427,1,1,Zapatillas,urbano,0,APPLY
G19089,1,1,Zapatillas,urbano,0,APPLY
054-9106,1,46,Zapatillas,urbano,0,APPLY
054-9146,1,46,Zapatillas,urbano,0,APPLY
1BM01267-014,3,1,Zapatillas,urbano,0,APPLY
059-0500,1,1,Zapatillas,urbano,0,APPLY
G22881,1,1,Zapatillas,urbano,0,APPLY
G22885,1,1,Zapatillas,urbano,0,APPLY
1BM01272-732,2,1,Zapatillas,urbano,0,APPLY
1BM01290-043,2,1,Zapatillas,urbano,0,APPLY
1BM01292-422,2,1,Zapatillas,urbano,0,APPLY
041-9104,1,46,Zapatillas,urbano,0,APPLY
G40366,1,1,Zapatillas,urbano,0,APPLY
1BM01293-992,2,1,Zapatillas,urbano,0,APPLY
1BM01377-125,3,1,Zapatillas,urbano,0,APPLY
G27625,4,1,Zapatillas,urbano,0,APPLY
G40442,1,1,Zapatillas,urbano,0,APPLY
G40526,1,1,Zapatillas,urbano,0,APPLY
G40567,1,1,Zapatillas,urbano,0,APPLY
G40591,1,1,Zapatillas,urbano,0,APPLY
G40793,1,1,Zapatillas,urbano,0,APPLY
G40794,1,1,Zapatillas,urbano,0,APPLY
G41043,1,1,Zapatillas,urbano,0,APPLY
G41044,2,1;17,Zapatillas,urbano,0,APPLY
G42825,1,1,Zapatillas,urbano,0,APPLY
G43686,1,1,Zapatillas,urbano,0,APPLY
G44098,1,1,Zapatillas,urbano,0,APPLY
G44099,1,1,Zapatillas,urbano,0,APPLY
1BM01378-014,2,1,Zapatillas,urbano,0,APPLY
G44313,1,1,Zapatillas,urbano,0,APPLY
G45557,1,1,Zapatillas,urbano,0,APPLY
G45558,1,1,Zapatillas,urbano,0,APPLY
G48563,1,1,Zapatillas,urbano,0,APPLY
G48565,1,1,Zapatillas,urbano,0,APPLY
G48567,1,1,Zapatillas,urbano,0,APPLY
G48575,1,1,Zapatillas,urbano,0,APPLY
G48949,1,1,Zapatillas,urbano,0,APPLY
G48952,1,1,Zapatillas,urbano,0,APPLY
G48961,1,1,Zapatillas,urbano,0,APPLY
G49570,1,1,Zapatillas,urbano,0,APPLY
G50104,1,1,Zapatillas,urbano,0,APPLY
G50262,1,1,Zapatillas,urbano,0,APPLY
G44404,1,1,Zapatillas,urbano,0,APPLY
G50456,1,1,Zapatillas,urbano,0,APPLY
G50458,1,1,Zapatillas,urbano,0,APPLY
G50579,1,1,Zapatillas,urbano,0,APPLY
G50643,1,1,Zapatillas,urbano,0,APPLY
G50673,1,1,Zapatillas,urbano,0,APPLY
G50757,1,1,Zapatillas,urbano,0,APPLY
G50796,1,1,Zapatillas,urbano,0,APPLY
G50855,1,1,Zapatillas,urbano,0,APPLY
G50857,1,1,Zapatillas,urbano,0,APPLY
G50931,1,1,Zapatillas,urbano,0,APPLY
G51078,1,1,Zapatillas,urbano,0,APPLY
G51082,1,1,Zapatillas,urbano,0,APPLY
G51132,1,1,Zapatillas,urbano,0,APPLY
G51140,1,1,Zapatillas,urbano,0,APPLY
G51155,1,1,Zapatillas,urbano,0,APPLY
G51228,1,1,Zapatillas,urbano,0,APPLY
G51230,1,1,Zapatillas,urbano,0,APPLY
G51231,1,1,Zapatillas,urbano,0,APPLY
G51234,1,1,Zapatillas,urbano,0,APPLY
G51235,1,1,Zapatillas,urbano,0,APPLY
G51255,1,1,Zapatillas,urbano,0,APPLY
G51284,1,1,Zapatillas,urbano,0,APPLY
G51289,1,1,Zapatillas,urbano,0,APPLY
G51328,1,1,Zapatillas,urbano,0,APPLY
G51344,1,1,Zapatillas,urbano,0,APPLY
G51362,1,1,Zapatillas,urbano,0,APPLY
G51373,1,1,Zapatillas,urbano,0,APPLY
G51504,1,1,Zapatillas,urbano,0,APPLY
G51523,1,1,Zapatillas,urbano,0,APPLY
G50288,1,1,Zapatillas,urbano,0,APPLY
054-5013,1,1,Zapatillas,urbano,0,APPLY
054-5016,1,1,Zapatillas,urbano,0,APPLY
G51525,1,1,Zapatillas,urbano,0,APPLY
G51542,1,1,Zapatillas,urbano,0,APPLY
G51554,1,1,Zapatillas,urbano,0,APPLY
G51556,1,1,Zapatillas,urbano,0,APPLY
G51662,1,1,Zapatillas,urbano,0,APPLY
G52102,1,1,Zapatillas,urbano,0,APPLY
G52103,1,1,Zapatillas,urbano,0,APPLY
G52151,1,1,Zapatillas,urbano,0,APPLY
G52155,1,1,Zapatillas,urbano,0,APPLY
G52178,1,1,Zapatillas,urbano,0,APPLY
G52343,1,1,Zapatillas,urbano,0,APPLY
G52413,1,1,Zapatillas,urbano,0,APPLY
G52414,1,1,Zapatillas,urbano,0,APPLY
G51559,2,1,Zapatillas,urbano,0,APPLY
G52417,1,1,Zapatillas,urbano,0,APPLY
G52418,1,1,Zapatillas,urbano,0,APPLY
G52419,1,1,Zapatillas,urbano,0,APPLY
G52518,1,1,Zapatillas,urbano,0,APPLY
G52521,1,1,Zapatillas,urbano,0,APPLY
G52591,1,1,Zapatillas,urbano,0,APPLY
G52644,1,1,Zapatillas,urbano,0,APPLY
G52651,1,1,Zapatillas,urbano,0,APPLY
G52669,1,1,Zapatillas,urbano,0,APPLY
G52672,1,1,Zapatillas,urbano,0,APPLY
G52687,1,1,Zapatillas,urbano,0,APPLY
G52688,1,1,Zapatillas,urbano,0,APPLY
G52708,1,1,Zapatillas,urbano,0,APPLY
G52713,1,1,Zapatillas,urbano,0,APPLY
G52717,1,1,Zapatillas,urbano,0,APPLY
G52722,1,1,Zapatillas,urbano,0,APPLY
G52724,1,1,Zapatillas,urbano,0,APPLY
G52726,1,1,Zapatillas,urbano,0,APPLY
G52729,1,1,Zapatillas,urbano,0,APPLY
G52769,1,1,Zapatillas,urbano,0,APPLY
G52868,1,1,Zapatillas,urbano,0,APPLY
G52878,1,1,Zapatillas,urbano,0,APPLY
G53035,1,1,Zapatillas,urbano,0,APPLY
G53063,2,1,Zapatillas,urbano,0,APPLY
G53325,1,1,Zapatillas,urbano,0,APPLY
G53352,1,1,Zapatillas,urbano,0,APPLY
G53386,1,1,Zapatillas,urbano,0,APPLY
G53387,1,1,Zapatillas,urbano,0,APPLY
G53390,1,1,Zapatillas,urbano,0,APPLY
G53392,1,1,Zapatillas,urbano,0,APPLY
G53393,1,1,Zapatillas,urbano,0,APPLY
G53426,2,1,Zapatillas,urbano,0,APPLY
G53389,1,1,Zapatillas,urbano,0,APPLY
G53519,1,1,Zapatillas,urbano,0,APPLY
G53587,1,1,Zapatillas,urbano,0,APPLY
G53591,1,1,Zapatillas,urbano,0,APPLY
G53654,1,1,Zapatillas,urbano,0,APPLY
G53697,1,1,Zapatillas,urbano,0,APPLY
G53698,1,1,Zapatillas,urbano,0,APPLY
G53796,1,1,Zapatillas,urbano,0,APPLY
G53809,1,1,Zapatillas,urbano,0,APPLY
G53813,1,1,Zapatillas,urbano,0,APPLY
G53821,1,1,Zapatillas,urbano,0,APPLY
G53822,1,1,Zapatillas,urbano,0,APPLY
G53956,1,1,Zapatillas,urbano,0,APPLY
G56285,1,1,Zapatillas,urbano,0,APPLY
G56287,1,1,Zapatillas,urbano,0,APPLY
G56348,1,1,Zapatillas,urbano,0,APPLY
G56451,1,1,Zapatillas,urbano,0,APPLY
G56908,1,1,Zapatillas,urbano,0,APPLY
G56911,1,1,Zapatillas,urbano,0,APPLY
G56995,1,1,Zapatillas,urbano,0,APPLY
G57705,8,1,Zapatillas,urbano,0,APPLY
G60137,1,1,Zapatillas,urbano,0,APPLY
G58509,4,1,Zapatillas,urbano,0,APPLY
059-5202,1,1,Zapatillas,urbano,0,APPLY
G60440,1,1,Zapatillas,urbano,0,APPLY
G60459,1,1,Zapatillas,urbano,0,APPLY
G60558,1,1,Zapatillas,urbano,0,APPLY
G60560,1,1,Zapatillas,urbano,0,APPLY
G60561,1,1,Zapatillas,urbano,0,APPLY
G60563,1,1,Zapatillas,urbano,0,APPLY
G60566,1,1,Zapatillas,urbano,0,APPLY
G60574,1,1,Zapatillas,urbano,0,APPLY
G60663,1,1,Zapatillas,urbano,0,APPLY
G60665,1,1,Zapatillas,urbano,0,APPLY
G60666,1,1,Zapatillas,urbano,0,APPLY
G60667,1,1,Zapatillas,urbano,0,APPLY
G60683,1,1,Zapatillas,urbano,0,APPLY
G60685,1,1,Zapatillas,urbano,0,APPLY
G60697,1,1,Zapatillas,urbano,0,APPLY
G60708,1,1,Zapatillas,urbano,0,APPLY
G60947,1,1,Zapatillas,urbano,0,APPLY
G60953,1,1,Zapatillas,urbano,0,APPLY
G60993,1,1,Zapatillas,urbano,0,APPLY
G60513,1,1,Zapatillas,urbano,0,APPLY
G60577,1,1,Zapatillas,urbano,0,APPLY
G61172,1,1,Zapatillas,urbano,0,APPLY
G61173,1,1,Zapatillas,urbano,0,APPLY
G61175,1,1,Zapatillas,urbano,0,APPLY
059-5500,1,1,Zapatillas,urbano,0,APPLY
1BM01817-125,2,1,Zapatillas,urbano,0,APPLY
1BM01823-023,2,1,Zapatillas,urbano,0,APPLY
G60458,1,1,Zapatillas,urbano,0,APPLY
G61302,1,1,Zapatillas,urbano,0,APPLY
G61304,1,1,Zapatillas,urbano,0,APPLY
G61319,1,1,Zapatillas,urbano,0,APPLY
G61524,1,1,Zapatillas,urbano,0,APPLY
G61528,1,1,Zapatillas,urbano,0,APPLY
G61604,1,1,Zapatillas,urbano,0,APPLY
G62073,1,1,Zapatillas,"urbano,oficial",0,APPLY
G62178,1,1,Zapatillas,urbano,0,APPLY
G62179,1,1,Zapatillas,urbano,0,APPLY
G62246,2,1,Zapatillas,urbano,0,APPLY
G62267,1,1,Zapatillas,urbano,0,APPLY
G62298,1,1,Zapatillas,urbano,0,APPLY
G62353,1,1,Zapatillas,urbano,0,APPLY
G62642,1,1,Zapatillas,urbano,0,APPLY
G62712,1,1,Zapatillas,urbano,0,APPLY
G62714,1,1,Zapatillas,urbano,0,APPLY
G62833,1,1,Zapatillas,urbano,0,APPLY
G62853,1,1,Zapatillas,urbano,0,APPLY
G62874,1,1,Zapatillas,urbano,0,APPLY
G62988,1,1,Zapatillas,urbano,0,APPLY
1BM01823-102,3,1,Zapatillas,urbano,0,APPLY
1BM01847-125,2,1,Zapatillas,urbano,0,APPLY
G63182,1,1,Zapatillas,urbano,0,APPLY
G63281,1,1,Zapatillas,urbano,0,APPLY
G63355,1,1,Zapatillas,urbano,0,APPLY
G63825,1,1,Zapatillas,urbano,0,APPLY
1BM01860-702,2,1,Zapatillas,urbano,0,APPLY
1BM01865-410,2,1,Zapatillas,urbano,0,APPLY
1BM02019-113,2,1,Zapatillas,urbano,0,APPLY
1BM02019-125,2,1,Zapatillas,urbano,0,APPLY
1BM02020-010,2,1,Zapatillas,urbano,0,APPLY
1BM02106-113,2,1,Zapatillas,urbano,0,APPLY
1BM02107-120,2,1,Zapatillas,urbano,0,APPLY
1BM02488-013,2,1,Zapatillas,urbano,0,APPLY
1BM02488-147,2,1,Zapatillas,urbano,0,APPLY
G63898,1,1,Zapatillas,urbano,0,APPLY
G63901,1,1,Zapatillas,urbano,0,APPLY
G63903,1,1,Zapatillas,urbano,0,APPLY
G63904,1,1,Zapatillas,urbano,0,APPLY
G63925,1,1,Zapatillas,urbano,0,APPLY
G63073,1,1,Zapatillas,urbano,0,APPLY
G64454,1,1,Zapatillas,urbano,0,APPLY
G64549,1,1,Zapatillas,urbano,0,APPLY
G64605,1,1,Zapatillas,urbano,0,APPLY
G64728,1,1,Zapatillas,urbano,0,APPLY
G64780,1,1,Zapatillas,urbano,0,APPLY
G65126,1,1,Zapatillas,urbano,0,APPLY
G65206,1,1,Zapatillas,urbano,0,APPLY
1BM07076-227,2,1,Zapatillas,urbano,0,APPLY
1CM00077-600,2,1,Zapatillas,urbano,0,APPLY
1CM00551-120,2,1,Zapatillas,urbano,0,APPLY
G65209,1,1,Zapatillas,urbano,0,APPLY
G65210,1,1,Zapatillas,urbano,0,APPLY
G65215,1,1,Zapatillas,urbano,0,APPLY
G65234,1,1,Zapatillas,urbano,0,APPLY
G65513,1,1,Zapatillas,urbano,0,APPLY
G65525,1,1,Zapatillas,urbano,0,APPLY
G65529,1,1,Zapatillas,urbano,0,APPLY
G65530,1,1,Zapatillas,urbano,0,APPLY
G65662,1,1,Zapatillas,urbano,0,APPLY
G65665,1,1,Zapatillas,urbano,0,APPLY
G65824,1,1,Zapatillas,urbano,0,APPLY
G65868,1,1,Zapatillas,urbano,0,APPLY
G66100,1,1,Zapatillas,urbano,0,APPLY
G66636,1,1,Zapatillas,urbano,0,APPLY
1CM00551-125,2,1,Zapatillas,urbano,0,APPLY
059-9202,1,1,Zapatillas,urbano,0,APPLY
G65543,1,1,Zapatillas,urbano,0,APPLY
059-9992,2,1,Zapatillas,urbano,0,APPLY
1CM00835-123,2,1,Zapatillas,urbano,0,APPLY
1CM01277-616,2,1,Zapatillas,urbano,0,APPLY
1CM01279-063,2,1,Zapatillas,urbano,0,APPLY
1CM01654-125,2,1,Zapatillas,urbano,0,APPLY
1CM01655-125,2,1,Zapatillas,urbano,0,APPLY
1CM01739-422,2,1,Zapatillas,urbano,0,APPLY
1FM00458-125,1,1,Zapatillas,urbano,0,APPLY
1FM00464-422,2,1,Zapatillas,urbano,0,APPLY
1FM00693-014,3,1,Zapatillas,urbano,0,APPLY
1FM00693-125,2,1,Zapatillas,urbano,0,APPLY
1FM00705-014,1,1,Zapatillas,urbano,0,APPLY
G95027,1,1,Zapatillas,urbano,0,APPLY
G95060,1,1,Zapatillas,urbano,0,APPLY
G95061,1,1,Zapatillas,urbano,0,APPLY
G95164,1,1,Zapatillas,urbano,0,APPLY
G95167,1,1,Zapatillas,urbano,0,APPLY
G95287,2,1,Zapatillas,urbano,0,APPLY
G95311,1,1,Zapatillas,urbano,0,APPLY
G95392,1,1,Zapatillas,urbano,0,APPLY
G95393,1,1,Zapatillas,urbano,0,APPLY
G95408,1,1,Zapatillas,urbano,0,APPLY
G95409,1,1,Zapatillas,urbano,0,APPLY
G95424,1,1,Zapatillas,urbano,0,APPLY
G95428,1,1,Zapatillas,urbano,0,APPLY
G95432,2,1,Zapatillas,urbano,0,APPLY
G95570,1,1,Zapatillas,urbano,0,APPLY
G95629,2,1,Zapatillas,urbano,0,APPLY
G95857,1,1,Zapatillas,urbano,0,APPLY
G95902,1,1,Zapatillas,urbano,0,APPLY
G95903,1,1,Zapatillas,urbano,0,APPLY
G96107,1,1,Zapatillas,urbano,0,APPLY
G96108,1,1,Zapatillas,urbano,0,APPLY
G96166,1,1,Zapatillas,urbano,0,APPLY
G96173,1,1,Zapatillas,urbano,0,APPLY
G96179,1,1,Zapatillas,urbano,0,APPLY
G96254,1,1,Zapatillas,urbano,0,APPLY
G96259,1,1,Zapatillas,urbano,0,APPLY
G96260,1,1,Zapatillas,urbano,0,APPLY
G96261,1,1,Zapatillas,urbano,0,APPLY
G96262,1,1,Zapatillas,urbano,0,APPLY
G96265,1,1,Zapatillas,urbano,0,APPLY
G96266,1,1,Zapatillas,urbano,0,APPLY
G96267,1,1,Zapatillas,urbano,0,APPLY
G96269,1,1,Zapatillas,urbano,0,APPLY
G96271,1,1,Zapatillas,urbano,0,APPLY
G96326,1,1,Zapatillas,urbano,0,APPLY
G96357,1,1,Zapatillas,urbano,0,APPLY
G96407,1,1,Zapatillas,urbano,0,APPLY
G96408,1,1,Zapatillas,urbano,0,APPLY
G96694,1,1,Zapatillas,urbano,0,APPLY
G96778,1,1,Zapatillas,urbano,0,APPLY
G96779,1,1,Zapatillas,urbano,0,APPLY
1FM00705-125,1,1,Zapatillas,urbano,0,APPLY
1FM00705-422,1,1,Zapatillas,urbano,0,APPLY
G96795,1,1,Zapatillas,"urbano,oficial",0,APPLY
G96797,1,1,Zapatillas,"urbano,oficial",0,APPLY
G96798,1,1,Zapatillas,"urbano,oficial",0,APPLY
G96830,1,1,Zapatillas,urbano,0,APPLY
G96841,1,1,Zapatillas,urbano,0,APPLY
G96842,1,1,Zapatillas,urbano,0,APPLY
G95425,1,1,Zapatillas,urbano,0,APPLY
G96850,1,1,Zapatillas,urbano,0,APPLY
G96928,1,1,Zapatillas,urbano,0,APPLY
G96929,1,1,Zapatillas,urbano,0,APPLY
G96930,1,1,Zapatillas,urbano,0,APPLY
G96932,1,1,Zapatillas,urbano,0,APPLY
G96949,1,1,Zapatillas,urbano,0,APPLY
G97028,1,1,Zapatillas,urbano,0,APPLY
G97041,1,1,Zapatillas,urbano,0,APPLY
G97065,1,1,Zapatillas,urbano,0,APPLY
G97074,1,1,Zapatillas,urbano,0,APPLY
G97156,2,1,Zapatillas,urbano,0,APPLY
G97175,1,1,Zapatillas,urbano,0,APPLY
G97395,1,1,Zapatillas,urbano,0,APPLY
G97397,1,1,Zapatillas,urbano,0,APPLY
G97403,1,1,Zapatillas,urbano,0,APPLY
G97404,1,1,Zapatillas,urbano,0,APPLY
G97795,1,1,Zapatillas,urbano,0,APPLY
G97904,1,1,Zapatillas,urbano,0,APPLY
G97913,1,1,Zapatillas,urbano,0,APPLY
G97915,1,1,Zapatillas,urbano,0,APPLY
G97936,1,1,Zapatillas,urbano,0,APPLY
G97937,1,1,Zapatillas,urbano,0,APPLY
G97954,1,1,Zapatillas,urbano,0,APPLY
G97956,1,1,Zapatillas,urbano,0,APPLY
G98081,1,1,Zapatillas,urbano,0,APPLY
G98084,1,1,Zapatillas,urbano,0,APPLY
G98086,1,1,Zapatillas,urbano,0,APPLY
G98087,1,1,Zapatillas,urbano,0,APPLY
G98093,1,1,Zapatillas,urbano,0,APPLY
G98094,1,1,Zapatillas,urbano,0,APPLY
G98133,1,1,Zapatillas,urbano,0,APPLY
G98150,1,1,Zapatillas,urbano,0,APPLY
1FM00843-147,2,1,Zapatillas,urbano,0,APPLY
G96905,1,1,Zapatillas,urbano,0,APPLY
G98153,1,1,Zapatillas,urbano,0,APPLY
G98154,1,1,Zapatillas,urbano,0,APPLY
G97154,1,1,Zapatillas,urbano,0,APPLY
G97914,1,1,Zapatillas,urbano,0,APPLY
G98155,1,1,Zapatillas,urbano,0,APPLY
G98157,1,1,Zapatillas,urbano,0,APPLY
G98158,1,1,Zapatillas,urbano,0,APPLY
G98269,1,1,Zapatillas,urbano,0,APPLY
G98273,1,1,Zapatillas,urbano,0,APPLY
G98299,1,1,Zapatillas,urbano,0,APPLY
G98300,1,1,Zapatillas,urbano,0,APPLY
G98313,1,1,Zapatillas,urbano,0,APPLY
G98401,1,1,Zapatillas,urbano,0,APPLY
G98402,1,1,Zapatillas,urbano,0,APPLY
G99355,1,1,Zapatillas,urbano,0,APPLY
G99780,1,1,Zapatillas,urbano,0,APPLY
G99781,1,1,Zapatillas,urbano,0,APPLY
1FM0622-021,2,1,Zapatillas,urbano,0,APPLY
G97075,1,1,Zapatillas,urbano,0,APPLY
EH0019,2,1,Zapatillas,urbano,0,APPLY
1RM01005-143,2,1,Zapatillas,urbano,0,APPLY
1RM01016-077,2,1,Zapatillas,urbano,0,APPLY
1RM01028-125,2,1,Zapatillas,urbano,0,APPLY
14011,1,1,Zapatillas,urbano,0,APPLY
1RM01032-113,2,1,Zapatillas,urbano,0,APPLY
1RM01033-708,3,1,Zapatillas,urbano,0,APPLY
1RM01116-070,3,1,Zapatillas,urbano,0,APPLY
1RM01231-102,2,1,Zapatillas,urbano,0,APPLY
1-CORO-2,1,1,Zapatillas,urbano,0,APPLY
1SC60526-001,3,1,Zapatillas,urbano,0,APPLY
1SC60526-013,2,1,Zapatillas,urbano,0,APPLY
1SC60526-112,2,1,Zapatillas,urbano,0,APPLY
1SC60526-164,2,1,Zapatillas,urbano,0,APPLY
1XM00792-125,1,1,Zapatillas,urbano,0,APPLY
12753,1,1,Zapatillas,urbano,0,APPLY
10148N,1,56,Zapatillas,"urbano,oficial",0,APPLY
10183L,2,1,Zapatillas,urbano,0,APPLY
10175L,1,1,Zapatillas,urbano,0,APPLY
102017 03,1,1,Zapatillas,urbano,0,APPLY
102017 05,1,1,Zapatillas,urbano,0,APPLY
102021 03,1,1,Zapatillas,urbano,0,APPLY
10300N,1,1,Zapatillas,urbano,0,APPLY
10348N,2,1,Zapatillas,urbano,0,APPLY
10373N,1,1,Zapatillas,urbano,0,APPLY
10374N,1,1,Zapatillas,urbano,0,APPLY
10455L,1,1,Zapatillas,urbano,0,APPLY
10503L,1,1,Zapatillas,urbano,0,APPLY
Q26272,1,1,Zapatillas,urbano,0,APPLY
110093X933,1,1,Zapatillas,urbano,0,APPLY
1104,2,1;7,Zapatillas,urbano,0,APPLY
11793,3,1,Zapatillas,urbano,0,APPLY
11798,1,1,Zapatillas,urbano,0,APPLY
1181,1,1,Zapatillas,urbano,0,APPLY
11876,3,1,Zapatillas,urbano,0,APPLY
11878,1,1,Zapatillas,urbano,0,APPLY
11880,2,1,Zapatillas,urbano,0,APPLY
11881,1,1,Zapatillas,urbano,0,APPLY
11882,1,1,Zapatillas,urbano,0,APPLY
11890,1,1,Zapatillas,urbano,0,APPLY
11J259X012,1,1,Zapatillas,urbano,0,APPLY
11J277X180,1,1,Zapatillas,urbano,0,APPLY
11J279X076,1,1,Zapatillas,urbano,0,APPLY
11J279X143,1,1,Zapatillas,urbano,0,APPLY
11J279X439,1,1,Zapatillas,urbano,0,APPLY
11J279X991,1,1,Zapatillas,urbano,0,APPLY
11J294X332,1,1,Zapatillas,urbano,0,APPLY
11J299X949,1,1,Zapatillas,urbano,0,APPLY
11J230X964,1,1,Zapatillas,urbano,0,APPLY
14013,1,1,Zapatillas,urbano,0,APPLY
1223,1,1,Zapatillas,urbano,0,APPLY
12247,1,1,Zapatillas,urbano,0,APPLY
12265,1,1,Zapatillas,urbano,0,APPLY
12267,2,1,Zapatillas,urbano,0,APPLY
12456,1,1,Zapatillas,urbano,0,APPLY
12615CCGR,2,1,Zapatillas,urbano,0,APPLY
12615NVHP,1,1,Zapatillas,urbano,0,APPLY
1266224-036,1,1,Zapatillas,urbano,0,APPLY
GW0767,3,1,Zapatillas,urbano,0,APPLY
GW500LGO,2,1,Zapatillas,urbano,0,APPLY
GW500LGT,1,1,Zapatillas,urbano,0,APPLY
GW500NGN,1,1,Zapatillas,urbano,0,APPLY
GW500OGO,1,1,Zapatillas,urbano,0,APPLY
GW500RNP,1,1,Zapatillas,urbano,0,APPLY
GW9261,5,1,Zapatillas,urbano,0,APPLY
GX8250,7,1,Zapatillas,urbano,0,APPLY
GY5432,4,1,Zapatillas,urbano,0,APPLY
GY8583,7,1,Zapatillas,urbano,0,APPLY
FZ3280,2,1,Zapatillas,urbano,0,APPLY
GZ0555,2,1,Zapatillas,urbano,0,APPLY
GZ2686,2,1,Zapatillas,urbano,0,APPLY
GZ7418,4,1,Zapatillas,urbano,0,APPLY
GZ9217,5,1,Zapatillas,urbano,0,APPLY
H00354,2,1,Zapatillas,urbano,0,APPLY
H00895,3,1,Zapatillas,urbano,0,APPLY
H029L1LJ6B10,1,46,Zapatillas,urbano,0,APPLY
H125SN018003,1,46,Zapatillas,urbano,0,APPLY
H3001205,1,1,Zapatillas,urbano,0,APPLY
H326,2,1,Zapatillas,urbano,0,APPLY
H3697&SIZA01,2,46,Zapatillas,urbano,0,APPLY
H672CUCKZB10,1,46,Zapatillas,urbano,0,APPLY
50105,1,1,Zapatillas,urbano,0,APPLY
20202L-LVMT,3,1,Zapatillas,urbano,0,APPLY
13290-BKAQ,1,1,Zapatillas,urbano,0,APPLY
1329293-002,2,1,Zapatillas,urbano,0,APPLY
13376-BBK,3,1,Zapatillas,urbano,0,APPLY
13376-WNVR,4,1,Zapatillas,urbano,0,APPLY
13380-WNT,3,1,Zapatillas,urbano,0,APPLY
HLA-821,7,1,Zapatillas,urbano,0,APPLY
13411-ROS,6,1,Zapatillas,urbano,0,APPLY
13411-WHT,3,1,Zapatillas,urbano,0,APPLY
13412-WHPK,1,1,Zapatillas,urbano,0,APPLY
13413-WPKB,1,1,Zapatillas,urbano,0,APPLY
13425-BKW,3,1,Zapatillas,urbano,0,APPLY
13425-RED,3,1,Zapatillas,urbano,0,APPLY
HLA-823,7,1,Zapatillas,urbano,0,APPLY
1342656-688,2,1,Zapatillas,urbano,0,APPLY
HLC-756,13,1,Zapatillas,urbano,0,APPLY
M29479,1,1,Zapatillas,urbano,0,APPLY
1351302-426,1,1,Zapatillas,urbano,0,APPLY
1351413-608,2,1,Zapatillas,urbano,0,APPLY
1351416-012,1,1,Zapatillas,urbano,0,APPLY
1352117-001,2,1,Zapatillas,urbano,0,APPLY
1352117-004,2,1,Zapatillas,urbano,0,APPLY
1352117-388,2,1,Zapatillas,urbano,0,APPLY
1356717-001,2,1,Zapatillas,urbano,0,APPLY
1356717-110,2,1,Zapatillas,urbano,0,APPLY
2004,3,36;46;63,Zapatillas,"urbano,oficial",0,APPLY
20061L-LTPK,2,1,Zapatillas,urbano,0,APPLY
20065,1,1,Zapatillas,urbano,0,APPLY
20067,1,1,Zapatillas,urbano,0,APPLY
20085N-BKHP,3,1,Zapatillas,urbano,0,APPLY
20085N-LBPK,3,1,Zapatillas,urbano,0,APPLY
20092N-PKSL,1,1,Zapatillas,urbano,0,APPLY
11867,1,1,Zapatillas,urbano,0,APPLY
201-1035,1,1,Zapatillas,urbano,0,APPLY
201-10730,1,1,Zapatillas,urbano,0,APPLY
201-1077,1,1,Zapatillas,"urbano,basket",0,APPLY
201-0708,3,1,Zapatillas,urbano,0,APPLY
201-1129,1,1,Zapatillas,urbano,0,APPLY
201-11730,1,1,Zapatillas,urbano,0,APPLY
11J247X819,1,1,Zapatillas,urbano,0,APPLY
201-1450,1,1,Zapatillas,"urbano,oficial",0,APPLY
201-5553,3,46,Zapatillas,urbano,0,APPLY
201-3158,4,1,Zapatillas,urbano,0,APPLY
201-6866,3,1,Zapatillas,urbano,0,APPLY
201-8199,2,1,Zapatillas,urbano,0,APPLY
201-9553,3,46,Zapatillas,urbano,0,APPLY
HUSH PUPPIES D,11,1,Zapatillas,urbano,0,APPLY
HUSH PUPPIES H,13,1,Zapatillas,urbano,0,APPLY
HWB13013,1,1,Zapatillas,urbano,0,APPLY
HWBFW14008,2,1,Zapatillas,urbano,0,APPLY
HWBFW14013,1,1,Zapatillas,urbano,0,APPLY
HWBFW14014,1,1,Zapatillas,urbano,0,APPLY
HWBFW17011,2,1,Zapatillas,urbano,0,APPLY
HWBWZ13001,2,1,Zapatillas,urbano,0,APPLY
HWBWZ13002,1,1,Zapatillas,urbano,0,APPLY
HWBFW15001,1,1,Zapatillas,urbano,0,APPLY
HWP14005,1,1,Zapatillas,urbano,0,APPLY
HWP14011,1,1,Zapatillas,urbano,0,APPLY
HWP14017,1,1,Zapatillas,urbano,0,APPLY
HWP14020,1,1,Zapatillas,urbano,0,APPLY
HWPFW15002,1,1,Zapatillas,urbano,0,APPLY
HWPSS13008,2,1,Zapatillas,urbano,0,APPLY
HWPSS13013,1,1,Zapatillas,urbano,0,APPLY
HWPSS13014,1,1,Zapatillas,urbano,0,APPLY
HWPSS15003,1,1,Zapatillas,urbano,0,APPLY
HWPSS15005,1,1,Zapatillas,urbano,0,APPLY
HWPSS15006,1,1,Zapatillas,urbano,0,APPLY
HWPSS15008,1,1,Zapatillas,urbano,0,APPLY
HWPSS16003,2,1,Zapatillas,urbano,0,APPLY
HWPSS16004,2,1,Zapatillas,urbano,0,APPLY
13632,1,1,Zapatillas,urbano,0,APPLY
I6482000,1,1,Zapatillas,urbano,0,APPLY
I6483000,1,1,Zapatillas,urbano,0,APPLY
I6717000,1,1,Zapatillas,urbano,0,APPLY
I6718000,1,1,Zapatillas,urbano,0,APPLY
I6721000,1,1,Zapatillas,urbano,0,APPLY
I6722000,1,1,Zapatillas,urbano,0,APPLY
I6723000,1,1,Zapatillas,urbano,0,APPLY
I6726000,1,1,Zapatillas,urbano,0,APPLY
I6728000,1,1,Zapatillas,urbano,0,APPLY
I6732000,1,1,Zapatillas,urbano,0,APPLY
I6733000,1,1,Zapatillas,urbano,0,APPLY
I6750000,2,1,Zapatillas,urbano,0,APPLY
I6751,1,1,Zapatillas,urbano,0,APPLY
I6758,1,1,Zapatillas,"urbano,oficial",0,APPLY
I7799,1,1,Zapatillas,urbano,0,APPLY
I8604,2,1,Zapatillas,urbano,0,APPLY
I9065,3,1,Zapatillas,urbano,0,APPLY
20168L-LTPK,5,1,Zapatillas,urbano,0,APPLY
I9285,3,1,Zapatillas,"urbano,oficial",0,APPLY
20168L-PERI,1,1,Zapatillas,urbano,0,APPLY
I9460,2,1,Zapatillas,urbano,0,APPLY
2017120,1,1,Zapatillas,urbano,0,APPLY
20170L-LBPK,1,1,Zapatillas,urbano,0,APPLY
20178L,1,1,Zapatillas,urbano,0,APPLY
20178L-NVMT,1,1,Zapatillas,urbano,0,APPLY
20178L-SMLT,2,1,Zapatillas,urbano,0,APPLY
ID2704,4,1,Zapatillas,urbano,0,APPLY
ID2709,2,1,Zapatillas,urbano,0,APPLY
20180L-LPMT,1,1,Zapatillas,urbano,0,APPLY
20180L-NPMT,3,1,Zapatillas,urbano,0,APPLY
20180L-NVMT,1,1,Zapatillas,urbano,0,APPLY
20180L-SMLT,2,1,Zapatillas,urbano,0,APPLY
20180N-LPMT,4,1,Zapatillas,urbano,0,APPLY
20180N-NVMT,3,1,Zapatillas,urbano,0,APPLY
20180N-SMLT,2,1,Zapatillas,urbano,0,APPLY
20188L-NVL,3,1,Zapatillas,urbano,0,APPLY
20188L-PNK,2,1,Zapatillas,urbano,0,APPLY
ID6313,3,1,Zapatillas,urbano,0,APPLY
ID6500,2,1,Zapatillas,urbano,0,APPLY
20188L-SIL,2,1,Zapatillas,urbano,0,APPLY
20202N-GYMT,2,1,Zapatillas,urbano,0,APPLY
20202N-NPMT,2,1,Zapatillas,urbano,0,APPLY
20203L-MLT,3,1,Zapatillas,urbano,0,APPLY
20203N-LVMT,4,1,Zapatillas,urbano,0,APPLY
20203N-MLT,4,1,Zapatillas,urbano,0,APPLY
2021,4,1;11;45;54,Zapatillas,urbano,0,APPLY
IG4860,3,1,Zapatillas,urbano,0,APPLY
IG7764,2,1,Zapatillas,urbano,0,APPLY
IH7977,3,1,Zapatillas,urbano,0,APPLY
1CM00490-014,2,1,Zapatillas,urbano,0,APPLY
Q33221,1,1,Zapatillas,urbano,0,APPLY
2021133,1,1,Zapatillas,urbano,0,APPLY
20217N-SMLT,6,1,Zapatillas,urbano,0,APPLY
2024100,1,1,Zapatillas,urbano,0,APPLY
14031,1,1,Zapatillas,urbano,0,APPLY
20267L-BKPK,3,1,Zapatillas,urbano,0,APPLY
20267L-LVAQ,2,1,Zapatillas,urbano,0,APPLY
20269L-BKMT,3,1,Zapatillas,urbano,0,APPLY
2028,1,63,Zapatillas,urbano,0,APPLY
20283L-BKMT,4,1,Zapatillas,urbano,0,APPLY
20283L-NVMT,2,1,Zapatillas,urbano,0,APPLY
20294N,1,1,Zapatillas,urbano,0,APPLY
20294N-BKMT,3,1,Zapatillas,urbano,0,APPLY
13600,3,1,Zapatillas,urbano,0,APPLY
14032,1,1,Zapatillas,urbano,0,APPLY
2030,3,1;11;12,Zapatillas,urbano,0,APPLY
2030101,1,1,Zapatillas,urbano,0,APPLY
2033,2,1,Zapatillas,urbano,0,APPLY
204-6131,2,46,Zapatillas,"urbano,oficial",0,APPLY
204-6027,1,46,Zapatillas,"urbano,oficial",0,APPLY
204-6029,1,46,Zapatillas,"urbano,oficial",0,APPLY
J1013D8001,2,46,Zapatillas,"urbano,oficial",0,APPLY
14033,1,1,Zapatillas,urbano,0,APPLY
J84722,1,1,Zapatillas,urbano,0,APPLY
J85195,1,1,Zapatillas,urbano,0,APPLY
J85315,1,1,Zapatillas,urbano,0,APPLY
20401L-BPPR,3,1,Zapatillas,urbano,0,APPLY
J85933,1,1,Zapatillas,urbano,0,APPLY
J86609,1,1,Zapatillas,urbano,0,APPLY
J86610,1,1,Zapatillas,urbano,0,APPLY
J87705,1,1,Zapatillas,urbano,0,APPLY
J90570,1,1,Zapatillas,urbano,0,APPLY
J90657,1,1,Zapatillas,urbano,0,APPLY
J92308,1,1,Zapatillas,urbano,0,APPLY
J92310,1,1,Zapatillas,urbano,0,APPLY
J92446,1,1,Zapatillas,urbano,0,APPLY
J92481,1,1,Zapatillas,urbano,0,APPLY
J93700,1,1,Zapatillas,urbano,0,APPLY
J84444,1,1,Zapatillas,urbano,0,APPLY
J92482,1,1,Zapatillas,urbano,0,APPLY
J92765,1,1,Zapatillas,urbano,0,APPLY
J98996,1,1,Zapatillas,urbano,0,APPLY
J90813,1,1,Zapatillas,urbano,0,APPLY
204045-BLK,4,1,Zapatillas,urbano,0,APPLY
J95362,3,1,Zapatillas,urbano,0,APPLY
JD-350,2,1,Zapatillas,urbano,0,APPLY
204227-DSRT,3,1,Zapatillas,urbano,0,APPLY
204321-CDB,2,1,Zapatillas,urbano,0,APPLY
204394-DSCH,3,1,Zapatillas,urbano,0,APPLY
204406-DSRT,3,1,Zapatillas,urbano,0,APPLY
204411-BLK,4,1,Zapatillas,urbano,0,APPLY
205175-DSRT,2,1,Zapatillas,urbano,0,APPLY
20559,1,1,Zapatillas,urbano,0,APPLY
2058,1,1,Zapatillas,urbano,0,APPLY
2064,2,63,Zapatillas,urbano,0,APPLY
2065,1,1,Zapatillas,urbano,0,APPLY
2072,2,1;2,Zapatillas,urbano,0,APPLY
JS0191,2,1,Zapatillas,urbano,0,APPLY
208,4,33;46;63,Zapatillas,urbano,0,APPLY
2083.1106.26551.78276,2,46,Zapatillas,urbano,0,APPLY
2083.1122.13488.15745,3,46,Zapatillas,urbano,0,APPLY
2083.1122.13488.16072,2,46,Zapatillas,urbano,0,APPLY
HP8606,3,1,Zapatillas,urbano,0,APPLY
13310-NVY,2,1,Zapatillas,urbano,0,APPLY
13326-NVHP,3,1,Zapatillas,urbano,0,APPLY
1335,2,1;35,Zapatillas,urbano,0,APPLY
14038,1,1,Zapatillas,urbano,0,APPLY
K-1024A1-005,1,46,Zapatillas,urbano,0,APPLY
Q33244,1,1,Zapatillas,urbano,0,APPLY
20868,1,1,Zapatillas,urbano,0,APPLY
13500,3,1,Zapatillas,urbano,0,APPLY
13506,3,1,Zapatillas,urbano,0,APPLY
1351413-002,2,1,Zapatillas,urbano,0,APPLY
LEAA240,1,1,Zapatillas,urbano,0,APPLY
LENCO,3,1,Zapatillas,urbano,0,APPLY
13588,2,1,Zapatillas,urbano,0,APPLY
13596,1,1,Zapatillas,urbano,0,APPLY
1360,2,1;12,Zapatillas,urbano,0,APPLY
LKN17,1,1,Zapatillas,urbano,0,APPLY
IE4066,2,1,Zapatillas,urbano,0,APPLY
LLX002BK,2,1,Zapatillas,urbano,0,APPLY
IG8572,2,1,Zapatillas,urbano,0,APPLY
M17211,1,1,Zapatillas,urbano,0,APPLY
M17225,1,1,Zapatillas,urbano,0,APPLY
M17229,1,1,Zapatillas,urbano,0,APPLY
M17231,1,1,Zapatillas,urbano,0,APPLY
M17232,1,1,Zapatillas,urbano,0,APPLY
M17318,1,1,Zapatillas,urbano,0,APPLY
M17353,1,1,Zapatillas,urbano,0,APPLY
M17365,1,1,Zapatillas,urbano,0,APPLY
M17367,1,1,Zapatillas,urbano,0,APPLY
M17390,1,1,Zapatillas,urbano,0,APPLY
M17442,1,1,Zapatillas,urbano,0,APPLY
M17443,1,1,Zapatillas,urbano,0,APPLY
M17477,1,1,Zapatillas,urbano,0,APPLY
M17478,1,1,Zapatillas,urbano,0,APPLY
M17485,1,1,Zapatillas,urbano,0,APPLY
M17548,1,1,Zapatillas,urbano,0,APPLY
M17581,1,1,Zapatillas,urbano,0,APPLY
M17671,1,1,Zapatillas,urbano,0,APPLY
M17840,1,1,Zapatillas,urbano,0,APPLY
M17892,1,1,Zapatillas,urbano,0,APPLY
M17936,1,1,Zapatillas,urbano,0,APPLY
M18010,1,1,Zapatillas,urbano,0,APPLY
M18012,1,1,Zapatillas,urbano,0,APPLY
M18100,1,1,Zapatillas,urbano,0,APPLY
M18102,1,1,Zapatillas,urbano,0,APPLY
M18106,1,1,Zapatillas,urbano,0,APPLY
M18107,1,1,Zapatillas,urbano,0,APPLY
M18140,1,1,Zapatillas,urbano,0,APPLY
M18155,1,1,Zapatillas,"urbano,training",0,APPLY
M18156,1,1,Zapatillas,"urbano,training",0,APPLY
M18159,1,1,Zapatillas,urbano,0,APPLY
M18177,1,1,Zapatillas,urbano,0,APPLY
M18192,1,1,Zapatillas,urbano,0,APPLY
M18195,1,1,Zapatillas,urbano,0,APPLY
M18235,1,1,Zapatillas,urbano,0,APPLY
M18249,1,1,Zapatillas,urbano,0,APPLY
M18391,1,1,Zapatillas,urbano,0,APPLY
M18411,1,1,Zapatillas,urbano,0,APPLY
M18413,1,1,Zapatillas,urbano,0,APPLY
M18415,1,1,Zapatillas,urbano,0,APPLY
M18416,1,1,Zapatillas,urbano,0,APPLY
M18450,1,1,Zapatillas,urbano,0,APPLY
M18458,1,1,Zapatillas,urbano,0,APPLY
M18546,1,1,Zapatillas,urbano,0,APPLY
M18554,1,1,Zapatillas,urbano,0,APPLY
M18587,1,1,Zapatillas,urbano,0,APPLY
M18658,1,1,Zapatillas,urbano,0,APPLY
M18659,1,1,Zapatillas,urbano,0,APPLY
M18772,1,1,Zapatillas,urbano,0,APPLY
M19459,1,1,Zapatillas,urbano,0,APPLY
M19748,1,1,Zapatillas,urbano,0,APPLY
M19754,1,1,Zapatillas,urbano,0,APPLY
M19755,1,1,Zapatillas,urbano,0,APPLY
M19793,1,1,Zapatillas,urbano,0,APPLY
M19986,1,1,Zapatillas,urbano,0,APPLY
M20024,1,1,Zapatillas,urbano,0,APPLY
M20045,1,1,Zapatillas,urbano,0,APPLY
M20048,1,1,Zapatillas,urbano,0,APPLY
M20049,1,1,Zapatillas,urbano,0,APPLY
M20056,1,1,Zapatillas,urbano,0,APPLY
M20057,1,1,Zapatillas,urbano,0,APPLY
M20058,1,1,Zapatillas,urbano,0,APPLY
M20060,1,1,Zapatillas,urbano,0,APPLY
M18386,3,1,Zapatillas,urbano,0,APPLY
M20338,1,1,Zapatillas,urbano,0,APPLY
M20358,1,1,Zapatillas,urbano,0,APPLY
M20379,1,1,Zapatillas,urbano,0,APPLY
M20446,1,1,Zapatillas,urbano,0,APPLY
M20452,1,1,Zapatillas,urbano,0,APPLY
M20463,1,1,Zapatillas,urbano,0,APPLY
M20587,1,1,Zapatillas,urbano,0,APPLY
M20611,1,1,Zapatillas,urbano,0,APPLY
M20740,1,1,Zapatillas,urbano,0,APPLY
M20741,1,1,Zapatillas,urbano,0,APPLY
M20742,1,1,Zapatillas,urbano,0,APPLY
M21325,1,1,Zapatillas,urbano,0,APPLY
M21326,1,1,Zapatillas,urbano,0,APPLY
M20610,2,1,Zapatillas,urbano,0,APPLY
M20737,1,1,Zapatillas,urbano,0,APPLY
M20738,1,1,Zapatillas,urbano,0,APPLY
M21327,1,1,Zapatillas,urbano,0,APPLY
M21894,1,1,Zapatillas,urbano,0,APPLY
M21895,1,1,Zapatillas,urbano,0,APPLY
M21896,1,1,Zapatillas,urbano,0,APPLY
M21897,1,1,Zapatillas,urbano,0,APPLY
M22480,1,1,Zapatillas,urbano,0,APPLY
M22527,1,1,Zapatillas,urbano,0,APPLY
M22537,1,1,Zapatillas,urbano,0,APPLY
M22761,1,1,Zapatillas,urbano,0,APPLY
M22763,1,1,Zapatillas,urbano,0,APPLY
M22932,1,1,Zapatillas,urbano,0,APPLY
M22933,1,1,Zapatillas,urbano,0,APPLY
M22936,1,1,Zapatillas,urbano,0,APPLY
M25254,2,1,Zapatillas,urbano,0,APPLY
M25255,1,1,Zapatillas,urbano,0,APPLY
M25257,1,1,Zapatillas,urbano,0,APPLY
M25258,1,1,Zapatillas,urbano,0,APPLY
M25263,1,1,Zapatillas,urbano,0,APPLY
M25264,1,1,Zapatillas,urbano,0,APPLY
M25265,1,1,Zapatillas,urbano,0,APPLY
M25266,1,1,Zapatillas,urbano,0,APPLY
M25286,1,1,Zapatillas,urbano,0,APPLY
M25287,1,1,Zapatillas,urbano,0,APPLY
M25335,1,1,Zapatillas,urbano,0,APPLY
M25390,1,1,Zapatillas,urbano,0,APPLY
M21365,1,1,Zapatillas,urbano,0,APPLY
M25540,1,1,Zapatillas,urbano,0,APPLY
M25545,1,1,Zapatillas,urbano,0,APPLY
M25636,1,1,Zapatillas,urbano,0,APPLY
M25639,1,1,Zapatillas,urbano,0,APPLY
M25666,1,1,Zapatillas,urbano,0,APPLY
M25669,1,1,Zapatillas,urbano,0,APPLY
M25673,1,1,Zapatillas,urbano,0,APPLY
M25674,1,1,Zapatillas,urbano,0,APPLY
M25676,1,1,Zapatillas,urbano,0,APPLY
M25677,1,1,Zapatillas,urbano,0,APPLY
M25682,1,1,Zapatillas,urbano,0,APPLY
M25683,2,1,Zapatillas,urbano,0,APPLY
M25687,1,1,Zapatillas,urbano,0,APPLY
M25810,1,1,Zapatillas,urbano,0,APPLY
M25811,1,1,Zapatillas,urbano,0,APPLY
M25880,2,1,Zapatillas,urbano,0,APPLY
M25885,1,1,Zapatillas,urbano,0,APPLY
M25924,1,1,Zapatillas,urbano,0,APPLY
M25947,1,1,Zapatillas,urbano,0,APPLY
M25984,1,1,Zapatillas,urbano,0,APPLY
M29357,1,1,Zapatillas,urbano,0,APPLY
M29358,1,1,Zapatillas,urbano,0,APPLY
M25541,1,1,Zapatillas,urbano,0,APPLY
M25542,1,1,Zapatillas,urbano,0,APPLY
M40555,1,1,Zapatillas,urbano,0,APPLY
M40748,1,1,Zapatillas,urbano,0,APPLY
M40750,1,1,Zapatillas,urbano,0,APPLY
M40795,1,1,Zapatillas,urbano,0,APPLY
M40970,1,1,Zapatillas,urbano,0,APPLY
M42078,1,1,Zapatillas,urbano,0,APPLY
M42120,1,1,Zapatillas,urbano,0,APPLY
M42122,1,1,Zapatillas,urbano,0,APPLY
M42124,1,1,Zapatillas,urbano,0,APPLY
M42278,1,1,Zapatillas,urbano,0,APPLY
M42465,1,1,Zapatillas,urbano,0,APPLY
M42466,1,1,Zapatillas,urbano,0,APPLY
M42467,1,1,Zapatillas,urbano,0,APPLY
M42478,1,1,Zapatillas,urbano,0,APPLY
M42508,1,1,Zapatillas,urbano,0,APPLY
M42510,1,1,Zapatillas,urbano,0,APPLY
M42605,1,1,Zapatillas,urbano,0,APPLY
M42790,1,1,Zapatillas,urbano,0,APPLY
M43036,1,1,Zapatillas,urbano,0,APPLY
M43038,2,1,Zapatillas,urbano,0,APPLY
M43085,1,1,Zapatillas,urbano,0,APPLY
M43086,1,1,Zapatillas,urbano,0,APPLY
M43087,1,1,Zapatillas,urbano,0,APPLY
M43088,1,1,Zapatillas,urbano,0,APPLY
M43497,1,1,Zapatillas,urbano,0,APPLY
M43499,1,1,Zapatillas,urbano,0,APPLY
M43524,1,1,Zapatillas,urbano,0,APPLY
M43527,1,1,Zapatillas,urbano,0,APPLY
M43533,1,1,Zapatillas,urbano,0,APPLY
M43568,1,1,Zapatillas,urbano,0,APPLY
M43713,1,1,Zapatillas,urbano,0,APPLY
M43715,1,1,Zapatillas,urbano,0,APPLY
M43716,1,1,Zapatillas,urbano,0,APPLY
M43726,1,1,Zapatillas,urbano,0,APPLY
M44661,1,1,Zapatillas,urbano,0,APPLY
M44690,1,1,Zapatillas,urbano,0,APPLY
M44693,1,1,Zapatillas,urbano,0,APPLY
M44697,1,1,Zapatillas,urbano,0,APPLY
M45223,1,1,Zapatillas,urbano,0,APPLY
M45332,1,1,Zapatillas,urbano,0,APPLY
M45334,1,1,Zapatillas,urbano,0,APPLY
M45337,1,1,Zapatillas,urbano,0,APPLY
M45374,1,1,Zapatillas,urbano,0,APPLY
M42314,1,1,Zapatillas,urbano,0,APPLY
M45686,1,1,Zapatillas,urbano,0,APPLY
M46503,1,1,Zapatillas,urbano,0,APPLY
M46505,1,1,Zapatillas,urbano,0,APPLY
M46734,1,1,Zapatillas,urbano,0,APPLY
M46736,1,1,Zapatillas,urbano,0,APPLY
M46776,1,1,Zapatillas,urbano,0,APPLY
M46777,1,1,Zapatillas,urbano,0,APPLY
M47024,1,1,Zapatillas,urbano,0,APPLY
M47032,1,1,Zapatillas,urbano,0,APPLY
M47066,1,1,Zapatillas,urbano,0,APPLY
M47135,1,1,Zapatillas,urbano,0,APPLY
M47193,1,1,Zapatillas,urbano,0,APPLY
M47530,1,1,Zapatillas,urbano,0,APPLY
M47720,1,1,Zapatillas,urbano,0,APPLY
M47734,1,1,Zapatillas,urbano,0,APPLY
M47874,1,1,Zapatillas,urbano,0,APPLY
M47876,1,1,Zapatillas,urbano,0,APPLY
M47883,1,1,Zapatillas,urbano,0,APPLY
M47887,1,1,Zapatillas,urbano,0,APPLY
M48077,1,1,Zapatillas,urbano,0,APPLY
M48081,1,1,Zapatillas,urbano,0,APPLY
M48082,1,1,Zapatillas,urbano,0,APPLY
M48118,1,1,Zapatillas,urbano,0,APPLY
M48642,1,1,Zapatillas,urbano,0,APPLY
M48647,1,1,Zapatillas,urbano,0,APPLY
M48692,1,1,Zapatillas,urbano,0,APPLY
M48839,1,1,Zapatillas,urbano,0,APPLY
M48883,1,1,Zapatillas,urbano,0,APPLY
M490LN,1,1,Zapatillas,urbano,0,APPLY
M49894,1,1,Zapatillas,urbano,0,APPLY
M49965,1,1,Zapatillas,urbano,0,APPLY
M46423,1,1,Zapatillas,urbano,0,APPLY
M574NBU,1,1,Zapatillas,urbano,0,APPLY
M574NK,1,1,Zapatillas,urbano,0,APPLY
210242-TAN,3,1,Zapatillas,urbano,0,APPLY
210242-WNV,3,1,Zapatillas,urbano,0,APPLY
210253-BKGY,4,1,Zapatillas,urbano,0,APPLY
210346-CDB,2,1,Zapatillas,urbano,0,APPLY
210401-TPE,2,1,Zapatillas,urbano,0,APPLY
210406-NVY,5,1,Zapatillas,urbano,0,APPLY
210427-BKGY,3,1,Zapatillas,urbano,0,APPLY
210427-NVY,4,1,Zapatillas,urbano,0,APPLY
MARINO-3,2,1,Zapatillas,urbano,0,APPLY
MFLSHRL196,2,1,Zapatillas,urbano,0,APPLY
MFLSHRO104,2,1,Zapatillas,urbano,0,APPLY
JI4319,3,1,Zapatillas,urbano,0,APPLY
MILENIO,1,1,Zapatillas,urbano,0,APPLY
MIISS18016,2,1,Zapatillas,urbano,0,APPLY
MIBSS19001,2,1,Zapatillas,urbano,0,APPLY
21069,3,1,Zapatillas,urbano,0,APPLY
MITSS18015,1,1,Zapatillas,urbano,0,APPLY
21079,1,1,Zapatillas,urbano,0,APPLY
2107361NV,2,1,Zapatillas,urbano,0,APPLY
210748-WHT,2,1,Zapatillas,urbano,0,APPLY
210828-COC,2,1,Zapatillas,urbano,0,APPLY
21089,2,1,Zapatillas,urbano,0,APPLY
ML373BLA,1,1,Zapatillas,urbano,0,APPLY
ML373BRO18,1,1,Zapatillas,urbano,0,APPLY
ML373GKG,2,1,Zapatillas,urbano,0,APPLY
ML501,1,1,Zapatillas,urbano,0,APPLY
ML515FCS,1,1,Zapatillas,urbano,0,APPLY
21112,2,1,Zapatillas,urbano,0,APPLY
21119,1,1,Zapatillas,urbano,0,APPLY
14050,1,1,Zapatillas,urbano,0,APPLY
21125,3,1,Zapatillas,urbano,0,APPLY
13510,1,1,Zapatillas,urbano,0,APPLY
MZ501,1,1,Zapatillas,urbano,0,APPLY
MZ501DRA,1,1,Zapatillas,urbano,0,APPLY
MZ501RPC,1,1,Zapatillas,urbano,0,APPLY
21143,1,1,Zapatillas,urbano,0,APPLY
21153,1,1,Zapatillas,urbano,0,APPLY
NA0016-100,1,63,Zapatillas,urbano,0,APPLY
2118865LO,2,1,Zapatillas,urbano,0,APPLY
OG85,1,1,Zapatillas,urbano,0,APPLY
M19571,1,1,Zapatillas,urbano,0,APPLY
M20254,1,1,Zapatillas,urbano,0,APPLY
M20325,1,1,Zapatillas,urbano,0,APPLY
M25392,1,1,Zapatillas,urbano,0,APPLY
M42291,1,1,Zapatillas,urbano,0,APPLY
M43561,1,1,Zapatillas,urbano,0,APPLY
PH227SS010,1,46,Zapatillas,urbano,0,APPLY
13610,2,1,Zapatillas,urbano,0,APPLY
Q33415,2,1,Zapatillas,urbano,0,APPLY
14171,1,1,Zapatillas,urbano,0,APPLY
Q33416,1,1,Zapatillas,urbano,0,APPLY
PRISS18015,1,1,Zapatillas,urbano,0,APPLY
PUH31,1,1,Zapatillas,urbano,0,APPLY
Q20198,1,1,Zapatillas,urbano,0,APPLY
Q20524,1,1,Zapatillas,urbano,0,APPLY
Q20574,1,1,Zapatillas,urbano,0,APPLY
Q20576,1,1,Zapatillas,urbano,0,APPLY
Q20582,1,1,Zapatillas,urbano,0,APPLY
Q20723,1,1,Zapatillas,urbano,0,APPLY
Q20778,1,1,Zapatillas,urbano,0,APPLY
Q20787,1,1,Zapatillas,urbano,0,APPLY
Q20789,1,1,Zapatillas,urbano,0,APPLY
Q20790,1,1,Zapatillas,urbano,0,APPLY
Q20795,1,1,Zapatillas,urbano,0,APPLY
Q20888,1,1,Zapatillas,urbano,0,APPLY
Q21329,1,1,Zapatillas,urbano,0,APPLY
Q21330,1,1,Zapatillas,urbano,0,APPLY
Q21478,1,1,Zapatillas,urbano,0,APPLY
Q21627,1,1,Zapatillas,urbano,0,APPLY
Q22096,1,1,Zapatillas,urbano,0,APPLY
Q22349,1,1,Zapatillas,urbano,0,APPLY
Q22350,1,1,Zapatillas,urbano,0,APPLY
Q22356,1,1,Zapatillas,urbano,0,APPLY
Q22367,1,1,Zapatillas,urbano,0,APPLY
Q22370,1,1,Zapatillas,urbano,0,APPLY
Q22421,1,1,Zapatillas,urbano,0,APPLY
Q22611,2,1;14,Zapatillas,urbano,0,APPLY
Q22648,1,1,Zapatillas,urbano,0,APPLY
Q22657,1,1,Zapatillas,"urbano,oficial",0,APPLY
Q22670,1,1,Zapatillas,urbano,0,APPLY
Q22673,1,1,Zapatillas,urbano,0,APPLY
Q22683,1,1,Zapatillas,urbano,0,APPLY
Q22743,1,1,Zapatillas,urbano,0,APPLY
Q22744,1,1,Zapatillas,urbano,0,APPLY
Q22752,1,1,Zapatillas,urbano,0,APPLY
Q22803,1,1,Zapatillas,urbano,0,APPLY
Q22835,1,1,Zapatillas,urbano,0,APPLY
Q22919,1,1,Zapatillas,urbano,0,APPLY
Q22922,1,1,Zapatillas,urbano,0,APPLY
Q22943,1,1,Zapatillas,urbano,0,APPLY
Q22946,1,1,Zapatillas,urbano,0,APPLY
Q22963,1,1,Zapatillas,urbano,0,APPLY
Q22964,2,1,Zapatillas,urbano,0,APPLY
Q22967,1,1,Zapatillas,urbano,0,APPLY
Q22978,1,1,Zapatillas,urbano,0,APPLY
Q23166,1,1,Zapatillas,urbano,0,APPLY
Q23167,1,1,Zapatillas,urbano,0,APPLY
Q21763,2,1,Zapatillas,urbano,0,APPLY
Q23254,1,1,Zapatillas,urbano,0,APPLY
Q23263,1,1,Zapatillas,urbano,0,APPLY
Q22393,1,1,Zapatillas,urbano,0,APPLY
Q23284,1,1,Zapatillas,urbano,0,APPLY
Q23308,1,1,Zapatillas,urbano,0,APPLY
Q23369,1,1,Zapatillas,urbano,0,APPLY
Q23382,1,1,Zapatillas,urbano,0,APPLY
Q23439,1,1,Zapatillas,urbano,0,APPLY
Q23469,1,1,Zapatillas,urbano,0,APPLY
Q23470,1,1,Zapatillas,urbano,0,APPLY
Q23480,1,1,Zapatillas,urbano,0,APPLY
Q23489,1,1,Zapatillas,urbano,0,APPLY
Q23490,1,1,Zapatillas,urbano,0,APPLY
Q23709,1,1,Zapatillas,urbano,0,APPLY
Q26016,1,1,Zapatillas,urbano,0,APPLY
Q26017,1,1,Zapatillas,urbano,0,APPLY
Q26083,1,1,Zapatillas,urbano,0,APPLY
159-5304,1,1,Zapatillas,urbano,0,APPLY
15610-BKW,1,1,Zapatillas,urbano,0,APPLY
Q23572,2,1,Zapatillas,urbano,0,APPLY
149277-NVLV,4,1,Zapatillas,urbano,0,APPLY
187254 05,1,1,Zapatillas,urbano,0,APPLY
187254 06,2,1,Zapatillas,urbano,0,APPLY
187254 11,1,1,Zapatillas,urbano,0,APPLY
187255 01,2,1,Zapatillas,urbano,0,APPLY
187255 03,2,1,Zapatillas,urbano,0,APPLY
187255 11,2,1,Zapatillas,urbano,0,APPLY
189575 02,1,1,Zapatillas,urbano,0,APPLY
2169,1,63,Zapatillas,urbano,0,APPLY
20059L-BKMT,1,1,Zapatillas,urbano,0,APPLY
20067L-MLT,1,1,Zapatillas,urbano,0,APPLY
23226,1,1,Zapatillas,urbano,0,APPLY
204-6134,1,46,Zapatillas,"urbano,oficial",0,APPLY
281-5520,4,1,Zapatillas,urbano,0,APPLY
22165,2,46,Zapatillas,urbano,0,APPLY
2413,1,1,Zapatillas,urbano,0,APPLY
2414,2,1;46,Zapatillas,urbano,0,APPLY
2504,1,63,Zapatillas,urbano,0,APPLY
2675,2,1;63,Zapatillas,urbano,0,APPLY
269,1,63,Zapatillas,urbano,0,APPLY
2692,1,1,Zapatillas,urbano,0,APPLY
304476 07,1,1,Zapatillas,urbano,0,APPLY
281-1139,1,1,Zapatillas,urbano,0,APPLY
353572 12,1,1,Zapatillas,urbano,0,APPLY
311082-037,1,1,Zapatillas,urbano,0,APPLY
311082-039,2,1,Zapatillas,urbano,0,APPLY
311082-050,1,1,Zapatillas,urbano,0,APPLY
311082-083,1,1,Zapatillas,urbano,0,APPLY
31J277X215,1,1,Zapatillas,urbano,0,APPLY
31J278X001,1,1,Zapatillas,urbano,0,APPLY
351-7007,1,1,Zapatillas,urbano,0,APPLY
351038 01,1,1,Zapatillas,urbano,0,APPLY
351038 02,1,1,Zapatillas,urbano,0,APPLY
351038 25,1,1,Zapatillas,urbano,0,APPLY
351038 28,1,1,Zapatillas,urbano,0,APPLY
351038-02,1,1,Zapatillas,urbano,0,APPLY
351038-03,1,1,Zapatillas,urbano,0,APPLY
351038-04,1,1,Zapatillas,urbano,0,APPLY
351-6987,1,46,Zapatillas,urbano,0,APPLY
351038 24,2,1,Zapatillas,urbano,0,APPLY
3554,1,1,Zapatillas,urbano,0,APPLY
363392 02,1,1,Zapatillas,urbano,0,APPLY
3793,2,1;7,Zapatillas,urbano,0,APPLY
407984-060,1,1,Zapatillas,urbano,0,APPLY
380585-200,1,1,Zapatillas,urbano,0,APPLY
3838,2,1;63,Zapatillas,urbano,0,APPLY
4533,1,1,Zapatillas,urbano,0,APPLY
48093,2,1,Zapatillas,urbano,0,APPLY
4177,1,1,Zapatillas,urbano,0,APPLY
418589-105,1,1,Zapatillas,urbano,0,APPLY
418720-015,1,1,Zapatillas,urbano,0,APPLY
441985-754,1,1,Zapatillas,urbano,0,APPLY
455-6020,1,1,Zapatillas,urbano,0,APPLY
455-6025,1,1,Zapatillas,urbano,0,APPLY
4640,1,1,Zapatillas,urbano,0,APPLY
454375-004,1,1,Zapatillas,urbano,0,APPLY
512117-601,1,1,Zapatillas,urbano,0,APPLY
47841,2,1,Zapatillas,urbano,0,APPLY
47874,1,1,Zapatillas,urbano,0,APPLY
486978-406,1,1,Zapatillas,urbano,0,APPLY
486978-602,1,1,Zapatillas,urbano,0,APPLY
488110-012,1,1,Zapatillas,urbano,0,APPLY
48844,1,1,Zapatillas,urbano,0,APPLY
512408-403,1,1,Zapatillas,urbano,0,APPLY
5174,1,1,Zapatillas,urbano,0,APPLY
517409-010,1,1,Zapatillas,urbano,0,APPLY
517409-015,1,1,Zapatillas,urbano,0,APPLY
5236,1,1,Zapatillas,urbano,0,APPLY
538259-001,1,1,Zapatillas,urbano,0,APPLY
525355-600,1,1,Zapatillas,urbano,0,APPLY
5AC110,1,1,Zapatillas,urbano,0,APPLY
5392,1,1,Zapatillas,urbano,0,APPLY
549-5020,1,1,Zapatillas,urbano,0,APPLY
554903-003,1,1,Zapatillas,urbano,0,APPLY
555588-010,1,1,Zapatillas,urbano,0,APPLY
555588-033,1,1,Zapatillas,urbano,0,APPLY
5865,1,1,Zapatillas,urbano,0,APPLY
5877,1,63,Zapatillas,urbano,0,APPLY
584-6038,4,1,Zapatillas,urbano,0,APPLY
599073-008,1,1,Zapatillas,urbano,0,APPLY
599430-001,1,1,Zapatillas,urbano,0,APPLY
599455-010,1,1,Zapatillas,urbano,0,APPLY
599455-101,1,1,Zapatillas,urbano,0,APPLY
599465-009,1,1,Zapatillas,urbano,0,APPLY
599730-148,1,1,Zapatillas,urbano,0,APPLY
599730-303,1,1,Zapatillas,urbano,0,APPLY
599730-690,1,1,Zapatillas,urbano,0,APPLY
58350-NVBK,1,1,Zapatillas,urbano,0,APPLY
599730-700,1,1,Zapatillas,urbano,0,APPLY
599824-500,1,1,Zapatillas,urbano,0,APPLY
599824-600,1,1,Zapatillas,urbano,0,APPLY
599844-008,1,1,Zapatillas,urbano,0,APPLY
621225-003,1,1,Zapatillas,urbano,0,APPLY
5CM01688-125,2,1,Zapatillas,urbano,0,APPLY
5FM000020-125,2,1,Zapatillas,urbano,0,APPLY
621225-004,1,1,Zapatillas,urbano,0,APPLY
621225-108,1,1,Zapatillas,urbano,0,APPLY
621225-400,1,1,Zapatillas,urbano,0,APPLY
621225-404,1,1,Zapatillas,urbano,0,APPLY
62149,3,1,Zapatillas,urbano,0,APPLY
62151,1,1,Zapatillas,urbano,0,APPLY
62171,1,1,Zapatillas,urbano,0,APPLY
6220,2,32;63,Zapatillas,urbano,0,APPLY
644-6009,1,1,Zapatillas,urbano,0,APPLY
6624,1,46,Zapatillas,"urbano,oficial",0,APPLY
698902-107,1,1,Zapatillas,urbano,0,APPLY
698902-401,1,1,Zapatillas,urbano,0,APPLY
698902-402,1,1,Zapatillas,urbano,0,APPLY
716790-003,1,1,Zapatillas,urbano,0,APPLY
716790-502,1,1,Zapatillas,urbano,0,APPLY
716793-003,1,1,Zapatillas,urbano,0,APPLY
716793-006,1,1,Zapatillas,urbano,0,APPLY
729,5,1;2,Zapatillas,urbano,0,APPLY
7290,3,1;26;63,Zapatillas,urbano,0,APPLY
749922-888,1,1,Zapatillas,urbano,0,APPLY
80686L,1,1,Zapatillas,urbano,0,APPLY
80692L,1,1,Zapatillas,urbano,0,APPLY
80692N,1,1,Zapatillas,urbano,0,APPLY
806941-002,2,1,Zapatillas,urbano,0,APPLY
81912N,1,1,Zapatillas,urbano,0,APPLY
819134-002,1,1,Zapatillas,urbano,0,APPLY
819134-003,1,1,Zapatillas,urbano,0,APPLY
819134-007,1,1,Zapatillas,urbano,0,APPLY
806-6066,3,1,Zapatillas,urbano,0,APPLY
81909L,2,1,Zapatillas,urbano,0,APPLY
81910L,1,1,Zapatillas,urbano,0,APPLY
819134-402,1,1,Zapatillas,urbano,0,APPLY
819135-007,1,1,Zapatillas,urbano,0,APPLY
819135-108,1,1,Zapatillas,urbano,0,APPLY
819154-003,1,1,Zapatillas,urbano,0,APPLY
819154-005,1,1,Zapatillas,urbano,0,APPLY
8436,1,1,Zapatillas,urbano,0,APPLY
83255,2,1,Zapatillas,urbano,0,APPLY
819154-402,1,1,Zapatillas,urbano,0,APPLY
831964-801,1,1,Zapatillas,urbano,0,APPLY
832528-001,3,1,Zapatillas,urbano,0,APPLY
84595L-BKSL,3,1,Zapatillas,urbano,0,APPLY
852467-002,1,1,Zapatillas,urbano,0,APPLY
82280L-WPR,5,1,Zapatillas,urbano,0,APPLY
845009-400,3,1,Zapatillas,urbano,0,APPLY
886-6036,2,1,Zapatillas,urbano,0,APPLY
889-6579,4,1,Zapatillas,urbano,0,APPLY
PI-13021100000110,2,1,Zapatillas,urbano,0,APPLY
907255-001,1,1,Zapatillas,urbano,0,APPLY
90356L,1,1,Zapatillas,urbano,0,APPLY
90359L,1,1,Zapatillas,urbano,0,APPLY
881-9179,1,1,Zapatillas,urbano,0,APPLY
881805-005,1,1,Zapatillas,urbano,0,APPLY
9619,1,1,Zapatillas,urbano,0,APPLY
9434,5,111,Zapatillas,urbano,0,APPLY
9767,1,1,Zapatillas,urbano,0,APPLY
999532,1,1,Zapatillas,urbano,0,APPLY
AA2168-603,3,1,Zapatillas,urbano,0,APPLY
AQ4042,1,1,Zapatillas,urbano,0,APPLY
AQ8509,1,1,Zapatillas,urbano,0,APPLY
AQ8510,1,1,Zapatillas,urbano,0,APPLY
AQ6212,1,1,Zapatillas,"urbano,training",0,APPLY
AQ8228-800,3,1,Zapatillas,urbano,0,APPLY
AQ8332,1,1,Zapatillas,urbano,0,APPLY
AQ8333,1,1,Zapatillas,urbano,0,APPLY
AQ8505,1,1,Zapatillas,urbano,0,APPLY
AQ9019,1,1,Zapatillas,urbano,0,APPLY
AQ9119,1,1,Zapatillas,urbano,0,APPLY
AQ9318,1,1,Zapatillas,urbano,0,APPLY
AQ9322,1,1,Zapatillas,urbano,0,APPLY
AQ9881,1,1,Zapatillas,urbano,0,APPLY
AQ9883,1,1,Zapatillas,urbano,0,APPLY
AQ9885,1,1,Zapatillas,urbano,0,APPLY
B44136,1,1,Zapatillas,urbano,0,APPLY
AQ9976-100,1,1,Zapatillas,urbano,0,APPLY
AQ9977-100,1,1,Zapatillas,urbano,0,APPLY
B42652,2,1,Zapatillas,urbano,0,APPLY
B40564,1,1,Zapatillas,urbano,0,APPLY
B40573,1,1,Zapatillas,urbano,0,APPLY
B40589,1,1,Zapatillas,urbano,0,APPLY
B40649,1,1,Zapatillas,urbano,0,APPLY
B40653,1,1,Zapatillas,urbano,0,APPLY
B40662,1,1,Zapatillas,urbano,0,APPLY
B40663,1,1,Zapatillas,urbano,0,APPLY
B40712,1,1,Zapatillas,urbano,0,APPLY
B40714,2,1,Zapatillas,urbano,0,APPLY
B40716,1,1,Zapatillas,urbano,0,APPLY
AZ254011176-411,3,46,Zapatillas,urbano,0,APPLY
BQ3202-001,3,1,Zapatillas,urbano,0,APPLY
BQ3207-605,5,1,Zapatillas,urbano,0,APPLY
BD4378,1,1,Zapatillas,urbano,0,APPLY
BD2395,2,1,Zapatillas,urbano,0,APPLY
BD4379,1,1,Zapatillas,urbano,0,APPLY
BD4565,1,1,Zapatillas,urbano,0,APPLY
C75690,1,1,Zapatillas,urbano,0,APPLY
BC0073,2,1,Zapatillas,urbano,0,APPLY
BQ5453-100,7,1,Zapatillas,urbano,0,APPLY
CK8474-100,2,1,Zapatillas,urbano,0,APPLY
CN6632,2,1,Zapatillas,urbano,0,APPLY
CN6679,1,1,Zapatillas,urbano,0,APPLY
CN6805,1,1,Zapatillas,urbano,0,APPLY
CN6867-001,3,1,Zapatillas,urbano,0,APPLY
CN7446,1,1,Zapatillas,urbano,0,APPLY
CRISS18019,4,1,Zapatillas,urbano,0,APPLY
CW6729-160,2,1,Zapatillas,urbano,0,APPLY
Q33513,1,1,Zapatillas,urbano,0,APPLY
DJ5623-146,3,1,Zapatillas,urbano,0,APPLY
F38074,1,1,Zapatillas,urbano,0,APPLY
G41241,1,1,Zapatillas,urbano,0,APPLY
G41377,1,1,Zapatillas,urbano,0,APPLY
GM500BUS,2,1,Zapatillas,urbano,0,APPLY
GG-SH60126-057,2,1,Zapatillas,urbano,0,APPLY
GG-SH7790-054,2,1,Zapatillas,urbano,0,APPLY
GG-SH9526-001,2,1,Zapatillas,urbano,0,APPLY
HWPSS16006,2,1,Zapatillas,urbano,0,APPLY
HWPW13002,1,1,Zapatillas,urbano,0,APPLY
HWPW13010,1,1,Zapatillas,urbano,0,APPLY
HWPW13011,1,1,Zapatillas,urbano,0,APPLY
HWPW13013,1,1,Zapatillas,urbano,0,APPLY
HWPW13016,1,1,Zapatillas,urbano,0,APPLY
KAIAM,1,1,Zapatillas,urbano,0,APPLY
L574CB,1,1,Zapatillas,urbano,0,APPLY
L574CC,1,1,Zapatillas,urbano,0,APPLY
M40554,2,1,Zapatillas,urbano,0,APPLY
M42608,2,1,Zapatillas,urbano,0,APPLY
M42614,4,1,Zapatillas,urbano,0,APPLY
M42616,2,1,Zapatillas,urbano,0,APPLY
M43031,2,1,Zapatillas,urbano,0,APPLY
M43032,2,1,Zapatillas,urbano,0,APPLY
M43521,2,1,Zapatillas,urbano,0,APPLY
M43536,2,1,Zapatillas,urbano,0,APPLY
ML515CPC16,1,1,Zapatillas,urbano,0,APPLY
ML515CPD11,1,1,Zapatillas,urbano,0,APPLY
ML574VAI,1,1,Zapatillas,urbano,0,APPLY
MLPFW13003,1,1,Zapatillas,urbano,0,APPLY
53927,2,1,Zapatillas,urbano,0,APPLY
5417,1,63,Zapatillas,urbano,0,APPLY
G51584,1,1,Zapatillas,urbano,0,APPLY
Q20977,1,1,Zapatillas,urbano,0,APPLY
Q20978,1,1,Zapatillas,urbano,0,APPLY
Q22753,1,1,Zapatillas,urbano,0,APPLY
Q22791,1,1,Zapatillas,urbano,0,APPLY
Q33793,1,1,Zapatillas,urbano,0,APPLY
Q34028,1,1,Zapatillas,urbano,0,APPLY
Q34057,1,1,Zapatillas,urbano,0,APPLY
Q34087,1,1,Zapatillas,urbano,0,APPLY
Q34111,1,1,Zapatillas,urbano,0,APPLY
Q34269,1,1,Zapatillas,urbano,0,APPLY
Q34286,1,1,Zapatillas,urbano,0,APPLY
Q34637,1,1,Zapatillas,urbano,0,APPLY
Q34924,1,1,Zapatillas,urbano,0,APPLY
Q38505,1,1,Zapatillas,urbano,0,APPLY
Q38506,1,1,Zapatillas,urbano,0,APPLY
Q38509,1,1,Zapatillas,urbano,0,APPLY
Q38511,1,1,Zapatillas,urbano,0,APPLY
Q38512,1,1,Zapatillas,urbano,0,APPLY
Q38546,1,1,Zapatillas,urbano,0,APPLY
Q38643,1,1,Zapatillas,urbano,0,APPLY
Q38658,1,1,Zapatillas,urbano,0,APPLY
Q38659,1,1,Zapatillas,urbano,0,APPLY
Q38661,1,1,Zapatillas,urbano,0,APPLY
Q38683,1,1,Zapatillas,urbano,0,APPLY
Q38684,1,1,Zapatillas,urbano,0,APPLY
Q38688,1,1,Zapatillas,urbano,0,APPLY
Q38690,1,1,Zapatillas,urbano,0,APPLY
Q38691,1,1,Zapatillas,urbano,0,APPLY
S75743,1,1,Zapatillas,urbano,0,APPLY
Q38694,1,1,Zapatillas,urbano,0,APPLY
Q38695,1,1,Zapatillas,urbano,0,APPLY
Q38696,1,1,Zapatillas,urbano,0,APPLY
Q38717,1,1,Zapatillas,urbano,0,APPLY
Q38720,1,1,Zapatillas,urbano,0,APPLY
Q38724,1,1,Zapatillas,urbano,0,APPLY
Q38728,1,1,Zapatillas,urbano,0,APPLY
Q38743,1,1,Zapatillas,urbano,0,APPLY
Q38745,1,1,Zapatillas,urbano,0,APPLY
Q38747,1,1,Zapatillas,urbano,0,APPLY
Q38748,1,1,Zapatillas,urbano,0,APPLY
Q38872,1,1,Zapatillas,urbano,0,APPLY
Q38873,1,1,Zapatillas,urbano,0,APPLY
Q38874,1,1,Zapatillas,urbano,0,APPLY
Q38901,1,1,Zapatillas,urbano,0,APPLY
Q38904,1,1,Zapatillas,urbano,0,APPLY
Q38909,1,1,Zapatillas,urbano,0,APPLY
Q38940,1,1,Zapatillas,urbano,0,APPLY
Q38941,1,1,Zapatillas,urbano,0,APPLY
Q38977,1,1,Zapatillas,urbano,0,APPLY
Q38995,1,1,Zapatillas,urbano,0,APPLY
Q38996,1,1,Zapatillas,urbano,0,APPLY
Q35149,1,1,Zapatillas,urbano,0,APPLY
Q3999000,1,1,Zapatillas,urbano,0,APPLY
Q4000000,1,1,Zapatillas,urbano,0,APPLY
83295,1,1,Zapatillas,urbano,0,APPLY
Q46321,3,1,Zapatillas,urbano,0,APPLY
Q7293000,2,1,Zapatillas,urbano,0,APPLY
Q7430000,1,1,Zapatillas,urbano,0,APPLY
Q88481000,2,1,Zapatillas,urbano,0,APPLY
Q8855000,1,1,Zapatillas,urbano,0,APPLY
Q9796000,1,1,Zapatillas,urbano,0,APPLY
Q98121000,1,1,Zapatillas,urbano,0,APPLY
Q98122000,2,1,Zapatillas,urbano,0,APPLY
Q98131000,1,1,Zapatillas,urbano,0,APPLY
9255,1,1,Zapatillas,urbano,0,APPLY
5FM0079-103,2,1,Zapatillas,urbano,0,APPLY
CN4107,4,1,Zapatillas,urbano,0,APPLY
H67722,2,1,Zapatillas,urbano,0,APPLY
55416-313,1,1,Zapatillas,urbano,0,APPLY
EK050/1,4,1,Zapatillas,urbano,0,APPLY
H01551,5,1,Zapatillas,urbano,0,APPLY
RC14915N,1,46,Zapatillas,"urbano,vestir",0,APPLY
RC15210N,1,46,Zapatillas,"urbano,vestir",0,APPLY
RC15620N,1,46,Zapatillas,"urbano,vestir",0,APPLY
Q20241,1,1,Zapatillas,urbano,0,APPLY
Q20409,1,1,Zapatillas,urbano,0,APPLY
Q20410,1,1,Zapatillas,urbano,0,APPLY
Q20411,1,1,Zapatillas,urbano,0,APPLY
Q20413,1,1,Zapatillas,urbano,0,APPLY
RF-003022NAG,1,1,Zapatillas,urbano,0,APPLY
RF-003130BL,1,1,Zapatillas,urbano,0,APPLY
RF-03163BGM,1,1,Zapatillas,urbano,0,APPLY
RF-03163BLA,1,1,Zapatillas,urbano,0,APPLY
RF-03283,1,1,Zapatillas,urbano,0,APPLY
RF-03342BHR,1,1,Zapatillas,urbano,0,APPLY
ROBIN,3,1,Zapatillas,urbano,0,APPLY
S32280,1,1,Zapatillas,urbano,0,APPLY
S41915,1,1,Zapatillas,urbano,0,APPLY
S4552,1,1,Zapatillas,urbano,0,APPLY
S4579,1,1,Zapatillas,urbano,0,APPLY
S74749,2,1,Zapatillas,urbano,0,APPLY
S74750,1,1,Zapatillas,urbano,0,APPLY
S74945,1,1,Zapatillas,urbano,0,APPLY
S74946,2,1,Zapatillas,urbano,0,APPLY
S74958,1,1,Zapatillas,urbano,0,APPLY
S74959,1,1,Zapatillas,urbano,0,APPLY
S75028,1,1,Zapatillas,urbano,0,APPLY
S75745,1,1,Zapatillas,urbano,0,APPLY
S75963,1,1,Zapatillas,urbano,0,APPLY
S76105,1,1,Zapatillas,urbano,0,APPLY
S76174,1,1,Zapatillas,urbano,0,APPLY
S76313,1,1,Zapatillas,urbano,0,APPLY
S77206,1,1,Zapatillas,urbano,0,APPLY
S77720,1,1,Zapatillas,urbano,0,APPLY
S78764,1,1,Zapatillas,urbano,0,APPLY
S78765,1,1,Zapatillas,urbano,0,APPLY
S78826,1,1,Zapatillas,urbano,0,APPLY
S79182,1,1,Zapatillas,urbano,0,APPLY
S79208,1,1,Zapatillas,urbano,0,APPLY
S79537,1,1,Zapatillas,urbano,0,APPLY
S80333,1,1,Zapatillas,urbano,0,APPLY
S81072,1,1,Zapatillas,urbano,0,APPLY
S81359,1,1,Zapatillas,urbano,0,APPLY
S83100,1,1,Zapatillas,urbano,0,APPLY
S83101,1,1,Zapatillas,urbano,0,APPLY
S83104,1,1,Zapatillas,urbano,0,APPLY
S83649,1,1,Zapatillas,urbano,0,APPLY
S84108,1,1,Zapatillas,urbano,0,APPLY
S84176,1,1,Zapatillas,urbano,0,APPLY
S84202,1,1,Zapatillas,urbano,0,APPLY
S84204,1,1,Zapatillas,urbano,0,APPLY
S85007,1,1,Zapatillas,urbano,0,APPLY
S85139,1,1,Zapatillas,urbano,0,APPLY
S85401,1,1,Zapatillas,urbano,0,APPLY
S85442,1,1,Zapatillas,urbano,0,APPLY
S85576,1,1,Zapatillas,urbano,0,APPLY
S9508,2,1,Zapatillas,urbano,0,APPLY
S9642,1,1,Zapatillas,urbano,0,APPLY
SD4410-9-50,1,1,Zapatillas,urbano,0,APPLY
BB9660,5,1,Zapatillas,urbano,0,APPLY
CN5325,2,1,Zapatillas,urbano,0,APPLY
TFSS1302,1,1,Zapatillas,urbano,0,APPLY
TOTO,6,1,Zapatillas,urbano,0,APPLY
U220RD,1,1,Zapatillas,urbano,0,APPLY
U41622,1,1,Zapatillas,urbano,0,APPLY
U44577,1,1,Zapatillas,urbano,0,APPLY
U45245,1,1,Zapatillas,urbano,0,APPLY
U45246,1,1,Zapatillas,urbano,0,APPLY
U45250,1,1,Zapatillas,urbano,0,APPLY
U45252,1,1,Zapatillas,urbano,0,APPLY
U46177,1,1,Zapatillas,urbano,0,APPLY
U46201,2,1,Zapatillas,urbano,0,APPLY
U46219,2,1,Zapatillas,urbano,0,APPLY
U46241,1,1,Zapatillas,urbano,0,APPLY
U46244,1,1,Zapatillas,urbano,0,APPLY
U46285,1,1,Zapatillas,urbano,0,APPLY
U46286,1,1,Zapatillas,urbano,0,APPLY
U46398,1,1,Zapatillas,urbano,0,APPLY
V20320,1,1,Zapatillas,urbano,0,APPLY
V20321,1,1,Zapatillas,urbano,0,APPLY
V21090,1,1,Zapatillas,urbano,0,APPLY
V21133,1,1,Zapatillas,urbano,0,APPLY
V21486,1,1,Zapatillas,urbano,0,APPLY
V22976,1,1,Zapatillas,urbano,0,APPLY
V23026,1,1,Zapatillas,urbano,0,APPLY
V23069,1,1,Zapatillas,urbano,0,APPLY
V23071,1,1,Zapatillas,urbano,0,APPLY
V23079,1,1,Zapatillas,urbano,0,APPLY
V23168,1,1,Zapatillas,urbano,0,APPLY
V23286,2,1,Zapatillas,urbano,0,APPLY
V23503,1,1,Zapatillas,urbano,0,APPLY
V23507,1,1,Zapatillas,urbano,0,APPLY
V23737,1,1,Zapatillas,urbano,0,APPLY
V24027,1,1,Zapatillas,urbano,0,APPLY
302042N-PKMT,2,1,Zapatillas,urbano,0,APPLY
V24133,1,1,Zapatillas,urbano,0,APPLY
V24248,1,1,Zapatillas,urbano,0,APPLY
V24249,1,1,Zapatillas,urbano,0,APPLY
V24252,1,1,Zapatillas,urbano,0,APPLY
V24281,1,1,Zapatillas,urbano,0,APPLY
V24286,1,1,Zapatillas,urbano,0,APPLY
V24290,1,1,Zapatillas,urbano,0,APPLY
V24352,1,1,Zapatillas,urbano,0,APPLY
V24380,1,1,Zapatillas,urbano,0,APPLY
V24402,1,1,Zapatillas,urbano,0,APPLY
V24485,1,1,Zapatillas,urbano,0,APPLY
V24521,1,1,Zapatillas,urbano,0,APPLY
V24523,1,1,Zapatillas,urbano,0,APPLY
V24527,1,1,Zapatillas,urbano,0,APPLY
V24528,1,1,Zapatillas,urbano,0,APPLY
V24577,1,1,Zapatillas,urbano,0,APPLY
V24580,1,1,Zapatillas,urbano,0,APPLY
V24581,1,1,Zapatillas,urbano,0,APPLY
V24678,2,1,Zapatillas,urbano,0,APPLY
V24690,1,1,Zapatillas,urbano,0,APPLY
V24691,1,1,Zapatillas,urbano,0,APPLY
V24710,1,1,Zapatillas,urbano,0,APPLY
V24939,1,1,Zapatillas,urbano,0,APPLY
V24942,1,1,Zapatillas,urbano,0,APPLY
V25004,1,1,Zapatillas,urbano,0,APPLY
V25052,1,1,Zapatillas,urbano,0,APPLY
V25098,1,1,Zapatillas,urbano,0,APPLY
V46106,1,1,Zapatillas,urbano,0,APPLY
V46561,1,1,Zapatillas,urbano,0,APPLY
V46562,1,1,Zapatillas,urbano,0,APPLY
V46570,1,1,Zapatillas,urbano,0,APPLY
V46572,1,1,Zapatillas,urbano,0,APPLY
V46700,1,1,Zapatillas,urbano,0,APPLY
V46705,1,1,Zapatillas,urbano,0,APPLY
V46841,1,1,Zapatillas,urbano,0,APPLY
V47140,1,1,Zapatillas,urbano,0,APPLY
V47253,1,1,Zapatillas,urbano,0,APPLY
V47257,1,1,Zapatillas,urbano,0,APPLY
V48116,1,1,Zapatillas,urbano,0,APPLY
V48991,1,1,Zapatillas,urbano,0,APPLY
V54258,1,1,Zapatillas,urbano,0,APPLY
V54315,1,1,Zapatillas,urbano,0,APPLY
V54318,1,1,Zapatillas,urbano,0,APPLY
V54388,1,1,Zapatillas,urbano,0,APPLY
V54433,1,1,Zapatillas,urbano,0,APPLY
V54435,1,1,Zapatillas,urbano,0,APPLY
V54695,1,1,Zapatillas,urbano,0,APPLY
V54711,1,1,Zapatillas,urbano,0,APPLY
V54729,1,1,Zapatillas,urbano,0,APPLY
V55549,1,1,Zapatillas,urbano,0,APPLY
V55551,1,1,Zapatillas,urbano,0,APPLY
V55553,1,1,Zapatillas,urbano,0,APPLY
V55718,1,1,Zapatillas,urbano,0,APPLY
V56057,1,1,Zapatillas,urbano,0,APPLY
V56067,1,1,Zapatillas,urbano,0,APPLY
V56068,1,1,Zapatillas,urbano,0,APPLY
V56073,1,1,Zapatillas,urbano,0,APPLY
V56074,1,1,Zapatillas,urbano,0,APPLY
V56126,1,1,Zapatillas,urbano,0,APPLY
V56130,1,1,Zapatillas,urbano,0,APPLY
V56132,1,1,Zapatillas,urbano,0,APPLY
V56229,1,1,Zapatillas,urbano,0,APPLY
V58935,1,1,Zapatillas,urbano,0,APPLY
V59052,1,1,Zapatillas,urbano,0,APPLY
V59152,1,1,Zapatillas,urbano,0,APPLY
V59253,1,1,Zapatillas,urbano,0,APPLY
V59254,1,1,Zapatillas,urbano,0,APPLY
V55978,1,1,Zapatillas,urbano,0,APPLY
V59597,1,1,Zapatillas,urbano,0,APPLY
V59607,1,1,Zapatillas,urbano,0,APPLY
V59608,1,1,Zapatillas,urbano,0,APPLY
V59694,1,1,Zapatillas,urbano,0,APPLY
V59704,1,1,Zapatillas,urbano,0,APPLY
V59807,1,1,Zapatillas,urbano,0,APPLY
V59809,1,1,Zapatillas,urbano,0,APPLY
V59926,1,1,Zapatillas,urbano,0,APPLY
V59929,1,1,Zapatillas,urbano,0,APPLY
V59931,1,1,Zapatillas,urbano,0,APPLY
V59932,1,1,Zapatillas,urbano,0,APPLY
V60047,1,1,Zapatillas,urbano,0,APPLY
V60050,1,1,Zapatillas,urbano,0,APPLY
V60209,1,1,Zapatillas,urbano,0,APPLY
V60318,1,1,Zapatillas,urbano,0,APPLY
V60319,1,1,Zapatillas,urbano,0,APPLY
V60323,1,1,Zapatillas,urbano,0,APPLY
V60338,1,1,Zapatillas,urbano,0,APPLY
V60340,1,1,Zapatillas,urbano,0,APPLY
V60343,1,1,Zapatillas,urbano,0,APPLY
V60344,1,1,Zapatillas,urbano,0,APPLY
V60346,1,1,Zapatillas,urbano,0,APPLY
V60347,1,1,Zapatillas,urbano,0,APPLY
V60356,1,1,Zapatillas,urbano,0,APPLY
V60447,1,1,Zapatillas,urbano,0,APPLY
V60451,1,1,Zapatillas,urbano,0,APPLY
V60473,1,1,Zapatillas,urbano,0,APPLY
V60474,1,1,Zapatillas,urbano,0,APPLY
V60485,1,1,Zapatillas,urbano,0,APPLY
V60525,1,1,Zapatillas,urbano,0,APPLY
V56124,2,1,Zapatillas,urbano,0,APPLY
V60539,1,1,Zapatillas,urbano,0,APPLY
V60541,1,1,Zapatillas,urbano,0,APPLY
V60543,1,1,Zapatillas,urbano,0,APPLY
V60545,1,1,Zapatillas,urbano,0,APPLY
V60597,1,1,Zapatillas,urbano,0,APPLY
V61603,1,1,Zapatillas,urbano,0,APPLY
V61616,1,1,Zapatillas,urbano,0,APPLY
V62912,2,1,Zapatillas,urbano,0,APPLY
V62989,1,1,Zapatillas,urbano,0,APPLY
V63070,1,1,Zapatillas,urbano,0,APPLY
V63071,1,1,Zapatillas,urbano,0,APPLY
V63072,1,1,Zapatillas,urbano,0,APPLY
V63073,1,1,Zapatillas,urbano,0,APPLY
V63132,1,1,Zapatillas,urbano,0,APPLY
V63168,1,1,Zapatillas,urbano,0,APPLY
V63176,2,1,Zapatillas,urbano,0,APPLY
V63215,1,1,Zapatillas,urbano,0,APPLY
V63237,1,1,Zapatillas,urbano,0,APPLY
V63240,1,1,Zapatillas,urbano,0,APPLY
V63241,1,1,Zapatillas,urbano,0,APPLY
V63249,1,1,Zapatillas,urbano,0,APPLY
V63296,1,1,Zapatillas,urbano,0,APPLY
V63369,1,1,Zapatillas,urbano,0,APPLY
V63501,1,1,Zapatillas,urbano,0,APPLY
V65821,1,1,Zapatillas,urbano,0,APPLY
V65837,1,1,Zapatillas,urbano,0,APPLY
V65839,1,1,Zapatillas,urbano,0,APPLY
V65886,1,1,Zapatillas,urbano,0,APPLY
V65932,1,1,Zapatillas,urbano,0,APPLY
V65979,1,1,Zapatillas,urbano,0,APPLY
V65984,1,1,Zapatillas,urbano,0,APPLY
V65986,1,1,Zapatillas,urbano,0,APPLY
V65988,1,1,Zapatillas,urbano,0,APPLY
V66194,1,1,Zapatillas,urbano,0,APPLY
V66209,1,1,Zapatillas,urbano,0,APPLY
V66397,1,1,Zapatillas,urbano,0,APPLY
V66401,1,1,Zapatillas,urbano,0,APPLY
V66449,1,1,Zapatillas,urbano,0,APPLY
V66458,1,1,Zapatillas,urbano,0,APPLY
V66753,1,1,Zapatillas,urbano,0,APPLY
V66895,1,1,Zapatillas,urbano,0,APPLY
V67320,1,1,Zapatillas,urbano,0,APPLY
V67322,1,1,Zapatillas,urbano,0,APPLY
V67325,1,1,Zapatillas,urbano,0,APPLY
V67966,1,1,Zapatillas,urbano,0,APPLY
V67995,1,1,Zapatillas,urbano,0,APPLY
V68250,1,1,Zapatillas,urbano,0,APPLY
V68252,1,1,Zapatillas,urbano,0,APPLY
V68253,1,1,Zapatillas,urbano,0,APPLY
V68378,1,1,Zapatillas,urbano,0,APPLY
V68384,1,1,Zapatillas,urbano,0,APPLY
V68526,1,1,Zapatillas,urbano,0,APPLY
V68527,1,1,Zapatillas,urbano,0,APPLY
V68528,1,1,Zapatillas,urbano,0,APPLY
V68915,1,1,Zapatillas,urbano,0,APPLY
V69624,1,1,Zapatillas,urbano,0,APPLY
V69714,1,1,Zapatillas,urbano,0,APPLY
V69930,1,1,Zapatillas,urbano,0,APPLY
V69958,1,1,Zapatillas,urbano,0,APPLY
V69998,1,1,Zapatillas,urbano,0,APPLY
V70001,1,1,Zapatillas,urbano,0,APPLY
V70007,1,1,Zapatillas,urbano,0,APPLY
V70146,1,1,Zapatillas,urbano,0,APPLY
V70273,2,1,Zapatillas,urbano,0,APPLY
V70398,1,1,Zapatillas,urbano,0,APPLY
V71864,1,1,Zapatillas,urbano,0,APPLY
V71865,1,1,Zapatillas,urbano,0,APPLY
V71892,1,1,Zapatillas,urbano,0,APPLY
V71914,1,1,Zapatillas,urbano,0,APPLY
V71920,1,1,Zapatillas,urbano,0,APPLY
V72123,1,1,Zapatillas,urbano,0,APPLY
V72472,1,1,Zapatillas,urbano,0,APPLY
V72473,1,1,Zapatillas,urbano,0,APPLY
V72474,1,1,Zapatillas,urbano,0,APPLY
V72475,1,1,Zapatillas,urbano,0,APPLY
V72493,1,1,Zapatillas,urbano,0,APPLY
V72512,1,1,Zapatillas,urbano,0,APPLY
V72649,1,1,Zapatillas,urbano,0,APPLY
V72657,1,1,Zapatillas,urbano,0,APPLY
V72763,1,1,Zapatillas,urbano,0,APPLY
V72764,1,1,Zapatillas,urbano,0,APPLY
V72765,1,1,Zapatillas,urbano,0,APPLY
V72766,1,1,Zapatillas,urbano,0,APPLY
V72767,1,1,Zapatillas,urbano,0,APPLY
V72768,1,1,Zapatillas,urbano,0,APPLY
VARNA,2,1,Zapatillas,urbano,0,APPLY
302338N-PKMT,4,1,Zapatillas,urbano,0,APPLY
VN-099ZPBQ,2,1,Zapatillas,urbano,0,APPLY
VN-0QFK7EW,1,1,Zapatillas,urbano,0,APPLY
VN-0QFK7FA,1,1,Zapatillas,urbano,0,APPLY
VN-0SCQ7FK,1,1,Zapatillas,urbano,0,APPLY
VN-0SCQ7MZ,1,1,Zapatillas,urbano,0,APPLY
VN-0T9N8GD,1,1,Zapatillas,urbano,0,APPLY
VN-0UR89V7,1,1,Zapatillas,urbano,0,APPLY
VN-0UR8AKM,1,1,Zapatillas,urbano,0,APPLY
VN-OEE3-RED,1,1,Zapatillas,urbano,0,APPLY
VN-OEE3NVY,1,1,Zapatillas,urbano,0,APPLY
VN-OEW4PBQ,2,1,Zapatillas,urbano,0,APPLY
VN-OEWZBLK,1,1,Zapatillas,urbano,0,APPLY
VN-OEYEBLK,2,1,Zapatillas,urbano,0,APPLY
VN-OGYQ195,1,1,Zapatillas,urbano,0,APPLY
VN-OGYQNWD,1,1,Zapatillas,urbano,0,APPLY
302468N-LAV,4,1,Zapatillas,urbano,0,APPLY
302469L-LTPK,2,1,Zapatillas,urbano,0,APPLY
302470N-LTPK,2,1,Zapatillas,urbano,0,APPLY
302470N-NVY,4,1,Zapatillas,urbano,0,APPLY
VN000K15-186,3,1,Zapatillas,urbano,0,APPLY
VULCAN H1,2,1,Zapatillas,urbano,0,APPLY
VULCAN H3,2,1,Zapatillas,urbano,0,APPLY
W490LI,1,1,Zapatillas,urbano,0,APPLY
303729-02,1,1,Zapatillas,urbano,0,APPLY
304278 17,1,1,Zapatillas,urbano,0,APPLY
304278 22,1,1,Zapatillas,urbano,0,APPLY
304278 25,1,1,Zapatillas,urbano,0,APPLY
304278 26,1,1,Zapatillas,urbano,0,APPLY
304278 30,1,1,Zapatillas,urbano,0,APPLY
304278 31,1,1,Zapatillas,urbano,0,APPLY
305182 07,1,1,Zapatillas,urbano,0,APPLY
FV4668,2,1,Zapatillas,urbano,0,APPLY
309598-103,1,1,Zapatillas,urbano,0,APPLY
WK187-90,1,1,Zapatillas,urbano,0,APPLY
WL220BG,1,1,Zapatillas,urbano,0,APPLY
WL220BK,1,1,Zapatillas,urbano,0,APPLY
WL373BLR21,1,1,Zapatillas,urbano,0,APPLY
WL373PIR06,1,1,Zapatillas,urbano,0,APPLY
WL501,1,1,Zapatillas,urbano,0,APPLY
31366BKMT,2,1,Zapatillas,urbano,0,APPLY
31366WMLT,2,1,Zapatillas,urbano,0,APPLY
WL515CPB19,1,1,Zapatillas,urbano,0,APPLY
WL515CPD11,1,1,Zapatillas,urbano,0,APPLY
WL565KGW,1,1,Zapatillas,urbano,0,APPLY
WL574CB,1,1,Zapatillas,urbano,0,APPLY
WL574CC,1,1,Zapatillas,urbano,0,APPLY
WL515CPC16,1,1,Zapatillas,urbano,0,APPLY
WS1276,2,1,Zapatillas,urbano,0,APPLY
320002,9,87,Zapatillas,urbano,0,APPLY
X73524,1,1,Zapatillas,urbano,0,APPLY
X73528,1,1,Zapatillas,urbano,0,APPLY
X73530,1,1,Zapatillas,urbano,0,APPLY
X73533,1,1,Zapatillas,urbano,0,APPLY
X73575,1,1,Zapatillas,urbano,0,APPLY
X73599,1,1,Zapatillas,urbano,0,APPLY
X73603,1,1,Zapatillas,urbano,0,APPLY
X73605,1,1,Zapatillas,urbano,0,APPLY
X73607,1,1,Zapatillas,urbano,0,APPLY
X73608,1,1,Zapatillas,urbano,0,APPLY
X73634,1,1,Zapatillas,urbano,0,APPLY
X73645,1,1,Zapatillas,urbano,0,APPLY
X73648,1,1,Zapatillas,urbano,0,APPLY
X73651,1,1,Zapatillas,urbano,0,APPLY
X73652,1,1,Zapatillas,urbano,0,APPLY
X73657,1,1,Zapatillas,urbano,0,APPLY
X73659,1,1,Zapatillas,urbano,0,APPLY
X73675,1,1,Zapatillas,urbano,0,APPLY
X73678,1,1,Zapatillas,urbano,0,APPLY
X73681,1,1,Zapatillas,urbano,0,APPLY
X73683,1,1,Zapatillas,urbano,0,APPLY
X73684,1,1,Zapatillas,urbano,0,APPLY
X73686,1,1,Zapatillas,urbano,0,APPLY
X73700,1,1,Zapatillas,urbano,0,APPLY
X73764,1,1,Zapatillas,urbano,0,APPLY
X73765,1,1,Zapatillas,urbano,0,APPLY
X73798,1,1,Zapatillas,urbano,0,APPLY
X73813,1,1,Zapatillas,urbano,0,APPLY
X73814,1,1,Zapatillas,urbano,0,APPLY
XT-26627,3,1,Zapatillas,urbano,0,APPLY
XW1678-00,1,1,Zapatillas,urbano,0,APPLY
351980 23,1,1,Zapatillas,urbano,0,APPLY
352-1003,1,1,Zapatillas,urbano,0,APPLY
352-1006,1,1,Zapatillas,urbano,0,APPLY
Z72067,1,1,Zapatillas,urbano,0,APPLY
355-6018,1,1,Zapatillas,urbano,0,APPLY
356722 11,1,1,Zapatillas,urbano,0,APPLY
356741 10,1,1,Zapatillas,urbano,0,APPLY
356794 02,2,1,Zapatillas,urbano,0,APPLY
356795 01,1,1,Zapatillas,urbano,0,APPLY
356772 03,3,1,Zapatillas,urbano,0,APPLY
356781 01,2,1,Zapatillas,urbano,0,APPLY
356786 02,2,1,Zapatillas,urbano,0,APPLY
358885 01,2,1,Zapatillas,urbano,0,APPLY
ZVATWOOD Y,2,1,Zapatillas,urbano,0,APPLY
362949 03,1,1,Zapatillas,urbano,0,APPLY
363724 02,1,1,Zapatillas,urbano,0,APPLY
363915 06,1,1,Zapatillas,urbano,0,APPLY
363918 01,1,1,Zapatillas,urbano,0,APPLY
366970 06,3,1,Zapatillas,urbano,0,APPLY
366971 01,1,1,Zapatillas,urbano,0,APPLY
100033303,1,1,Zapatillas,urbano,0,APPLY
381-19650,2,1,Zapatillas,urbano,0,APPLY
3947,1,1,Zapatillas,urbano,0,APPLY
395,2,1;14,Zapatillas,urbano,0,APPLY
394688 01,2,1,Zapatillas,urbano,0,APPLY
400135N-BBLM,5,1,Zapatillas,urbano,0,APPLY
400137L-BKRB,2,1,Zapatillas,urbano,0,APPLY
400137L-BKSL,2,1,Zapatillas,urbano,0,APPLY
403770N-BKRD,6,1,Zapatillas,urbano,0,APPLY
4085,1,1,Zapatillas,urbano,0,APPLY
406-6038,1,1,Zapatillas,urbano,0,APPLY
4309,1,1,Zapatillas,urbano,0,APPLY
451-1159,1,1,Zapatillas,urbano,0,APPLY
451-1170,1,1,Zapatillas,urbano,0,APPLY
451-1259,1,1,Zapatillas,urbano,0,APPLY
451-1493,1,1,Zapatillas,urbano,0,APPLY
454-6830,1,46,Zapatillas,"urbano,oficial",0,APPLY
454-6845,1,1,Zapatillas,"urbano,oficial",0,APPLY
454-6878,1,46,Zapatillas,"urbano,oficial",0,APPLY
454594-011,1,1,Zapatillas,urbano,0,APPLY
451-1349,1,1,Zapatillas,"urbano,oficial",0,APPLY
454-6832,3,46,Zapatillas,"urbano,oficial",0,APPLY
454-6853,1,46,Zapatillas,"urbano,oficial",0,APPLY
472536-031,1,1,Zapatillas,urbano,0,APPLY
472536-040,1,1,Zapatillas,urbano,0,APPLY
472536-041,1,1,Zapatillas,urbano,0,APPLY
472536-100,1,1,Zapatillas,urbano,0,APPLY
472544-101,1,1,Zapatillas,urbano,0,APPLY
472544-103,1,1,Zapatillas,urbano,0,APPLY
472545-102,1,1,Zapatillas,urbano,0,APPLY
482972 600,1,1,Zapatillas,urbano,0,APPLY
4830,1,1,Zapatillas,urbano,0,APPLY
487335-001,1,1,Zapatillas,urbano,0,APPLY
487335-100,1,1,Zapatillas,urbano,0,APPLY
50515,1,1,Zapatillas,urbano,0,APPLY
509504-003,1,1,Zapatillas,urbano,0,APPLY
509504-102,1,1,Zapatillas,urbano,0,APPLY
514-6109,1,46,Zapatillas,urbano,0,APPLY
514-6115,1,1,Zapatillas,urbano,0,APPLY
514-6160,1,1,Zapatillas,urbano,0,APPLY
514-6206,1,1,Zapatillas,urbano,0,APPLY
514-6995,1,46,Zapatillas,urbano,0,APPLY
52114,2,1,Zapatillas,urbano,0,APPLY
524851-100,1,1,Zapatillas,urbano,0,APPLY
10362L,2,1,Zapatillas,urbano,0,APPLY
52458-OFWT,5,1,Zapatillas,urbano,0,APPLY
525383-002,1,1,Zapatillas,urbano,0,APPLY
53512,2,1,Zapatillas,urbano,0,APPLY
554-1170,1,1,Zapatillas,urbano,0,APPLY
554-1238,1,1,Zapatillas,urbano,0,APPLY
554-1245,1,1,Zapatillas,urbano,0,APPLY
554895-100,1,1,Zapatillas,urbano,0,APPLY
554895-500,1,1,Zapatillas,urbano,0,APPLY
555092-001,1,1,Zapatillas,urbano,0,APPLY
5558,1,1,Zapatillas,urbano,0,APPLY
57002,1,1,Zapatillas,urbano,0,APPLY
579949-103,1,1,Zapatillas,urbano,0,APPLY
580374-002,2,1,Zapatillas,urbano,0,APPLY
599465-014,1,1,Zapatillas,urbano,0,APPLY
599813-080,1,1,Zapatillas,urbano,0,APPLY
5XM00817-956,2,1,Zapatillas,urbano,0,APPLY
5XM00818-349,2,1,Zapatillas,urbano,0,APPLY
5XM00833-149,3,1,Zapatillas,urbano,0,APPLY
5XM00834-125,2,1,Zapatillas,urbano,0,APPLY
6020,1,1,Zapatillas,urbano,0,APPLY
6023,2,1,Zapatillas,urbano,0,APPLY
64226,1,1,Zapatillas,urbano,0,APPLY
642336-600,1,1,Zapatillas,urbano,0,APPLY
64236,1,1,Zapatillas,urbano,0,APPLY
641862-400,1,1,Zapatillas,urbano,0,APPLY
642760-003,1,1,Zapatillas,urbano,0,APPLY
642760-601,1,1,Zapatillas,urbano,0,APPLY
642780-002,1,1,Zapatillas,urbano,0,APPLY
64279,1,1,Zapatillas,urbano,0,APPLY
651-1004,1,1,Zapatillas,urbano,0,APPLY
651-2004,1,1,Zapatillas,urbano,0,APPLY
6664,1,1,Zapatillas,urbano,0,APPLY
6727,1,1,Zapatillas,urbano,0,APPLY
6940,7,1,Zapatillas,"urbano,oficial",0,APPLY
719912-403,1,1,Zapatillas,urbano,0,APPLY
719912-404,1,1,Zapatillas,urbano,0,APPLY
719912-701,1,1,Zapatillas,urbano,0,APPLY
719916-503,1,1,Zapatillas,urbano,0,APPLY
719916-602,1,1,Zapatillas,urbano,0,APPLY
719922-016,1,1,Zapatillas,urbano,0,APPLY
719922-670,1,1,Zapatillas,urbano,0,APPLY
725245-008,1,1,Zapatillas,urbano,0,APPLY
725245-100,1,1,Zapatillas,urbano,0,APPLY
749167-007,1,1,Zapatillas,urbano,0,APPLY
749167-402,1,1,Zapatillas,urbano,0,APPLY
1077,2,1,Zapatillas,urbano,0,APPLY
7874,1,1,Zapatillas,urbano,0,APPLY
80440L,1,1,Zapatillas,urbano,0,APPLY
809-2021,1,1,Zapatillas,urbano,0,APPLY
81702N,1,1,Zapatillas,urbano,0,APPLY
820201-100,1,1,Zapatillas,urbano,0,APPLY
82026L,2,1,Zapatillas,urbano,0,APPLY
82036L,2,1,Zapatillas,urbano,0,APPLY
81706L,1,1,Zapatillas,urbano,0,APPLY
830751-001,1,1,Zapatillas,urbano,0,APPLY
830751-006,1,1,Zapatillas,urbano,0,APPLY
82297L,1,1,Zapatillas,urbano,0,APPLY
833584-011,1,1,Zapatillas,urbano,0,APPLY
83762N,1,1,Zapatillas,urbano,0,APPLY
850-2132,2,1,Zapatillas,urbano,0,APPLY
850-2244,1,1,Zapatillas,urbano,0,APPLY
850-2359,1,1,Zapatillas,urbano,0,APPLY
850-2497,1,1,Zapatillas,urbano,0,APPLY
850-6043,1,1,Zapatillas,urbano,0,APPLY
850-6130,1,1,Zapatillas,urbano,0,APPLY
850-6497,1,1,Zapatillas,urbano,0,APPLY
850-9274,1,1,Zapatillas,urbano,0,APPLY
854-1006,1,1,Zapatillas,urbano,0,APPLY
8684,1,1,Zapatillas,urbano,0,APPLY
8691,1,1,Zapatillas,urbano,0,APPLY
8692,2,1,Zapatillas,urbano,0,APPLY
869962-001,1,1,Zapatillas,urbano,0,APPLY
8835,1,1,Zapatillas,urbano,0,APPLY
854-1241,5,1,Zapatillas,urbano,0,APPLY
907254-001,1,1,Zapatillas,urbano,0,APPLY
969,2,1,Zapatillas,urbano,0,APPLY
9854,3,97,Zapatillas,urbano,0,APPLY
98302L-BLBK,2,1,Zapatillas,urbano,0,APPLY
A03273-717,2,1,Zapatillas,urbano,0,APPLY
AQ2191,1,1,Zapatillas,urbano,0,APPLY
AQ3515,1,1,Zapatillas,urbano,0,APPLY
AR0734,1,1,Zapatillas,urbano,0,APPLY
AR0735,1,1,Zapatillas,urbano,0,APPLY
AUTHENLOPRO U,2,1,Zapatillas,urbano,0,APPLY
AUTHENTIC LP U,1,1,Zapatillas,urbano,0,APPLY
B27273,1,1,Zapatillas,urbano,0,APPLY
B33033,1,1,Zapatillas,urbano,0,APPLY
B33042,1,1,Zapatillas,urbano,0,APPLY
B33105,1,1,Zapatillas,urbano,0,APPLY
B33128,1,1,Zapatillas,urbano,0,APPLY
B33129,1,1,Zapatillas,urbano,0,APPLY
BBBSS16011,1,1,Zapatillas,urbano,0,APPLY
BBISS18026,1,1,Zapatillas,urbano,0,APPLY
BBISS18038,1,1,Zapatillas,urbano,0,APPLY
BBISS18039,1,1,Zapatillas,urbano,0,APPLY
BA9513,1,1,Zapatillas,urbano,0,APPLY
BY2886,1,1,Zapatillas,urbano,0,APPLY
13047 BKRG,1,1,Zapatillas,urbano,0,APPLY
13047-NVY,1,1,Zapatillas,urbano,0,APPLY
BS5187,1,1,Zapatillas,urbano,0,APPLY
BS5188,1,1,Zapatillas,urbano,0,APPLY
BS5189,1,1,Zapatillas,urbano,0,APPLY
BS5546,1,1,Zapatillas,urbano,0,APPLY
BS5552,1,1,Zapatillas,urbano,0,APPLY
CN1144,2,1,Zapatillas,urbano,0,APPLY
100033091,2,1,Zapatillas,urbano,0,APPLY
100201526,2,1,Zapatillas,urbano,0,APPLY
CZ2959-007,3,1,Zapatillas,urbano,0,APPLY
DC3728-012,3,1,Zapatillas,urbano,0,APPLY
12754,1,1,Zapatillas,urbano,0,APPLY
F38417,1,1,Zapatillas,urbano,0,APPLY
F38418,1,1,Zapatillas,urbano,0,APPLY
F38419,1,1,Zapatillas,urbano,0,APPLY
F38545,1,1,Zapatillas,urbano,0,APPLY
F38546,1,1,Zapatillas,urbano,0,APPLY
F38550,1,1,Zapatillas,urbano,0,APPLY
F38551,1,1,Zapatillas,urbano,0,APPLY
F38552,1,1,Zapatillas,urbano,0,APPLY
F38553,1,1,Zapatillas,urbano,0,APPLY
F38598,2,1,Zapatillas,urbano,0,APPLY
F38608,1,1,Zapatillas,urbano,0,APPLY
F38665,1,1,Zapatillas,urbano,0,APPLY
F38667,1,1,Zapatillas,urbano,0,APPLY
F38076,1,1,Zapatillas,urbano,0,APPLY
F98453,1,1,Zapatillas,urbano,0,APPLY
F98461,1,1,Zapatillas,urbano,0,APPLY
12899WHT,1,1,Zapatillas,urbano,0,APPLY
F76619,1,1,Zapatillas,urbano,0,APPLY
G46135,1,1,Zapatillas,urbano,0,APPLY
G46606,1,1,Zapatillas,urbano,0,APPLY
G46894,1,1,Zapatillas,urbano,0,APPLY
G48022,1,1,Zapatillas,urbano,0,APPLY
G48054,1,1,Zapatillas,urbano,0,APPLY
G48331,1,1,Zapatillas,urbano,0,APPLY
G48334,1,1,Zapatillas,urbano,0,APPLY
G48384,1,1,Zapatillas,urbano,0,APPLY
G48552,1,1,Zapatillas,urbano,0,APPLY
G48553,2,1,Zapatillas,urbano,0,APPLY
G51370,1,1,Zapatillas,urbano,0,APPLY
G62643,1,1,Zapatillas,urbano,0,APPLY
G61397,1,1,Zapatillas,urbano,0,APPLY
G61400,1,1,Zapatillas,urbano,0,APPLY
G62687,1,1,Zapatillas,urbano,0,APPLY
G62690,1,1,Zapatillas,urbano,0,APPLY
G97046,1,1,Zapatillas,urbano,0,APPLY
103071 07,1,1,Zapatillas,urbano,0,APPLY
11638,1,1,Zapatillas,urbano,0,APPLY
10772NSLHP,2,1,Zapatillas,urbano,0,APPLY
14018,1,1,Zapatillas,urbano,0,APPLY
I16746000,1,1,Zapatillas,urbano,0,APPLY
I16747000,1,1,Zapatillas,urbano,0,APPLY
I7736,1,1,Zapatillas,urbano,0,APPLY
13589,1,1,Zapatillas,urbano,0,APPLY
13590,2,1,Zapatillas,urbano,0,APPLY
13592,1,1,Zapatillas,urbano,0,APPLY
M43043,1,1,Zapatillas,urbano,0,APPLY
M43081,1,1,Zapatillas,urbano,0,APPLY
M43082,1,1,Zapatillas,urbano,0,APPLY
ML515CPB19,1,1,Zapatillas,urbano,0,APPLY
PUH3,1,1,Zapatillas,urbano,0,APPLY
Q26084,1,1,Zapatillas,urbano,0,APPLY
Q26085,1,1,Zapatillas,urbano,0,APPLY
Q26115,1,1,Zapatillas,urbano,0,APPLY
Q261177,1,1,Zapatillas,urbano,0,APPLY
Q26174,1,1,Zapatillas,urbano,0,APPLY
Q26191,1,1,Zapatillas,urbano,0,APPLY
Q26199,1,1,Zapatillas,urbano,0,APPLY
Q26200,1,1,Zapatillas,urbano,0,APPLY
Q26201,1,1,Zapatillas,urbano,0,APPLY
Q26202,1,1,Zapatillas,urbano,0,APPLY
Q26215,1,1,Zapatillas,urbano,0,APPLY
Q26216,1,1,Zapatillas,urbano,0,APPLY
Q26221,1,1,Zapatillas,urbano,0,APPLY
Q26222,1,1,Zapatillas,urbano,0,APPLY
Q26223,1,1,Zapatillas,urbano,0,APPLY
Q26225,2,1,Zapatillas,urbano,0,APPLY
Q23264,1,1,Zapatillas,urbano,0,APPLY
316418-402,1,1,Zapatillas,urbano,0,APPLY
57000,1,1,Zapatillas,urbano,0,APPLY
8068,1,1,Zapatillas,urbano,0,APPLY
80682L,1,1,Zapatillas,urbano,0,APPLY
80684N,1,1,Zapatillas,urbano,0,APPLY
G52716,1,1,Zapatillas,urbano,0,APPLY
G41089,1,1,Zapatillas,urbano,0,APPLY
G41097,1,1,Zapatillas,urbano,0,APPLY
G41098,1,1,Zapatillas,urbano,0,APPLY
G41101,1,1,Zapatillas,urbano,0,APPLY
G41102,1,1,Zapatillas,urbano,0,APPLY
GW7181,2,1,Zapatillas,urbano,0,APPLY
M42080,2,1,Zapatillas,urbano,0,APPLY
M29370,1,1,Zapatillas,urbano,0,APPLY
M29423,1,1,Zapatillas,urbano,0,APPLY
M29449,1,1,Zapatillas,urbano,0,APPLY
M29608,1,1,Zapatillas,urbano,0,APPLY
M29621,1,1,Zapatillas,urbano,0,APPLY
Q34271,1,1,Zapatillas,urbano,0,APPLY
852431-100,2,1,Zapatillas,urbano,0,APPLY
R0054,1,1,Zapatillas,urbano,0,APPLY
GW4139,3,1,Zapatillas,urbano,0,APPLY
B44071,1,1,Zapatillas,urbano,0,APPLY
S75100,1,1,Zapatillas,urbano,0,APPLY
S84944,1,1,Zapatillas,urbano,0,APPLY
U43416,1,1,Zapatillas,urbano,0,APPLY
U43706,1,1,Zapatillas,urbano,0,APPLY
U43921,1,1,Zapatillas,urbano,0,APPLY
U43947,1,1,Zapatillas,urbano,0,APPLY
V22433,1,1,Zapatillas,urbano,0,APPLY
V22811,1,1,Zapatillas,urbano,0,APPLY
V22892,1,1,Zapatillas,urbano,0,APPLY
V22902,1,1,Zapatillas,urbano,0,APPLY
V23854,1,1,Zapatillas,urbano,0,APPLY
V23855,1,1,Zapatillas,urbano,0,APPLY
V23857,1,1,Zapatillas,urbano,0,APPLY
V23860,1,1,Zapatillas,urbano,0,APPLY
V23861,1,1,Zapatillas,urbano,0,APPLY
V52737,1,1,Zapatillas,urbano,0,APPLY
V59583,1,1,Zapatillas,urbano,0,APPLY
V59585,1,1,Zapatillas,urbano,0,APPLY
V59589,1,1,Zapatillas,urbano,0,APPLY
V62873,1,1,Zapatillas,urbano,0,APPLY
V62900,1,1,Zapatillas,urbano,0,APPLY
V66459,1,1,Zapatillas,urbano,0,APPLY
VN-0QES10Z,1,1,Zapatillas,urbano,0,APPLY
VN-0QES75L,1,1,Zapatillas,urbano,0,APPLY
VN-0QES75S,1,1,Zapatillas,urbano,0,APPLY
VN-0QES7N1,1,1,Zapatillas,urbano,0,APPLY
V53955,1,1,Zapatillas,urbano,0,APPLY
VN-0UAM9SE,1,1,Zapatillas,urbano,0,APPLY
WL220RN,1,1,Zapatillas,urbano,0,APPLY
S75746,1,1,Zapatillas,urbano,0,APPLY
U42045,1,1,Zapatillas,urbano,0,APPLY
V21110,1,1,Zapatillas,urbano,0,APPLY
V22929,1,1,Zapatillas,urbano,0,APPLY
V65866,1,1,Zapatillas,urbano,0,APPLY
22244,1,1,Zapatillas,urbano,0,APPLY
2295,1,63,Zapatillas,urbano,0,APPLY
59242,1,1,Zapatillas,urbano,0,APPLY
6153,1,1,Zapatillas,urbano,0,APPLY
BB3159,1,1,Zapatillas,urbano,0,APPLY
581-4049,4,1,Zapatillas,urbano,0,APPLY
AW3839,4,1,Zapatillas,urbano,0,APPLY
F99297,1,1,Zapatillas,urbano,0,APPLY
G64548,1,1,Zapatillas,urbano,0,APPLY
M22756,1,1,Zapatillas,urbano,0,APPLY
BS7686,3,1,Zapatillas,urbano,0,APPLY
GZ0982,3,1,Zapatillas,urbano,0,APPLY
M25353,1,1,Zapatillas,urbano,0,APPLY
RC14913N,1,46,Zapatillas,"urbano,vestir",0,APPLY
V24162,1,1,Zapatillas,urbano,0,APPLY
216492-BKW,3,1,Zapatillas,urbano,0,APPLY
003-2987,1,1,Zapatillas,urbano,0,APPLY
011-1092,1,1,Zapatillas,urbano,0,APPLY
051-1481,1,1,Zapatillas,urbano,0,APPLY
059-5128,1,1,Zapatillas,urbano,0,APPLY
059-5300,1,1,Zapatillas,urbano,0,APPLY
059-9500,1,1,Zapatillas,urbano,0,APPLY
081-1569,1,1,Zapatillas,urbano,0,APPLY
100025714,2,1,Zapatillas,urbano,0,APPLY
100033836,2,1,Zapatillas,urbano,0,APPLY
101-9193,2,1,Zapatillas,urbano,0,APPLY
103630 03,1,1,Zapatillas,urbano,0,APPLY
103956 01,1,1,Zapatillas,urbano,0,APPLY
104023 01,1,1,Zapatillas,urbano,0,APPLY
10539L,1,1,Zapatillas,urbano,0,APPLY
105674 01,1,1,Zapatillas,urbano,0,APPLY
10667L,1,1,Zapatillas,urbano,0,APPLY
10833-CCMT,1,1,Zapatillas,urbano,0,APPLY
10833LBKMT,1,1,Zapatillas,urbano,0,APPLY
10920L-NVMT,1,1,Zapatillas,urbano,0,APPLY
10921LBKLV,1,1,Zapatillas,urbano,0,APPLY
10955N-SLLV,1,1,Zapatillas,urbano,0,APPLY
11860NWLB,1,1,Zapatillas,urbano,0,APPLY
12016,1,1,Zapatillas,urbano,0,APPLY
12058,1,1,Zapatillas,urbano,0,APPLY
12131,1,1,Zapatillas,urbano,0,APPLY
12182,1,1,Zapatillas,urbano,0,APPLY
12188,1,1,Zapatillas,urbano,0,APPLY
12656,1,1,Zapatillas,urbano,0,APPLY
12700,1,1,Zapatillas,urbano,0,APPLY
1272309-003,1,1,Zapatillas,urbano,0,APPLY
12732,1,1,Zapatillas,urbano,0,APPLY
12753GYCL,1,1,Zapatillas,urbano,0,APPLY
12753ROS,1,1,Zapatillas,urbano,0,APPLY
12765,1,1,Zapatillas,urbano,0,APPLY
12773,2,1,Zapatillas,urbano,0,APPLY
1278819-611,1,1,Zapatillas,urbano,0,APPLY
12834 BBK,1,1,Zapatillas,urbano,0,APPLY
1289534-100,1,1,Zapatillas,urbano,0,APPLY
1289539-162,1,1,Zapatillas,urbano,0,APPLY
12899ROS,1,1,Zapatillas,urbano,0,APPLY
12908BKW,1,1,Zapatillas,urbano,0,APPLY
12942-NTLP,1,1,Zapatillas,urbano,0,APPLY
12947-MVE,1,1,Zapatillas,urbano,0,APPLY
12964-SLT,1,1,Zapatillas,urbano,0,APPLY
1299197-100,1,1,Zapatillas,urbano,0,APPLY
12991BKW,1,1,Zapatillas,urbano,0,APPLY
13070-BBK,1,1,Zapatillas,urbano,0,APPLY
13921,1,1,Zapatillas,urbano,0,APPLY
14037,1,1,Zapatillas,urbano,0,APPLY
14061,1,1,Zapatillas,urbano,0,APPLY
150024-BBK,3,1,Zapatillas,urbano,0,APPLY
151-2067,1,1,Zapatillas,urbano,0,APPLY
15162-BBK,1,1,Zapatillas,urbano,0,APPLY
154-5016,1,1,Zapatillas,urbano,0,APPLY
15738-BBK,2,1,Zapatillas,urbano,0,APPLY
15738-NVW,2,1,Zapatillas,urbano,0,APPLY
159-0131,1,1,Zapatillas,urbano,0,APPLY
187064 10,1,1,Zapatillas,urbano,0,APPLY
187367 08,1,1,Zapatillas,urbano,0,APPLY
189685 01,1,1,Zapatillas,urbano,0,APPLY
190677 07,1,1,Zapatillas,urbano,0,APPLY
192491,1,1,Zapatillas,urbano,0,APPLY
192611 05,1,1,Zapatillas,urbano,0,APPLY
1BM00496-422,1,1,Zapatillas,urbano,0,APPLY
1FM00841-125,1,1,Zapatillas,urbano,0,APPLY
214-6016,1,46,Zapatillas,urbano,0,APPLY
216480-BBK,3,1,Zapatillas,urbano,0,APPLY
216481-BKGY,2,1,Zapatillas,urbano,0,APPLY
216492-NVGY,2,1,Zapatillas,urbano,0,APPLY
21668,1,1,Zapatillas,urbano,0,APPLY
232225-BBK,3,1,Zapatillas,urbano,0,APPLY
232257-BKRD,2,1,Zapatillas,urbano,0,APPLY
232257-NVGY,3,1,Zapatillas,urbano,0,APPLY
251-1501,1,1,Zapatillas,urbano,0,APPLY
3000011-101,1,1,Zapatillas,urbano,0,APPLY
3020622-600,1,1,Zapatillas,urbano,0,APPLY
3022594-003,2,1,Zapatillas,urbano,0,APPLY
3022594-103,3,1,Zapatillas,urbano,0,APPLY
3022594-401,1,1,Zapatillas,urbano,0,APPLY
3022594-402,3,1,Zapatillas,urbano,0,APPLY
3022594-601,1,1,Zapatillas,urbano,0,APPLY
3022955-003,4,1,Zapatillas,urbano,0,APPLY
3022955-104,2,1,Zapatillas,urbano,0,APPLY
3022955-500,4,1,Zapatillas,urbano,0,APPLY
3022955-600,4,1,Zapatillas,urbano,0,APPLY
3022955-603,3,1,Zapatillas,urbano,0,APPLY
302299L-LVHP,2,1,Zapatillas,urbano,0,APPLY
302300L-PKMT,2,1,Zapatillas,urbano,0,APPLY
304279 14,1,1,Zapatillas,urbano,0,APPLY
304279 17,1,1,Zapatillas,urbano,0,APPLY
304614 01,1,1,Zapatillas,urbano,0,APPLY
305182 06,1,1,Zapatillas,urbano,0,APPLY
32504-WHT,1,1,Zapatillas,urbano,0,APPLY
351-0361,3,1,Zapatillas,urbano,0,APPLY
351-0788,2,1,Zapatillas,urbano,0,APPLY
351-1159,2,1,Zapatillas,urbano,0,APPLY
351-1176,1,1,Zapatillas,urbano,0,APPLY
351-1592,1,1,Zapatillas,urbano,0,APPLY
351-1788,2,1,Zapatillas,urbano,0,APPLY
351-1987,2,46,Zapatillas,urbano,0,APPLY
351-2067,1,1,Zapatillas,urbano,0,APPLY
351-2788,4,1,Zapatillas,urbano,0,APPLY
351980 28,1,1,Zapatillas,urbano,0,APPLY
351980 36,1,1,Zapatillas,urbano,0,APPLY
356741 24,1,1,Zapatillas,urbano,0,APPLY
362420 02,1,1,Zapatillas,urbano,0,APPLY
364307 17,1,1,Zapatillas,urbano,0,APPLY
365295 01,1,1,Zapatillas,urbano,0,APPLY
367380 01,1,1,Zapatillas,urbano,0,APPLY
392031 03,2,1,Zapatillas,urbano,0,APPLY
488161-814,1,1,Zapatillas,urbano,0,APPLY
48898,1,1,Zapatillas,urbano,0,APPLY
52458-RDS,3,1,Zapatillas,urbano,0,APPLY
52458-TAN,5,1,Zapatillas,urbano,0,APPLY
52630-BKW,4,1,Zapatillas,"urbano,oficial",0,APPLY
52631-GYNV,1,1,Zapatillas,urbano,0,APPLY
52631-NVY,3,1,Zapatillas,urbano,0,APPLY
52635-BBK,6,1,Zapatillas,urbano,0,APPLY
52643,1,46,Zapatillas,urbano,0,APPLY
52683-WLGY,2,1,Zapatillas,urbano,0,APPLY
52815-BLK,4,1,Zapatillas,urbano,0,APPLY
52815-BUBK,5,1,Zapatillas,urbano,0,APPLY
52890-BLK,1,1,Zapatillas,urbano,0,APPLY
52913-BLK,1,1,Zapatillas,urbano,0,APPLY
52913-NVGY,1,1,Zapatillas,urbano,0,APPLY
534210,2,95,Zapatillas,urbano,0,APPLY
53755,1,1,Zapatillas,urbano,0,APPLY
537572-029,1,1,Zapatillas,urbano,0,APPLY
53943,2,1,Zapatillas,urbano,0,APPLY
53984,3,1,Zapatillas,urbano,0,APPLY
54057,1,1,Zapatillas,urbano,0,APPLY
541-8009,1,1,Zapatillas,urbano,0,APPLY
54210BKW,2,1,Zapatillas,urbano,0,APPLY
54250,1,1,Zapatillas,urbano,0,APPLY
54350,1,1,Zapatillas,urbano,0,APPLY
54610-BBK,1,1,Zapatillas,urbano,0,APPLY
54640-BLK,2,1,Zapatillas,urbano,0,APPLY
54734-BKRD,1,1,Zapatillas,urbano,0,APPLY
550-6343,1,1,Zapatillas,urbano,0,APPLY
550-9197,1,1,Zapatillas,urbano,0,APPLY
550051,2,1,Zapatillas,urbano,0,APPLY
55098-BBK,1,1,Zapatillas,urbano,0,APPLY
55098-BKW,1,1,Zapatillas,urbano,0,APPLY
551-1299,1,1,Zapatillas,urbano,0,APPLY
551-1348,1,1,Zapatillas,urbano,0,APPLY
551-1505,3,1,Zapatillas,urbano,0,APPLY
551-1514,2,1,Zapatillas,urbano,0,APPLY
551-2267,1,1,Zapatillas,urbano,0,APPLY
551-2419,2,1,Zapatillas,urbano,0,APPLY
551-2439,1,1,Zapatillas,urbano,0,APPLY
551-2447,2,1,Zapatillas,urbano,0,APPLY
551-2538,1,1,Zapatillas,urbano,0,APPLY
551-2873,1,1,Zapatillas,urbano,0,APPLY
551-6345,1,1,Zapatillas,urbano,0,APPLY
551-6357,1,1,Zapatillas,urbano,0,APPLY
551-6528,2,1,Zapatillas,urbano,0,APPLY
551-6538,1,1,Zapatillas,urbano,0,APPLY
551-9255,1,1,Zapatillas,urbano,0,APPLY
551-9306,1,1,Zapatillas,urbano,0,APPLY
55350-BBK,1,1,Zapatillas,urbano,0,APPLY
554-4070,1,1,Zapatillas,urbano,0,APPLY
554-6223,1,46,Zapatillas,urbano,0,APPLY
554676-665,1,1,Zapatillas,urbano,0,APPLY
554901-500,2,1,Zapatillas,urbano,0,APPLY
554954-057,1,1,Zapatillas,urbano,0,APPLY
555092-400,2,1,Zapatillas,urbano,0,APPLY
555092-501,1,1,Zapatillas,urbano,0,APPLY
556-6029,2,1,Zapatillas,urbano,0,APPLY
55896,7,1,Zapatillas,urbano,0,APPLY
559-5124,1,1,Zapatillas,urbano,0,APPLY
559-6136,2,1,Zapatillas,urbano,0,APPLY
56051121308216000,1,1,Zapatillas,urbano,0,APPLY
56051121308233300,2,1,Zapatillas,urbano,0,APPLY
56051121778315700,2,1,Zapatillas,urbano,0,APPLY
56052121778365400,2,1,Zapatillas,urbano,0,APPLY
56184241252615700,2,1,Zapatillas,urbano,0,APPLY
56184241252664700,1,1,Zapatillas,urbano,0,APPLY
57518,1,1,Zapatillas,urbano,0,APPLY
57519,1,1,Zapatillas,urbano,0,APPLY
575811,2,1,Zapatillas,urbano,0,APPLY
579619-001,1,1,Zapatillas,urbano,0,APPLY
579953-101,1,1,Zapatillas,urbano,0,APPLY
579953-102,1,1,Zapatillas,urbano,0,APPLY
580388-005,2,1,Zapatillas,urbano,0,APPLY
580539-007,1,1,Zapatillas,urbano,0,APPLY
581-0049,3,1,Zapatillas,urbano,0,APPLY
581-0304,2,1,Zapatillas,urbano,0,APPLY
581-0322,4,1,Zapatillas,urbano,0,APPLY
581-0368,4,1,Zapatillas,urbano,0,APPLY
581-0479,2,1,Zapatillas,urbano,0,APPLY
581-0752,4,1,Zapatillas,urbano,0,APPLY
581-1108,5,1,Zapatillas,urbano,0,APPLY
581-1237,1,1,Zapatillas,urbano,0,APPLY
581-1352,2,1,Zapatillas,urbano,0,APPLY
581-1479,2,1,Zapatillas,urbano,0,APPLY
581-1600,2,1,Zapatillas,urbano,0,APPLY
581-16860,3,1,Zapatillas,urbano,0,APPLY
581-2037,5,1,Zapatillas,urbano,0,APPLY
581-2225,2,1,Zapatillas,urbano,0,APPLY
581-2327,3,1,Zapatillas,urbano,0,APPLY
581-4401,4,1,Zapatillas,urbano,0,APPLY
581-5197,1,1,Zapatillas,urbano,0,APPLY
581-5347,3,1,Zapatillas,urbano,0,APPLY
581-5820,1,1,Zapatillas,urbano,0,APPLY
581-5881,5,1,Zapatillas,urbano,0,APPLY
581-5918,5,1,Zapatillas,urbano,0,APPLY
581-6177,1,1,Zapatillas,urbano,0,APPLY
581-6226,1,1,Zapatillas,urbano,0,APPLY
581-6318,4,1,Zapatillas,urbano,0,APPLY
581-6489,1,1,Zapatillas,urbano,0,APPLY
581-6573,6,1,Zapatillas,urbano,0,APPLY
581-65890,4,1,Zapatillas,urbano,0,APPLY
581-6763,2,1,Zapatillas,urbano,0,APPLY
581-68630,3,1,Zapatillas,urbano,0,APPLY
581-6900,4,1,Zapatillas,urbano,0,APPLY
581-9197,1,1,Zapatillas,urbano,0,APPLY
581-9419,1,1,Zapatillas,urbano,0,APPLY
581-9881,5,1,Zapatillas,urbano,0,APPLY
581-9918,5,1,Zapatillas,urbano,0,APPLY
584-1050,2,1,Zapatillas,urbano,0,APPLY
586-6004,4,1,Zapatillas,urbano,0,APPLY
589-2211,2,1,Zapatillas,urbano,0,APPLY
589-5181,3,1,Zapatillas,urbano,0,APPLY
589-5189,1,1,Zapatillas,urbano,0,APPLY
589-6126,2,1,Zapatillas,urbano,0,APPLY
589-6129,3,1,Zapatillas,urbano,0,APPLY
589-62050,3,1,Zapatillas,urbano,0,APPLY
589-6235,2,1,Zapatillas,urbano,0,APPLY
589-6413,2,1,Zapatillas,urbano,0,APPLY
589-6435,3,1,Zapatillas,urbano,0,APPLY
589-6579,5,1,Zapatillas,urbano,0,APPLY
589-6660,2,1,Zapatillas,urbano,0,APPLY
589-9129,2,1,Zapatillas,urbano,0,APPLY
589-9181,3,1,Zapatillas,urbano,0,APPLY
589-9189,1,1,Zapatillas,urbano,0,APPLY
5896263,4,1,Zapatillas,urbano,0,APPLY
5966,2,1,Zapatillas,urbano,0,APPLY
5980,6,1,Zapatillas,urbano,0,APPLY
599343-801,1,1,Zapatillas,urbano,0,APPLY
599346-004,3,1,Zapatillas,urbano,0,APPLY
599409-028,3,1,Zapatillas,urbano,0,APPLY
599409-115,2,1,Zapatillas,urbano,0,APPLY
599529-501,1,1,Zapatillas,urbano,0,APPLY
599730-570,1,1,Zapatillas,urbano,0,APPLY
599796-006,1,1,Zapatillas,urbano,0,APPLY
599796-400,1,1,Zapatillas,urbano,0,APPLY
599799-006,2,1,Zapatillas,urbano,0,APPLY
599801-700,1,1,Zapatillas,urbano,0,APPLY
599803-007,1,1,Zapatillas,urbano,0,APPLY
599803-009,1,1,Zapatillas,urbano,0,APPLY
5AC107,1,46,Zapatillas,"urbano,oficial",0,APPLY
5AC109,2,46,Zapatillas,"urbano,oficial",0,APPLY
5AC112,1,46,Zapatillas,"urbano,oficial",0,APPLY
5AC166,3,46,Zapatillas,"urbano,oficial",0,APPLY
5B00539-125,2,1,Zapatillas,urbano,0,APPLY
5BM01872-154,2,1,Zapatillas,urbano,0,APPLY
5CM00101-100,2,1,Zapatillas,urbano,0,APPLY
5EM01331-139,1,1,Zapatillas,urbano,0,APPLY
5EM01331-143,1,1,Zapatillas,urbano,0,APPLY
5FM00039-014,1,1,Zapatillas,urbano,0,APPLY
5FM00399-678,2,1,Zapatillas,urbano,0,APPLY
5FM00541-156,1,1,Zapatillas,urbano,0,APPLY
5FM00542-125,1,1,Zapatillas,urbano,0,APPLY
5FM00542-650,1,1,Zapatillas,urbano,0,APPLY
5FM00545-125,1,1,Zapatillas,urbano,0,APPLY
5FM00546-614,3,1,Zapatillas,urbano,0,APPLY
5FM00554-152,1,1,Zapatillas,"urbano,training",0,APPLY
5FM00621-021,2,1,Zapatillas,urbano,0,APPLY
5FM00692-136,3,1,Zapatillas,urbano,0,APPLY
5FM00692-152,3,1,Zapatillas,urbano,0,APPLY
5FM00694-013,1,1,Zapatillas,urbano,0,APPLY
5FM00694-125,1,1,Zapatillas,urbano,0,APPLY
5FM00694-652,1,1,Zapatillas,urbano,0,APPLY
5FM00702-103,1,1,Zapatillas,urbano,0,APPLY
5FM00702-141,1,1,Zapatillas,urbano,0,APPLY
5FM00719-154,1,1,Zapatillas,urbano,0,APPLY
5FM00795-014,2,1,Zapatillas,urbano,0,APPLY
5FM00795-125,5,1,Zapatillas,urbano,0,APPLY
5FM00795-732,2,1,Zapatillas,urbano,0,APPLY
5FM01727-115,2,1,Zapatillas,urbano,0,APPLY
5RM00161-125,5,1,Zapatillas,urbano,0,APPLY
5RM00777-125,1,1,Zapatillas,urbano,0,APPLY
5RM00793-125,2,1,Zapatillas,urbano,0,APPLY
5RM01020-118,2,1,Zapatillas,urbano,0,APPLY
5RM01021-119,2,1,Zapatillas,urbano,0,APPLY
5RM01027-0016,2,1,Zapatillas,urbano,0,APPLY
5RM01027-020,3,1,Zapatillas,urbano,0,APPLY
5RM01053-149,2,1,Zapatillas,urbano,0,APPLY
5RM01331-139,3,1,Zapatillas,urbano,0,APPLY
5RM01331-143,2,1,Zapatillas,urbano,0,APPLY
5RM01532-661,2,1,Zapatillas,urbano,0,APPLY
5RM01535-149,3,1,Zapatillas,urbano,0,APPLY
5RM01535-956,2,1,Zapatillas,urbano,0,APPLY
5RM01549-661,2,1,Zapatillas,urbano,0,APPLY
5RM01550-125,3,1,Zapatillas,urbano,0,APPLY
5SM0079-662,2,1,Zapatillas,urbano,0,APPLY
5VF80170-100,2,1,Zapatillas,urbano,0,APPLY
5X00803-125,3,1,Zapatillas,urbano,0,APPLY
5XM00807-125,1,1,Zapatillas,urbano,0,APPLY
5XM00811-101,1,1,Zapatillas,urbano,0,APPLY
5XM00811-990,3,1,Zapatillas,urbano,0,APPLY
5XM00812-661,2,1,Zapatillas,urbano,0,APPLY
5XM00815-014,3,1,Zapatillas,urbano,0,APPLY
5XM00815-125,3,1,Zapatillas,urbano,0,APPLY
5XM00817-133,1,1,Zapatillas,urbano,0,APPLY
5XM00817-143,3,1,Zapatillas,urbano,0,APPLY
5XM00817-661,5,1,Zapatillas,urbano,0,APPLY
5XM01121-125,2,1,Zapatillas,urbano,0,APPLY
5XM01121-155,2,1,Zapatillas,urbano,0,APPLY
5XM01125-101,3,1,Zapatillas,urbano,0,APPLY
5XM01134-720,2,1,Zapatillas,urbano,0,APPLY
5XM01141-013,2,1,Zapatillas,urbano,0,APPLY
5XM01141-125,6,1,Zapatillas,urbano,0,APPLY
5XM01285-123,2,1,Zapatillas,urbano,0,APPLY
5XM01285-133,3,1,Zapatillas,urbano,0,APPLY
5XM01286-956,2,1,Zapatillas,urbano,0,APPLY
5XM01293-013,2,1,Zapatillas,urbano,0,APPLY
5XM01293-600,3,1,Zapatillas,urbano,0,APPLY
5XM01295-650,2,1,Zapatillas,urbano,0,APPLY
5XM01295-700,2,1,Zapatillas,urbano,0,APPLY
5XM01299-134,2,1,Zapatillas,urbano,0,APPLY
5XM01300-149,3,1,Zapatillas,urbano,0,APPLY
5XM01302-149,2,1,Zapatillas,urbano,0,APPLY
5XM01304-125,2,1,Zapatillas,urbano,0,APPLY
615150-005,1,1,Zapatillas,urbano,0,APPLY
615153-109,3,1,Zapatillas,urbano,0,APPLY
616543-029,1,1,Zapatillas,urbano,0,APPLY
620638REG,4,1,Zapatillas,urbano,0,APPLY
620906REG,3,1,Zapatillas,urbano,0,APPLY
621078-015,1,1,Zapatillas,urbano,0,APPLY
621716-022,2,1,Zapatillas,urbano,0,APPLY
622048-003,1,1,Zapatillas,urbano,0,APPLY
625699-100,1,1,Zapatillas,urbano,0,APPLY
629993-038,1,1,Zapatillas,urbano,0,APPLY
629993-039,1,1,Zapatillas,urbano,0,APPLY
630735-501,1,1,Zapatillas,urbano,0,APPLY
630886-005,1,1,Zapatillas,urbano,0,APPLY
631393-002,1,1,Zapatillas,urbano,0,APPLY
631458-007,1,1,Zapatillas,urbano,0,APPLY
631467-101,2,1,Zapatillas,urbano,0,APPLY
631467-401,1,1,Zapatillas,urbano,0,APPLY
631497-101,1,1,Zapatillas,urbano,0,APPLY
631497-400,1,1,Zapatillas,urbano,0,APPLY
633378-400,1,1,Zapatillas,urbano,0,APPLY
63650,1,1,Zapatillas,urbano,0,APPLY
637382-022,1,1,Zapatillas,urbano,0,APPLY
640283REG,4,1,Zapatillas,urbano,0,APPLY
640287REG,3,1,Zapatillas,urbano,0,APPLY
64223,1,1,Zapatillas,urbano,0,APPLY
642821-002,1,1,Zapatillas,urbano,0,APPLY
644402-022,1,1,Zapatillas,urbano,0,APPLY
644447-501,1,1,Zapatillas,urbano,0,APPLY
644843-006,2,1,Zapatillas,urbano,0,APPLY
64506,2,1,Zapatillas,urbano,0,APPLY
64522,1,1,Zapatillas,urbano,0,APPLY
64529,1,1,Zapatillas,urbano,0,APPLY
64538,2,1,Zapatillas,urbano,0,APPLY
64541,1,1,Zapatillas,urbano,0,APPLY
64589,2,1,Zapatillas,urbano,0,APPLY
64629,3,1,Zapatillas,urbano,0,APPLY
64630,2,1,Zapatillas,urbano,0,APPLY
64819,1,1,Zapatillas,urbano,0,APPLY
64835,1,1,Zapatillas,urbano,0,APPLY
64897,1,1,Zapatillas,urbano,0,APPLY
64996,2,46,Zapatillas,urbano,0,APPLY
65086,1,1,Zapatillas,urbano,0,APPLY
65093-CHAR,1,1,Zapatillas,urbano,0,APPLY
65093-DKBR,2,1,Zapatillas,urbano,0,APPLY
65140,5,46,Zapatillas,urbano,0,APPLY
651647-580,1,1,Zapatillas,urbano,0,APPLY
65166,1,1,Zapatillas,urbano,0,APPLY
653821-106,1,1,Zapatillas,urbano,0,APPLY
653822-106,1,1,Zapatillas,urbano,0,APPLY
653822-108,1,1,Zapatillas,urbano,0,APPLY
65388BLK,1,46,Zapatillas,urbano,0,APPLY
65388BRN,1,46,Zapatillas,urbano,0,APPLY
654288-012,2,1,Zapatillas,urbano,0,APPLY
654729-070,1,1,Zapatillas,urbano,0,APPLY
65474BKGY,1,46,Zapatillas,urbano,0,APPLY
65474BURG,2,46,Zapatillas,urbano,0,APPLY
65501-WTN,3,1,Zapatillas,urbano,0,APPLY
65551-BLK,1,1,Zapatillas,urbano,0,APPLY
65551-BRN,2,1,Zapatillas,urbano,0,APPLY
65551-NVY,3,1,Zapatillas,urbano,0,APPLY
65551-SND,3,1,Zapatillas,urbano,0,APPLY
659-4002,3,1,Zapatillas,urbano,0,APPLY
659-6002,1,1,Zapatillas,urbano,0,APPLY
65957-CHOC,1,1,Zapatillas,urbano,0,APPLY
65957-GRY,1,1,Zapatillas,urbano,0,APPLY
660251REG,4,1,Zapatillas,urbano,0,APPLY
660252REG,5,1,Zapatillas,urbano,0,APPLY
660253REG,5,1,Zapatillas,urbano,0,APPLY
660256REG,4,1,Zapatillas,urbano,0,APPLY
660268REG,6,1,Zapatillas,urbano,0,APPLY
660273REG,4,1,Zapatillas,urbano,0,APPLY
660278REG,5,1,Zapatillas,urbano,0,APPLY
660291REG,2,1,Zapatillas,urbano,0,APPLY
660293REG,4,1,Zapatillas,urbano,0,APPLY
660295REG,2,1,Zapatillas,urbano,0,APPLY
660484,5,1,Zapatillas,"urbano,oficial",0,APPLY
664131L-MVE,2,1,Zapatillas,urbano,0,APPLY
664131L-NVPK,2,1,Zapatillas,urbano,0,APPLY
66454-OLV,2,1,Zapatillas,urbano,0,APPLY
66666178-OFWT,2,1,Zapatillas,urbano,0,APPLY
68016,2,1,Zapatillas,urbano,0,APPLY
68209,3,1,Zapatillas,urbano,0,APPLY
683705-007,1,1,Zapatillas,urbano,0,APPLY
683705-008,1,1,Zapatillas,urbano,0,APPLY
683705-009,1,1,Zapatillas,urbano,0,APPLY
683705-402,1,1,Zapatillas,urbano,0,APPLY
684531-006,1,1,Zapatillas,urbano,0,APPLY
684771-020,1,1,Zapatillas,urbano,0,APPLY
684771-021,1,1,Zapatillas,urbano,0,APPLY
684771-406,1,1,Zapatillas,urbano,0,APPLY
708626-HS7,2,1,Zapatillas,urbano,0,APPLY
716790-004,1,1,Zapatillas,urbano,0,APPLY
716790-007,1,1,Zapatillas,urbano,0,APPLY
724457-402,1,1,Zapatillas,urbano,0,APPLY
725109-040,2,1,Zapatillas,urbano,0,APPLY
725245-446,1,1,Zapatillas,urbano,0,APPLY
73536,1,1,Zapatillas,urbano,0,APPLY
73573,1,1,Zapatillas,urbano,0,APPLY
7364.102.21736.16072,2,1,Zapatillas,urbano,0,APPLY
7364.102.22644.17285,2,1,Zapatillas,urbano,0,APPLY
7364.102.22644.29865,2,1,Zapatillas,urbano,0,APPLY
73667-HTPK,5,1,Zapatillas,urbano,0,APPLY
73667-ORG,4,1,Zapatillas,urbano,0,APPLY
73667-PUR,2,1,Zapatillas,urbano,0,APPLY
73690-CRL,3,1,Zapatillas,urbano,0,APPLY
73690-LIL,3,1,Zapatillas,urbano,0,APPLY
73690-PLUM,3,1,Zapatillas,urbano,0,APPLY
73690-PNK,2,1,Zapatillas,urbano,0,APPLY
73690-RDS,2,1,Zapatillas,urbano,0,APPLY
73690-RED,2,1,Zapatillas,urbano,0,APPLY
73690-ROS,2,1,Zapatillas,urbano,0,APPLY
73690-TURQ,2,1,Zapatillas,urbano,0,APPLY
74245-MVE,3,1,Zapatillas,urbano,0,APPLY
74246-BLK,1,1,Zapatillas,urbano,0,APPLY
74248-OFWT,6,1,Zapatillas,urbano,0,APPLY
743186-080,1,1,Zapatillas,urbano,0,APPLY
747998-001,1,1,Zapatillas,urbano,0,APPLY
747998-004,1,1,Zapatillas,urbano,0,APPLY
749181-010,2,1,Zapatillas,urbano,0,APPLY
749432-402,1,1,Zapatillas,urbano,0,APPLY
749571-154,3,1,Zapatillas,urbano,0,APPLY
749680-004,1,1,Zapatillas,urbano,0,APPLY
749747-010,1,1,Zapatillas,urbano,0,APPLY
749747-111,2,1,Zapatillas,urbano,0,APPLY
749794-010,1,1,Zapatillas,urbano,0,APPLY
749810-002,1,1,Zapatillas,urbano,0,APPLY
749810-003,1,1,Zapatillas,urbano,0,APPLY
749821-005,2,1,Zapatillas,urbano,0,APPLY
749829-002,2,1,Zapatillas,urbano,0,APPLY
749837-007,1,1,Zapatillas,urbano,0,APPLY
749837-010,1,1,Zapatillas,urbano,0,APPLY
749867-010,1,1,Zapatillas,urbano,0,APPLY
749867-100,1,1,Zapatillas,urbano,0,APPLY
749869-001,1,1,Zapatillas,urbano,0,APPLY
749869-500,1,1,Zapatillas,urbano,0,APPLY
758-0003,4,1,Zapatillas,urbano,0,APPLY
765-0160,4,1,Zapatillas,urbano,0,APPLY
765-1301,4,1,Zapatillas,urbano,0,APPLY
76518,2,1,Zapatillas,urbano,0,APPLY
76565,2,1,Zapatillas,urbano,0,APPLY
80035L,1,1,Zapatillas,urbano,0,APPLY
801-1085,1,1,Zapatillas,urbano,0,APPLY
801-1088,2,1,Zapatillas,urbano,0,APPLY
801-1184,5,1,Zapatillas,urbano,0,APPLY
801-1270,4,1,Zapatillas,urbano,0,APPLY
801-1745,4,85,Zapatillas,urbano,0,APPLY
801-2524,4,1,Zapatillas,urbano,0,APPLY
801-4662,2,1,Zapatillas,urbano,0,APPLY
801-5085,1,1,Zapatillas,urbano,0,APPLY
801-5133,2,1,Zapatillas,urbano,0,APPLY
801-51330,4,1,Zapatillas,urbano,0,APPLY
801-6133,1,1,Zapatillas,urbano,0,APPLY
801-61330,3,1,Zapatillas,urbano,0,APPLY
801-6184,9,1,Zapatillas,urbano,0,APPLY
801-6745,3,85,Zapatillas,urbano,0,APPLY
801-6755,3,85,Zapatillas,urbano,0,APPLY
801-677,1,1,Zapatillas,urbano,0,APPLY
80136L,2,1,Zapatillas,urbano,0,APPLY
80344L,1,1,Zapatillas,urbano,0,APPLY
804-8677,1,46,Zapatillas,urbano,0,APPLY
80442L-WLVB,3,1,Zapatillas,urbano,0,APPLY
80443L-BKLP,5,1,Zapatillas,urbano,0,APPLY
80443L-PWMT,3,1,Zapatillas,urbano,0,APPLY
80443L-WPKB,4,1,Zapatillas,urbano,0,APPLY
80444L-BKLP,3,1,Zapatillas,urbano,0,APPLY
80522L-BBK,5,1,Zapatillas,urbano,0,APPLY
8052L-BBK,1,1,Zapatillas,urbano,0,APPLY
80569N,1,1,Zapatillas,urbano,0,APPLY
80579L-BLK,2,1,Zapatillas,urbano,0,APPLY
80579L-LTPK,3,1,Zapatillas,urbano,0,APPLY
80587L-BKW,6,1,Zapatillas,urbano,0,APPLY
80587L-LPKW,4,1,Zapatillas,urbano,0,APPLY
80588N-BKW,3,1,Zapatillas,urbano,0,APPLY
80588N-LPKW,2,1,Zapatillas,urbano,0,APPLY
805942-502,1,1,Zapatillas,urbano,0,APPLY
806255-001,1,1,Zapatillas,urbano,0,APPLY
806255-015,1,1,Zapatillas,urbano,0,APPLY
80643L-GYMN,3,1,Zapatillas,urbano,0,APPLY
806941-006,1,1,Zapatillas,urbano,0,APPLY
807187-100,1,1,Zapatillas,urbano,0,APPLY
807276-006,1,1,Zapatillas,urbano,0,APPLY
807316-001,1,1,Zapatillas,urbano,0,APPLY
807317-001,1,1,Zapatillas,urbano,0,APPLY
808-7192,1,1,Zapatillas,"urbano,trekking",0,APPLY
80868N,3,1,Zapatillas,urbano,0,APPLY
809-6028,2,1,Zapatillas,urbano,0,APPLY
809-6395,2,1,Zapatillas,urbano,0,APPLY
809-6531,1,1,Zapatillas,urbano,0,APPLY
81017LBKW,1,1,Zapatillas,urbano,0,APPLY
81017LTEAL,3,1,Zapatillas,urbano,0,APPLY
81072L,1,1,Zapatillas,urbano,0,APPLY
81075L,4,1,Zapatillas,urbano,0,APPLY
81127L,1,1,Zapatillas,urbano,0,APPLY
81130L,2,1,Zapatillas,urbano,0,APPLY
81131L,4,1,Zapatillas,urbano,0,APPLY
812654-009,2,1,Zapatillas,urbano,0,APPLY
812654-010,1,1,Zapatillas,urbano,0,APPLY
812654-011,1,1,Zapatillas,urbano,0,APPLY
812655-011,5,1,Zapatillas,urbano,0,APPLY
812655-400,1,1,Zapatillas,urbano,0,APPLY
812655-503,1,1,Zapatillas,urbano,0,APPLY
812655-601,1,1,Zapatillas,urbano,0,APPLY
812655-602,1,1,Zapatillas,urbano,0,APPLY
812655-603,2,1,Zapatillas,urbano,0,APPLY
812655-607,1,1,Zapatillas,urbano,0,APPLY
81287L,1,1,Zapatillas,urbano,0,APPLY
81289LGYHP,1,1,Zapatillas,urbano,0,APPLY
81290L,2,1,Zapatillas,urbano,0,APPLY
81301L-PUR,1,1,Zapatillas,urbano,0,APPLY
81303L-MNT,3,1,Zapatillas,urbano,0,APPLY
81303L-NVY,4,1,Zapatillas,urbano,0,APPLY
81324L-BKHP,2,1,Zapatillas,urbano,0,APPLY
81324L-NVLB,2,1,Zapatillas,urbano,0,APPLY
81358L,1,1,Zapatillas,urbano,0,APPLY
81358N,2,1,Zapatillas,urbano,0,APPLY
81365L-BKMT,3,1,Zapatillas,urbano,0,APPLY
81378N-NVPK,3,1,Zapatillas,urbano,0,APPLY
81378N-PKTQ,3,1,Zapatillas,urbano,0,APPLY
81385L-MLT,3,1,Zapatillas,urbano,0,APPLY
81392L-GYMT,1,1,Zapatillas,urbano,0,APPLY
81401L-BLMT,3,1,Zapatillas,urbano,0,APPLY
81444L-LBMT,2,1,Zapatillas,urbano,0,APPLY
81459L-NVPK,1,1,Zapatillas,urbano,0,APPLY
81459L-PRTQ,1,1,Zapatillas,urbano,0,APPLY
81477U-C44,2,1,Zapatillas,urbano,0,APPLY
81485L-CCHP,1,1,Zapatillas,urbano,0,APPLY
81487L,2,1,Zapatillas,urbano,0,APPLY
81488L,1,1,Zapatillas,urbano,0,APPLY
81488N,1,1,Zapatillas,urbano,0,APPLY
81490L,1,1,Zapatillas,urbano,0,APPLY
81497N,1,1,Zapatillas,urbano,0,APPLY
81514LBLMT,2,1,Zapatillas,urbano,0,APPLY
81514LNPMT,1,1,Zapatillas,urbano,0,APPLY
81515L,2,1,Zapatillas,urbano,0,APPLY
81516L-BKNP,4,1,Zapatillas,urbano,0,APPLY
81545-JC5,3,1,Zapatillas,urbano,0,APPLY
81548U-JC6,2,1,Zapatillas,urbano,0,APPLY
81555L,2,1,Zapatillas,urbano,0,APPLY
81560L,1,1,Zapatillas,urbano,0,APPLY
81561L-BKLV,1,1,Zapatillas,urbano,0,APPLY
81562L-LVMT,4,1;12,Zapatillas,urbano,0,APPLY
81562L-NPMT,2,1,Zapatillas,urbano,0,APPLY
81611L,1,1,Zapatillas,urbano,0,APPLY
81632L-BKHP,2,1,Zapatillas,urbano,0,APPLY
81632L-GYLP,2,1,Zapatillas,urbano,0,APPLY
81636L-BKHP,2,1,Zapatillas,urbano,0,APPLY
81636L-SLTP,3,1,Zapatillas,urbano,0,APPLY
81649L-BLVP,3,1,Zapatillas,urbano,0,APPLY
81650L,3,1,Zapatillas,urbano,0,APPLY
81657L,1,1,Zapatillas,urbano,0,APPLY
81661L,2,1,Zapatillas,urbano,0,APPLY
81664L,2,1,Zapatillas,urbano,0,APPLY
81670L,4,1,Zapatillas,urbano,0,APPLY
81673LLTPK,1,1,Zapatillas,urbano,0,APPLY
81674LBKLV,1,1,Zapatillas,urbano,0,APPLY
81702L,1,1,Zapatillas,urbano,0,APPLY
81709N,1,1,Zapatillas,urbano,0,APPLY
81737L-NVHP,3,1,Zapatillas,urbano,0,APPLY
81792L,1,1,Zapatillas,urbano,0,APPLY
81799L,1,1,Zapatillas,urbano,0,APPLY
81809L,2,1,Zapatillas,urbano,0,APPLY
81816L,2,1,Zapatillas,urbano,0,APPLY
81819L,2,1,Zapatillas,urbano,0,APPLY
81828L,1,1,Zapatillas,urbano,0,APPLY
818381-008,2,1,Zapatillas,urbano,0,APPLY
818381-011,1,1,Zapatillas,urbano,0,APPLY
818383-011,1,1,Zapatillas,urbano,0,APPLY
818384-061,2,1,Zapatillas,urbano,0,APPLY
818384-100,2,1,Zapatillas,urbano,0,APPLY
818384-402,2,1,Zapatillas,urbano,0,APPLY
818384-600,1,1,Zapatillas,urbano,0,APPLY
818384-602,1,1,Zapatillas,urbano,0,APPLY
818386-061,1,1,Zapatillas,urbano,0,APPLY
818386-100,1,1,Zapatillas,urbano,0,APPLY
818386-502,1,1,Zapatillas,urbano,0,APPLY
818386-602,1,1,Zapatillas,urbano,0,APPLY
81847N,2,1,Zapatillas,urbano,0,APPLY
81849L,2,1,Zapatillas,urbano,0,APPLY
81851N,1,1,Zapatillas,urbano,0,APPLY
81852N,1,1,Zapatillas,urbano,0,APPLY
81854N,2,1,Zapatillas,urbano,0,APPLY
81857L,1,1,Zapatillas,urbano,0,APPLY
81868U-EEW,2,1,Zapatillas,urbano,0,APPLY
81868U-LU8,2,1,Zapatillas,urbano,0,APPLY
81869N,1,1,Zapatillas,urbano,0,APPLY
81870N,1,1,Zapatillas,urbano,0,APPLY
81883L,1,1,Zapatillas,urbano,0,APPLY
81886L,2,1,Zapatillas,urbano,0,APPLY
81888L,3,1,Zapatillas,urbano,0,APPLY
81898L,2,1,Zapatillas,urbano,0,APPLY
81898N,2,1,Zapatillas,urbano,0,APPLY
81900U-C97,2,1,Zapatillas,urbano,0,APPLY
81900U-D62,2,1,Zapatillas,urbano,0,APPLY
81900U-DKD,2,1,Zapatillas,urbano,0,APPLY
81900U-LUA,2,1,Zapatillas,urbano,0,APPLY
819022-401,1,1,Zapatillas,urbano,0,APPLY
81906L,2,1,Zapatillas,urbano,0,APPLY
81908L,1,1,Zapatillas,urbano,0,APPLY
819154-102,1,1,Zapatillas,urbano,0,APPLY
819413-402,1,1,Zapatillas,urbano,0,APPLY
819413-408,1,1,Zapatillas,urbano,0,APPLY
819416-001,1,1,Zapatillas,urbano,0,APPLY
819417-403,1,1,Zapatillas,urbano,0,APPLY
819418-401,1,1,Zapatillas,urbano,0,APPLY
819418-403,1,1,Zapatillas,urbano,0,APPLY
819802-011,1,1,Zapatillas,urbano,0,APPLY
819802-402,1,1,Zapatillas,urbano,0,APPLY
819802-700,1,1,Zapatillas,urbano,0,APPLY
819893-400,1,1,Zapatillas,urbano,0,APPLY
82006L-BKMT,3,1,Zapatillas,urbano,0,APPLY
82008L-NVM,2,1,Zapatillas,urbano,0,APPLY
82008N,1,1,Zapatillas,urbano,0,APPLY
82020L-HPSL,4,1,Zapatillas,urbano,0,APPLY
82037L,1,1,Zapatillas,urbano,0,APPLY
82041U-MJE,2,1,Zapatillas,urbano,0,APPLY
82050L-BKMT,5,1,Zapatillas,urbano,0,APPLY
82067N,2,1,Zapatillas,urbano,0,APPLY
82080L-BKMT,3,1,Zapatillas,urbano,0,APPLY
82080L-SMLT,4,1,Zapatillas,urbano,0,APPLY
82080N-NPMT,3,1,Zapatillas,urbano,0,APPLY
821-7052,2,1,Zapatillas,urbano,0,APPLY
821-8045,2,1,Zapatillas,urbano,0,APPLY
821-80450,3,46,Zapatillas,urbano,0,APPLY
82139N-BKMT,2,1,Zapatillas,urbano,0,APPLY
82185N-HPBK,1,1,Zapatillas,urbano,0,APPLY
82194L,2,1,Zapatillas,urbano,0,APPLY
82276L-BMLT,1,46,Zapatillas,urbano,0,APPLY
83015L-BLHP,3,1,Zapatillas,urbano,0,APPLY
83017L-BKNP,2,1,Zapatillas,urbano,0,APPLY
83052L-BKHP,4,1,Zapatillas,urbano,0,APPLY
83072L-BBK,6,1,Zapatillas,"urbano,negro",0,APPLY
830751-007,1,1,Zapatillas,urbano,0,APPLY
830751-403,1,1,Zapatillas,urbano,0,APPLY
830751-800,1,1,Zapatillas,urbano,0,APPLY
831533-012,4,1;15,Zapatillas,urbano,0,APPLY
831533-403,3,1;15,Zapatillas,urbano,0,APPLY
831539-001,1,1,Zapatillas,urbano,0,APPLY
831539-003,1,1,Zapatillas,urbano,0,APPLY
831539-006,1,1,Zapatillas,urbano,0,APPLY
831572-100,1,1,Zapatillas,urbano,0,APPLY
831572-102,1,1,Zapatillas,urbano,0,APPLY
832219-003,1,1,Zapatillas,urbano,0,APPLY
832219-008,1,1,Zapatillas,urbano,0,APPLY
832219-012,2,1,Zapatillas,urbano,0,APPLY
832219-401,1,1,Zapatillas,urbano,0,APPLY
832219-404,1,1,Zapatillas,urbano,0,APPLY
832219-414,1,1,Zapatillas,urbano,0,APPLY
832646-001,1,1,Zapatillas,urbano,0,APPLY
832646-010,2,1,Zapatillas,urbano,0,APPLY
833260-010,1,1,Zapatillas,urbano,0,APPLY
833260-401,1,1,Zapatillas,urbano,0,APPLY
833535-105,1,1,Zapatillas,urbano,0,APPLY
833535-400,1,1,Zapatillas,urbano,0,APPLY
833536-105,1,1,Zapatillas,urbano,0,APPLY
833537-105,1,1,Zapatillas,urbano,0,APPLY
833662-010,1,1,Zapatillas,urbano,0,APPLY
833662-100,1,1,Zapatillas,urbano,0,APPLY
833670-004,2,1,Zapatillas,urbano,0,APPLY
833671-003,1,1,Zapatillas,urbano,0,APPLY
833671-400,2,1,Zapatillas,urbano,0,APPLY
833677-500,2,1,Zapatillas,urbano,0,APPLY
834275-006,1,1,Zapatillas,urbano,0,APPLY
838937-001,1,1,Zapatillas,urbano,0,APPLY
838937-111,1,1,Zapatillas,urbano,0,APPLY
838937-200,1,1,Zapatillas,urbano,0,APPLY
838937-401,1,1,Zapatillas,urbano,0,APPLY
838937-402,1,1,Zapatillas,urbano,0,APPLY
838938-010,1,1,Zapatillas,urbano,0,APPLY
838938-111,1,1,Zapatillas,urbano,0,APPLY
839977-008,1,1,Zapatillas,urbano,0,APPLY
839977-100,1,1,Zapatillas,urbano,0,APPLY
839985-001,1,1,Zapatillas,urbano,0,APPLY
839985-005,1,1,Zapatillas,urbano,0,APPLY
839985-105,1,1,Zapatillas,urbano,0,APPLY
839985-701,1,1,Zapatillas,urbano,0,APPLY
840300-010,1,1,Zapatillas,urbano,0,APPLY
840300-410,2,1,Zapatillas,urbano,0,APPLY
84308L,2,1,Zapatillas,urbano,0,APPLY
84352LWMLT,2,1,Zapatillas,urbano,0,APPLY
843883-005,1,1,Zapatillas,urbano,0,APPLY
843883-400,1,1,Zapatillas,urbano,0,APPLY
844349-010,3,1,Zapatillas,urbano,0,APPLY
844436-001,2,1,Zapatillas,urbano,0,APPLY
84455LWMLT,1,1,Zapatillas,urbano,0,APPLY
844591-006,1,1,Zapatillas,urbano,0,APPLY
844592-400,1,1,Zapatillas,urbano,0,APPLY
844729-006,1,1,Zapatillas,urbano,0,APPLY
844736-005,1,1,Zapatillas,urbano,0,APPLY
844803-002,1,1,Zapatillas,urbano,0,APPLY
844803-401,1,1,Zapatillas,urbano,0,APPLY
844803-600,1,1,Zapatillas,urbano,0,APPLY
844867-004,2,1,Zapatillas,urbano,0,APPLY
844868-008,1,1,Zapatillas,urbano,0,APPLY
844868-011,1,1,Zapatillas,urbano,0,APPLY
844884-006,1,1,Zapatillas,urbano,0,APPLY
844887-005,2,1,Zapatillas,urbano,0,APPLY
844901-600,1,1,Zapatillas,urbano,0,APPLY
844905-110,1,1,Zapatillas,urbano,0,APPLY
844906-010,1,1,Zapatillas,urbano,0,APPLY
844906-110,1,1,Zapatillas,urbano,0,APPLY
844908-403,2,1,Zapatillas,urbano,0,APPLY
844908-601,3,1,Zapatillas,urbano,0,APPLY
844991-501,1,1,Zapatillas,urbano,0,APPLY
844995-402,2,1,Zapatillas,urbano,0,APPLY
844997-400,1,1,Zapatillas,urbano,0,APPLY
845009-001,1,1,Zapatillas,urbano,0,APPLY
845021-005,1,1,Zapatillas,urbano,0,APPLY
845021-100,1,1,Zapatillas,urbano,0,APPLY
845021-160,1,1,Zapatillas,urbano,0,APPLY
845021-180,1,1,Zapatillas,urbano,0,APPLY
845048-100,1,1,Zapatillas,urbano,0,APPLY
845048-105,2,1,Zapatillas,urbano,0,APPLY
845103-002,1,1,Zapatillas,urbano,0,APPLY
845104-100,1,1,Zapatillas,urbano,0,APPLY
84595L-RSGD,3,1,Zapatillas,urbano,0,APPLY
850-2006,1,1,Zapatillas,urbano,0,APPLY
850-2243,1,1,Zapatillas,urbano,0,APPLY
850-6041,1,1,Zapatillas,urbano,0,APPLY
850-6292,1,1,Zapatillas,urbano,0,APPLY
851-1304,1,1,Zapatillas,urbano,0,APPLY
851-1529,1,1,Zapatillas,urbano,0,APPLY
851-2341,1,1,Zapatillas,urbano,0,APPLY
851-4109,1,1,Zapatillas,urbano,0,APPLY
851-4142,1,1,Zapatillas,urbano,0,APPLY
851-6304,1,1,Zapatillas,urbano,0,APPLY
851-6539,1,1,Zapatillas,urbano,0,APPLY
851-9341,1,1,Zapatillas,urbano,0,APPLY
852431-002,1,1,Zapatillas,urbano,0,APPLY
852431-004,1,1,Zapatillas,urbano,0,APPLY
852431-007,1,1,Zapatillas,urbano,0,APPLY
852431-009,1,1,Zapatillas,urbano,0,APPLY
852431-401,1,1,Zapatillas,urbano,0,APPLY
852435-401,1,1,Zapatillas,urbano,0,APPLY
852437-002,2,1,Zapatillas,urbano,0,APPLY
852437-009,1,1,Zapatillas,urbano,0,APPLY
852438-005,1,1,Zapatillas,urbano,0,APPLY
852442-005,1,1,Zapatillas,urbano,0,APPLY
852442-006,1,1,Zapatillas,urbano,0,APPLY
852448-003,1,1,Zapatillas,urbano,0,APPLY
852456-061,1,1,Zapatillas,urbano,0,APPLY
852456-404,2,1,Zapatillas,urbano,0,APPLY
852459-002,1,1,Zapatillas,urbano,0,APPLY
852459-004,1,1,Zapatillas,urbano,0,APPLY
852459-005,1,1,Zapatillas,urbano,0,APPLY
852459-010,1,1,Zapatillas,urbano,0,APPLY
852459-402,1,1,Zapatillas,urbano,0,APPLY
852459-403,1,1,Zapatillas,urbano,0,APPLY
852461-005,1,1,Zapatillas,urbano,0,APPLY
852461-012,1,1,Zapatillas,urbano,0,APPLY
852461-405,1,1,Zapatillas,urbano,0,APPLY
852461-406,1,1,Zapatillas,urbano,0,APPLY
852462-001,1,1,Zapatillas,urbano,0,APPLY
852462-002,1,1,Zapatillas,urbano,0,APPLY
852462-005,1,1,Zapatillas,urbano,0,APPLY
852462-009,1,1,Zapatillas,urbano,0,APPLY
852462-400,1,1,Zapatillas,urbano,0,APPLY
852465-009,1,1,Zapatillas,urbano,0,APPLY
852465-404,1,1,Zapatillas,urbano,0,APPLY
852466-006,1,1,Zapatillas,urbano,0,APPLY
852466-013,1,1,Zapatillas,urbano,0,APPLY
852466-401,1,1,Zapatillas,urbano,0,APPLY
852467-006,2,1,Zapatillas,urbano,0,APPLY
852469-001,1,1,Zapatillas,urbano,0,APPLY
852469-004,1,1,Zapatillas,urbano,0,APPLY
852469-101,1,1,Zapatillas,urbano,0,APPLY
852472-001,1,1,Zapatillas,urbano,0,APPLY
852694-006,1,1,Zapatillas,urbano,0,APPLY
852694-014,1,1,Zapatillas,urbano,0,APPLY
852694-046,1,1,Zapatillas,urbano,0,APPLY
852694-401,1,1,Zapatillas,urbano,0,APPLY
854-6373,1,46,Zapatillas,urbano,0,APPLY
854-6853,1,46,Zapatillas,urbano,0,APPLY
855-6400,1,46,Zapatillas,urbano,0,APPLY
856-6027,1,1,Zapatillas,urbano,0,APPLY
856-6039,4,1,Zapatillas,urbano,0,APPLY
85681L-GYHP,4,1,Zapatillas,urbano,0,APPLY
85681L-PKMT,5,1,Zapatillas,urbano,0,APPLY
85687L-LTPK,2,1,Zapatillas,urbano,0,APPLY
859-21210,1,46,Zapatillas,urbano,0,APPLY
859-8171,1,1,Zapatillas,urbano,0,APPLY
859575-400,1,1,Zapatillas,urbano,0,APPLY
861-83950,1,46,Zapatillas,urbano,0,APPLY
86131U-0OJ,3,1,Zapatillas,urbano,0,APPLY
86131U-JCB,3,1,Zapatillas,urbano,0,APPLY
86218L,3,1,Zapatillas,urbano,0,APPLY
86656N,2,1,Zapatillas,urbano,0,APPLY
86671L,1,1,Zapatillas,urbano,0,APPLY
86705L,1,1,Zapatillas,urbano,0,APPLY
869954-001,1,1,Zapatillas,urbano,0,APPLY
869957-001,1,1,Zapatillas,urbano,0,APPLY
869969-403,1,1,Zapatillas,urbano,0,APPLY
870025-001,1,1,Zapatillas,urbano,0,APPLY
870025-005,1,1,Zapatillas,urbano,0,APPLY
870025-006,1,1,Zapatillas,urbano,0,APPLY
870025-105,1,1,Zapatillas,urbano,0,APPLY
870028-100,1,1,Zapatillas,urbano,0,APPLY
870028-104,1,1,Zapatillas,urbano,0,APPLY
870029-005,1,1,Zapatillas,urbano,0,APPLY
870029-006,1,1,Zapatillas,urbano,0,APPLY
870029-100,1,1,Zapatillas,urbano,0,APPLY
870029-105,1,1,Zapatillas,urbano,0,APPLY
870030-100,1,1,Zapatillas,urbano,0,APPLY
870030-104,1,1,Zapatillas,urbano,0,APPLY
880268-010,1,1,Zapatillas,urbano,0,APPLY
880268-400,2,1,Zapatillas,urbano,0,APPLY
881-0060,3,1,Zapatillas,urbano,0,APPLY
881-0179,4,1,Zapatillas,urbano,0,APPLY
881-0220,5,1,Zapatillas,urbano,0,APPLY
881-0900,5,1,Zapatillas,urbano,0,APPLY
881-0994,5,1,Zapatillas,urbano,0,APPLY
881-1035,1,1,Zapatillas,urbano,0,APPLY
881-1079,1,1,Zapatillas,urbano,0,APPLY
881-1111,6,1,Zapatillas,urbano,0,APPLY
881-1154,3,1,Zapatillas,urbano,0,APPLY
881-1213,1,1,Zapatillas,urbano,0,APPLY
881-1424,2,1,Zapatillas,urbano,0,APPLY
881-1441,4,85,Zapatillas,urbano,0,APPLY
881-1516,5,1,Zapatillas,urbano,0,APPLY
881-1600,3,1,Zapatillas,urbano,0,APPLY
881-1615,1,1,Zapatillas,urbano,0,APPLY
881-16860,3,1,Zapatillas,urbano,0,APPLY
881-2040,5,1,Zapatillas,urbano,0,APPLY
881-2044,1,1,Zapatillas,urbano,0,APPLY
881-2124,1,1,Zapatillas,urbano,0,APPLY
881-2136,1,1,Zapatillas,urbano,0,APPLY
881-2143,1,1,Zapatillas,urbano,0,APPLY
881-2144,1,1,Zapatillas,urbano,0,APPLY
881-2163,1,1,Zapatillas,urbano,0,APPLY
881-2232,1,1,Zapatillas,urbano,0,APPLY
881-2308,1,1,Zapatillas,urbano,0,APPLY
881-2530,1,1,Zapatillas,urbano,0,APPLY
881-2551,4,1,Zapatillas,urbano,0,APPLY
881-2662,2,1,Zapatillas,urbano,0,APPLY
881-2739,3,1,Zapatillas,urbano,0,APPLY
881-2849,2,1,Zapatillas,urbano,0,APPLY
881-2863,2,1,Zapatillas,urbano,0,APPLY
881-2881,2,1,Zapatillas,urbano,0,APPLY
881-3194,3,1,Zapatillas,urbano,0,APPLY
881-3692,3,1,Zapatillas,urbano,0,APPLY
881-4040,3,1,Zapatillas,urbano,0,APPLY
881-4163,1,1,Zapatillas,urbano,0,APPLY
881-4369,3,1,Zapatillas,urbano,0,APPLY
881-6031,5,1,Zapatillas,urbano,0,APPLY
881-6035,1,1,Zapatillas,urbano,0,APPLY
881-6083,1,1,Zapatillas,urbano,0,APPLY
881-6106,1,1,Zapatillas,urbano,0,APPLY
881-6131,1,1,Zapatillas,urbano,0,APPLY
881-6163,1,1,Zapatillas,urbano,0,APPLY
881-6177,2,1,Zapatillas,urbano,0,APPLY
881-6194,3,1,Zapatillas,urbano,0,APPLY
881-6197,1,1,Zapatillas,urbano,0,APPLY
881-6213,1,1,Zapatillas,urbano,0,APPLY
881-6222,4,1,Zapatillas,urbano,0,APPLY
881-6226,1,1,Zapatillas,urbano,0,APPLY
881-63460,1,1,Zapatillas,urbano,0,APPLY
881-64000,4,1,Zapatillas,urbano,0,APPLY
881-6423,2,1,Zapatillas,urbano,0,APPLY
881-6551,4,1,Zapatillas,urbano,0,APPLY
881-6555,5,1,Zapatillas,urbano,0,APPLY
881-6581,3,1,Zapatillas,urbano,0,APPLY
881-65890,6,1,Zapatillas,urbano,0,APPLY
881-6600,3,1,Zapatillas,urbano,0,APPLY
881-6615,2,1,Zapatillas,urbano,0,APPLY
881-6669,4,1,Zapatillas,urbano,0,APPLY
881-6739,4,1,Zapatillas,urbano,0,APPLY
881-6763,2,1,Zapatillas,urbano,0,APPLY
881-6767,4,1,Zapatillas,urbano,0,APPLY
881-6787,4,1,Zapatillas,urbano,0,APPLY
881-6797,1,1,Zapatillas,urbano,0,APPLY
881-6817,5,1,Zapatillas,urbano,0,APPLY
881-68630,3,1,Zapatillas,urbano,0,APPLY
881-6935,3,1,Zapatillas,urbano,0,APPLY
881-6994,4,1,Zapatillas,urbano,0,APPLY
881-7276,2,1,Zapatillas,urbano,0,APPLY
881-7445,2,1,Zapatillas,urbano,0,APPLY
881-9031,5,1,Zapatillas,urbano,0,APPLY
881-9144,1,1,Zapatillas,urbano,0,APPLY
881-9220,3,1,Zapatillas,urbano,0,APPLY
881-9226,1,1,Zapatillas,urbano,0,APPLY
881-9308,1,1,Zapatillas,urbano,0,APPLY
881-9336,2,1,Zapatillas,urbano,0,APPLY
881-9538,3,1,Zapatillas,urbano,0,APPLY
881-9571,3,1,Zapatillas,urbano,0,APPLY
881-96210,4,1,Zapatillas,urbano,0,APPLY
881-9739,4,1,Zapatillas,urbano,0,APPLY
881-9787,2,1,Zapatillas,urbano,0,APPLY
881-97870,2,1,Zapatillas,urbano,0,APPLY
881-98630,4,1,Zapatillas,urbano,0,APPLY
881802-012,1,1,Zapatillas,urbano,0,APPLY
881802-013,1,1,Zapatillas,urbano,0,APPLY
881802-401,1,1,Zapatillas,urbano,0,APPLY
881802-403,1,1,Zapatillas,urbano,0,APPLY
881805-003,1,1,Zapatillas,urbano,0,APPLY
881805-007,1,1,Zapatillas,urbano,0,APPLY
881863-001,1,1,Zapatillas,urbano,0,APPLY
881863-005,4,1,Zapatillas,urbano,0,APPLY
881863-008,2,1,Zapatillas,urbano,0,APPLY
881863-011,1,1,Zapatillas,urbano,0,APPLY
881863-601,1,1,Zapatillas,urbano,0,APPLY
881941-001,1,1,Zapatillas,urbano,0,APPLY
881941-002,1,1,Zapatillas,urbano,0,APPLY
881941-009,1,1,Zapatillas,urbano,0,APPLY
881941-100,1,1,Zapatillas,urbano,0,APPLY
881941-405,1,1,Zapatillas,urbano,0,APPLY
881942-001,1,1,Zapatillas,urbano,0,APPLY
881942-009,1,1,Zapatillas,urbano,0,APPLY
881942-100,1,1,Zapatillas,urbano,0,APPLY
881942-405,1,1,Zapatillas,urbano,0,APPLY
881943-001,1,1,Zapatillas,urbano,0,APPLY
881943-405,1,1,Zapatillas,urbano,0,APPLY
882-6007,1,1,Zapatillas,urbano,0,APPLY
882-9007,1,1,Zapatillas,urbano,0,APPLY
882259-003,1,1,Zapatillas,urbano,0,APPLY
882267-001,1,1,Zapatillas,urbano,0,APPLY
882267-005,1,1,Zapatillas,urbano,0,APPLY
882690-401,1,1,Zapatillas,urbano,0,APPLY
882699-002,1,1,Zapatillas,urbano,0,APPLY
883-9018,3,1,Zapatillas,urbano,0,APPLY
884-1057,2,1,Zapatillas,urbano,0,APPLY
884-4026,2,46,Zapatillas,urbano,0,APPLY
884-5636,3,1,Zapatillas,urbano,0,APPLY
884-6053,2,1,Zapatillas,urbano,0,APPLY
884-9636,5,1,Zapatillas,urbano,0,APPLY
886-6007,3,1,Zapatillas,urbano,0,APPLY
886-6017,3,1,Zapatillas,urbano,0,APPLY
886-6655,3,1,Zapatillas,urbano,0,APPLY
88888117-BBK,2,1,Zapatillas,"urbano,negro",0,APPLY
88888210-BKTN,4,1,Zapatillas,urbano,0,APPLY
88888210-TAN,3,1,Zapatillas,urbano,0,APPLY
889-0116,1,1,Zapatillas,urbano,0,APPLY
889-1892,1,1,Zapatillas,urbano,0,APPLY
889-18920,4,1,Zapatillas,urbano,0,APPLY
889-2094,1,1,Zapatillas,urbano,0,APPLY
889-2116,1,1,Zapatillas,urbano,0,APPLY
889-2211,1,1,Zapatillas,urbano,0,APPLY
889-2214,2,1,Zapatillas,urbano,0,APPLY
889-2407,2,1,Zapatillas,urbano,0,APPLY
889-2413,2,1,Zapatillas,urbano,0,APPLY
889-6116,2,1,Zapatillas,urbano,0,APPLY
889-6250,1,1,Zapatillas,urbano,0,APPLY
889-6364,6,1,Zapatillas,urbano,0,APPLY
889-63730,1,46,Zapatillas,urbano,0,APPLY
889-6416,2,1,Zapatillas,urbano,0,APPLY
889-64350,4,1,Zapatillas,urbano,0,APPLY
889-6462,1,1,Zapatillas,urbano,0,APPLY
889-6580,3,1,Zapatillas,urbano,0,APPLY
889-6708,2,1,Zapatillas,urbano,0,APPLY
889-6891,3,1,Zapatillas,urbano,0,APPLY
889-6892,3,1,Zapatillas,urbano,0,APPLY
889-9069,1,1,Zapatillas,urbano,0,APPLY
889-9211,3,1,Zapatillas,urbano,0,APPLY
889-9580,5,1,Zapatillas,urbano,0,APPLY
889-9708,2,1,Zapatillas,urbano,0,APPLY
891284-100,7,1,Zapatillas,urbano,0,APPLY
898455-400,1,1,Zapatillas,urbano,0,APPLY
898455-601,1,1,Zapatillas,urbano,0,APPLY
898457-001,2,1,Zapatillas,urbano,0,APPLY
898457-015,1,1,Zapatillas,urbano,0,APPLY
898457-406,1,1,Zapatillas,urbano,0,APPLY
898464-007,1,1,Zapatillas,urbano,0,APPLY
898464-010,1,1,Zapatillas,urbano,0,APPLY
898464-012,2,1,Zapatillas,urbano,0,APPLY
898464-402,1,1,Zapatillas,urbano,0,APPLY
898466-001,1,1,Zapatillas,urbano,0,APPLY
898466-400,1,1,Zapatillas,urbano,0,APPLY
898466-600,1,1,Zapatillas,urbano,0,APPLY
898476-401,1,1,Zapatillas,urbano,0,APPLY
898481-300,1,1,Zapatillas,urbano,0,APPLY
898485-008,1,1,Zapatillas,urbano,0,APPLY
902815-002,1,1,Zapatillas,urbano,0,APPLY
90386N,1,1,Zapatillas,urbano,0,APPLY
904239-401,1,1,Zapatillas,urbano,0,APPLY
904764-001,6,1,Zapatillas,urbano,0,APPLY
904767-005,3,1,Zapatillas,urbano,0,APPLY
90511L-BKYL,1,1,Zapatillas,urbano,0,APPLY
90511N-BKYL,5,1,Zapatillas,urbano,0,APPLY
90542L-BBLM,1,1,Zapatillas,urbano,0,APPLY
90542L-BKCC,2,1,Zapatillas,urbano,0,APPLY
90542N-BBLM,1,1,Zapatillas,urbano,0,APPLY
90542N-BKCC,2,1,Zapatillas,urbano,0,APPLY
90550N,2,1,Zapatillas,urbano,0,APPLY
90553LBBLM,1,1,Zapatillas,urbano,0,APPLY
90553N-BBLM,4,1,Zapatillas,urbano,0,APPLY
90553NBBLM,4,1,Zapatillas,urbano,0,APPLY
90553NBKRB,5,1,Zapatillas,urbano,0,APPLY
90563N-BBLM,2,1,Zapatillas,urbano,0,APPLY
90585L-CCRD,1,1,Zapatillas,urbano,0,APPLY
90585N-BLLM,5,1,Zapatillas,urbano,0,APPLY
90585N-CCRD,4,1,Zapatillas,urbano,0,APPLY
90595L-NVLM,1,1,Zapatillas,urbano,0,APPLY
90613L BKRD,1,1,Zapatillas,urbano,0,APPLY
90622L-BLK,3,1,Zapatillas,urbano,0,APPLY
90622L-WHT,3,1,Zapatillas,urbano,0,APPLY
907-WHT,2,1,Zapatillas,urbano,0,APPLY
90710L BKLM,1,1,Zapatillas,urbano,0,APPLY
90710L BKOR,1,1,Zapatillas,urbano,0,APPLY
90715L-BKRB,1,1,Zapatillas,urbano,0,APPLY
907254-005,2,1,Zapatillas,urbano,0,APPLY
907254-400,1,1,Zapatillas,urbano,0,APPLY
907255-408,1,1,Zapatillas,urbano,0,APPLY
907257-001,1,1,Zapatillas,urbano,0,APPLY
907257-004,1,1,Zapatillas,urbano,0,APPLY
90740L-BBK,5,1,Zapatillas,"urbano,negro",0,APPLY
90740N,1,1,Zapatillas,urbano,0,APPLY
90740N-BKRD,2,1,Zapatillas,urbano,0,APPLY
908944-010,1,1,Zapatillas,urbano,0,APPLY
908981-001,1,1,Zapatillas,urbano,0,APPLY
908981-200,1,1,Zapatillas,urbano,0,APPLY
908983-002,1,1,Zapatillas,urbano,0,APPLY
908984-001,2,1,Zapatillas,urbano,0,APPLY
908984-400,1,1,Zapatillas,urbano,0,APPLY
908984-404,1,1,Zapatillas,urbano,0,APPLY
908985-001,1,1,Zapatillas,urbano,0,APPLY
908985-006,1,1,Zapatillas,urbano,0,APPLY
908986-004,2,1,Zapatillas,urbano,0,APPLY
908986-300,3,1,Zapatillas,urbano,0,APPLY
908987-005,1,1,Zapatillas,urbano,0,APPLY
908987-006,1,1,Zapatillas,urbano,0,APPLY
908988-001,1,1,Zapatillas,urbano,0,APPLY
908988-002,1,1,Zapatillas,urbano,0,APPLY
908988-010,1,1,Zapatillas,urbano,0,APPLY
908988-011,1,1,Zapatillas,urbano,0,APPLY
908988-013,1,1,Zapatillas,urbano,0,APPLY
908988-014,1,1,Zapatillas,urbano,0,APPLY
908989-001,1,1,Zapatillas,urbano,0,APPLY
908989-004,1,1,Zapatillas,urbano,0,APPLY
908990-005,1,1,Zapatillas,urbano,0,APPLY
908993-011,1,1,Zapatillas,urbano,0,APPLY
908996-001,1,1,Zapatillas,urbano,0,APPLY
908996-012,1,1,Zapatillas,urbano,0,APPLY
908997-001,1,1,Zapatillas,urbano,0,APPLY
908997-006,1,1,Zapatillas,urbano,0,APPLY
908998-003,1,1,Zapatillas,urbano,0,APPLY
908998-300,3,1,Zapatillas,urbano,0,APPLY
908999-001,1,1,Zapatillas,urbano,0,APPLY
908999-406,1,1,Zapatillas,urbano,0,APPLY
909007-003,1,1,Zapatillas,urbano,0,APPLY
909007-006,1,1,Zapatillas,urbano,0,APPLY
91617L,1,46,Zapatillas,urbano,0,APPLY
916768-004,1,1,Zapatillas,urbano,0,APPLY
916768-400,1,1,Zapatillas,urbano,0,APPLY
916774-004,1,1,Zapatillas,urbano,0,APPLY
916774-011,1,1,Zapatillas,urbano,0,APPLY
916774-301,1,1,Zapatillas,urbano,0,APPLY
916774-700,1,1,Zapatillas,urbano,0,APPLY
916781-001,1,1,Zapatillas,urbano,0,APPLY
916781-002,1,1,Zapatillas,urbano,0,APPLY
916787-003,1,1,Zapatillas,urbano,0,APPLY
916789-001,1,1,Zapatillas,urbano,0,APPLY
916797-001,1,1,Zapatillas,urbano,0,APPLY
916797-600,2,1,Zapatillas,urbano,0,APPLY
917652-001,1,1,Zapatillas,urbano,0,APPLY
917653-001,1,1,Zapatillas,urbano,0,APPLY
917654-600,1,1,Zapatillas,urbano,0,APPLY
917932-005,1,1,Zapatillas,urbano,0,APPLY
917932-007,1,1,Zapatillas,urbano,0,APPLY
917934-007,1,1,Zapatillas,urbano,0,APPLY
917938-001,2,1,Zapatillas,urbano,0,APPLY
917939-001,1,1,Zapatillas,urbano,0,APPLY
918194-010,1,1,Zapatillas,urbano,0,APPLY
918194-148,1,1,Zapatillas,urbano,0,APPLY
918201-101,2,1,Zapatillas,urbano,0,APPLY
91822L,3,1,Zapatillas,urbano,0,APPLY
91823L,1,1,Zapatillas,urbano,0,APPLY
921443-005,1,1,Zapatillas,urbano,0,APPLY
921443-408,1,1,Zapatillas,urbano,0,APPLY
921497-407,1,1,Zapatillas,urbano,0,APPLY
921506-407,2,1,Zapatillas,urbano,0,APPLY
921668-002,2,1,Zapatillas,urbano,0,APPLY
921668-003,2,1,Zapatillas,urbano,0,APPLY
921668-600,2,1,Zapatillas,urbano,0,APPLY
921669-001,1,1,Zapatillas,urbano,0,APPLY
921669-002,1,1,Zapatillas,urbano,0,APPLY
921669-400,2,1,Zapatillas,urbano,0,APPLY
921692-001,1,1,Zapatillas,urbano,0,APPLY
921694-066,1,1,Zapatillas,urbano,0,APPLY
92187N,1,1,Zapatillas,urbano,0,APPLY
921948-600,2,1,Zapatillas,urbano,0,APPLY
922680-003,1,1,Zapatillas,urbano,0,APPLY
922680-004,1,1,Zapatillas,urbano,0,APPLY
922680-007,1,1,Zapatillas,urbano,0,APPLY
922680-100,1,1,Zapatillas,urbano,0,APPLY
922680-400,1,1,Zapatillas,urbano,0,APPLY
922680-403,1,1,Zapatillas,urbano,0,APPLY
922853-403,1,1,Zapatillas,urbano,0,APPLY
922854-002,1,1,Zapatillas,urbano,0,APPLY
922854-403,1,1,Zapatillas,urbano,0,APPLY
922859-602,1,1,Zapatillas,urbano,0,APPLY
924206-001,1,1,Zapatillas,urbano,0,APPLY
924338-001,1,1,Zapatillas,urbano,0,APPLY
924338-010,1,1,Zapatillas,urbano,0,APPLY
924344-001,1,1,Zapatillas,urbano,0,APPLY
93005,1,1,Zapatillas,urbano,0,APPLY
93011,1,1,Zapatillas,urbano,0,APPLY
93012,1,1,Zapatillas,urbano,0,APPLY
93163L,1,1,Zapatillas,urbano,0,APPLY
93716L,2,1,Zapatillas,urbano,0,APPLY
93780N,2,1,Zapatillas,urbano,0,APPLY
93782N,2,1,Zapatillas,urbano,0,APPLY
93783N,2,1,Zapatillas,urbano,0,APPLY
9417,2,46,Zapatillas,"urbano,vestir",0,APPLY
9422,13,1,Zapatillas,"urbano,vestir",0,APPLY
942237-010,1,1,Zapatillas,urbano,0,APPLY
942237-011,1,1,Zapatillas,urbano,0,APPLY
9430,4,46,Zapatillas,urbano,0,APPLY
943304-004,2,1,Zapatillas,urbano,0,APPLY
943304-006,1,1,Zapatillas,urbano,0,APPLY
943305-004,3,1,Zapatillas,urbano,0,APPLY
943305-005,1,1,Zapatillas,urbano,0,APPLY
943308-004,2,1,Zapatillas,urbano,0,APPLY
943308-603,1,1,Zapatillas,urbano,0,APPLY
943309-004,1,1,Zapatillas,urbano,0,APPLY
9435,4,46,Zapatillas,urbano,0,APPLY
9436,2,46,Zapatillas,urbano,0,APPLY
9440,1,1,Zapatillas,urbano,0,APPLY
9442,1,1,Zapatillas,urbano,0,APPLY
9443,2,1,Zapatillas,urbano,0,APPLY
95024N-BKCC,2,1,Zapatillas,urbano,0,APPLY
95032N-GYBK,1,1,Zapatillas,urbano,0,APPLY
95071N,2,1,Zapatillas,urbano,0,APPLY
95083N,1,1,Zapatillas,urbano,0,APPLY
95084N,1,1,Zapatillas,urbano,0,APPLY
95092N,1,1,Zapatillas,urbano,0,APPLY
95097N,2,1,Zapatillas,urbano,0,APPLY
95423N,1,1,Zapatillas,urbano,0,APPLY
95479N,1,1,Zapatillas,urbano,0,APPLY
95523N,2,1,Zapatillas,urbano,0,APPLY
9559,1,1,Zapatillas,urbano,0,APPLY
9562,2,46,Zapatillas,"urbano,oficial",0,APPLY
95684L,1,1,Zapatillas,urbano,0,APPLY
95751N,1,1,Zapatillas,urbano,0,APPLY
959,2,1,Zapatillas,urbano,0,APPLY
9602,7,1,Zapatillas,urbano,0,APPLY
97000N,3,1,Zapatillas,urbano,0,APPLY
97303L,1,1,Zapatillas,urbano,0,APPLY
9732,2,1,Zapatillas,urbano,0,APPLY
97373L,1,1,Zapatillas,urbano,0,APPLY
97375L,2,1,Zapatillas,urbano,0,APPLY
97453L,1,1,Zapatillas,urbano,0,APPLY
97680L-BKRY,1,1,Zapatillas,urbano,0,APPLY
97744L-BKRB,4,1,Zapatillas,urbano,0,APPLY
97744L-NVLM,4,1,Zapatillas,urbano,0,APPLY
97858L-BCBL,4,1,Zapatillas,urbano,0,APPLY
97860L,4,1,Zapatillas,urbano,0,APPLY
97860L-BBLM,1,1,Zapatillas,urbano,0,APPLY
97860L-BLK,2,1,Zapatillas,urbano,0,APPLY
97860L-NVRD,1,1,Zapatillas,urbano,0,APPLY
97861L,4,1,Zapatillas,urbano,0,APPLY
97861L-BLK,5,1,Zapatillas,urbano,0,APPLY
97861L-CCLM,1,1,Zapatillas,urbano,0,APPLY
97861L-SLT,1,1,Zapatillas,urbano,0,APPLY
98150L-BKW,4,1,Zapatillas,"urbano,oficial",0,APPLY
982 LTPK,1,1,Zapatillas,urbano,0,APPLY
98201L-BKGY,6,1,Zapatillas,urbano,0,APPLY
98201L-WGRY,4,1,Zapatillas,urbano,0,APPLY
9825,2,1,Zapatillas,urbano,0,APPLY
9829,1,1,Zapatillas,urbano,0,APPLY
9830,2,1,Zapatillas,urbano,0,APPLY
98302L-NVBK,1,1,Zapatillas,urbano,0,APPLY
98303L-BKCC,2,1,Zapatillas,urbano,0,APPLY
98303L-NVBK,2,1,Zapatillas,urbano,0,APPLY
9835,4,1,Zapatillas,urbano,0,APPLY
986472L,1,1,Zapatillas,urbano,0,APPLY
996218L-BMLT,2,1,Zapatillas,urbano,0,APPLY
996224L,1,1,Zapatillas,urbano,0,APPLY
996258L,2,1,Zapatillas,urbano,0,APPLY
996276L,1,1,Zapatillas,urbano,0,APPLY
996452L-BBK,2,1,Zapatillas,"urbano,negro",0,APPLY
996472-PKMT,2,1,Zapatillas,urbano,0,APPLY
996472L,3,1,Zapatillas,urbano,0,APPLY
996472L-NVMT,5,1,Zapatillas,urbano,0,APPLY
996472L-PKMT,3,1,Zapatillas,urbano,0,APPLY
996479L-WMLT,6,1,Zapatillas,urbano,0,APPLY
998023L,1,1,Zapatillas,urbano,0,APPLY
998061L,4,1,Zapatillas,"urbano,oficial",0,APPLY
998061L-BMLT,3,1,Zapatillas,"urbano,oficial",0,APPLY
998091N,2,1,Zapatillas,urbano,0,APPLY
998212L-BBK,3,1,Zapatillas,urbano,0,APPLY
998212L-WNV,5,1,Zapatillas,urbano,0,APPLY
999087-BBK,2,1,Zapatillas,urbano,0,APPLY
999610-BBK,3,46,Zapatillas,urbano,0,APPLY
999613,2,1,Zapatillas,urbano,0,APPLY
999693,4,1;46,Zapatillas,"urbano,oficial",0,APPLY
999693-BBK,3,46,Zapatillas,"urbano,negro",0,APPLY
999700,1,46,Zapatillas,"urbano,oficial",0,APPLY
999700-BBK,2,46,Zapatillas,"urbano,negro",0,APPLY
999702,2,46,Zapatillas,urbano,0,APPLY
999843L,1,1,Zapatillas,urbano,0,APPLY
9999022,1,1,Zapatillas,urbano,0,APPLY
99999334,2,46,Zapatillas,urbano,0,APPLY
99999425-BBK,3,1,Zapatillas,"urbano,negro",0,APPLY
99999624,2,1,Zapatillas,urbano,0,APPLY
99999688,1,1,Zapatillas,urbano,0,APPLY
99999789-BMLT,2,1,Zapatillas,urbano,0,APPLY
999999789,2,46,Zapatillas,urbano,0,APPLY
A01912-001,2,1,Zapatillas,urbano,0,APPLY
A03273-060,1,1,Zapatillas,urbano,0,APPLY
A03273-410,1,1,Zapatillas,urbano,0,APPLY
A04485-002,1,1,Zapatillas,urbano,0,APPLY
A04485-300,1,1,Zapatillas,urbano,0,APPLY
A04485-400,1,1,Zapatillas,urbano,0,APPLY
A04486-003,1,1,Zapatillas,urbano,0,APPLY
A062-3B,2,1,Zapatillas,urbano,0,APPLY
A08231-1,3,1,Zapatillas,urbano,0,APPLY
A53,8,1;2,Zapatillas,urbano,0,APPLY
A908-P-6,2,1,Zapatillas,urbano,0,APPLY
A908-W-6,4,1,Zapatillas,urbano,0,APPLY
AA0544-001,1,1,Zapatillas,urbano,0,APPLY
AA1625-001,1,1,Zapatillas,urbano,0,APPLY
AA1625-407,2,1,Zapatillas,urbano,0,APPLY
AA2146-003,2,1,Zapatillas,urbano,0,APPLY
AA2146-004,1,1,Zapatillas,urbano,0,APPLY
AA2146-015,3,1,Zapatillas,urbano,0,APPLY
AA2146-100,3,1,Zapatillas,urbano,0,APPLY
AA2146-600,1,1,Zapatillas,urbano,0,APPLY
AA2168-002,3,1,Zapatillas,urbano,0,APPLY
AA2168-014,3,1,Zapatillas,urbano,0,APPLY
AA2168-015,4,1,Zapatillas,urbano,0,APPLY
AA2168-100,1,1,Zapatillas,urbano,0,APPLY
AA2168-104,1,1,Zapatillas,urbano,0,APPLY
AA2168-602,3,1,Zapatillas,urbano,0,APPLY
AA2181-002,2,1,Zapatillas,urbano,0,APPLY
AA2185-003,2,1,Zapatillas,urbano,0,APPLY
AA2185-100,2,1,Zapatillas,urbano,0,APPLY
AA7063-404,1,1,Zapatillas,urbano,0,APPLY
AA7066-001,1,1,Zapatillas,urbano,0,APPLY
AA7066-002,1,1,Zapatillas,urbano,0,APPLY
AA7066-003,1,1,Zapatillas,urbano,0,APPLY
AA7066-066,1,1,Zapatillas,urbano,0,APPLY
AA7069-001,1,1,Zapatillas,urbano,0,APPLY
AA7069-010,1,1,Zapatillas,urbano,0,APPLY
AA7069-011,1,1,Zapatillas,urbano,0,APPLY
AA7069-100,1,1,Zapatillas,urbano,0,APPLY
AA7071-002,1,1,Zapatillas,urbano,0,APPLY
AA7071-600,1,1,Zapatillas,urbano,0,APPLY
AA7396-001,1,1,Zapatillas,urbano,0,APPLY
AA7398-001,1,1,Zapatillas,urbano,0,APPLY
AA7400-003,1,1,Zapatillas,urbano,0,APPLY
AA7403-001,1,1,Zapatillas,urbano,0,APPLY
AA7403-400,1,1,Zapatillas,urbano,0,APPLY
AA7406-001,1,1,Zapatillas,urbano,0,APPLY
AA7406-005,1,1,Zapatillas,urbano,0,APPLY
AA7406-405,1,1,Zapatillas,urbano,0,APPLY
AA7411-001,1,1,Zapatillas,urbano,0,APPLY
AA7411-003,2,1,Zapatillas,urbano,0,APPLY
AA7412-006,1,1,Zapatillas,urbano,0,APPLY
AA7414,1,1,Zapatillas,urbano,0,APPLY
AC8033,1,1,Zapatillas,urbano,0,APPLY
AD91104-40,1,85,Zapatillas,urbano,0,APPLY
AD91104-90,1,85,Zapatillas,urbano,0,APPLY
AF3998,1,1,Zapatillas,urbano,0,APPLY
AF4007,2,1,Zapatillas,urbano,0,APPLY
AF4054,5,1,Zapatillas,urbano,0,APPLY
AF4356,1,1,Zapatillas,urbano,0,APPLY
AF4358,1,1,Zapatillas,urbano,0,APPLY
AF5002,1,1,Zapatillas,urbano,0,APPLY
AF5512,1,1,Zapatillas,urbano,0,APPLY
AF5565,1,1,Zapatillas,urbano,0,APPLY
AF5666,1,1,Zapatillas,urbano,0,APPLY
AF5799,1,1,Zapatillas,urbano,0,APPLY
AF6068,2,1,Zapatillas,urbano,0,APPLY
AF6109,2,1,Zapatillas,urbano,0,APPLY
AF6113,1,1,Zapatillas,urbano,0,APPLY
AF6115,3,1,Zapatillas,urbano,0,APPLY
AF6139,2,1,Zapatillas,urbano,0,APPLY
AF6140,2,1,Zapatillas,urbano,0,APPLY
AF6150,1,1,Zapatillas,urbano,0,APPLY
AF6206,1,1,Zapatillas,urbano,0,APPLY
AF6660,1,1,Zapatillas,urbano,0,APPLY
AF6666,1,1,Zapatillas,urbano,0,APPLY
AF6668,1,1,Zapatillas,urbano,0,APPLY
AF6692,1,1,Zapatillas,urbano,0,APPLY
AF6801,2,1,Zapatillas,urbano,0,APPLY
AH2229,2,1,Zapatillas,urbano,0,APPLY
AH2619,2,1,Zapatillas,urbano,0,APPLY
AH2620,2,1,Zapatillas,urbano,0,APPLY
AH2637,1,1,Zapatillas,urbano,0,APPLY
AH3364-001,1,1,Zapatillas,urbano,0,APPLY
AH5222-100,3,1,Zapatillas,urbano,0,APPLY
AH7248-077,1,1,Zapatillas,urbano,0,APPLY
AH7248-080,1,1,Zapatillas,urbano,0,APPLY
AH7251-080,1,1,Zapatillas,urbano,0,APPLY
AH7281-081,1,1,Zapatillas,urbano,0,APPLY
AH7298-081,1,1,Zapatillas,urbano,0,APPLY
AH7312-080,1,1,Zapatillas,urbano,0,APPLY
AH7312-107,1,1,Zapatillas,urbano,0,APPLY
AH7317-080,1,1,Zapatillas,urbano,0,APPLY
AH7355-701,1,1,Zapatillas,urbano,0,APPLY
AH7369-801,2,1,Zapatillas,urbano,0,APPLY
AH7370-107,1,1,Zapatillas,urbano,0,APPLY
AH7372-060,1,1,Zapatillas,urbano,0,APPLY
AH7372-077,1,1,Zapatillas,urbano,0,APPLY
AH7372-107,1,1,Zapatillas,urbano,0,APPLY
AH7372-701,1,1,Zapatillas,urbano,0,APPLY
AH7372-801,1,1,Zapatillas,urbano,0,APPLY
AH7372-810,1,1,Zapatillas,urbano,0,APPLY
AH7384-107,1,1,Zapatillas,urbano,0,APPLY
AH7857-300,2,1,Zapatillas,urbano,0,APPLY
AH7857-400,2,1,Zapatillas,urbano,0,APPLY
AH8050-199,3,1,Zapatillas,urbano,0,APPLY
AJ0189-004,2,1,Zapatillas,urbano,0,APPLY
AJ0189-402,2,1,Zapatillas,urbano,0,APPLY
AJ3087-600,1,1,Zapatillas,urbano,0,APPLY
AJ3111-109,3,1,Zapatillas,urbano,0,APPLY
AJ3112-109,2,1,Zapatillas,urbano,0,APPLY
AJ5898-002,1,1,Zapatillas,urbano,0,APPLY
AJ5898-007,1,1,Zapatillas,urbano,0,APPLY
AJ5898-009,1,1,Zapatillas,urbano,0,APPLY
AJ5899-100,2,1,Zapatillas,urbano,0,APPLY
AJ5900-013,5,1,Zapatillas,urbano,0,APPLY
AJ5900-401,2,1,Zapatillas,urbano,0,APPLY
AJ5902-001,1,1,Zapatillas,urbano,0,APPLY
AJ5902-002,1,1,Zapatillas,urbano,0,APPLY
AJ5908-003,1,1,Zapatillas,urbano,0,APPLY
AJ5908-005,3,1,Zapatillas,urbano,0,APPLY
AJ5908-600,3,1,Zapatillas,urbano,0,APPLY
AJ5908-801,2,1,Zapatillas,urbano,0,APPLY
AJ5911-002,3,1,Zapatillas,urbano,0,APPLY
AJ6063,2,1,Zapatillas,urbano,0,APPLY
AL50-BKBKS,2,1,Zapatillas,urbano,0,APPLY
AL50-BKG,2,1,Zapatillas,urbano,0,APPLY
AO0266-004,1,1,Zapatillas,urbano,0,APPLY
AO0266-009,1,1,Zapatillas,urbano,0,APPLY
AO0266-012,1,1,Zapatillas,urbano,0,APPLY
AO0266-09,1,1,Zapatillas,urbano,0,APPLY
AO0268-102,2,1,Zapatillas,urbano,0,APPLY
AO0352-003,1,1,Zapatillas,urbano,0,APPLY
AO0352-203,2,1,Zapatillas,urbano,0,APPLY
AO0352-400,1,1,Zapatillas,urbano,0,APPLY
AO0354-005,6,1,Zapatillas,urbano,0,APPLY
AO0354-107,3,1,Zapatillas,urbano,0,APPLY
AO0396-606,2,1,Zapatillas,urbano,0,APPLY
AO0400-104,2,1,Zapatillas,urbano,0,APPLY
AO1742-003,3,1,Zapatillas,urbano,0,APPLY
AO1742-004,3,1,Zapatillas,urbano,0,APPLY
AO2810-001,2,1,Zapatillas,urbano,0,APPLY
AO2810-104,1,1,Zapatillas,urbano,0,APPLY
AO3258-410,1,1,Zapatillas,urbano,0,APPLY
AO3294-410,2,1,Zapatillas,urbano,0,APPLY
AO3542-001,1,1,Zapatillas,urbano,0,APPLY
AO4402-001,1,1,Zapatillas,urbano,0,APPLY
AO4430-001,1,1,Zapatillas,urbano,0,APPLY
AO4430-003,2,1,Zapatillas,urbano,0,APPLY
AO4430-100,2,1,Zapatillas,urbano,0,APPLY
AO4430-400,2,1,Zapatillas,urbano,0,APPLY
AO4433-001,1,1,Zapatillas,urbano,0,APPLY
AO4433-006,1,1,Zapatillas,urbano,0,APPLY
AO554-007,1,1,Zapatillas,urbano,0,APPLY
AO7351-100,1,1,Zapatillas,urbano,0,APPLY
AO8228-601,2,1,Zapatillas,urbano,0,APPLY
AQ0589,2,1,Zapatillas,urbano,0,APPLY
AQ0863,2,1,Zapatillas,urbano,0,APPLY
AQ1071,1,1,Zapatillas,urbano,0,APPLY
AQ1331,1,1,Zapatillas,urbano,0,APPLY
AQ1362,1,1,Zapatillas,urbano,0,APPLY
AQ1618,1,1,Zapatillas,urbano,0,APPLY
AQ1622,1,1,Zapatillas,urbano,0,APPLY
AQ1626,2,1,Zapatillas,urbano,0,APPLY
AQ1701,5,1;14,Zapatillas,urbano,0,APPLY
AQ1703,2,1;14,Zapatillas,urbano,0,APPLY
AQ1773-002,1,1,Zapatillas,urbano,0,APPLY
AQ1775-002,1,1,Zapatillas,urbano,0,APPLY
AQ1775-10,1,1,Zapatillas,urbano,0,APPLY
AQ1775-100,1,1,Zapatillas,urbano,0,APPLY
AQ1775-700,1,1,Zapatillas,urbano,0,APPLY
AQ1778-001,1,1,Zapatillas,urbano,0,APPLY
AQ1778-100,1,1,Zapatillas,urbano,0,APPLY
AQ1779-001,1,1,Zapatillas,urbano,0,APPLY
AQ2181,4,1,Zapatillas,urbano,0,APPLY
AQ2182,1,1,Zapatillas,urbano,0,APPLY
AQ2194,1,1,Zapatillas,urbano,0,APPLY
AQ2199,1,1,Zapatillas,urbano,0,APPLY
AQ2203-002,6,1,Zapatillas,urbano,0,APPLY
AQ2203-400,3,1,Zapatillas,urbano,0,APPLY
AQ2203-401,2,1,Zapatillas,urbano,0,APPLY
AQ2231-002,2,1,Zapatillas,urbano,0,APPLY
AQ2231-500,1,1,Zapatillas,urbano,0,APPLY
AQ2235-002,1,1,Zapatillas,urbano,0,APPLY
AQ2235-015,3,1,Zapatillas,urbano,0,APPLY
AQ2235-100,4,1,Zapatillas,urbano,0,APPLY
AQ2235-104 1,1,1,Zapatillas,urbano,0,APPLY
AQ2235-600,1,1,Zapatillas,urbano,0,APPLY
AQ2280,1,1,Zapatillas,urbano,0,APPLY
AQ2567-003,5,1,Zapatillas,urbano,0,APPLY
AQ2567-004,5,1,Zapatillas,urbano,0,APPLY
AQ2567-005,5,1,Zapatillas,urbano,0,APPLY
AQ2567-006,3,1,Zapatillas,urbano,0,APPLY
AQ2568-003,3,1,Zapatillas,urbano,0,APPLY
AQ2568-104,2,1,Zapatillas,urbano,0,APPLY
AQ2568-200,3,1,Zapatillas,urbano,0,APPLY
AQ2800,1,1,Zapatillas,urbano,0,APPLY
AQ2807,2,1,Zapatillas,urbano,0,APPLY
AQ3542-001,1,1,Zapatillas,urbano,0,APPLY
AQ3542-003,1,1,Zapatillas,urbano,0,APPLY
AQ3688,2,1,Zapatillas,urbano,0,APPLY
AQ3695,2,1,Zapatillas,urbano,0,APPLY
AQ3963,1,1,Zapatillas,urbano,0,APPLY
AQ3964,2,1,Zapatillas,urbano,0,APPLY
AQ3978,1,1,Zapatillas,urbano,0,APPLY
AQ4100,1,1,Zapatillas,urbano,0,APPLY
AQ4108,2,1,Zapatillas,urbano,0,APPLY
AQ4109,1,1,Zapatillas,urbano,0,APPLY
AQ4120,1,1,Zapatillas,urbano,0,APPLY
AQ4122,1,1,Zapatillas,urbano,0,APPLY
AQ4124,1,1,Zapatillas,urbano,0,APPLY
AQ4125,1,1,Zapatillas,urbano,0,APPLY
AQ4138,1,1,Zapatillas,urbano,0,APPLY
AQ4224-001,3,1,Zapatillas,urbano,0,APPLY
AQ4224-004,4,1,Zapatillas,urbano,0,APPLY
AQ4224-100,11,1,Zapatillas,urbano,0,APPLY
AQ4225-001,8,1,Zapatillas,urbano,0,APPLY
AQ4225-002,3,1,Zapatillas,urbano,0,APPLY
AQ4226-001,1,1,Zapatillas,urbano,0,APPLY
AQ4226-100,2,1,Zapatillas,urbano,0,APPLY
AQ4268,1,1,Zapatillas,urbano,0,APPLY
AQ4286,2,1,Zapatillas,urbano,0,APPLY
AQ4289,2,1,Zapatillas,urbano,0,APPLY
AQ4299,2,1,Zapatillas,urbano,0,APPLY
AQ5047,2,1,Zapatillas,urbano,0,APPLY
AQ5173,2,1,Zapatillas,urbano,0,APPLY
AQ5240,1,1,Zapatillas,urbano,0,APPLY
AQ5248,1,1,Zapatillas,urbano,0,APPLY
AQ5843,1,1,Zapatillas,urbano,0,APPLY
AQ6170,1,1,Zapatillas,urbano,0,APPLY
AQ6171,1,1,Zapatillas,urbano,0,APPLY
AQ6173,1,1,Zapatillas,urbano,0,APPLY
AQ6214,1,1,Zapatillas,"urbano,training",0,APPLY
AQ6303,1,1,Zapatillas,urbano,0,APPLY
AQ6492,1,1,Zapatillas,urbano,0,APPLY
AQ6560,1,1,Zapatillas,urbano,0,APPLY
AQ6813,2,1,Zapatillas,urbano,0,APPLY
AQ7222,2,1,Zapatillas,urbano,0,APPLY
AQ7477-001,3,1,Zapatillas,urbano,0,APPLY
AQ7481-002,1,1,Zapatillas,urbano,0,APPLY
AQ7483-003,3,1,Zapatillas,urbano,0,APPLY
AQ7484-007,3,1,Zapatillas,urbano,0,APPLY
AQ7484-009,4,1,Zapatillas,urbano,0,APPLY
AQ7486-600,3,1,Zapatillas,urbano,0,APPLY
AQ7491-200,2,1,Zapatillas,urbano,0,APPLY
AQ7492-001,1,1,Zapatillas,urbano,0,APPLY
AQ7492-010,2,1,Zapatillas,urbano,0,APPLY
AQ7492-200,1,1,Zapatillas,urbano,0,APPLY
AQ7492-600,1,1,Zapatillas,urbano,0,APPLY
AQ7495-002,1,1,Zapatillas,urbano,0,APPLY
AQ7495-004,1,1,Zapatillas,urbano,0,APPLY
AQ7495-008,2,1,Zapatillas,urbano,0,APPLY
AQ7495-100,1,1,Zapatillas,urbano,0,APPLY
AQ7497-001,3,1,Zapatillas,urbano,0,APPLY
AQ7497-300,3,1,Zapatillas,urbano,0,APPLY
AQ7513,1,1,Zapatillas,urbano,0,APPLY
AQ7859,3,1,Zapatillas,urbano,0,APPLY
AQ8228-003,3,1,Zapatillas,urbano,0,APPLY
AQ8228-200,4,1,Zapatillas,urbano,0,APPLY
AQ8228-601,2,1,Zapatillas,urbano,0,APPLY
AQ8528,2,1,Zapatillas,urbano,0,APPLY
AQ8531,2,1,Zapatillas,urbano,0,APPLY
AQ9976-001,1,1,Zapatillas,urbano,0,APPLY
AQ9977-001,1,1,Zapatillas,urbano,0,APPLY
AQ9978-001,1,1,Zapatillas,urbano,0,APPLY
AR0088,2,1,Zapatillas,urbano,0,APPLY
AR0424,1,1,Zapatillas,urbano,0,APPLY
AR0454,3,1,Zapatillas,urbano,0,APPLY
AR0455,4,1,Zapatillas,urbano,0,APPLY
AR0456,2,1,Zapatillas,urbano,0,APPLY
AR0457,2,1,Zapatillas,urbano,0,APPLY
AR0764,1,1,Zapatillas,urbano,0,APPLY
AR0774,1,1,Zapatillas,urbano,0,APPLY
AR1144,3,1,Zapatillas,urbano,0,APPLY
AR1146,2,1,Zapatillas,urbano,0,APPLY
AR1148,2,1,Zapatillas,urbano,0,APPLY
AR1149,3,1,Zapatillas,urbano,0,APPLY
AR1252,1,1,Zapatillas,urbano,0,APPLY
AR1937,1,1,Zapatillas,urbano,0,APPLY
AR1939,1,1,Zapatillas,urbano,0,APPLY
AR2094,1,1,Zapatillas,urbano,0,APPLY
AR2136,1,1,Zapatillas,urbano,0,APPLY
AR2520,1,1,Zapatillas,urbano,0,APPLY
AR2686,1,1,Zapatillas,urbano,0,APPLY
AR2943,1,1,Zapatillas,urbano,0,APPLY
AR2951,1,1,Zapatillas,urbano,0,APPLY
AR2954,1,1,Zapatillas,urbano,0,APPLY
AR3063,2,1,Zapatillas,urbano,0,APPLY
AR3085,1,1,Zapatillas,urbano,0,APPLY
AR3103,1,1,Zapatillas,urbano,0,APPLY
AR3106,1,1,Zapatillas,urbano,0,APPLY
AR3168,3,1,Zapatillas,urbano,0,APPLY
AR3169,4,1,Zapatillas,urbano,0,APPLY
AR3198,1,1,Zapatillas,urbano,0,APPLY
AR3227,1,1,Zapatillas,urbano,0,APPLY
AR4135-002,1,1,Zapatillas,urbano,0,APPLY
AR4137-002,1,1,Zapatillas,urbano,0,APPLY
AR4138-002,2,1,Zapatillas,urbano,0,APPLY
AR4138-601,2,1,Zapatillas,urbano,0,APPLY
AR4161-016,2,1,Zapatillas,urbano,0,APPLY
AR4161-074,2,1,Zapatillas,urbano,0,APPLY
AR4543-009,1,1,Zapatillas,urbano,0,APPLY
AR4543-010,1,1,Zapatillas,urbano,0,APPLY
AR4543-600,2,1,Zapatillas,urbano,0,APPLY
AR4543-603,3,1,Zapatillas,urbano,0,APPLY
AR5339-100,2,1,Zapatillas,urbano,0,APPLY
AR5677-200,4,1,Zapatillas,urbano,0,APPLY
AR6374-016,3,1,Zapatillas,urbano,0,APPLY
AR7419,1,1,Zapatillas,urbano,0,APPLY
AR7419-002,4,1,Zapatillas,urbano,0,APPLY
AR7420-002,4,1,Zapatillas,urbano,0,APPLY
AR7420-013,2,1,Zapatillas,urbano,0,APPLY
AR7421-002,1,1,Zapatillas,urbano,0,APPLY
AR7421-004,1,1,Zapatillas,urbano,0,APPLY
AR7421-013,1,1,Zapatillas,urbano,0,APPLY
AT1199-400,5,1,Zapatillas,urbano,0,APPLY
AT1200-004,1,1,Zapatillas,urbano,0,APPLY
AT1237-001,2,1,Zapatillas,urbano,0,APPLY
AT1237-002,2,1,Zapatillas,urbano,0,APPLY
AT1238-003,2,1,Zapatillas,urbano,0,APPLY
AT1238-004,2,1,Zapatillas,urbano,0,APPLY
AT1238-100,1,1,Zapatillas,urbano,0,APPLY
AT1239-003,2,1,Zapatillas,urbano,0,APPLY
AT1239-006,1,1,Zapatillas,urbano,0,APPLY
AT1239-100,1,1,Zapatillas,urbano,0,APPLY
AT1368-005,3,1,Zapatillas,urbano,0,APPLY
AT1368-401,2,1,Zapatillas,urbano,0,APPLY
AT1801-003,4,1,Zapatillas,urbano,0,APPLY
AT1801-405,6,1,Zapatillas,urbano,0,APPLY
AT1801-501,2,1,Zapatillas,urbano,0,APPLY
AT1801-502,2,1,Zapatillas,urbano,0,APPLY
AT1803-003,2,1,Zapatillas,urbano,0,APPLY
AT1803-501,2,1,Zapatillas,urbano,0,APPLY
AT2505-005,2,1,Zapatillas,urbano,0,APPLY
AT2506-002,6,1,Zapatillas,urbano,0,APPLY
AT2506-100,4,1,Zapatillas,urbano,0,APPLY
AT3378-471,3,1,Zapatillas,urbano,0,APPLY
AT4517-004,1,1,Zapatillas,urbano,0,APPLY
AT4517-006,1,1,Zapatillas,urbano,0,APPLY
AT4522-007,3,1,Zapatillas,urbano,0,APPLY
AT4522-102,3,1,Zapatillas,urbano,0,APPLY
AT4522-200,2,1,Zapatillas,urbano,0,APPLY
AT5292-060,2,1,Zapatillas,urbano,0,APPLY
AT5883-010,2,1,Zapatillas,urbano,0,APPLY
AT6100-030,2,1,Zapatillas,urbano,0,APPLY
AT6100-104,2,1,Zapatillas,urbano,0,APPLY
AT6100-303,2,1,Zapatillas,urbano,0,APPLY
AT6107-004,2,1,Zapatillas,urbano,0,APPLY
AT6107-060,3,1,Zapatillas,urbano,0,APPLY
AT6109-004,1,1,Zapatillas,urbano,0,APPLY
AT6175-103,2,1,Zapatillas,urbano,0,APPLY
AT6175-105,2,1,Zapatillas,urbano,0,APPLY
AT7908-002,3,1,Zapatillas,urbano,0,APPLY
AT7908-600,3,1,Zapatillas,urbano,0,APPLY
AT7946-801,2,1,Zapatillas,urbano,0,APPLY
AT7980-606,2,1,Zapatillas,urbano,0,APPLY
AT7980-801,2,1,Zapatillas,urbano,0,APPLY
AV3153-090,2,1,Zapatillas,urbano,0,APPLY
AV4789-002,3,1,Zapatillas,urbano,0,APPLY
AV4789-107,3,1,Zapatillas,urbano,0,APPLY
AVSS21036,3,1,Zapatillas,"urbano,baby",0,APPLY
AW3671,2,1,Zapatillas,urbano,0,APPLY
AW3832,1,1,Zapatillas,urbano,0,APPLY
AW3835,2,1,Zapatillas,urbano,0,APPLY
AW3838,1,1,Zapatillas,urbano,0,APPLY
AW3871,1,1,Zapatillas,urbano,0,APPLY
AW3872,1,1,Zapatillas,urbano,0,APPLY
AW3877,1,1,Zapatillas,urbano,0,APPLY
AW3895,1,1,Zapatillas,urbano,0,APPLY
AW3896,2,1,Zapatillas,urbano,0,APPLY
AW3914,2,1,Zapatillas,urbano,0,APPLY
AW3937,1,1,Zapatillas,urbano,0,APPLY
AW3938,2,1,Zapatillas,urbano,0,APPLY
AW4004,1,1,Zapatillas,urbano,0,APPLY
AW4030,2,1,Zapatillas,urbano,0,APPLY
AW4056,1,1,Zapatillas,urbano,0,APPLY
AW4091,2,1,Zapatillas,urbano,0,APPLY
AW4103,1,1,Zapatillas,urbano,0,APPLY
AW4112,1,1,Zapatillas,urbano,0,APPLY
AW4130,1,1,Zapatillas,urbano,0,APPLY
AW4135,1,1,Zapatillas,urbano,0,APPLY
AW4140,1,1,Zapatillas,urbano,0,APPLY
AW4154,1,1,Zapatillas,urbano,0,APPLY
AW4170,2,1,Zapatillas,urbano,0,APPLY
AW4171,2,1,Zapatillas,urbano,0,APPLY
AW4287,1,1,Zapatillas,urbano,0,APPLY
AW4575,1,1,Zapatillas,urbano,0,APPLY
AW4577,1,1,Zapatillas,urbano,0,APPLY
AW4580,1,1,Zapatillas,urbano,0,APPLY
AW4591,1,1,Zapatillas,urbano,0,APPLY
AW4594,1,1,Zapatillas,urbano,0,APPLY
AW4743,1,1,Zapatillas,urbano,0,APPLY
AW4744,1,1,Zapatillas,urbano,0,APPLY
AW4745,2,1,Zapatillas,urbano,0,APPLY
AW4756,2,1,Zapatillas,urbano,0,APPLY
AW4817,1,1,Zapatillas,urbano,0,APPLY
AW4840,1,1,Zapatillas,urbano,0,APPLY
AW4849,1,1,Zapatillas,urbano,0,APPLY
AW4876,2,1,Zapatillas,urbano,0,APPLY
AW4878,2,1,Zapatillas,urbano,0,APPLY
AW4882,2,1,Zapatillas,urbano,0,APPLY
AW4889,1,1,Zapatillas,urbano,0,APPLY
AW4955,1,1,Zapatillas,urbano,0,APPLY
AW4957,2,1,Zapatillas,urbano,0,APPLY
AW4960,1,1,Zapatillas,urbano,0,APPLY
AW4962,1,1,Zapatillas,urbano,0,APPLY
AW4984,1,1,Zapatillas,urbano,0,APPLY
AW4986,1,1,Zapatillas,urbano,0,APPLY
AW5046,1,1,Zapatillas,urbano,0,APPLY
AW5088,2,1,Zapatillas,urbano,0,APPLY
AW5103,1,1,Zapatillas,urbano,0,APPLY
AW5105,1,1,Zapatillas,urbano,0,APPLY
AW5119,1,1,Zapatillas,urbano,0,APPLY
AW5122,1,1,Zapatillas,urbano,0,APPLY
AW5125,2,1,Zapatillas,urbano,0,APPLY
AW5141,1,1,Zapatillas,urbano,0,APPLY
AW5173,2,1,Zapatillas,urbano,0,APPLY
AW5183,2,1,Zapatillas,urbano,0,APPLY
AW5260,1,1,Zapatillas,urbano,0,APPLY
AW5261,1,1,Zapatillas,urbano,0,APPLY
AZ21001198-6FW,2,1,Zapatillas,urbano,0,APPLY
AZ254011132-HCB,3,46,Zapatillas,urbano,0,APPLY
AZ254011176-HCB,3,46,Zapatillas,urbano,0,APPLY
B22705,1,1,Zapatillas,urbano,0,APPLY
B22706,1,1,Zapatillas,urbano,0,APPLY
B22713,3,1,Zapatillas,urbano,0,APPLY
B22823,1,1,Zapatillas,urbano,0,APPLY
B22858,2,1,Zapatillas,urbano,0,APPLY
B23306,1,1,Zapatillas,urbano,0,APPLY
B23309,3,1,Zapatillas,urbano,0,APPLY
B23310,1,1,Zapatillas,urbano,0,APPLY
B23311,2,1,Zapatillas,urbano,0,APPLY
B23639,1,1,Zapatillas,urbano,0,APPLY
B23642,1,1,Zapatillas,urbano,0,APPLY
B23644,1,1,Zapatillas,urbano,0,APPLY
B23751,1,1,Zapatillas,urbano,0,APPLY
B23754,1,1,Zapatillas,urbano,0,APPLY
B23756,2,1,Zapatillas,urbano,0,APPLY
B23845,3,1,Zapatillas,urbano,0,APPLY
B23916,3,1,Zapatillas,urbano,0,APPLY
B23931,7,1,Zapatillas,urbano,0,APPLY
B23932,4,1,Zapatillas,urbano,0,APPLY
B24338,2,1,Zapatillas,urbano,0,APPLY
B24339,2,1,Zapatillas,urbano,0,APPLY
B24492,1,1,Zapatillas,urbano,0,APPLY
B24493,1,1,Zapatillas,urbano,0,APPLY
B24551,4,1,Zapatillas,urbano,0,APPLY
B24563,2,1,Zapatillas,urbano,0,APPLY
B24564,2,1,Zapatillas,urbano,0,APPLY
B24569,1,1,Zapatillas,urbano,0,APPLY
B26070,2,1,Zapatillas,urbano,0,APPLY
B26311,4,1,Zapatillas,urbano,0,APPLY
B26405,1,1,Zapatillas,urbano,0,APPLY
B26528,2,1,Zapatillas,urbano,0,APPLY
B26798,1,1,Zapatillas,urbano,0,APPLY
B27136,1,1,Zapatillas,urbano,0,APPLY
B27140,2,1,Zapatillas,urbano,0,APPLY
B27274,2,1,Zapatillas,urbano,0,APPLY
B27292,1,1,Zapatillas,urbano,0,APPLY
B27360,1,1,Zapatillas,urbano,0,APPLY
B27367,1,1,Zapatillas,urbano,0,APPLY
B27368,2,1,Zapatillas,urbano,0,APPLY
B27757,1,1,Zapatillas,urbano,0,APPLY
B27785,2,1,Zapatillas,urbano,0,APPLY
B27786,2,1,Zapatillas,urbano,0,APPLY
B27788,1,1,Zapatillas,urbano,0,APPLY
B27791,1,1,Zapatillas,urbano,0,APPLY
B27792,1,1,Zapatillas,urbano,0,APPLY
B27797,1,1,Zapatillas,urbano,0,APPLY
B28129,2,1,Zapatillas,urbano,0,APPLY
B33130,1,1,Zapatillas,urbano,0,APPLY
B33133,1,1,Zapatillas,urbano,0,APPLY
B33260,1,1,Zapatillas,urbano,0,APPLY
B33261,1,1,Zapatillas,urbano,0,APPLY
B33624,1,1,Zapatillas,urbano,0,APPLY
B33626,1,1,Zapatillas,urbano,0,APPLY
B33639,1,1,Zapatillas,urbano,0,APPLY
B34418,1,1,Zapatillas,urbano,0,APPLY
B34550,2,1,Zapatillas,urbano,0,APPLY
B34572,1,1,Zapatillas,urbano,0,APPLY
B35294,2,1,Zapatillas,urbano,0,APPLY
B35321,1,1,Zapatillas,urbano,0,APPLY
B37147,1,1,Zapatillas,urbano,0,APPLY
B37148,1,1,Zapatillas,urbano,0,APPLY
B37725,1,1,Zapatillas,urbano,0,APPLY
B39975,1,1,Zapatillas,urbano,0,APPLY
B39994,2,1,Zapatillas,urbano,0,APPLY
B40096,1,1,Zapatillas,urbano,0,APPLY
B40419,1,1,Zapatillas,urbano,0,APPLY
B40561,1,1,Zapatillas,urbano,0,APPLY
B40586,1,1,Zapatillas,urbano,0,APPLY
B40588,1,1,Zapatillas,urbano,0,APPLY
B40783,2,1,Zapatillas,urbano,0,APPLY
B40969,1,1,Zapatillas,urbano,0,APPLY
B41509,1,1,Zapatillas,urbano,0,APPLY
B41550,1,1,Zapatillas,urbano,0,APPLY
B41625,2,1,Zapatillas,urbano,0,APPLY
B41939,3,1,Zapatillas,urbano,0,APPLY
B41994,3,1,Zapatillas,urbano,0,APPLY
B41995,2,1,Zapatillas,urbano,0,APPLY
B42094,1,1,Zapatillas,urbano,0,APPLY
B42099,2,1,Zapatillas,urbano,0,APPLY
B42114,2,1,Zapatillas,urbano,0,APPLY
B42129,1,1,Zapatillas,urbano,0,APPLY
B42654,3,1,Zapatillas,urbano,0,APPLY
B42864,1,1,Zapatillas,urbano,0,APPLY
B43732,2,1,Zapatillas,urbano,0,APPLY
B43803,1,1,Zapatillas,urbano,0,APPLY
B43804,1,1,Zapatillas,urbano,0,APPLY
B43834,3,1,Zapatillas,urbano,0,APPLY
B43836,2,1,Zapatillas,urbano,0,APPLY
B43837,1,1,Zapatillas,urbano,0,APPLY
B44270,3,1,Zapatillas,urbano,0,APPLY
B44271,3,1,Zapatillas,urbano,0,APPLY
B44344,1,1,Zapatillas,urbano,0,APPLY
B44409,1,1,Zapatillas,urbano,0,APPLY
B44654,3,1,Zapatillas,urbano,0,APPLY
B44655,2,1,Zapatillas,urbano,0,APPLY
B44750,1,1,Zapatillas,urbano,0,APPLY
B44751,2,1,Zapatillas,urbano,0,APPLY
B44875,1,1,Zapatillas,urbano,0,APPLY
B54109,1,1,Zapatillas,urbano,0,APPLY
B54119,2,1,Zapatillas,urbano,0,APPLY
B72977,4,1,Zapatillas,urbano,0,APPLY
B74264,2,1,Zapatillas,urbano,0,APPLY
B74469,1,1,Zapatillas,urbano,0,APPLY
B74494,3,1,Zapatillas,urbano,0,APPLY
B74497,1,1,Zapatillas,urbano,0,APPLY
B74572,1,1,Zapatillas,urbano,0,APPLY
B74582,1,1,Zapatillas,urbano,0,APPLY
B74650,1,1,Zapatillas,urbano,0,APPLY
B74660,1,1,Zapatillas,urbano,0,APPLY
B74685,1,1,Zapatillas,urbano,0,APPLY
B75570,2,1,Zapatillas,urbano,0,APPLY
B75576,1,1,Zapatillas,urbano,0,APPLY
B75578,2,1,Zapatillas,urbano,0,APPLY
B75580,1,1,Zapatillas,urbano,0,APPLY
B75583,1,1,Zapatillas,urbano,0,APPLY
B75584,4,1,Zapatillas,urbano,0,APPLY
B75656,1,1,Zapatillas,urbano,0,APPLY
B75740,4,1,Zapatillas,urbano,0,APPLY
B75751,1,1,Zapatillas,urbano,0,APPLY
B75752,1,1,Zapatillas,urbano,0,APPLY
B75795,1,1,Zapatillas,urbano,0,APPLY
B75799,2,1,Zapatillas,urbano,0,APPLY
B75806,5,1,Zapatillas,urbano,0,APPLY
B75807,6,1,Zapatillas,urbano,0,APPLY
B75953,3,1,Zapatillas,urbano,0,APPLY
B75954,1,1,Zapatillas,urbano,0,APPLY
B75969,2,1,Zapatillas,urbano,0,APPLY
B75970,3,1,Zapatillas,urbano,0,APPLY
B76004,3,1,Zapatillas,urbano,0,APPLY
B76005,1,1,Zapatillas,urbano,0,APPLY
B96517,2,1,Zapatillas,urbano,0,APPLY
B96520,3,1,Zapatillas,urbano,0,APPLY
B96526,3,1,Zapatillas,urbano,0,APPLY
B96578,1,1,Zapatillas,urbano,0,APPLY
BA5750-050,5,1,Zapatillas,urbano,0,APPLY
BA5750-500,3,1,Zapatillas,urbano,0,APPLY
BA7423,5,1,Zapatillas,urbano,0,APPLY
BA7459,1,1,Zapatillas,urbano,0,APPLY
BA7897,1,1,Zapatillas,urbano,0,APPLY
BA7902,1,1,Zapatillas,urbano,0,APPLY
BA8100,2,1,Zapatillas,urbano,0,APPLY
BA8103,2,1,Zapatillas,urbano,0,APPLY
BA8108,2,1,Zapatillas,urbano,0,APPLY
BA8109,2,1,Zapatillas,urbano,0,APPLY
BA8149,2,1,Zapatillas,urbano,0,APPLY
BA8151,1,1,Zapatillas,urbano,0,APPLY
BA8156,1,1,Zapatillas,urbano,0,APPLY
BA8170,1,1,Zapatillas,urbano,0,APPLY
BA8380,1,1,Zapatillas,urbano,0,APPLY
BA8382,2,1,Zapatillas,urbano,0,APPLY
BA9083,1,1,Zapatillas,urbano,0,APPLY
BA9084,1,1,Zapatillas,urbano,0,APPLY
BA9412,2,1,Zapatillas,urbano,0,APPLY
BA9425,4,1,Zapatillas,urbano,0,APPLY
BA9450,1,1,Zapatillas,urbano,0,APPLY
BA9492,1,1,Zapatillas,urbano,0,APPLY
BA9515,3,1,Zapatillas,urbano,0,APPLY
BA9516,2,1,Zapatillas,urbano,0,APPLY
BA9525,1,1,Zapatillas,urbano,0,APPLY
BA9704,2,1,Zapatillas,urbano,0,APPLY
BA9705,2,1,Zapatillas,urbano,0,APPLY
BB0507,1,1,Zapatillas,urbano,0,APPLY
BB0585,1,1,Zapatillas,urbano,0,APPLY
BB0810,3,1,Zapatillas,urbano,0,APPLY
BB1109,1,1,Zapatillas,urbano,0,APPLY
BB1211,1,1,Zapatillas,urbano,0,APPLY
BB1280,1,1,Zapatillas,urbano,0,APPLY
BB1281,1,1,Zapatillas,urbano,0,APPLY
BB1711,2,1,Zapatillas,urbano,0,APPLY
BB1713,1,1,Zapatillas,urbano,0,APPLY
BB1935,3,1,Zapatillas,urbano,0,APPLY
BB1981,1,1,Zapatillas,urbano,0,APPLY
BB1982,1,1,Zapatillas,urbano,0,APPLY
BB2284,1,1,Zapatillas,urbano,0,APPLY
BB2416,1,1,Zapatillas,urbano,0,APPLY
BB2516,1,1,Zapatillas,urbano,0,APPLY
BB3156,1,1,Zapatillas,urbano,0,APPLY
BB3460,1,1,Zapatillas,urbano,0,APPLY
BB3599,1,1,Zapatillas,urbano,0,APPLY
BB3600,1,1,Zapatillas,urbano,0,APPLY
BB3602,1,1,Zapatillas,urbano,0,APPLY
BB4049,1,1,Zapatillas,urbano,0,APPLY
BB4360,1,1,Zapatillas,urbano,0,APPLY
BB4361,2,1,Zapatillas,urbano,0,APPLY
BB4362,1,1,Zapatillas,urbano,0,APPLY
BB4368,1,1,Zapatillas,urbano,0,APPLY
BB4369,1,1,Zapatillas,urbano,0,APPLY
BB4399,2,1,Zapatillas,urbano,0,APPLY
BB4400,1,1,Zapatillas,urbano,0,APPLY
BB4593,2,1,Zapatillas,urbano,0,APPLY
BB4594,1,1,Zapatillas,urbano,0,APPLY
BB4608,1,1,Zapatillas,urbano,0,APPLY
BB4627,2,1,Zapatillas,urbano,0,APPLY
BB4633,1,1,Zapatillas,urbano,0,APPLY
BB480COA,2,1,Zapatillas,urbano,0,APPLY
BB480LBK,2,1,Zapatillas,urbano,0,APPLY
BB4817,2,1,Zapatillas,urbano,0,APPLY
BB5258,1,1,Zapatillas,urbano,0,APPLY
BB5420,2,1,Zapatillas,urbano,0,APPLY
BB5476,2,1,Zapatillas,urbano,0,APPLY
BB6744,1,1,Zapatillas,urbano,0,APPLY
BB6917,3,1,Zapatillas,urbano,0,APPLY
BB6920,1,1,Zapatillas,urbano,0,APPLY
BB6969,1,1,Zapatillas,urbano,0,APPLY
BB7016,1,1,Zapatillas,urbano,0,APPLY
BB7017,1,1,Zapatillas,urbano,0,APPLY
BB7020,1,1,Zapatillas,urbano,0,APPLY
BB7045,1,1,Zapatillas,urbano,0,APPLY
BB7048,1,1,Zapatillas,urbano,0,APPLY
BB7053,2,1,Zapatillas,urbano,0,APPLY
BB7056,2,1,Zapatillas,urbano,0,APPLY
BB7059,1,1,Zapatillas,urbano,0,APPLY
BB7060,2,1,Zapatillas,urbano,0,APPLY
BB7061,2,1,Zapatillas,urbano,0,APPLY
BB7066,1,1,Zapatillas,urbano,0,APPLY
BB7207,1,1,Zapatillas,urbano,0,APPLY
BB7208,1,1,Zapatillas,urbano,0,APPLY
BB7652,2,1,Zapatillas,urbano,0,APPLY
BB7664,1,1,Zapatillas,urbano,0,APPLY
BB7806,1,1,Zapatillas,urbano,0,APPLY
BB8772,1,1,Zapatillas,urbano,0,APPLY
BB8773,1,1,Zapatillas,urbano,0,APPLY
BB9035,1,1,Zapatillas,urbano,0,APPLY
BB9143,1,1,Zapatillas,urbano,0,APPLY
BB9144,2,1,Zapatillas,urbano,0,APPLY
BB9187,2,1,Zapatillas,urbano,0,APPLY
BB9334,2,1,Zapatillas,urbano,0,APPLY
BB9398,2,1,Zapatillas,urbano,0,APPLY
BB9402,2,1,Zapatillas,urbano,0,APPLY
BB9437,1,1,Zapatillas,urbano,0,APPLY
BB9465,1,1,Zapatillas,urbano,0,APPLY
BB9598,1,1,Zapatillas,urbano,0,APPLY
BB9611,1,1,Zapatillas,urbano,0,APPLY
BB9624,1,1,Zapatillas,urbano,0,APPLY
BB9774,1,1,Zapatillas,urbano,0,APPLY
BB9775,1,1,Zapatillas,urbano,0,APPLY
BB9778,2,1,Zapatillas,urbano,0,APPLY
BB9784,1,1,Zapatillas,urbano,0,APPLY
BB9786,1,1,Zapatillas,urbano,0,APPLY
BB9823,2,1,Zapatillas,urbano,0,APPLY
BB9832,1,1,Zapatillas,urbano,0,APPLY
BB9835,3,1,Zapatillas,urbano,0,APPLY
BB9836,1,1,Zapatillas,urbano,0,APPLY
BB9837,1,1,Zapatillas,urbano,0,APPLY
BB9846,1,1,Zapatillas,urbano,0,APPLY
BB9847,2,1,Zapatillas,urbano,0,APPLY
BB9910,1,1,Zapatillas,urbano,0,APPLY
BB9968,1,1,Zapatillas,urbano,0,APPLY
BB9978,3,1,Zapatillas,urbano,0,APPLY
BB9980,1,1,Zapatillas,urbano,0,APPLY
BBBSS16014,1,1,Zapatillas,urbano,0,APPLY
BBISS18028,1,1,Zapatillas,urbano,0,APPLY
BBISS19036,1,1,Zapatillas,urbano,0,APPLY
BBISS19047,4,1,Zapatillas,urbano,0,APPLY
BBISS20031,5,1,Zapatillas,urbano,0,APPLY
BBPFW15023,1,1,Zapatillas,urbano,0,APPLY
BBPSS14025,1,1,Zapatillas,urbano,0,APPLY
BC0022,1,1,Zapatillas,urbano,0,APPLY
BC0048,3,1,Zapatillas,urbano,0,APPLY
BC0072,1,1,Zapatillas,urbano,0,APPLY
BC0077,1,1,Zapatillas,urbano,0,APPLY
BC0080,1,1,Zapatillas,urbano,0,APPLY
BC0085,1,1,Zapatillas,urbano,0,APPLY
BC0122,2,1,Zapatillas,urbano,0,APPLY
BC0155,2,1,Zapatillas,urbano,0,APPLY
BC0466,3,1,Zapatillas,urbano,0,APPLY
BC0525,3,1,Zapatillas,urbano,0,APPLY
BC0558,1,107,Zapatillas,urbano,0,APPLY
BC0823,1,1,Zapatillas,urbano,0,APPLY
BC0972,3,1,Zapatillas,urbano,0,APPLY
BC0973,2,1,Zapatillas,urbano,0,APPLY
BD1991,2,1,Zapatillas,urbano,0,APPLY
BD2345,1,1,Zapatillas,urbano,0,APPLY
BD2350,2,1,Zapatillas,urbano,0,APPLY
BD2400,1,1,Zapatillas,urbano,0,APPLY
BD2533,1,1,Zapatillas,urbano,0,APPLY
BD2534,1,1,Zapatillas,urbano,0,APPLY
BD2631,1,1,Zapatillas,urbano,0,APPLY
BD2803,1,1,Zapatillas,urbano,0,APPLY
BD2804,1,1,Zapatillas,urbano,0,APPLY
BD2941,2,1,Zapatillas,urbano,0,APPLY
BD3065,1,1,Zapatillas,urbano,0,APPLY
BD3607,1,1,Zapatillas,urbano,0,APPLY
BD3694,1,1,Zapatillas,urbano,0,APPLY
BD3695,1,1,Zapatillas,urbano,0,APPLY
BD3699,1,1,Zapatillas,urbano,0,APPLY
BD3700,1,1,Zapatillas,urbano,0,APPLY
BD4029,1,1,Zapatillas,urbano,0,APPLY
BD4049,1,1,Zapatillas,urbano,0,APPLY
BD4244,1,1,Zapatillas,urbano,0,APPLY
BD4245,1,1,Zapatillas,urbano,0,APPLY
BD4249,1,1,Zapatillas,urbano,0,APPLY
BD4254,1,1,Zapatillas,urbano,0,APPLY
BD4266,2,1,Zapatillas,urbano,0,APPLY
BD4272,2,1,Zapatillas,urbano,0,APPLY
BD4567,1,1,Zapatillas,urbano,0,APPLY
BD4568,2,1,Zapatillas,urbano,0,APPLY
BD4587,1,1,Zapatillas,urbano,0,APPLY
BD4588,1,1,Zapatillas,urbano,0,APPLY
BD4589,1,1,Zapatillas,urbano,0,APPLY
BD4597,2,1,Zapatillas,urbano,0,APPLY
BD4733,1,1,Zapatillas,urbano,0,APPLY
BD4754,1,1,Zapatillas,urbano,0,APPLY
BD4791,1,1,Zapatillas,urbano,0,APPLY
BD4794,1,1,Zapatillas,urbano,0,APPLY
BD4823,2,1,Zapatillas,urbano,0,APPLY
BD4825,1,1,Zapatillas,urbano,0,APPLY
BD4832,3,1,Zapatillas,urbano,0,APPLY
BD4834,1,1,Zapatillas,urbano,0,APPLY
BD4863,1,1,Zapatillas,urbano,0,APPLY
BD4866,1,1,Zapatillas,urbano,0,APPLY
BD4972,1,1,Zapatillas,urbano,0,APPLY
BD5045,1,1,Zapatillas,urbano,0,APPLY
BD5046,1,1,Zapatillas,urbano,0,APPLY
BD5054,1,1,Zapatillas,urbano,0,APPLY
BD5059,1,1,Zapatillas,urbano,0,APPLY
BD5060,1,1,Zapatillas,urbano,0,APPLY
BD5125,3,1,Zapatillas,urbano,0,APPLY
BD5396,1,1,Zapatillas,urbano,0,APPLY
BD5397,2,1,Zapatillas,urbano,0,APPLY
BD5441,2,1,Zapatillas,urbano,0,APPLY
BD5442,2,1,Zapatillas,urbano,0,APPLY
BD5443,1,1,Zapatillas,urbano,0,APPLY
BD5446,1,1,Zapatillas,urbano,0,APPLY
BD5449,1,1,Zapatillas,urbano,0,APPLY
BD5451,1,1,Zapatillas,urbano,0,APPLY
BD5458,1,1,Zapatillas,urbano,0,APPLY
BD5502,1,1,Zapatillas,urbano,0,APPLY
BD5526,2,1,Zapatillas,urbano,0,APPLY
BD5527,1,1,Zapatillas,urbano,0,APPLY
BD5537,1,1,Zapatillas,urbano,0,APPLY
BD5539,1,1,Zapatillas,urbano,0,APPLY
BD5548,1,1,Zapatillas,urbano,0,APPLY
BD5550,1,1,Zapatillas,urbano,0,APPLY
BD5631,1,1,Zapatillas,urbano,0,APPLY
BD5632,1,1,Zapatillas,urbano,0,APPLY
BD5633,1,1,Zapatillas,urbano,0,APPLY
BD5702,1,1,Zapatillas,urbano,0,APPLY
BD5750,1,1,Zapatillas,urbano,0,APPLY
BD5891,1,1,Zapatillas,urbano,0,APPLY
BD6044,2,1,Zapatillas,urbano,0,APPLY
BD6046,2,1,Zapatillas,urbano,0,APPLY
BD7452,2,1,Zapatillas,urbano,0,APPLY
BD7976,2,1,Zapatillas,urbano,0,APPLY
BD7985,1,1,Zapatillas,urbano,0,APPLY
BD8055,5,1;9,Zapatillas,urbano,0,APPLY
BQ0126-003,3,1,Zapatillas,urbano,0,APPLY
BQ3060-006,3,1,Zapatillas,urbano,0,APPLY
BQ3198-100,1,1,Zapatillas,urbano,0,APPLY
BQ3201-001,6,1,Zapatillas,urbano,0,APPLY
BQ3201-100,2,1,Zapatillas,urbano,0,APPLY
BQ3201-101,3,1,Zapatillas,urbano,0,APPLY
BQ3203-004,3,1,Zapatillas,urbano,0,APPLY
BQ3204-011,3,1,Zapatillas,urbano,0,APPLY
BQ3207-001,2,1,Zapatillas,urbano,0,APPLY
BQ3207-002,2,1,Zapatillas,urbano,0,APPLY
BQ3207-008,1,1,Zapatillas,urbano,0,APPLY
BQ3207-011,2,1,Zapatillas,urbano,0,APPLY
BQ3999-103,2,1,Zapatillas,urbano,0,APPLY
BQ4152-002,3,1,Zapatillas,urbano,0,APPLY
BQ4152-005,3,1,Zapatillas,urbano,0,APPLY
BQ4222-001,1,1,Zapatillas,urbano,0,APPLY
BQ4222-002,5,1,Zapatillas,urbano,0,APPLY
BQ4222-104,3,1,Zapatillas,urbano,0,APPLY
BQ4632-001,2,1,Zapatillas,urbano,0,APPLY
BQ4632-011,3,1,Zapatillas,urbano,0,APPLY
BQ4639-001,2,1,Zapatillas,urbano,0,APPLY
BQ4639-003,2,1,Zapatillas,urbano,0,APPLY
BQ5108-005,3,1,Zapatillas,urbano,0,APPLY
BQ5407-110,2,1,Zapatillas,urbano,0,APPLY
BQ5435-110,2,1,Zapatillas,urbano,0,APPLY
BQ5440-700,2,1,Zapatillas,urbano,0,APPLY
BQ5448-103,1,1,Zapatillas,urbano,0,APPLY
BQ5448-104,5,1,Zapatillas,urbano,0,APPLY
BQ5448-110,6,1,Zapatillas,urbano,0,APPLY
BQ5448-117,2,1,Zapatillas,urbano,0,APPLY
BQ5448-700,4,1,Zapatillas,urbano,0,APPLY
BQ5451-103,1,1,Zapatillas,urbano,0,APPLY
BQ5451-107,2,1,Zapatillas,urbano,0,APPLY
BQ5451-700,3,1,Zapatillas,urbano,0,APPLY
BQ5453-103,2,1,Zapatillas,urbano,0,APPLY
BQ5453-109,2,1,Zapatillas,urbano,0,APPLY
BQ5453-111,3,1,Zapatillas,urbano,0,APPLY
BQ5453-700,2,1,Zapatillas,urbano,0,APPLY
BQ5671-011,2,1,Zapatillas,urbano,0,APPLY
BQ5671-012,1,1,Zapatillas,urbano,0,APPLY
BQ5672-003,2,1,Zapatillas,urbano,0,APPLY
BQ5672-010,3,1,Zapatillas,urbano,0,APPLY
BQ5672-012,3,1,Zapatillas,urbano,0,APPLY
BQ5673-610,2,1,Zapatillas,urbano,0,APPLY
BQ7032-001,2,1,Zapatillas,urbano,0,APPLY
BQ7033-001,2,1,Zapatillas,urbano,0,APPLY
BS5554,1,1,Zapatillas,urbano,0,APPLY
BS5573,2,1,Zapatillas,urbano,0,APPLY
BS5834,1,1,Zapatillas,urbano,0,APPLY
BS5907,1,1,Zapatillas,urbano,0,APPLY
BS5955,1,1,Zapatillas,urbano,0,APPLY
BS6156,2,1,Zapatillas,urbano,0,APPLY
BS6226,1,1,Zapatillas,urbano,0,APPLY
BS6227,1,1,Zapatillas,urbano,0,APPLY
BS6354,1,1,Zapatillas,urbano,0,APPLY
BS6977,1,1,Zapatillas,urbano,0,APPLY
BS7007,1,1,Zapatillas,urbano,0,APPLY
BS7045,1,1,Zapatillas,urbano,0,APPLY
BS7235,2,1,Zapatillas,urbano,0,APPLY
BS7237,1,1,Zapatillas,urbano,0,APPLY
BS7517,2,1,Zapatillas,urbano,0,APPLY
BS7519,1,1,Zapatillas,urbano,0,APPLY
BS7742,2,1,Zapatillas,urbano,0,APPLY
BS7787,1,1,Zapatillas,urbano,0,APPLY
BS7958,1,1,Zapatillas,urbano,0,APPLY
BS7971,1,1,Zapatillas,urbano,0,APPLY
BS7972,1,1,Zapatillas,urbano,0,APPLY
BS7997,1,1,Zapatillas,urbano,0,APPLY
BS8024,1,1,Zapatillas,urbano,0,APPLY
BS8028,1,1,Zapatillas,urbano,0,APPLY
BS8031,1,1,Zapatillas,urbano,0,APPLY
BS8032,1,1,Zapatillas,urbano,0,APPLY
BS8164,1,1,Zapatillas,urbano,0,APPLY
BS8165,1,1,Zapatillas,urbano,0,APPLY
BS8166,1,1,Zapatillas,urbano,0,APPLY
BS8193,1,1,Zapatillas,urbano,0,APPLY
BS8361,1,1,Zapatillas,urbano,0,APPLY
BS8389,2,1,Zapatillas,urbano,0,APPLY
BS8394,1,1,Zapatillas,urbano,0,APPLY
BS8457,3,1,Zapatillas,urbano,0,APPLY
BS8459,1,1,Zapatillas,urbano,0,APPLY
BS8461,1,1,Zapatillas,urbano,0,APPLY
BS8462,1,1,Zapatillas,urbano,0,APPLY
BS8464,1,1,Zapatillas,urbano,0,APPLY
BS8466,1,1,Zapatillas,urbano,0,APPLY
BS8468,1,1,Zapatillas,urbano,0,APPLY
BS8469,1,1,Zapatillas,urbano,0,APPLY
BS8478,1,1,Zapatillas,urbano,0,APPLY
BS8481,1,1,Zapatillas,urbano,0,APPLY
BS8485,1,1,Zapatillas,urbano,0,APPLY
BS8486,2,1,Zapatillas,urbano,0,APPLY
BS8487,2,1,Zapatillas,urbano,0,APPLY
BS8565,1,1,Zapatillas,urbano,0,APPLY
BS8703,1,1,Zapatillas,urbano,0,APPLY
BS8732,1,1,Zapatillas,urbano,0,APPLY
BS8735,1,1,Zapatillas,urbano,0,APPLY
BS8780,1,1,Zapatillas,urbano,0,APPLY
BS9072,1,1,Zapatillas,urbano,0,APPLY
BS9088,2,1,Zapatillas,urbano,0,APPLY
BS9147,1,1,Zapatillas,urbano,0,APPLY
BS9216,3,1,Zapatillas,urbano,0,APPLY
BS9871,1,1,Zapatillas,urbano,0,APPLY
BS9884,1,1,Zapatillas,urbano,0,APPLY
BS9999,1,1,Zapatillas,urbano,0,APPLY
BT-80401-3,2,1,Zapatillas,urbano,0,APPLY
BT-80401-4,1,1,Zapatillas,urbano,0,APPLY
BV0744-001,1,1,Zapatillas,urbano,0,APPLY
BV0745-100,1,1,Zapatillas,urbano,0,APPLY
BV0746-001,1,1,Zapatillas,urbano,0,APPLY
BV0747-001,1,1,Zapatillas,urbano,0,APPLY
BV0748-100,1,1,Zapatillas,urbano,0,APPLY
BV0749-100,1,1,Zapatillas,urbano,0,APPLY
BV4103-002,2,1,Zapatillas,urbano,0,APPLY
BV4103-003,4,1,Zapatillas,urbano,0,APPLY
BV7427-004,2,1,Zapatillas,urbano,0,APPLY
BW0399,1,1,Zapatillas,urbano,0,APPLY
BW0538,2,1,Zapatillas,urbano,0,APPLY
BW0943,1,1,Zapatillas,urbano,0,APPLY
BW1344,1,1,Zapatillas,urbano,0,APPLY
BW1359,1,1,Zapatillas,urbano,0,APPLY
BX01,10,1,Zapatillas,urbano,0,APPLY
BY1602,1,1,Zapatillas,urbano,0,APPLY
BY1603,3,1,Zapatillas,urbano,0,APPLY
BY1638,1,1,Zapatillas,urbano,0,APPLY
BY1640,2,1,Zapatillas,urbano,0,APPLY
BY1658,2,1,Zapatillas,urbano,0,APPLY
BY1928,1,1,Zapatillas,urbano,0,APPLY
BY2006,2,1,Zapatillas,urbano,0,APPLY
BY2888,1,1,Zapatillas,urbano,0,APPLY
BY4007,1,1,Zapatillas,urbano,0,APPLY
BY4016,2,1,Zapatillas,urbano,0,APPLY
BY4027,1,1,Zapatillas,urbano,0,APPLY
BY4028,1,1,Zapatillas,urbano,0,APPLY
BY4030,2,1,Zapatillas,urbano,0,APPLY
BY4033,1,1,Zapatillas,urbano,0,APPLY
BY4043,2,1,Zapatillas,urbano,0,APPLY
BY4053,1,1,Zapatillas,urbano,0,APPLY
BY4156,1,1,Zapatillas,urbano,0,APPLY
BY4185,1,1,Zapatillas,urbano,0,APPLY
BY4189,1,1,Zapatillas,urbano,0,APPLY
BY4207,2,1,Zapatillas,urbano,0,APPLY
BY4227,1,1,Zapatillas,urbano,0,APPLY
BY8708,2,1,Zapatillas,urbano,0,APPLY
BY8969,1,1,Zapatillas,urbano,0,APPLY
BY9257,1,1,Zapatillas,urbano,0,APPLY
BY9262,1,1,Zapatillas,urbano,0,APPLY
BY9264,1,1,Zapatillas,urbano,0,APPLY
BY9274,1,1,Zapatillas,urbano,0,APPLY
BY9323,1,1,Zapatillas,urbano,0,APPLY
BY9895,1,1,Zapatillas,urbano,0,APPLY
BY9896,1,1,Zapatillas,urbano,0,APPLY
BZ0082,2,1,Zapatillas,urbano,0,APPLY
BZ0084,2,1,Zapatillas,urbano,0,APPLY
BZ0086,4,1,Zapatillas,urbano,0,APPLY
BZ0147,1,1,Zapatillas,urbano,0,APPLY
BZ0249,1,1,Zapatillas,urbano,0,APPLY
BZ0363,1,1,Zapatillas,urbano,0,APPLY
BZ0411,2,1,Zapatillas,urbano,0,APPLY
BZ0416,1,1,Zapatillas,urbano,0,APPLY
BZ0418,1,1,Zapatillas,urbano,0,APPLY
BZ0419,2,1,Zapatillas,urbano,0,APPLY
BZ0420,2,1,Zapatillas,urbano,0,APPLY
BZ0421,2,1,Zapatillas,urbano,0,APPLY
BZ0520,2,1,Zapatillas,urbano,0,APPLY
BZ0551,2,1,Zapatillas,urbano,0,APPLY
BZ0553,2,1,Zapatillas,urbano,0,APPLY
BZ0554,2,1,Zapatillas,urbano,0,APPLY
C13803-200,1,1,Zapatillas,urbano,0,APPLY
C75611,2,1,Zapatillas,urbano,0,APPLY
C75689,1,1,Zapatillas,urbano,0,APPLY
C75791,1,1,Zapatillas,urbano,0,APPLY
C75908,1,1,Zapatillas,urbano,0,APPLY
C77124,5,1,Zapatillas,urbano,0,APPLY
CARFW17006,1,1,Zapatillas,urbano,0,APPLY
CARFW17012,2,1,Zapatillas,urbano,0,APPLY
CARFW17015,1,1,Zapatillas,urbano,0,APPLY
CD00443-006,2,1,Zapatillas,urbano,0,APPLY
CD0189-001,3,1,Zapatillas,urbano,0,APPLY
CD0189-400,4,1,Zapatillas,urbano,0,APPLY
CD0200-002,4,1,Zapatillas,urbano,0,APPLY
CD0200-004,2,1,Zapatillas,urbano,0,APPLY
CD0200-100,4,1,Zapatillas,urbano,0,APPLY
CD0212-001,4,1,Zapatillas,urbano,0,APPLY
CD0212-007,2,1,Zapatillas,urbano,0,APPLY
CD0227-004,2,1,Zapatillas,urbano,0,APPLY
CD0232-002,3,1,Zapatillas,urbano,0,APPLY
CD0232-007,3,1,Zapatillas,urbano,0,APPLY
CD0303-001,2,1,Zapatillas,urbano,0,APPLY
CD0443-001,2,1,Zapatillas,urbano,0,APPLY
CD0443-003,1,1,Zapatillas,urbano,0,APPLY
CD1396-004,1,1,Zapatillas,urbano,0,APPLY
CD17599-100,1,1,Zapatillas,urbano,0,APPLY
CD4156-906,4,1,Zapatillas,urbano,0,APPLY
CD4159-606,4,1,Zapatillas,urbano,0,APPLY
CD4165-001,3,1,Zapatillas,urbano,0,APPLY
CD4165-008,3,1,Zapatillas,urbano,0,APPLY
CD4165-100,1,1,Zapatillas,urbano,0,APPLY
CD4165-104,3,1,Zapatillas,urbano,0,APPLY
CD4165-105,3,1,Zapatillas,urbano,0,APPLY
CD4165-106,1,1,Zapatillas,urbano,0,APPLY
CD4165-114,3,1,Zapatillas,urbano,0,APPLY
CD4172-010,2,1,Zapatillas,urbano,0,APPLY
CD4172-606,4,1,Zapatillas,urbano,0,APPLY
CD4173-606,4,1,Zapatillas,urbano,0,APPLY
CD4365-004,3,1,Zapatillas,urbano,0,APPLY
CD4365-011,3,1,Zapatillas,urbano,0,APPLY
CD5392-001,3,1,Zapatillas,urbano,0,APPLY
CD5392-100,3,1,Zapatillas,urbano,0,APPLY
CD5403-003,4,1,Zapatillas,urbano,0,APPLY
CD5432-003,2,1,Zapatillas,urbano,0,APPLY
CD5432-103,3,1,Zapatillas,urbano,0,APPLY
CD5432-106,3,1,Zapatillas,urbano,0,APPLY
CD5432-200,3,1,Zapatillas,urbano,0,APPLY
CD5432-600,3,1,Zapatillas,urbano,0,APPLY
CD5432-601,3,1,Zapatillas,urbano,0,APPLY
CD5434-100,4,1,Zapatillas,urbano,0,APPLY
CD5434-106,2,1,Zapatillas,urbano,0,APPLY
CD5436-105,3,1,Zapatillas,urbano,0,APPLY
CD5448-200,3,1,Zapatillas,urbano,0,APPLY
CD5461-001,1,1,Zapatillas,urbano,0,APPLY
CD5461-004,3,1,Zapatillas,urbano,0,APPLY
CD5463-102,2,1,Zapatillas,urbano,0,APPLY
CD5466-001,3,1,Zapatillas,urbano,0,APPLY
CD5466-100,3,1,Zapatillas,urbano,0,APPLY
CD5466-101,5,1,Zapatillas,urbano,0,APPLY
CD5466-200,7,1,Zapatillas,urbano,0,APPLY
CD6892-102,2,1,Zapatillas,urbano,0,APPLY
CD6893-001,6,1,Zapatillas,urbano,0,APPLY
CD6893-102,2,1,Zapatillas,urbano,0,APPLY
CD6894-001,1,1,Zapatillas,urbano,0,APPLY
CD6894-004,4,1,Zapatillas,urbano,0,APPLY
CD6894-014,2,1,Zapatillas,urbano,0,APPLY
CD6894-102,1,1,Zapatillas,urbano,0,APPLY
CD7091-601,4,1,Zapatillas,urbano,0,APPLY
CD7091-602,3,1,Zapatillas,urbano,0,APPLY
CD7093-100,2,1,Zapatillas,urbano,0,APPLY
CD7287-601,2,1,Zapatillas,urbano,0,APPLY
CD7782,1,1,Zapatillas,urbano,0,APPLY
CD7782-001,3,1,Zapatillas,urbano,0,APPLY
CD7782-010,7,1,Zapatillas,urbano,0,APPLY
CD7782-115,4,1,Zapatillas,urbano,0,APPLY
CD7783-701,3,1,Zapatillas,urbano,0,APPLY
CD7784-010,3,1,Zapatillas,urbano,0,APPLY
CD7784-100,3,1,Zapatillas,urbano,0,APPLY
CF-288-YO,1,1,Zapatillas,urbano,0,APPLY
CG4114,1,1,Zapatillas,urbano,0,APPLY
CG4115,1,1,Zapatillas,urbano,0,APPLY
CG5123,2,1,Zapatillas,urbano,0,APPLY
CG5125,1,1,Zapatillas,urbano,0,APPLY
CG5463,1,1,Zapatillas,urbano,0,APPLY
CG5673,1,1,Zapatillas,urbano,0,APPLY
CG5674,2,1,Zapatillas,urbano,0,APPLY
CG5677,1,1,Zapatillas,urbano,0,APPLY
CG5706,1,1,Zapatillas,urbano,0,APPLY
CG5730,1,1,Zapatillas,urbano,0,APPLY
CG5737,1,1,Zapatillas,urbano,0,APPLY
CG5738,1,1,Zapatillas,urbano,0,APPLY
CG5741,1,1,Zapatillas,urbano,0,APPLY
CG5742,1,1,Zapatillas,urbano,0,APPLY
CG5747,1,1,Zapatillas,urbano,0,APPLY
CG5751,1,1,Zapatillas,urbano,0,APPLY
CG5759,2,1,Zapatillas,urbano,0,APPLY
CG5776,1,1,Zapatillas,urbano,0,APPLY
CG6011,2,1,Zapatillas,urbano,0,APPLY
CG6167,2,1,Zapatillas,urbano,0,APPLY
CG6362,1,1,Zapatillas,urbano,0,APPLY
CG6577,1,1,Zapatillas,urbano,0,APPLY
CG6580,1,1,Zapatillas,urbano,0,APPLY
CG6818,5,1,Zapatillas,urbano,0,APPLY
CG6819,2,1,Zapatillas,urbano,0,APPLY
CG6827,1,1,Zapatillas,urbano,0,APPLY
CG6833,1,1,Zapatillas,urbano,0,APPLY
CG6835,1,1,Zapatillas,urbano,0,APPLY
CI0603-104,2,1,Zapatillas,urbano,0,APPLY
CI0603-600,2,1,Zapatillas,urbano,0,APPLY
CI0905-200,2,1,Zapatillas,urbano,0,APPLY
CI1396-004,1,1,Zapatillas,urbano,0,APPLY
CI3710-600,3,1,Zapatillas,urbano,0,APPLY
CI3787-002,2,1,Zapatillas,urbano,0,APPLY
CI3831-002,3,1,Zapatillas,urbano,0,APPLY
CI3835-001,2,1,Zapatillas,urbano,0,APPLY
CI7599-100,2,1,Zapatillas,urbano,0,APPLY
CI7854-100,3,1,Zapatillas,urbano,0,APPLY
CI9981-004,3,1,Zapatillas,urbano,0,APPLY
CI9984-004,3,1,Zapatillas,urbano,0,APPLY
CI9984-200,1,1,Zapatillas,urbano,0,APPLY
CJ0270-001,3,1,Zapatillas,urbano,0,APPLY
CJ0277-002,3,1,Zapatillas,urbano,0,APPLY
CJ0280-002,2,1,Zapatillas,urbano,0,APPLY
CJ0291-005,3,1,Zapatillas,urbano,0,APPLY
CJ0291-007,2,1,Zapatillas,urbano,0,APPLY
CJ0291-100,4,1,Zapatillas,urbano,0,APPLY
CJ0291-600,3,1,Zapatillas,urbano,0,APPLY
CJ0302-003,3,1,Zapatillas,urbano,0,APPLY
CJ0302-008,2,1,Zapatillas,urbano,0,APPLY
CJ0842-006,3,1,Zapatillas,urbano,0,APPLY
CJ0842-200,3,1,Zapatillas,urbano,0,APPLY
CJ1671-003,4,1,Zapatillas,urbano,0,APPLY
CJ1671-101,2,1,Zapatillas,urbano,0,APPLY
CJ1677-001,5,1,Zapatillas,urbano,0,APPLY
CJ1677-105,5,1,Zapatillas,urbano,0,APPLY
CJ1682-001,2,1,Zapatillas,urbano,0,APPLY
CJ2238-100,3,1,Zapatillas,urbano,0,APPLY
CJ3816-002,4,1,Zapatillas,urbano,0,APPLY
CJ3824-002,1,1,Zapatillas,urbano,0,APPLY
CJ6939-001,1,1,Zapatillas,urbano,0,APPLY
CJ6942-001,1,1,Zapatillas,urbano,0,APPLY
CK0593-001,3,1,Zapatillas,urbano,0,APPLY
CK0617-001,1,1,Zapatillas,urbano,0,APPLY
CK2090-004,2,1,Zapatillas,urbano,0,APPLY
CK2571-400,3,1,Zapatillas,urbano,0,APPLY
CK4538-400,3,1,Zapatillas,urbano,0,APPLY
CK6357-002,2,1,Zapatillas,urbano,0,APPLY
CK6357-008,2,1,Zapatillas,urbano,0,APPLY
CK6357-100,3,1,Zapatillas,urbano,0,APPLY
CK6360-002,3,1,Zapatillas,urbano,0,APPLY
CK6360-007,2,1,Zapatillas,urbano,0,APPLY
CK6360-009,2,1,Zapatillas,urbano,0,APPLY
CK6360-601,2,1,Zapatillas,urbano,0,APPLY
CK8469-160,2,1,Zapatillas,urbano,0,APPLY
CM7725,1,1,Zapatillas,urbano,0,APPLY
CM7757,1,1,Zapatillas,urbano,0,APPLY
CM7760,3,1,Zapatillas,urbano,0,APPLY
CM7782,1,1,Zapatillas,urbano,0,APPLY
CM7816,2,1,Zapatillas,urbano,0,APPLY
CM8080,1,1,Zapatillas,urbano,0,APPLY
CM8505,2,1,Zapatillas,urbano,0,APPLY
CM8516,1,1,Zapatillas,urbano,0,APPLY
CM8548,4,1,Zapatillas,urbano,0,APPLY
CM8565,2,1,Zapatillas,urbano,0,APPLY
CM8579,2,1,Zapatillas,urbano,0,APPLY
CM9001,1,1,Zapatillas,urbano,0,APPLY
CM9190,1,1,Zapatillas,urbano,0,APPLY
CM9467,1,1,Zapatillas,urbano,0,APPLY
CM9628,1,1,Zapatillas,urbano,0,APPLY
CM9629,1,1,Zapatillas,urbano,0,APPLY
CM9720,1,1,Zapatillas,urbano,0,APPLY
CM9757,1,1,Zapatillas,urbano,0,APPLY
CM9758,1,1,Zapatillas,urbano,0,APPLY
CN0848,1,1,Zapatillas,urbano,0,APPLY
CN0323,3,1,Zapatillas,urbano,0,APPLY
CN0326,2,1,Zapatillas,urbano,0,APPLY
CN0327,2,1,Zapatillas,urbano,0,APPLY
CN0334,1,1,Zapatillas,urbano,0,APPLY
CN0635,2,1,Zapatillas,urbano,0,APPLY
CN0678,1,1,Zapatillas,urbano,0,APPLY
CN0853,1,1,Zapatillas,urbano,0,APPLY
CN0963,3,1,Zapatillas,urbano,0,APPLY
CN1330,1,1,Zapatillas,urbano,0,APPLY
CN1356,1,1,Zapatillas,urbano,0,APPLY
CN1368,3,1,Zapatillas,urbano,0,APPLY
CN1431,1,1,Zapatillas,urbano,0,APPLY
CN1809,1,1,Zapatillas,urbano,0,APPLY
CN1814,1,1,Zapatillas,urbano,0,APPLY
CN2109,2,1,Zapatillas,urbano,0,APPLY
CN2122,1,1,Zapatillas,urbano,0,APPLY
CN2335,1,1,Zapatillas,urbano,0,APPLY
CN2553,1,1,Zapatillas,urbano,0,APPLY
CN2747,4,1,Zapatillas,urbano,0,APPLY
CN3001,1,1,Zapatillas,urbano,0,APPLY
CN3195,2,1,Zapatillas,urbano,0,APPLY
CN3196,2,1,Zapatillas,urbano,0,APPLY
CN3238,1,1,Zapatillas,urbano,0,APPLY
CN3428,2,1,Zapatillas,urbano,0,APPLY
CN3591-600,3,1,Zapatillas,urbano,0,APPLY
CN3846,1,1,Zapatillas,urbano,0,APPLY
CN3880,2,1,Zapatillas,urbano,0,APPLY
CN4108,4,1,Zapatillas,urbano,0,APPLY
CN4214,1,1,Zapatillas,urbano,0,APPLY
CN4493-100,4,1,Zapatillas,urbano,0,APPLY
CN4519-010,1,1,Zapatillas,urbano,0,APPLY
CN4566,1,1,Zapatillas,urbano,0,APPLY
CN4701,3,1,Zapatillas,urbano,0,APPLY
CN4762,2,1,Zapatillas,urbano,0,APPLY
CN4769,2,1,Zapatillas,urbano,0,APPLY
CN4773,2,1,Zapatillas,urbano,0,APPLY
CN4823,1,1,Zapatillas,urbano,0,APPLY
CN4950,1,1,Zapatillas,urbano,0,APPLY
CN5109,1,1,Zapatillas,urbano,0,APPLY
CN5111,1,1,Zapatillas,urbano,0,APPLY
CN5158,1,1,Zapatillas,urbano,0,APPLY
CN5220,2,1,Zapatillas,urbano,0,APPLY
CN5247,2,1,Zapatillas,urbano,0,APPLY
CN5630,2,1,Zapatillas,urbano,0,APPLY
CN5678,3,1,Zapatillas,urbano,0,APPLY
CN5701,1,1,Zapatillas,urbano,0,APPLY
CN5708,1,1,Zapatillas,urbano,0,APPLY
CN5711,2,1,Zapatillas,urbano,0,APPLY
CN5899,3,1,Zapatillas,urbano,0,APPLY
CN5900,3,1,Zapatillas,urbano,0,APPLY
CN6466,3,1,Zapatillas,urbano,0,APPLY
CN6467,3,1,Zapatillas,urbano,0,APPLY
CN6725,1,1,Zapatillas,urbano,0,APPLY
CN7448,1,1,Zapatillas,urbano,0,APPLY
CN9675-005,3,1,Zapatillas,urbano,0,APPLY
CP8702,2,1,Zapatillas,urbano,0,APPLY
CP8738,2,1,Zapatillas,urbano,0,APPLY
CP8763,1,1,Zapatillas,urbano,0,APPLY
CP8827,1,1,Zapatillas,urbano,0,APPLY
CP8828,1,1,Zapatillas,urbano,0,APPLY
CP9769,1,1,Zapatillas,urbano,0,APPLY
CP9872,1,1,Zapatillas,urbano,0,APPLY
CP9873,1,1,Zapatillas,urbano,0,APPLY
CP9965,3,1,Zapatillas,urbano,0,APPLY
CP9987,3,1,Zapatillas,urbano,0,APPLY
CP9994,3,1,Zapatillas,urbano,0,APPLY
CQ0140,3,1,Zapatillas,urbano,0,APPLY
CQ0146,2,1,Zapatillas,urbano,0,APPLY
CQ1157,1,1,Zapatillas,urbano,0,APPLY
CQ1206,1,1,Zapatillas,urbano,0,APPLY
CQ1207,1,1,Zapatillas,urbano,0,APPLY
CQ2405,1,1,Zapatillas,urbano,0,APPLY
CQ2512,2,1,Zapatillas,urbano,0,APPLY
CQ2577,1,1,Zapatillas,urbano,0,APPLY
CQ2723,2,1,Zapatillas,urbano,0,APPLY
CQ2794,1,1,Zapatillas,urbano,0,APPLY
CQ2855,1,1,Zapatillas,urbano,0,APPLY
CQ3138,2,1,Zapatillas,urbano,0,APPLY
CQ4278-001,3,1,Zapatillas,urbano,0,APPLY
CQ9267-003,3,1,Zapatillas,urbano,0,APPLY
CQ9269-015,3,1,Zapatillas,urbano,0,APPLY
CQ9908-600,2,1,Zapatillas,urbano,0,APPLY
CRBSS19001,3,1,Zapatillas,urbano,0,APPLY
CRICSS23005,2,1,Zapatillas,urbano,0,APPLY
CRIFW18009,1,1,Zapatillas,urbano,0,APPLY
CRIFW18016,2,1,Zapatillas,urbano,0,APPLY
CRIFW18026,1,1,Zapatillas,urbano,0,APPLY
CRIFW1900,1,1,Zapatillas,urbano,0,APPLY
CRISS18024,1,1,Zapatillas,urbano,0,APPLY
CRTCSS23002,2,1,Zapatillas,urbano,0,APPLY
CRTCSS23007,2,1,Zapatillas,urbano,0,APPLY
CT0550-470,2,1,Zapatillas,urbano,0,APPLY
CT10LG,1,1,Zapatillas,urbano,0,APPLY
CT10SB,4,1,Zapatillas,urbano,0,APPLY
CT10TB BTS,3,1,Zapatillas,urbano,0,APPLY
CT1284-600,3,1,Zapatillas,urbano,0,APPLY
CT2229-800,2,1,Zapatillas,urbano,0,APPLY
CT2357-002,3,1,Zapatillas,urbano,0,APPLY
CT2378-600,3,1,Zapatillas,urbano,0,APPLY
CT3509-001,3,1,Zapatillas,urbano,0,APPLY
CT3515-001,3,1,Zapatillas,urbano,0,APPLY
CU3503-103,3,1,Zapatillas,urbano,0,APPLY
CU3507-004,3,1,Zapatillas,urbano,0,APPLY
CU3583-004,2,1,Zapatillas,urbano,0,APPLY
CU4149-103,5,1,Zapatillas,urbano,0,APPLY
CU4149-107,3,1,Zapatillas,urbano,0,APPLY
CU4150-102,4,1,Zapatillas,urbano,0,APPLY
CU5925-010,3,1,Zapatillas,urbano,0,APPLY
CU6620-001,2,1,Zapatillas,urbano,0,APPLY
CU9452-002,3,1,Zapatillas,urbano,0,APPLY
CU9453-100,4,1,Zapatillas,urbano,0,APPLY
CV0789-403,2,1,Zapatillas,urbano,0,APPLY
CV0953-403,2,1,Zapatillas,urbano,0,APPLY
CW2626-003,2,1,Zapatillas,urbano,0,APPLY
CW3143-003,3,1,Zapatillas,urbano,0,APPLY
CW3143-004,3,1,Zapatillas,urbano,0,APPLY
CW3143-600,3,1,Zapatillas,urbano,0,APPLY
CW3396-003,3,1,Zapatillas,urbano,0,APPLY
CW3398-104,2,1,Zapatillas,urbano,0,APPLY
CW3419-401,2,1,Zapatillas,urbano,0,APPLY
CW3809-014,2,1,Zapatillas,urbano,0,APPLY
CW4554-105,2,1,Zapatillas,urbano,0,APPLY
CW6666-303,2,1,Zapatillas,urbano,0,APPLY
CW6670-160,2,1,Zapatillas,urbano,0,APPLY
CW6670-400,2,1,Zapatillas,urbano,0,APPLY
CW6727-160,2,1,Zapatillas,urbano,0,APPLY
CW7645-002,1,1,Zapatillas,urbano,0,APPLY
CW7645-003,1,1,Zapatillas,urbano,0,APPLY
CZ0204-102,2,1,Zapatillas,urbano,0,APPLY
CZ0599-106,3,1,Zapatillas,urbano,0,APPLY
CZ1856-300,3,1,Zapatillas,urbano,0,APPLY
CZ8482-176,2,1,Zapatillas,urbano,0,APPLY
D02,3,1,Zapatillas,urbano,0,APPLY
D1201-90,1,85,Zapatillas,urbano,0,APPLY
D16,3,1,Zapatillas,urbano,0,APPLY
D21,3,1,Zapatillas,urbano,0,APPLY
D22,3,1,Zapatillas,urbano,0,APPLY
D30,3,1,Zapatillas,urbano,0,APPLY
D35,3,1,Zapatillas,urbano,0,APPLY
D66259,2,1,Zapatillas,urbano,0,APPLY
D66261,1,1,Zapatillas,urbano,0,APPLY
D66501,1,1,Zapatillas,urbano,0,APPLY
D66511,1,1,Zapatillas,urbano,0,APPLY
D67158,1,1,Zapatillas,urbano,0,APPLY
D67285,1,1,Zapatillas,urbano,0,APPLY
D67296,3,1,Zapatillas,urbano,0,APPLY
D67484,3,1,Zapatillas,urbano,0,APPLY
D67538,1,1,Zapatillas,"urbano,oficial",0,APPLY
D68872,1,1,Zapatillas,urbano,0,APPLY
D68879,1,1,Zapatillas,urbano,0,APPLY
D69001,2,1,Zapatillas,urbano,0,APPLY
D69804,2,1,Zapatillas,urbano,0,APPLY
D69871,2,1,Zapatillas,urbano,0,APPLY
D70119,2,1,Zapatillas,urbano,0,APPLY
D70327,1,1,Zapatillas,urbano,0,APPLY
D96847,3,1,Zapatillas,urbano,0,APPLY
D96866,2,1,Zapatillas,urbano,0,APPLY
D96869,2,1,Zapatillas,urbano,0,APPLY
D96870,2,1,Zapatillas,urbano,0,APPLY
D96872,5,1,Zapatillas,urbano,0,APPLY
D96874,6,1,Zapatillas,urbano,0,APPLY
D96960,3,1,Zapatillas,urbano,0,APPLY
D96961,3,1,Zapatillas,urbano,0,APPLY
D96966,3,1,Zapatillas,urbano,0,APPLY
D97697,2,1,Zapatillas,urbano,0,APPLY
D97698,2,1,Zapatillas,urbano,0,APPLY
DA02,4,1,Zapatillas,urbano,0,APPLY
DA1105-004,3,1,Zapatillas,urbano,0,APPLY
DA1176-001,2,1,Zapatillas,urbano,0,APPLY
DA1193-146,2,1,Zapatillas,urbano,0,APPLY
DA1328-146,4,1,Zapatillas,urbano,0,APPLY
DA2778--003,2,1,Zapatillas,urbano,0,APPLY
DA5382-101,3,1,Zapatillas,urbano,0,APPLY
DA8291-100,2,1,Zapatillas,urbano,0,APPLY
DA8723-001,2,1,Zapatillas,urbano,0,APPLY
DA9636,1,1,Zapatillas,urbano,0,APPLY
DA9653,2,1,Zapatillas,urbano,0,APPLY
DA9847,1,1,Zapatillas,urbano,0,APPLY
DB0002,3,1,Zapatillas,urbano,0,APPLY
DB0010,1,1,Zapatillas,urbano,0,APPLY
DB0074,1,1,Zapatillas,urbano,0,APPLY
DB0079,1,1,Zapatillas,urbano,0,APPLY
DB0106,1,1,Zapatillas,urbano,0,APPLY
DB0135,1,1,Zapatillas,urbano,0,APPLY
DB0238,1,1,Zapatillas,urbano,0,APPLY
DB0249-002,2,1,Zapatillas,urbano,0,APPLY
DB0575,1,1,Zapatillas,urbano,0,APPLY
DB0576,1,1,Zapatillas,urbano,0,APPLY
DB0581,2,1,Zapatillas,urbano,0,APPLY
DB0592,1,1,Zapatillas,urbano,0,APPLY
DB0593,1,1,Zapatillas,urbano,0,APPLY
DB0686,3,1,Zapatillas,urbano,0,APPLY
DB1370,1,1,Zapatillas,urbano,0,APPLY
DB1464,1,1,Zapatillas,urbano,0,APPLY
DB1476,1,1,Zapatillas,urbano,0,APPLY
DB1481,1,1,Zapatillas,urbano,0,APPLY
DB1540,3,1,Zapatillas,urbano,0,APPLY
DB1727,1,1,Zapatillas,urbano,0,APPLY
DB1731,1,1,Zapatillas,urbano,0,APPLY
DB1805,3,1,Zapatillas,urbano,0,APPLY
DB1815,1,1,Zapatillas,urbano,0,APPLY
DB1822,2,1,Zapatillas,urbano,0,APPLY
DB1837,2,1,Zapatillas,urbano,0,APPLY
DB1839,1,1,Zapatillas,urbano,0,APPLY
DB1855,1,1,Zapatillas,urbano,0,APPLY
DB1948,1,1,Zapatillas,urbano,0,APPLY
DB2882,2,1,Zapatillas,urbano,0,APPLY
DB3147,1,1,Zapatillas,urbano,0,APPLY
DB3268,4,1,Zapatillas,urbano,0,APPLY
DB3347,1,1,Zapatillas,urbano,0,APPLY
DB779-600,2,1,Zapatillas,urbano,0,APPLY
DB9953-001,2,1,Zapatillas,urbano,0,APPLY
DC0812-808,4,1,Zapatillas,urbano,0,APPLY
DC1460-007,2,1,Zapatillas,urbano,0,APPLY
DC1460-016,2,1,Zapatillas,urbano,0,APPLY
DC1460-400,2,1,Zapatillas,urbano,0,APPLY
DC3728-006,2,1,Zapatillas,urbano,0,APPLY
DC3979-657,3,1,Zapatillas,urbano,0,APPLY
DD0161-100,4,1,Zapatillas,urbano,0,APPLY
DC8184-104,2,1,Zapatillas,urbano,0,APPLY
DC8466-437,3,1,Zapatillas,urbano,0,APPLY
DC9402-001,3,1,Zapatillas,urbano,0,APPLY
DD0161-001,2,1,Zapatillas,urbano,0,APPLY
DD6958-108,3,1,Zapatillas,urbano,0,APPLY
DD7302-004,3,1,Zapatillas,urbano,0,APPLY
DD7303-004,3,1,Zapatillas,urbano,0,APPLY
DD9284-001,4,1,Zapatillas,urbano,0,APPLY
DD9304-005,3,1,Zapatillas,urbano,0,APPLY
DD9311-003,2,1,Zapatillas,urbano,0,APPLY
DD9311-102,2,1,Zapatillas,urbano,0,APPLY
DD9477-446,2,1,Zapatillas,urbano,0,APPLY
DD9477-705,2,1,Zapatillas,urbano,0,APPLY
DD9478-100,2,1,Zapatillas,urbano,0,APPLY
DD9486-010,2,1,Zapatillas,urbano,0,APPLY
DD9535-007,6,1,Zapatillas,urbano,0,APPLY
DD9538-011,3,1,Zapatillas,urbano,0,APPLY
DD9556-705,2,1,Zapatillas,urbano,0,APPLY
DD9682-100,2,1,Zapatillas,urbano,0,APPLY
DD9682-103,3,1,Zapatillas,urbano,0,APPLY
DES221-1,5,1;58,Zapatillas,urbano,0,APPLY
DES223-4,3,1,Zapatillas,urbano,0,APPLY
DH0623-500,2,1,Zapatillas,urbano,0,APPLY
DH3158-103,3,1,Zapatillas,urbano,0,APPLY
DH3161-100,4,1,Zapatillas,urbano,0,APPLY
DH8010-101,2,1,Zapatillas,urbano,0,APPLY
DH8070-101,1,1,Zapatillas,urbano,0,APPLY
DH9522-004,2,1,Zapatillas,urbano,0,APPLY
DH9522-300,2,1,Zapatillas,urbano,0,APPLY
DJ2907-007,2,1,Zapatillas,urbano,0,APPLY
DJ2909-007,2,1,Zapatillas,urbano,0,APPLY
DJ4336-900,2,1,Zapatillas,urbano,0,APPLY
DJ5603-040,2,1,Zapatillas,urbano,0,APPLY
DJ5616-040,3,1,Zapatillas,urbano,0,APPLY
DJ5616-601,2,1,Zapatillas,urbano,0,APPLY
DJ5616-700,2,1,Zapatillas,urbano,0,APPLY
DJ5621-601,2,1,Zapatillas,urbano,0,APPLY
DJ5625-146,2,1,Zapatillas,urbano,0,APPLY
DJ5625-700,2,1,Zapatillas,urbano,0,APPLY
DJ5629-001,2,1,Zapatillas,urbano,0,APPLY
DJ5629-040,2,1,Zapatillas,urbano,0,APPLY
DJ5629-146,2,1,Zapatillas,urbano,0,APPLY
DJ5631-600,3,1,Zapatillas,urbano,0,APPLY
DJ5635-700,2,1,Zapatillas,urbano,0,APPLY
DJ5954-700,2,1,Zapatillas,urbano,0,APPLY
DJ5956-600,2,1,Zapatillas,urbano,0,APPLY
DJ5959-001,2,1,Zapatillas,urbano,0,APPLY
DJ5965-600,2,1,Zapatillas,urbano,0,APPLY
DJ5968-040,4,1,Zapatillas,urbano,0,APPLY
DJ5969-600,2,1,Zapatillas,urbano,0,APPLY
DJ6054-100,3,1,Zapatillas,urbano,0,APPLY
DJ6158-004,3,1,Zapatillas,urbano,0,APPLY
DJ9431-001,2,1,Zapatillas,urbano,0,APPLY
DJ9431-300,2,1,Zapatillas,urbano,0,APPLY
DJ9779-001,2,1,Zapatillas,urbano,0,APPLY
DM0029-005,3,1,Zapatillas,urbano,0,APPLY
DM0032-005,2,1,Zapatillas,urbano,0,APPLY
DM0113-600,3,1,Zapatillas,urbano,0,APPLY
DM0118-100,2,1,Zapatillas,urbano,0,APPLY
DM0825-003,3,1,Zapatillas,urbano,0,APPLY
DM0829-001,7,1,Zapatillas,urbano,0,APPLY
DM1123-001,3,1,Zapatillas,urbano,0,APPLY
DM1123-002,2,1,Zapatillas,urbano,0,APPLY
DM1123-004,3,1,Zapatillas,urbano,0,APPLY
DM1123-006,2,1,Zapatillas,urbano,0,APPLY
DM1123-400,3,1,Zapatillas,urbano,0,APPLY
DM1124-006,3,1,Zapatillas,urbano,0,APPLY
DM1124-011,2,1,Zapatillas,urbano,0,APPLY
DM1125-001,3,1,Zapatillas,urbano,0,APPLY
DM3493-001,3,1,Zapatillas,urbano,0,APPLY
DM4044-400,3,1,Zapatillas,urbano,0,APPLY
DM8682-001,2,1,Zapatillas,urbano,0,APPLY
DM9027-402,3,1,Zapatillas,urbano,0,APPLY
DN1791-100,3,1,Zapatillas,urbano,0,APPLY
DN1791-103,3,1,Zapatillas,urbano,0,APPLY
DN3687-002,2,1,Zapatillas,urbano,0,APPLY
DN3687-160,2,1,Zapatillas,urbano,0,APPLY
DO1344-101,3,1,Zapatillas,urbano,0,APPLY
DO1925-102,3,1,Zapatillas,urbano,0,APPLY
DO9345-400,2,1,Zapatillas,urbano,0,APPLY
DO9347-400,2,1,Zapatillas,urbano,0,APPLY
DO9347-694,2,1,Zapatillas,urbano,0,APPLY
DO9354-001,3,1,Zapatillas,urbano,0,APPLY
DO9790-400,2,1,Zapatillas,urbano,0,APPLY
DQ0369-600,4,1,Zapatillas,urbano,0,APPLY
DQ0473-100,3,1,Zapatillas,urbano,0,APPLY
DQ0492-300,1,1,Zapatillas,urbano,0,APPLY
DQ5308-182,2,1,Zapatillas,urbano,0,APPLY
DQ7666-001,2,1,Zapatillas,urbano,0,APPLY
DQ7679-400,2,1,Zapatillas,urbano,0,APPLY
DQ8401-014,3,1,Zapatillas,urbano,0,APPLY
DQ8423-132,2,1,Zapatillas,urbano,0,APPLY
DQ9131-002,2,1,Zapatillas,urbano,0,APPLY
DR2689-103,1,1,Zapatillas,urbano,0,APPLY
DR2698-103,2,1,Zapatillas,urbano,0,APPLY
DR5945-810,2,1,Zapatillas,urbano,0,APPLY
DR5948-810,2,1,Zapatillas,urbano,0,APPLY
DR5950-810,5,1,Zapatillas,urbano,0,APPLY
DR5952-810,5,1,Zapatillas,urbano,0,APPLY
DR5961-810,2,1,Zapatillas,urbano,0,APPLY
DR5965-810,2,1,Zapatillas,urbano,0,APPLY
DR5970-810,2,1,Zapatillas,urbano,0,APPLY
DR5972-510,2,1,Zapatillas,urbano,0,APPLY
DR5979-510,2,1,Zapatillas,urbano,0,APPLY
DR7882-002,3,1,Zapatillas,urbano,0,APPLY
DR7882-600,2,1,Zapatillas,urbano,0,APPLY
DR7882-700,2,1,Zapatillas,urbano,0,APPLY
DV0175,2,1,Zapatillas,urbano,0,APPLY
DV0735-400,3,1,Zapatillas,urbano,0,APPLY
DV0792-101,3,1,Zapatillas,urbano,0,APPLY
DV0820-100,3,1,Zapatillas,urbano,0,APPLY
DV0830-101,3,1,Zapatillas,urbano,0,APPLY
DV2422-405,2,1,Zapatillas,urbano,0,APPLY
DV2913-001,2,1,Zapatillas,urbano,0,APPLY
DV2913-101,2,1,Zapatillas,urbano,0,APPLY
DV3699,1,1,Zapatillas,urbano,0,APPLY
DV3816,2,1,Zapatillas,urbano,0,APPLY
DV3929,1,1,Zapatillas,urbano,0,APPLY
DV3956,1,1,Zapatillas,urbano,0,APPLY
DV4178,2,1,Zapatillas,urbano,0,APPLY
DV4185,3,1,Zapatillas,urbano,0,APPLY
DV4186,4,1,Zapatillas,urbano,0,APPLY
DV4319,1,1,Zapatillas,urbano,0,APPLY
DV4337-100,2,1,Zapatillas,urbano,0,APPLY
DV4342-700,2,1,Zapatillas,urbano,0,APPLY
DV4345-100,4,1,Zapatillas,urbano,0,APPLY
DV4351-040,2,1,Zapatillas,urbano,0,APPLY
DV4352-100,2,1,Zapatillas,urbano,0,APPLY
DV4475,1,1,Zapatillas,urbano,0,APPLY
DV4505,2,1,Zapatillas,urbano,0,APPLY
DV4616,3,1,Zapatillas,urbano,0,APPLY
DV4617,1,1,Zapatillas,urbano,0,APPLY
DV4619,1,1,Zapatillas,urbano,0,APPLY
DV4777,1,1,Zapatillas,urbano,0,APPLY
DV5175,1,1,Zapatillas,urbano,0,APPLY
DV5409,4,1,Zapatillas,urbano,0,APPLY
DV5410,4,1,Zapatillas,urbano,0,APPLY
DV5411,2,1,Zapatillas,urbano,0,APPLY
DV5412,3,1,Zapatillas,urbano,0,APPLY
DV5414,1,1,Zapatillas,urbano,0,APPLY
DV5456-102,2,1,Zapatillas,urbano,0,APPLY
DV5456-106,3,1,Zapatillas,urbano,0,APPLY
DV5458-105,2,1,Zapatillas,urbano,0,APPLY
DV5458-106,3,1,Zapatillas,urbano,0,APPLY
DV5477-400,2,1,Zapatillas,urbano,0,APPLY
DV5660,1,1,Zapatillas,urbano,0,APPLY
DV5793,1,1,Zapatillas,urbano,0,APPLY
DV6142,2,1,Zapatillas,urbano,0,APPLY
DV6399,1,1,Zapatillas,urbano,0,APPLY
DV6658,1,1,Zapatillas,urbano,0,APPLY
DV6675,2,1,Zapatillas,urbano,0,APPLY
DV6703,1,1,Zapatillas,urbano,0,APPLY
DV6704,1,1,Zapatillas,urbano,0,APPLY
DV6706,2,1,Zapatillas,urbano,0,APPLY
DV6915,1,1,Zapatillas,urbano,0,APPLY
DV6951,1,1,Zapatillas,urbano,0,APPLY
DV6976,2,1,Zapatillas,urbano,0,APPLY
DV7184,2,1,Zapatillas,urbano,0,APPLY
DV7185,2,1,Zapatillas,urbano,0,APPLY
DV8347,3,1,Zapatillas,urbano,0,APPLY
DV8355,2,1,Zapatillas,urbano,0,APPLY
DV8356,2,1,Zapatillas,urbano,0,APPLY
DV8688,2,1,Zapatillas,urbano,0,APPLY
DV8839,1,1,Zapatillas,urbano,0,APPLY
DV8946,2,1,Zapatillas,urbano,0,APPLY
DV8994-400,2,1,Zapatillas,urbano,0,APPLY
DV8996-002,3,1,Zapatillas,urbano,0,APPLY
DV9007,3,1,Zapatillas,urbano,0,APPLY
DV9017,2,1,Zapatillas,urbano,0,APPLY
DV9023,3,1,Zapatillas,urbano,0,APPLY
DV9043,3,1,Zapatillas,urbano,0,APPLY
DV9044,3,1,Zapatillas,urbano,0,APPLY
DV9075,2,1,Zapatillas,urbano,0,APPLY
DV9134,1,1,Zapatillas,urbano,0,APPLY
DV9202,1,1,Zapatillas,urbano,0,APPLY
DV9262,1,1,Zapatillas,urbano,0,APPLY
DV9298,2,1,Zapatillas,urbano,0,APPLY
DV9299,2,1,Zapatillas,urbano,0,APPLY
DV9305,2,1,Zapatillas,urbano,0,APPLY
DV9313,2,1,Zapatillas,urbano,0,APPLY
DV9315,2,1,Zapatillas,urbano,0,APPLY
DV9326,4,1,Zapatillas,urbano,0,APPLY
DV9327,2,1,Zapatillas,urbano,0,APPLY
DV9351,2,1,Zapatillas,urbano,0,APPLY
DV9444,1,1,Zapatillas,urbano,0,APPLY
DV9462,1,1,Zapatillas,urbano,0,APPLY
DV9463,1,1,Zapatillas,urbano,0,APPLY
DV9604,1,1,Zapatillas,urbano,0,APPLY
DV9625,2,1,Zapatillas,urbano,0,APPLY
DV9681,1,1,Zapatillas,urbano,0,APPLY
DV9759,1,1,Zapatillas,urbano,0,APPLY
DV9775,1,1,Zapatillas,urbano,0,APPLY
DV9816,1,1,Zapatillas,urbano,0,APPLY
DX1816-405,2,1,Zapatillas,urbano,0,APPLY
DX4768-400,2,1,Zapatillas,urbano,0,APPLY
DX4816-200,2,1,Zapatillas,urbano,0,APPLY
DX7615-001,2,1,Zapatillas,urbano,0,APPLY
DY2571,2,1,Zapatillas,urbano,0,APPLY
DZ4353-104,2,1,Zapatillas,urbano,0,APPLY
DZ7736-001,2,1,Zapatillas,urbano,0,APPLY
E0532D8001,2,46,Zapatillas,"urbano,oficial",0,APPLY
ED8712,2,1,Zapatillas,urbano,0,APPLY
EE3896,3,1,Zapatillas,urbano,0,APPLY
EE5602,1,1,Zapatillas,urbano,0,APPLY
EE6135,2,1,Zapatillas,urbano,0,APPLY
EE6136,1,1,Zapatillas,urbano,0,APPLY
EE6185,1,1,Zapatillas,urbano,0,APPLY
EE6236,1,1,Zapatillas,urbano,0,APPLY
EE6566,4,1,Zapatillas,urbano,0,APPLY
EE6933,1,1,Zapatillas,urbano,0,APPLY
EE7373,4,1,Zapatillas,urbano,0,APPLY
EE7379,4,1,Zapatillas,urbano,0,APPLY
EE7510,4,1,Zapatillas,urbano,0,APPLY
EE7511,4,1,Zapatillas,urbano,0,APPLY
EE7691,1,1,Zapatillas,urbano,0,APPLY
EE7692,2,1,Zapatillas,urbano,0,APPLY
EE7693,2,1,Zapatillas,urbano,0,APPLY
EE7842,2,1,Zapatillas,urbano,0,APPLY
EE7874,1,1,Zapatillas,urbano,0,APPLY
EE7876,3,1,Zapatillas,urbano,0,APPLY
EE7900,1,1,Zapatillas,urbano,0,APPLY
EE7904,2,1,Zapatillas,urbano,0,APPLY
EE7916,1,1,Zapatillas,urbano,0,APPLY
EE7917,1,1,Zapatillas,urbano,0,APPLY
EE7919,1,1,Zapatillas,urbano,0,APPLY
EE7926,2,1,Zapatillas,urbano,0,APPLY
EE7968,2,1,Zapatillas,urbano,0,APPLY
EE8153,1,1,Zapatillas,urbano,0,APPLY
EE8154,1,1,Zapatillas,urbano,0,APPLY
EE8155,1,1,Zapatillas,urbano,0,APPLY
EE8177,2,1,Zapatillas,urbano,0,APPLY
EE8353,1,1,Zapatillas,urbano,0,APPLY
EE8448,1,1,Zapatillas,urbano,0,APPLY
EE8550,5,1,Zapatillas,urbano,0,APPLY
EE8551,2,1,Zapatillas,urbano,0,APPLY
EE8567,1,1,Zapatillas,urbano,0,APPLY
EE8853,1,1,Zapatillas,urbano,0,APPLY
EE9502,2,1,Zapatillas,urbano,0,APPLY
EE9577,2,1,Zapatillas,urbano,0,APPLY
EE9630,1,1,Zapatillas,urbano,0,APPLY
EE9631,4,1,Zapatillas,urbano,0,APPLY
EE9635,1,1,Zapatillas,urbano,0,APPLY
EE9638,2,1,Zapatillas,urbano,0,APPLY
EE9651,2,1,Zapatillas,urbano,0,APPLY
EE9652,2,1,Zapatillas,urbano,0,APPLY
EE9657,2,1,Zapatillas,urbano,0,APPLY
EE9658,1,1,Zapatillas,urbano,0,APPLY
EE9708,1,1,Zapatillas,urbano,0,APPLY
EE9709,4,1,Zapatillas,urbano,0,APPLY
EE9846,2,1,Zapatillas,urbano,0,APPLY
EE9852,1,1,Zapatillas,urbano,0,APPLY
EE9892,2,1,Zapatillas,urbano,0,APPLY
EF0101,2,1,Zapatillas,urbano,0,APPLY
EF0107,4,1,Zapatillas,urbano,0,APPLY
EF0108,5,1,Zapatillas,urbano,0,APPLY
EF0109,4,1,Zapatillas,urbano,0,APPLY
EF0116,2,1,Zapatillas,urbano,0,APPLY
EF0117,2,1,Zapatillas,urbano,0,APPLY
EF0118,5,1,Zapatillas,urbano,0,APPLY
EF0150,1,1,Zapatillas,urbano,0,APPLY
EF0152,1,1,Zapatillas,urbano,0,APPLY
EF0211,5,1,Zapatillas,urbano,0,APPLY
EF0212,2,1,Zapatillas,urbano,0,APPLY
EF0221,2,1,Zapatillas,urbano,0,APPLY
EF0222,4,1,Zapatillas,urbano,0,APPLY
EF0300,2,1,Zapatillas,urbano,0,APPLY
EF0301,2,1,Zapatillas,urbano,0,APPLY
EF0338,2,1,Zapatillas,urbano,0,APPLY
EF0476,1,1,Zapatillas,urbano,0,APPLY
EF0532,1,1,Zapatillas,urbano,0,APPLY
EF0539,2,1,Zapatillas,urbano,0,APPLY
EF0540,2,1,Zapatillas,urbano,0,APPLY
EF0854,1,1,Zapatillas,urbano,0,APPLY
EF0855,1,1,Zapatillas,urbano,0,APPLY
EF1085,1,1,Zapatillas,urbano,0,APPLY
EF1092,1,1,Zapatillas,urbano,0,APPLY
EF1093,1,1,Zapatillas,urbano,0,APPLY
EF1102,1,1,Zapatillas,urbano,0,APPLY
EF1103,1,1,Zapatillas,urbano,0,APPLY
EF1730,6,1,Zapatillas,urbano,0,APPLY
EF1950,2,1,Zapatillas,urbano,0,APPLY
EF3314,2,1,Zapatillas,urbano,0,APPLY
EF3365,2,1,Zapatillas,urbano,0,APPLY
EF3985,2,1,Zapatillas,urbano,0,APPLY
EF4820,2,1,Zapatillas,urbano,0,APPLY
EF4840,2,1,Zapatillas,urbano,0,APPLY
EF4842,2,1,Zapatillas,urbano,0,APPLY
EF4843,2,1,Zapatillas,urbano,0,APPLY
EF4981,2,1,Zapatillas,urbano,0,APPLY
EF5398,2,1,Zapatillas,urbano,0,APPLY
EF5399,3,1,Zapatillas,urbano,0,APPLY
EF5885,2,1,Zapatillas,urbano,0,APPLY
EF5977,2,1,Zapatillas,urbano,0,APPLY
EF6336,2,1,Zapatillas,urbano,0,APPLY
EF6822,2,1,Zapatillas,urbano,0,APPLY
EF7046,2,1,Zapatillas,urbano,0,APPLY
EF7270,2,1,Zapatillas,urbano,0,APPLY
EF7298,2,1,Zapatillas,urbano,0,APPLY
EF7560,2,1,Zapatillas,urbano,0,APPLY
EF7768,2,1,Zapatillas,urbano,0,APPLY
EF7769,2,1,Zapatillas,urbano,0,APPLY
EF7827,1,1,Zapatillas,urbano,0,APPLY
EF7832,2,1,Zapatillas,urbano,0,APPLY
EF9258,2,1,Zapatillas,urbano,0,APPLY
EF9259,2,1,Zapatillas,urbano,0,APPLY
EF9261,2,1,Zapatillas,urbano,0,APPLY
EF9277,2,1,Zapatillas,urbano,0,APPLY
EF9281,1,1,Zapatillas,urbano,0,APPLY
EF9621,2,1,Zapatillas,urbano,0,APPLY
EF9693,2,1,Zapatillas,urbano,0,APPLY
EF9713,3,1,Zapatillas,urbano,0,APPLY
EF9716,2,1,Zapatillas,urbano,0,APPLY
EF9717,2,1,Zapatillas,urbano,0,APPLY
EF9810,3,1,Zapatillas,urbano,0,APPLY
EF9811,4,1,Zapatillas,urbano,0,APPLY
EF9812,3,1,Zapatillas,urbano,0,APPLY
EF9824,1,1,Zapatillas,urbano,0,APPLY
EF9844,2,1,Zapatillas,urbano,0,APPLY
EF9845,4,1,Zapatillas,urbano,0,APPLY
EF9878,2,1,Zapatillas,urbano,0,APPLY
EF9889,2,1,Zapatillas,urbano,0,APPLY
EF9904,2,1,Zapatillas,urbano,0,APPLY
EF9905,2,1,Zapatillas,urbano,0,APPLY
EF9926,2,1,Zapatillas,urbano,0,APPLY
EG0002,2,1,Zapatillas,urbano,0,APPLY
EG0005,3,1,Zapatillas,urbano,0,APPLY
EG0951,2,1,Zapatillas,urbano,0,APPLY
EG1584,2,1,Zapatillas,urbano,0,APPLY
EG1758,7,1,Zapatillas,urbano,0,APPLY
EG2225,2,1,Zapatillas,urbano,0,APPLY
EG2544,2,1,Zapatillas,urbano,0,APPLY
EG2655,1,1,Zapatillas,urbano,0,APPLY
EG2656,2,1,Zapatillas,urbano,0,APPLY
EG2799,3,1,Zapatillas,urbano,0,APPLY
EG2932,2,1,Zapatillas,urbano,0,APPLY
EG3283,5,1,Zapatillas,urbano,0,APPLY
EG3313,3,1,Zapatillas,urbano,0,APPLY
EG4089,2,1,Zapatillas,urbano,0,APPLY
EG4957,4,1;2,Zapatillas,urbano,0,APPLY
EG4959,3,1,Zapatillas,urbano,0,APPLY
EG4960,2,1,Zapatillas,urbano,0,APPLY
EG6147,3,1,Zapatillas,urbano,0,APPLY
EG6153,2,1,Zapatillas,urbano,0,APPLY
EG6154,4,1,Zapatillas,urbano,0,APPLY
EG6208,1,1,Zapatillas,urbano,0,APPLY
EG6209,1,1,Zapatillas,urbano,0,APPLY
EG6566,2,1,Zapatillas,urbano,0,APPLY
EG6908,2,1,Zapatillas,urbano,0,APPLY
EG7235,4,1,Zapatillas,urbano,0,APPLY
EG7478,1,1,Zapatillas,urbano,0,APPLY
EG7734,3,1,Zapatillas,urbano,0,APPLY
EG7972,2,1,Zapatillas,urbano,0,APPLY
EG8300,2,1,Zapatillas,urbano,0,APPLY
EG8389,2,1,Zapatillas,urbano,0,APPLY
EG8573,3,1,Zapatillas,urbano,0,APPLY
EG9243,2,1,Zapatillas,urbano,0,APPLY
EG9244,2,1,Zapatillas,urbano,0,APPLY
EG9270,2,1,Zapatillas,urbano,0,APPLY
EG9395,1,1,Zapatillas,urbano,0,APPLY
EG9418,1,1,Zapatillas,urbano,0,APPLY
EG9447,2,1,Zapatillas,urbano,0,APPLY
EG9449,2,1,Zapatillas,urbano,0,APPLY
EG9488,2,1,Zapatillas,urbano,0,APPLY
EH0176,2,1,Zapatillas,urbano,0,APPLY
EH0231,2,1,Zapatillas,urbano,0,APPLY
EH0667,4,1,Zapatillas,urbano,0,APPLY
EH0959,2,1,Zapatillas,urbano,0,APPLY
EH0977,2,1,Zapatillas,urbano,0,APPLY
EH1001,2,1,Zapatillas,urbano,0,APPLY
EH1481,2,107,Zapatillas,urbano,0,APPLY
EH1633,2,1,Zapatillas,urbano,0,APPLY
EH1722,2,1,Zapatillas,urbano,0,APPLY
EH1789,2,1,Zapatillas,urbano,0,APPLY
EH1790,2,1,Zapatillas,urbano,0,APPLY
EH1995,2,1,Zapatillas,urbano,0,APPLY
EH1999,2,1,Zapatillas,urbano,0,APPLY
EH2065,2,1,Zapatillas,urbano,0,APPLY
EH2069,2,1,Zapatillas,urbano,0,APPLY
EH2111,1,1,Zapatillas,urbano,0,APPLY
EH2112,1,1,Zapatillas,urbano,0,APPLY
EH2485,2,1,Zapatillas,urbano,0,APPLY
EH2486,1,1,Zapatillas,urbano,0,APPLY
EH2487,3,1,Zapatillas,urbano,0,APPLY
EH2488,3,1,Zapatillas,urbano,0,APPLY
EH2570,1,1,Zapatillas,urbano,0,APPLY
EH2657,2,1,Zapatillas,urbano,0,APPLY
EH2690,1,1,Zapatillas,urbano,0,APPLY
EH2713,2,1,Zapatillas,urbano,0,APPLY
EH2792,2,1,Zapatillas,urbano,0,APPLY
EH3204,2,1,Zapatillas,urbano,0,APPLY
EH3211,2,1,Zapatillas,urbano,0,APPLY
EH3462,1,1,Zapatillas,urbano,0,APPLY
EH3550,2,1,Zapatillas,urbano,0,APPLY
EH3553,2,1,Zapatillas,urbano,0,APPLY
EH3554,2,1,Zapatillas,urbano,0,APPLY
EH3566,2,1,Zapatillas,urbano,0,APPLY
EK004/1,3,1,Zapatillas,urbano,0,APPLY
EK004/2,3,1,Zapatillas,urbano,0,APPLY
EK005/1,3,1,Zapatillas,urbano,0,APPLY
EK005/2,2,1,Zapatillas,urbano,0,APPLY
EK006/2,3,1,Zapatillas,urbano,0,APPLY
EK007/1,2,1,Zapatillas,urbano,0,APPLY
EK008/1,2,1,Zapatillas,urbano,0,APPLY
EK014/1,4,1,Zapatillas,urbano,0,APPLY
EK014/2,4,1,Zapatillas,urbano,0,APPLY
EK015/1,4,1,Zapatillas,urbano,0,APPLY
EK015/2,4,1,Zapatillas,urbano,0,APPLY
EK019/1,4,1,Zapatillas,urbano,0,APPLY
EK020/1,2,1,Zapatillas,urbano,0,APPLY
EK021/1,4,1,Zapatillas,urbano,0,APPLY
EK023/1,2,1,Zapatillas,urbano,0,APPLY
EK028/1,4,1,Zapatillas,urbano,0,APPLY
EK029/1,4,1,Zapatillas,urbano,0,APPLY
EK030/1,2,1,Zapatillas,urbano,0,APPLY
EK031/1,3,1,Zapatillas,urbano,0,APPLY
EK032/1,2,1,Zapatillas,urbano,0,APPLY
EK035/1,4,1,Zapatillas,urbano,0,APPLY
EK037/1,3,1,Zapatillas,urbano,0,APPLY
EK038/1,2,1,Zapatillas,urbano,0,APPLY
EK042/1,3,1,Zapatillas,urbano,0,APPLY
EK043/1,2,1,Zapatillas,urbano,0,APPLY
EK044/1,2,1,Zapatillas,urbano,0,APPLY
EK046/1,4,1,Zapatillas,urbano,0,APPLY
EK046/2,2,1,Zapatillas,urbano,0,APPLY
EK047/1,4,1,Zapatillas,urbano,0,APPLY
EK048/1,2,1,Zapatillas,urbano,0,APPLY
EK049/1,2,1,Zapatillas,urbano,0,APPLY
EK049/2,2,1,Zapatillas,urbano,0,APPLY
EK054/1,3,1,Zapatillas,urbano,0,APPLY
EK055/1,3,1,Zapatillas,urbano,0,APPLY
EK056/1,3,1,Zapatillas,urbano,0,APPLY
EK057/1,4,1,Zapatillas,urbano,0,APPLY
EK057/2,3,1,Zapatillas,urbano,0,APPLY
EK060/1,4,1,Zapatillas,urbano,0,APPLY
EK084/1,2,1,Zapatillas,urbano,0,APPLY
EK087/1,2,1,Zapatillas,urbano,0,APPLY
EK100/1,3,1,Zapatillas,urbano,0,APPLY
EK100/2,3,1,Zapatillas,urbano,0,APPLY
EK110/1,2,1,Zapatillas,urbano,0,APPLY
EK110/2,3,1,Zapatillas,urbano,0,APPLY
EK112/1,3,1,Zapatillas,urbano,0,APPLY
EK122/1,3,1,Zapatillas,urbano,0,APPLY
EK122/2,2,1,Zapatillas,urbano,0,APPLY
EK126/1,2,1,Zapatillas,urbano,0,APPLY
EK129/1,3,1,Zapatillas,urbano,0,APPLY
F32729,1,1,Zapatillas,urbano,0,APPLY
F32833,2,1,Zapatillas,urbano,0,APPLY
F33900,1,1,Zapatillas,urbano,0,APPLY
F34038,1,1,Zapatillas,urbano,0,APPLY
F34053,1,1,Zapatillas,urbano,0,APPLY
F34163,1,1,Zapatillas,urbano,0,APPLY
F34165,1,1,Zapatillas,urbano,0,APPLY
F34314,1,1,Zapatillas,urbano,0,APPLY
F34321,1,1,Zapatillas,urbano,0,APPLY
F34469,1,1,Zapatillas,urbano,0,APPLY
F34616,1,1,Zapatillas,urbano,0,APPLY
F34617,2,1,Zapatillas,urbano,0,APPLY
F34676,2,1,Zapatillas,urbano,0,APPLY
F34699,1,1,Zapatillas,urbano,0,APPLY
F34700,2,1,Zapatillas,urbano,0,APPLY
F34974,2,1,Zapatillas,urbano,0,APPLY
F35051,2,1,Zapatillas,urbano,0,APPLY
F35106,2,1,Zapatillas,urbano,0,APPLY
F35107,1,1,Zapatillas,urbano,0,APPLY
F35108,1,1,Zapatillas,urbano,0,APPLY
F35109,1,1,Zapatillas,urbano,0,APPLY
F35110,2,1,Zapatillas,urbano,0,APPLY
F35111,1,1,Zapatillas,urbano,0,APPLY
F35113,1,1,Zapatillas,urbano,0,APPLY
F35357,3,1,Zapatillas,urbano,0,APPLY
F35556,4,1,Zapatillas,urbano,0,APPLY
F35580,3,1,Zapatillas,urbano,0,APPLY
F35860,2,1,Zapatillas,urbano,0,APPLY
F36159,1,1,Zapatillas,urbano,0,APPLY
F36160,1,1,Zapatillas,urbano,0,APPLY
F36163,2,1,Zapatillas,urbano,0,APPLY
F36199,3,1,Zapatillas,urbano,0,APPLY
F36200,1,1,Zapatillas,urbano,0,APPLY
F36202,1,1,Zapatillas,urbano,0,APPLY
F36204,1,1,Zapatillas,urbano,0,APPLY
F36205,1,1,Zapatillas,urbano,0,APPLY
F36206,2,1,Zapatillas,urbano,0,APPLY
F36215,1,1,Zapatillas,urbano,0,APPLY
F36216,1,1,Zapatillas,urbano,0,APPLY
F36217,1,1,Zapatillas,urbano,0,APPLY
F36218,2,1,Zapatillas,urbano,0,APPLY
F36271,1,1,Zapatillas,urbano,0,APPLY
F36334,1,1,Zapatillas,urbano,0,APPLY
F36392,7,1,Zapatillas,urbano,0,APPLY
F36541,2,1,Zapatillas,urbano,0,APPLY
F36543,3,1,Zapatillas,urbano,0,APPLY
F36548,4,1,Zapatillas,urbano,0,APPLY
F36717,2,1,Zapatillas,urbano,0,APPLY
F36718,2,1,Zapatillas,urbano,0,APPLY
F36889,2,1,Zapatillas,urbano,0,APPLY
F36933,2,1,Zapatillas,urbano,0,APPLY
F37383,2,1,Zapatillas,urbano,0,APPLY
F37427,2,1,Zapatillas,urbano,0,APPLY
F37735,1,1,Zapatillas,urbano,0,APPLY
F37909,2,1,Zapatillas,urbano,0,APPLY
F38032,1,1,Zapatillas,urbano,0,APPLY
F38058,3,1,Zapatillas,urbano,0,APPLY
F38067,2,1,Zapatillas,urbano,0,APPLY
F38380,3,1,Zapatillas,urbano,0,APPLY
F38395,1,1,Zapatillas,urbano,0,APPLY
F38399,1,1,Zapatillas,urbano,0,APPLY
F38715,2,1,Zapatillas,urbano,0,APPLY
F38736,1,1,Zapatillas,urbano,0,APPLY
F39349,1,1,Zapatillas,urbano,0,APPLY
F39360,1,1,Zapatillas,urbano,0,APPLY
F39361,1,1,Zapatillas,urbano,0,APPLY
F39362,1,1,Zapatillas,urbano,0,APPLY
F39368,3,1,Zapatillas,urbano,0,APPLY
F7193,2,1,Zapatillas,urbano,0,APPLY
F76154,1,1,Zapatillas,urbano,0,APPLY
F76421,1,1,Zapatillas,urbano,0,APPLY
F76424,1,1,Zapatillas,urbano,0,APPLY
F76467,1,1,Zapatillas,urbano,0,APPLY
F76512,2,1,Zapatillas,urbano,0,APPLY
F76558,1,1,Zapatillas,urbano,0,APPLY
F76617,3,1,Zapatillas,urbano,0,APPLY
F97273,2,1,Zapatillas,urbano,0,APPLY
F97290,3,1,Zapatillas,urbano,0,APPLY
F97291,4,1,Zapatillas,urbano,0,APPLY
F97304,3,1,Zapatillas,urbano,0,APPLY
F97689,3,1,Zapatillas,urbano,0,APPLY
F97831,2,1,Zapatillas,urbano,0,APPLY
F97857,3,1,Zapatillas,urbano,0,APPLY
F97922,2,1,Zapatillas,urbano,0,APPLY
F97924,2,1,Zapatillas,urbano,0,APPLY
F97944,1,1,Zapatillas,urbano,0,APPLY
F98040,2,1,Zapatillas,urbano,0,APPLY
F98377,1,1,Zapatillas,urbano,0,APPLY
F98440,1,1,Zapatillas,urbano,0,APPLY
F98449,1,1,Zapatillas,urbano,0,APPLY
F98477,2,1,Zapatillas,urbano,0,APPLY
F98478,2,1,Zapatillas,urbano,0,APPLY
F98494,2,1,Zapatillas,urbano,0,APPLY
F98497,1,1,Zapatillas,urbano,0,APPLY
F98521,1,1,Zapatillas,urbano,0,APPLY
F98534,2,1,Zapatillas,urbano,0,APPLY
F98549,1,1,Zapatillas,urbano,0,APPLY
F98552,2,1,Zapatillas,urbano,0,APPLY
F98605,1,1,Zapatillas,urbano,0,APPLY
F98613,2,1,Zapatillas,urbano,0,APPLY
F98624,1,1,Zapatillas,urbano,0,APPLY
F99148,3,1,Zapatillas,urbano,0,APPLY
F99151,1,1,Zapatillas,urbano,0,APPLY
F99252,1,1,Zapatillas,urbano,0,APPLY
F99253,1,1,Zapatillas,urbano,0,APPLY
F99261,1,1,Zapatillas,urbano,0,APPLY
F99272,3,1,Zapatillas,urbano,0,APPLY
F99274,1,1,Zapatillas,urbano,0,APPLY
F99295,1,1,Zapatillas,urbano,0,APPLY
F99356,1,1,Zapatillas,urbano,0,APPLY
F99375,1,1,Zapatillas,urbano,0,APPLY
F99456,2,1,Zapatillas,urbano,0,APPLY
F99532,1,1,Zapatillas,urbano,0,APPLY
F99628,1,1,Zapatillas,urbano,0,APPLY
F99944,2,1,Zapatillas,urbano,0,APPLY
FB1380-100,3,1,Zapatillas,urbano,0,APPLY
FB2207-100,2,1,Zapatillas,urbano,0,APPLY
FB2239-403,2,1,Zapatillas,urbano,0,APPLY
FB8396-060,3,1,Zapatillas,urbano,0,APPLY
FB8398-060,3,1,Zapatillas,urbano,0,APPLY
FB8399-060,2,1,Zapatillas,urbano,0,APPLY
FD0400-725,2,1,Zapatillas,urbano,0,APPLY
FD0808-001,3,1,Zapatillas,urbano,0,APPLY
FD6454-008,2,1,Zapatillas,urbano,0,APPLY
FD6476-401,3,1,Zapatillas,urbano,0,APPLY
FJ2039-060,2,1,Zapatillas,urbano,0,APPLY
FJ2587-002,2,1,Zapatillas,urbano,0,APPLY
FJ2846-100,2,1,Zapatillas,urbano,0,APPLY
FJ2949-001,2,1,Zapatillas,urbano,0,APPLY
FJ9487-100,2,1,Zapatillas,urbano,0,APPLY
FL3716,6,1,Zapatillas,urbano,0,APPLY
FN4446-103,3,1,Zapatillas,urbano,0,APPLY
FQ1598-007,3,1,Zapatillas,urbano,0,APPLY
FQ1598-402,3,1,Zapatillas,urbano,0,APPLY
FQ3680-007,2,1,Zapatillas,urbano,0,APPLY
FQ6873-101,3,1,Zapatillas,urbano,0,APPLY
FRIFW18021,1,1,Zapatillas,urbano,0,APPLY
FQ8291-400,2,1,Zapatillas,urbano,0,APPLY
FRICSS23001,2,1,Zapatillas,urbano,0,APPLY
FRICSS230080,2,1,Zapatillas,urbano,0,APPLY
FRIFW18020,2,1,Zapatillas,urbano,0,APPLY
FRISS18022,1,1,Zapatillas,urbano,0,APPLY
FRISS19018,2,1,Zapatillas,urbano,0,APPLY
FRISS19026,3,1,Zapatillas,urbano,0,APPLY
FRISS19038,2,1,Zapatillas,urbano,0,APPLY
FRISS19039,2,1,Zapatillas,urbano,0,APPLY
FRISS20009,3,1,Zapatillas,urbano,0,APPLY
FRIW19009,3,1,Zapatillas,urbano,0,APPLY
FU6608,2,1,Zapatillas,urbano,0,APPLY
FU6609,1,1,Zapatillas,urbano,0,APPLY
FU6644,2,1,Zapatillas,urbano,0,APPLY
FU7147,2,1,Zapatillas,urbano,0,APPLY
FU7683,2,1,Zapatillas,urbano,0,APPLY
FU7712,3,1,Zapatillas,urbano,0,APPLY
FU7713,2,1,Zapatillas,urbano,0,APPLY
FU7714,2,1,Zapatillas,urbano,0,APPLY
FU7715,2,1,Zapatillas,urbano,0,APPLY
FU7717,2,1,Zapatillas,urbano,0,APPLY
FU8102,2,1,Zapatillas,urbano,0,APPLY
FU8110,2,1,Zapatillas,urbano,0,APPLY
FU8111,2,1,Zapatillas,urbano,0,APPLY
FV0276,3,1,Zapatillas,urbano,0,APPLY
FV0277,3,1,Zapatillas,urbano,0,APPLY
FV0279,4,1,Zapatillas,urbano,0,APPLY
FV0288,2,1,Zapatillas,urbano,0,APPLY
FV0301,2,1,Zapatillas,urbano,0,APPLY
FV1485,2,1,Zapatillas,urbano,0,APPLY
FV1592,2,1,Zapatillas,urbano,0,APPLY
FV1595,2,1,Zapatillas,urbano,0,APPLY
FV1866,2,1,Zapatillas,urbano,0,APPLY
FV2404,2,1,Zapatillas,urbano,0,APPLY
FV2405,2,1,Zapatillas,urbano,0,APPLY
FV3334,4,1,Zapatillas,urbano,0,APPLY
FV4850,2,1,Zapatillas,urbano,0,APPLY
FV4851,2,1,Zapatillas,urbano,0,APPLY
FV5105,2,1,Zapatillas,urbano,0,APPLY
FV5322,2,1,Zapatillas,urbano,0,APPLY
FV8786,3,1,Zapatillas,urbano,0,APPLY
FV8794,3,1,Zapatillas,urbano,0,APPLY
FV9665,2,1,Zapatillas,urbano,0,APPLY
FW0118,2,1,Zapatillas,urbano,0,APPLY
FW02936-148,3,1,Zapatillas,urbano,0,APPLY
FW02945-111,2,1,Zapatillas,urbano,0,APPLY
FW0944,4,1,Zapatillas,urbano,0,APPLY
FW2343,2,1,Zapatillas,urbano,0,APPLY
FW2590,3,1,Zapatillas,urbano,0,APPLY
FW4478,1,1,Zapatillas,urbano,0,APPLY
FW5706,4,1,Zapatillas,urbano,0,APPLY
FW5717,7,1,Zapatillas,urbano,0,APPLY
FW6845,3,1,Zapatillas,urbano,0,APPLY
FW6846,3,1,Zapatillas,urbano,0,APPLY
FW9005,2,1,Zapatillas,urbano,0,APPLY
FX1627,2,1,Zapatillas,urbano,0,APPLY
FX1697,2,1,Zapatillas,urbano,0,APPLY
FX2794,2,1,Zapatillas,urbano,0,APPLY
FX3438,3,1,Zapatillas,urbano,0,APPLY
FX3581,3,1,Zapatillas,urbano,0,APPLY
FX3592,3,1,Zapatillas,urbano,0,APPLY
FX3594,4,1,Zapatillas,urbano,0,APPLY
FX3603,5,1,Zapatillas,urbano,0,APPLY
FX3616,2,1,Zapatillas,urbano,0,APPLY
FX3627,3,1,Zapatillas,urbano,0,APPLY
FX3633,2,1,Zapatillas,urbano,0,APPLY
FX3634,2,1,Zapatillas,urbano,0,APPLY
FX4191,3,1,Zapatillas,urbano,0,APPLY
FX4576,3,1,Zapatillas,urbano,0,APPLY
FX4577,3,1,Zapatillas,urbano,0,APPLY
FX4593,2,1,Zapatillas,urbano,0,APPLY
FX4622,2,1,Zapatillas,urbano,0,APPLY
FX4625,2,1,Zapatillas,urbano,0,APPLY
FX6405,3,1,Zapatillas,urbano,0,APPLY
FX6490,2,1,Zapatillas,urbano,0,APPLY
FX6519,2,1,Zapatillas,urbano,0,APPLY
FX6914,4,1,Zapatillas,urbano,0,APPLY
FX7120,3,1,Zapatillas,urbano,0,APPLY
FX7484,2,1,Zapatillas,urbano,0,APPLY
FX8105,3,1,Zapatillas,urbano,0,APPLY
FX8629,2,1,Zapatillas,urbano,0,APPLY
FX8707,4,1,Zapatillas,urbano,0,APPLY
FY2110,2,1,Zapatillas,urbano,0,APPLY
FY2111,3,1,Zapatillas,urbano,0,APPLY
FY3058,5,1,Zapatillas,urbano,0,APPLY
FY3059,4,1,Zapatillas,urbano,0,APPLY
FY3061,3,1,Zapatillas,urbano,0,APPLY
FY3259,2,1,Zapatillas,urbano,0,APPLY
FY3295,2,1,Zapatillas,urbano,0,APPLY
FY3298,2,1,Zapatillas,urbano,0,APPLY
FY3305,2,1,Zapatillas,urbano,0,APPLY
FY3321,2,1,Zapatillas,urbano,0,APPLY
FY3322,2,1,Zapatillas,urbano,0,APPLY
FY4050,3,1,Zapatillas,urbano,0,APPLY
FY4755,2,1,Zapatillas,urbano,0,APPLY
FY4821,2,1,Zapatillas,urbano,0,APPLY
FY4884,3,1,Zapatillas,urbano,0,APPLY
FY4885,2,1,Zapatillas,urbano,0,APPLY
FY4975,2,1,Zapatillas,urbano,0,APPLY
FY4976,2,1,Zapatillas,urbano,0,APPLY
FY5143,2,1,Zapatillas,urbano,0,APPLY
FY5813,2,1,Zapatillas,urbano,0,APPLY
FY5943,3,1,Zapatillas,urbano,0,APPLY
FY5946,2,1,Zapatillas,urbano,0,APPLY
FY6276,2,1,Zapatillas,urbano,0,APPLY
FY6279,2,1,Zapatillas,urbano,0,APPLY
FY6280,2,1,Zapatillas,urbano,0,APPLY
FY6292,2,1,Zapatillas,urbano,0,APPLY
FY6309,2,1,Zapatillas,urbano,0,APPLY
FY6311,2,1,Zapatillas,urbano,0,APPLY
FY6312,3,1,Zapatillas,urbano,0,APPLY
FY6718,8,1,Zapatillas,urbano,0,APPLY
FY6896,2,1,Zapatillas,urbano,0,APPLY
FY6904,2,1,Zapatillas,urbano,0,APPLY
FY6932,2,1,Zapatillas,urbano,0,APPLY
FY7015,3,1,Zapatillas,urbano,0,APPLY
FY7757,2,1,Zapatillas,urbano,0,APPLY
FY7939,2,1,Zapatillas,urbano,0,APPLY
FY7955,4,1,Zapatillas,urbano,0,APPLY
FY7956,3,1,Zapatillas,urbano,0,APPLY
FY8047,3,1,Zapatillas,urbano,0,APPLY
FY8071,3,1,Zapatillas,urbano,0,APPLY
FY8131,4,1,Zapatillas,urbano,0,APPLY
FY8492,2,1,Zapatillas,urbano,0,APPLY
FY8626,3,1,Zapatillas,urbano,0,APPLY
FY8629,2,1,Zapatillas,urbano,0,APPLY
FY8630,2,1,Zapatillas,urbano,0,APPLY
FY8844,3,1,Zapatillas,urbano,0,APPLY
FY8969,2,1,Zapatillas,urbano,0,APPLY
FY9152,2,1,Zapatillas,urbano,0,APPLY
FY9216,2,1,Zapatillas,urbano,0,APPLY
FY9217,2,1,Zapatillas,urbano,0,APPLY
FY9256,2,1,Zapatillas,urbano,0,APPLY
FY9442,3,1,Zapatillas,urbano,0,APPLY
FY9444,2,1,Zapatillas,urbano,0,APPLY
FY9461,2,1,Zapatillas,urbano,0,APPLY
FY9462,4,1,Zapatillas,urbano,0,APPLY
FY9495,5,1,Zapatillas,urbano,0,APPLY
FY9496,2,1,Zapatillas,urbano,0,APPLY
FY9506,2,1,Zapatillas,urbano,0,APPLY
FY9507,3,1,Zapatillas,urbano,0,APPLY
FY9587,2,1,Zapatillas,urbano,0,APPLY
FY9724,2,1,Zapatillas,urbano,0,APPLY
FZ0090,4,1,Zapatillas,urbano,0,APPLY
FZ0091,6,1,Zapatillas,urbano,0,APPLY
FZ0093,6,1,Zapatillas,urbano,0,APPLY
FZ0106,4,1,Zapatillas,urbano,0,APPLY
FZ0114,3,1,Zapatillas,urbano,0,APPLY
FZ0946,4,1,Zapatillas,urbano,0,APPLY
FZ0962,3,1,Zapatillas,urbano,0,APPLY
FZ1268,2,1,Zapatillas,urbano,0,APPLY
FZ1386,2,1,Zapatillas,urbano,0,APPLY
FZ1395,2,1,Zapatillas,urbano,0,APPLY
FZ1468,2,1,Zapatillas,urbano,0,APPLY
FZ1693,3,1,Zapatillas,urbano,0,APPLY
FZ1696,2,1,Zapatillas,urbano,0,APPLY
FZ2093,2,1,Zapatillas,urbano,0,APPLY
FZ2274,3,1,Zapatillas,urbano,0,APPLY
FZ2444,2,1,Zapatillas,urbano,0,APPLY
FZ2771,2,1,Zapatillas,urbano,0,APPLY
FZ2773,3,1,Zapatillas,urbano,0,APPLY
FZ2923,2,1,Zapatillas,urbano,0,APPLY
FZ2935,3,1,Zapatillas,urbano,0,APPLY
FZ3169,3,1,Zapatillas,urbano,0,APPLY
FZ3170,2,1,Zapatillas,urbano,0,APPLY
FZ3266,2,1,Zapatillas,urbano,0,APPLY
FZ3281,3,1,Zapatillas,urbano,0,APPLY
FZ3362,3,1,Zapatillas,urbano,0,APPLY
FZ3363,2,1,Zapatillas,urbano,0,APPLY
FZ3577,2,1,Zapatillas,urbano,0,APPLY
FZ4948,2,1,Zapatillas,urbano,0,APPLY
FZ4970,2,1,Zapatillas,urbano,0,APPLY
FZ6327,3,1,Zapatillas,urbano,0,APPLY
G06797,1,1,Zapatillas,urbano,0,APPLY
G06799,1,1,Zapatillas,urbano,0,APPLY
G14309,2,1;14,Zapatillas,urbano,0,APPLY
G26149,3,1,Zapatillas,urbano,0,APPLY
G26150,3,1,Zapatillas,urbano,0,APPLY
G26369,1,1,Zapatillas,urbano,0,APPLY
G27105,2,1,Zapatillas,urbano,0,APPLY
G27155,5,1,Zapatillas,urbano,0,APPLY
G27156,3,1,Zapatillas,urbano,0,APPLY
G27173,3,1,Zapatillas,urbano,0,APPLY
G27174,2,1,Zapatillas,urbano,0,APPLY
G27198,1,1,Zapatillas,"urbano,training",0,APPLY
G27211,2,1,Zapatillas,urbano,0,APPLY
G27327,2,1,Zapatillas,urbano,0,APPLY
G27390,4,1,Zapatillas,urbano,0,APPLY
G27391,4,1,Zapatillas,urbano,0,APPLY
G27627,2,1,Zapatillas,urbano,0,APPLY
G27639,1,1,Zapatillas,urbano,0,APPLY
G28533,3,107,Zapatillas,urbano,0,APPLY
G28553,3,107,Zapatillas,urbano,0,APPLY
G28714,1,1,Zapatillas,urbano,0,APPLY
G28902,1,1,Zapatillas,urbano,0,APPLY
G28970,3,1,Zapatillas,urbano,0,APPLY
G28971,1,1,Zapatillas,urbano,0,APPLY
G41365,1,1,Zapatillas,urbano,0,APPLY
G44311,1,1,Zapatillas,urbano,0,APPLY
G54923,2,1,Zapatillas,urbano,0,APPLY
G55111,2,1,Zapatillas,urbano,0,APPLY
G55113,2,1,Zapatillas,urbano,0,APPLY
G55780,2,1,Zapatillas,urbano,0,APPLY
G55874,2,1,Zapatillas,urbano,0,APPLY
G56347,3,1,Zapatillas,urbano,0,APPLY
G57453,2,1,Zapatillas,urbano,0,APPLY
G57516,2,1,Zapatillas,urbano,0,APPLY
G57522,3,1,Zapatillas,urbano,0,APPLY
G57523,4,1,Zapatillas,urbano,0,APPLY
G57708,4,1,Zapatillas,urbano,0,APPLY
G57777,2,1,Zapatillas,urbano,0,APPLY
G58096,7,1,Zapatillas,urbano,0,APPLY
G58109,2,1,Zapatillas,urbano,0,APPLY
G58295,2,1,Zapatillas,urbano,0,APPLY
G58307,2,1,Zapatillas,urbano,0,APPLY
G58319,3,1,Zapatillas,urbano,0,APPLY
G58334,2,1,Zapatillas,urbano,0,APPLY
G58339,2,1,Zapatillas,urbano,0,APPLY
G58364,3,1,Zapatillas,urbano,0,APPLY
G58548,2,1,Zapatillas,urbano,0,APPLY
G58589,2,1,Zapatillas,urbano,0,APPLY
G58627,2,1,Zapatillas,urbano,0,APPLY
G58891,3,1,Zapatillas,urbano,0,APPLY
G58892,5,1,Zapatillas,urbano,0,APPLY
G95260,1,1,Zapatillas,urbano,0,APPLY
G95396,1,1,Zapatillas,urbano,0,APPLY
G95423,1,1,Zapatillas,urbano,0,APPLY
G96287,1,1,Zapatillas,urbano,0,APPLY
G96325,1,1,Zapatillas,urbano,0,APPLY
G97045,2,1,Zapatillas,urbano,0,APPLY
G97985,2,1,Zapatillas,urbano,0,APPLY
GC574GK,1,1,Zapatillas,urbano,0,APPLY
GC574GP,1,1,Zapatillas,urbano,0,APPLY
GC574GV,1,1,Zapatillas,urbano,0,APPLY
GH7259,3,1,Zapatillas,urbano,0,APPLY
GM500CBB,1,1,Zapatillas,urbano,0,APPLY
GM500DGG,1,1,Zapatillas,urbano,0,APPLY
GM500OWN,1,1,Zapatillas,urbano,0,APPLY
GM500SWB,1,1,Zapatillas,urbano,0,APPLY
GM500WBP,1,1,Zapatillas,urbano,0,APPLY
GM5884,2,1,Zapatillas,urbano,0,APPLY
GP0184,8,1,Zapatillas,urbano,0,APPLY
GU0205,2,1,Zapatillas,urbano,0,APPLY
GV6992,3,1,Zapatillas,urbano,0,APPLY
GV6994,3,1,Zapatillas,urbano,0,APPLY
GV7305,2,1,Zapatillas,urbano,0,APPLY
GV7373,3,1,Zapatillas,urbano,0,APPLY
GV7386,2,1,Zapatillas,urbano,0,APPLY
GV9727,2,1,Zapatillas,urbano,0,APPLY
GW0709,1,1,Zapatillas,urbano,0,APPLY
GW0764,3,1,Zapatillas,urbano,0,APPLY
GW1543,3,1,Zapatillas,urbano,0,APPLY
GW2276,2,1,Zapatillas,urbano,0,APPLY
GW2350,2,1,Zapatillas,urbano,0,APPLY
GW2395,5,1,Zapatillas,urbano,0,APPLY
GW2519,2,1,Zapatillas,urbano,0,APPLY
GW2573,2,1,Zapatillas,urbano,0,APPLY
GW2608,4,1,Zapatillas,urbano,0,APPLY
GW3226,2,1,Zapatillas,urbano,0,APPLY
GW3396,3,1,Zapatillas,urbano,0,APPLY
GW3848,3,1,Zapatillas,urbano,0,APPLY
GW4638,2,1,Zapatillas,urbano,0,APPLY
GW4645,2,1,Zapatillas,urbano,0,APPLY
GW4782,2,1,Zapatillas,urbano,0,APPLY
GW4842,2,1,Zapatillas,urbano,0,APPLY
GW500SMB,1,1,Zapatillas,urbano,0,APPLY
GW500WBG,1,1,Zapatillas,urbano,0,APPLY
GW5088,3,1,Zapatillas,urbano,0,APPLY
GW5235,2,1,Zapatillas,urbano,0,APPLY
GW5254,2,1,Zapatillas,urbano,0,APPLY
GW5260,2,1,Zapatillas,urbano,0,APPLY
GW5275,3,1,Zapatillas,urbano,0,APPLY
GW5281,3,1,Zapatillas,urbano,0,APPLY
GW5282,3,1,Zapatillas,urbano,0,APPLY
GW6168,2,1,Zapatillas,urbano,0,APPLY
GW6171,2,1,Zapatillas,urbano,0,APPLY
GW6423,3,1,Zapatillas,urbano,0,APPLY
GW6511,3,1,Zapatillas,urbano,0,APPLY
GW6691,2,1,Zapatillas,urbano,0,APPLY
GW7508,2,1,Zapatillas,urbano,0,APPLY
GW7805,2,1,Zapatillas,urbano,0,APPLY
GW7830,3,1,Zapatillas,urbano,0,APPLY
GW8343,5,1,Zapatillas,urbano,0,APPLY
GW9251,3,1,Zapatillas,urbano,0,APPLY
GX0012,2,1,Zapatillas,urbano,0,APPLY
GX0709,5,1,Zapatillas,urbano,0,APPLY
GX0715,3,1,Zapatillas,urbano,0,APPLY
GX0719,3,1,Zapatillas,urbano,0,APPLY
GX0740,2,1,Zapatillas,urbano,0,APPLY
GX1105,3,1,Zapatillas,urbano,0,APPLY
GX2528,2,1,Zapatillas,urbano,0,APPLY
GX2529,3,1,Zapatillas,urbano,0,APPLY
GX3411,2,1,Zapatillas,urbano,0,APPLY
GX3544,2,1,Zapatillas,urbano,0,APPLY
GX6068,2,1,Zapatillas,urbano,0,APPLY
GX7554,4,1,Zapatillas,urbano,0,APPLY
GX8239,2,1,Zapatillas,urbano,0,APPLY
GX8248,4,1,Zapatillas,urbano,0,APPLY
GX8295,2,1,Zapatillas,urbano,0,APPLY
GX8750,3,1,Zapatillas,urbano,0,APPLY
GY0215,2,1,Zapatillas,urbano,0,APPLY
GY0383,2,1,Zapatillas,urbano,0,APPLY
GY0699,5,1,Zapatillas,urbano,0,APPLY
GY0858,5,1,Zapatillas,urbano,0,APPLY
GY0954,3,1,Zapatillas,urbano,0,APPLY
GY0955,3,1,Zapatillas,urbano,0,APPLY
GY0956,4,1,Zapatillas,urbano,0,APPLY
GY1149,2,1,Zapatillas,urbano,0,APPLY
GY2576,2,1,Zapatillas,urbano,0,APPLY
GY3095,2,1,Zapatillas,urbano,0,APPLY
GY3670,2,1,Zapatillas,urbano,0,APPLY
GY5049,2,1,Zapatillas,urbano,0,APPLY
GY5187,2,1,Zapatillas,urbano,0,APPLY
GY5427,2,1,Zapatillas,urbano,0,APPLY
GY5773,3,1,Zapatillas,urbano,0,APPLY
GY5775,2,1,Zapatillas,urbano,0,APPLY
GY5819,2,1,Zapatillas,urbano,0,APPLY
GY5831,2,1,Zapatillas,urbano,0,APPLY
GY5941,2,1,Zapatillas,urbano,0,APPLY
GY6182,3,1,Zapatillas,urbano,0,APPLY
GY6214,2,1,Zapatillas,urbano,0,APPLY
GY6347,7,1,Zapatillas,urbano,0,APPLY
GY6348,3,1,Zapatillas,urbano,0,APPLY
GY7429,2,1,Zapatillas,urbano,0,APPLY
GY7431,2,1,Zapatillas,urbano,0,APPLY
GY7433,2,1,Zapatillas,urbano,0,APPLY
GY7507,2,1,Zapatillas,urbano,0,APPLY
GY7597,4,1,Zapatillas,urbano,0,APPLY
GY7607,3,1,Zapatillas,urbano,0,APPLY
GY7759,2,1,Zapatillas,urbano,0,APPLY
GY8197,3,1,Zapatillas,urbano,0,APPLY
GY8200,2,1,Zapatillas,urbano,0,APPLY
GY8631,2,1,Zapatillas,urbano,0,APPLY
GY8633,2,1,Zapatillas,urbano,0,APPLY
GY9050,2,107,Zapatillas,urbano,0,APPLY
GY9995,2,1,Zapatillas,urbano,0,APPLY
GY9998,2,1,Zapatillas,urbano,0,APPLY
GZ0007,2,1,Zapatillas,urbano,0,APPLY
GZ0013,2,1,Zapatillas,urbano,0,APPLY
GZ0094,2,1,Zapatillas,urbano,0,APPLY
GZ0200,4,1,Zapatillas,urbano,0,APPLY
GZ0245,2,1,Zapatillas,urbano,0,APPLY
GZ0246,2,1,Zapatillas,urbano,0,APPLY
GZ0249,2,1,Zapatillas,urbano,0,APPLY
GZ0293,3,1,Zapatillas,urbano,0,APPLY
GZ1604,2,1,Zapatillas,urbano,0,APPLY
GZ2323,3,1,Zapatillas,urbano,0,APPLY
GZ2445,2,1,Zapatillas,urbano,0,APPLY
GZ2467,2,1,Zapatillas,urbano,0,APPLY
GZ2547,2,107,Zapatillas,urbano,0,APPLY
GZ2712,3,1,Zapatillas,urbano,0,APPLY
GZ2713,3,1,Zapatillas,urbano,0,APPLY
GZ3030,3,1,Zapatillas,urbano,0,APPLY
GZ3110,2,1,Zapatillas,urbano,0,APPLY
GZ3112,2,1,Zapatillas,urbano,0,APPLY
GZ3426,3,1,Zapatillas,urbano,0,APPLY
GZ3453,2,1,Zapatillas,urbano,0,APPLY
GZ5260,2,1,Zapatillas,urbano,0,APPLY
GZ5335,3,1,Zapatillas,urbano,0,APPLY
GZ5433,2,1,Zapatillas,urbano,0,APPLY
GZ5526,2,1,Zapatillas,urbano,0,APPLY
GZ5877,4,1,Zapatillas,urbano,0,APPLY
GZ6196,3,1,Zapatillas,urbano,0,APPLY
GZ6981,3,1,Zapatillas,urbano,0,APPLY
GZ7428,4,1,Zapatillas,urbano,0,APPLY
GZ7644,4,1,Zapatillas,urbano,0,APPLY
GZ7646,4,1,Zapatillas,urbano,0,APPLY
GZ7647,3,1,Zapatillas,urbano,0,APPLY
GZ8224,2,1,Zapatillas,urbano,0,APPLY
GZ8250,2,1,Zapatillas,urbano,0,APPLY
GZ8306,2,1,Zapatillas,urbano,0,APPLY
GZ8425,2,1,Zapatillas,urbano,0,APPLY
GZ9219,6,1,Zapatillas,urbano,0,APPLY
GZ9292,2,1,Zapatillas,urbano,0,APPLY
GZ9301,2,1,Zapatillas,urbano,0,APPLY
GZ9306,2,1,Zapatillas,urbano,0,APPLY
GZ9618,2,1,Zapatillas,urbano,0,APPLY
H00355,4,1,Zapatillas,urbano,0,APPLY
H00460,2,1,Zapatillas,urbano,0,APPLY
H00466,6,1,Zapatillas,urbano,0,APPLY
H00470,4,1,Zapatillas,urbano,0,APPLY
H00471,6,1,Zapatillas,urbano,0,APPLY
H00555,2,1,Zapatillas,urbano,0,APPLY
H00576,2,1,Zapatillas,urbano,0,APPLY
H00858,2,1,Zapatillas,urbano,0,APPLY
H00924,2,1,Zapatillas,urbano,0,APPLY
H01281,2,1,Zapatillas,urbano,0,APPLY
H01706,2,1,Zapatillas,urbano,0,APPLY
H02009,3,1,Zapatillas,urbano,0,APPLY
H02018,2,1,Zapatillas,urbano,0,APPLY
H02865,2,1,Zapatillas,urbano,0,APPLY
H03047,3,1,Zapatillas,urbano,0,APPLY
H03330,2,1,Zapatillas,urbano,0,APPLY
H04168,3,1,Zapatillas,urbano,0,APPLY
H04170,3,1,Zapatillas,urbano,0,APPLY
H04179,2,1,Zapatillas,urbano,0,APPLY
H04597,3,1,Zapatillas,urbano,0,APPLY
H04620,2,1,Zapatillas,urbano,0,APPLY
H04628,2,1,Zapatillas,urbano,0,APPLY
H04948,2,1,Zapatillas,urbano,0,APPLY
H04954,3,1,Zapatillas,urbano,0,APPLY
H04957,2,1,Zapatillas,urbano,0,APPLY
H06303,2,1,Zapatillas,urbano,0,APPLY
H36586,3,1,Zapatillas,urbano,0,APPLY
H67724,2,1,Zapatillas,urbano,0,APPLY
H67750,3,1,Zapatillas,urbano,0,APPLY
H67870,3,1,Zapatillas,urbano,0,APPLY
H68047,2,1,Zapatillas,urbano,0,APPLY
H68054,2,1,Zapatillas,urbano,0,APPLY
H68114,2,1,Zapatillas,urbano,0,APPLY
H68931,2,1,Zapatillas,urbano,0,APPLY
HA5659,2,1,Zapatillas,urbano,0,APPLY
HD9726,2,1,Zapatillas,urbano,0,APPLY
HF6279-100,3,1,Zapatillas,urbano,0,APPLY
HKTCSS23003,2,1,Zapatillas,urbano,0,APPLY
HL1109F17-00,2,1,Zapatillas,urbano,0,APPLY
HL1109F17-20,2,1,Zapatillas,urbano,0,APPLY
HLA-852,5,1,Zapatillas,urbano,0,APPLY
HLA-853,12,1,Zapatillas,urbano,0,APPLY
HLC-757,3,1,Zapatillas,urbano,0,APPLY
HLC-758,8,1,Zapatillas,urbano,0,APPLY
HLC-759,6,1,Zapatillas,urbano,0,APPLY
HP2258,2,1,Zapatillas,urbano,0,APPLY
HP2260,3,1,Zapatillas,urbano,0,APPLY
HP2383,4,1,Zapatillas,urbano,0,APPLY
HP2726,2,1,Zapatillas,urbano,0,APPLY
HP2999,2,1,Zapatillas,urbano,0,APPLY
HP3063,3,1,Zapatillas,urbano,0,APPLY
HP5845,2,1,Zapatillas,urbano,0,APPLY
HP5861,2,1,Zapatillas,urbano,0,APPLY
HP5863,3,1,Zapatillas,urbano,0,APPLY
HP5867,2,1,Zapatillas,urbano,0,APPLY
HP5868,2,1,Zapatillas,urbano,0,APPLY
HP5910,2,1,Zapatillas,urbano,0,APPLY
HP5923,2,1,Zapatillas,urbano,0,APPLY
HP6095,4,1,Zapatillas,urbano,0,APPLY
HP6103,3,1,Zapatillas,urbano,0,APPLY
HP6458,2,1,Zapatillas,urbano,0,APPLY
HP7546,2,1,Zapatillas,urbano,0,APPLY
HP7556,5,1,Zapatillas,urbano,0,APPLY
HP7570,3,1,Zapatillas,urbano,0,APPLY
HP8917,2,1,Zapatillas,urbano,0,APPLY
HP8918,2,1,Zapatillas,urbano,0,APPLY
HP8975,2,1,Zapatillas,urbano,0,APPLY
HP9425,2,1,Zapatillas,urbano,0,APPLY
HQ1021,2,1,Zapatillas,urbano,0,APPLY
HQ4460,2,1,Zapatillas,urbano,0,APPLY
HQ4535,2,1,Zapatillas,urbano,0,APPLY
HQ6844,4,1,Zapatillas,urbano,0,APPLY
HQ8940,2,107,Zapatillas,urbano,0,APPLY
HR0525,2,1,Zapatillas,urbano,0,APPLY
HR0527,2,1,Zapatillas,urbano,0,APPLY
HWFW19023,3,1,Zapatillas,urbano,0,APPLY
HWPFW15012,1,1,Zapatillas,urbano,0,APPLY
HWPSS15004,2,1,Zapatillas,urbano,0,APPLY
I7798,1,1,Zapatillas,urbano,0,APPLY
I8309,2,1,Zapatillas,"urbano,oficial",0,APPLY
I8310,1,1,Zapatillas,"urbano,oficial",0,APPLY
I8311,1,1,Zapatillas,"urbano,oficial",0,APPLY
I9058,1,1,Zapatillas,urbano,0,APPLY
I9060,1,1,Zapatillas,urbano,0,APPLY
I9062,4,1,Zapatillas,urbano,0,APPLY
I9063,3,1,Zapatillas,urbano,0,APPLY
I9064,3,1,Zapatillas,urbano,0,APPLY
I9123,1,1,Zapatillas,urbano,0,APPLY
I9280,2,1,Zapatillas,"urbano,basket,oficial",0,APPLY
I9281,3,1,Zapatillas,"urbano,basket,oficial",0,APPLY
I9287,4,1,Zapatillas,"urbano,oficial",0,APPLY
I9290,4,1,Zapatillas,urbano,0,APPLY
I9440,2,1,Zapatillas,urbano,0,APPLY
I9442,3,1,Zapatillas,urbano,0,APPLY
I9451/1,3,1,Zapatillas,urbano,0,APPLY
I9451/2,5,1,Zapatillas,urbano,0,APPLY
I9471,3,1,Zapatillas,urbano,0,APPLY
I9472,2,1,Zapatillas,urbano,0,APPLY
I9477,2,1,Zapatillas,urbano,0,APPLY
I9478,2,1,Zapatillas,urbano,0,APPLY
I9701,2,1,Zapatillas,urbano,0,APPLY
I9735,3,1,Zapatillas,urbano,0,APPLY
I9738,2,1,Zapatillas,urbano,0,APPLY
I9959/2,1,1,Zapatillas,urbano,0,APPLY
I9961/2,1,1,Zapatillas,urbano,0,APPLY
IBM01817-014,2,1,Zapatillas,urbano,0,APPLY
ID0485,2,1,Zapatillas,urbano,0,APPLY
ID0712,2,1,Zapatillas,urbano,0,APPLY
ID0714,2,1,Zapatillas,urbano,0,APPLY
ID0722,2,1,Zapatillas,urbano,0,APPLY
ID0724,2,1,Zapatillas,urbano,0,APPLY
ID2292,2,1,Zapatillas,urbano,0,APPLY
ID2360,2,1,Zapatillas,urbano,0,APPLY
ID2471,3,1,Zapatillas,urbano,0,APPLY
ID2701,4,1,Zapatillas,urbano,0,APPLY
ID2963,3,1,Zapatillas,urbano,0,APPLY
ID4322,2,107,Zapatillas,urbano,0,APPLY
ID5279,2,1,Zapatillas,urbano,0,APPLY
ID5280,4,1,Zapatillas,urbano,0,APPLY
ID6678,3,1,Zapatillas,urbano,0,APPLY
ID6680,3,1,Zapatillas,urbano,0,APPLY
ID6684,3,1,Zapatillas,urbano,0,APPLY
ID6864,2,1,Zapatillas,urbano,0,APPLY
ID8017,2,1,Zapatillas,urbano,0,APPLY
ID8042,2,1,Zapatillas,urbano,0,APPLY
ID9659,4,1,Zapatillas,urbano,0,APPLY
IE1576,2,1,Zapatillas,urbano,0,APPLY
IE1577,2,1,Zapatillas,urbano,0,APPLY
IE1583,2,1,Zapatillas,urbano,0,APPLY
IE1588,2,1,Zapatillas,urbano,0,APPLY
IE1627,2,107,Zapatillas,urbano,0,APPLY
IE2377,2,1,Zapatillas,urbano,0,APPLY
IE2695,2,1,Zapatillas,urbano,0,APPLY
IE3679,2,1,Zapatillas,urbano,0,APPLY
IE5744,2,1,Zapatillas,urbano,0,APPLY
IE6669,3,1,Zapatillas,urbano,0,APPLY
IE6674,3,1,Zapatillas,urbano,0,APPLY
IE6676,3,1,Zapatillas,urbano,0,APPLY
IE8598,4,1,Zapatillas,urbano,0,APPLY
IE9074,2,1,Zapatillas,urbano,0,APPLY
IF0068,3,1,Zapatillas,urbano,0,APPLY
IF0957,2,1,Zapatillas,urbano,0,APPLY
IF1249,2,1,Zapatillas,urbano,0,APPLY
IF1391,2,1,Zapatillas,urbano,0,APPLY
IF1403,4,1,Zapatillas,urbano,0,APPLY
IF1408,2,1,Zapatillas,urbano,0,APPLY
IF2357,3,1,Zapatillas,urbano,0,APPLY
IF2624-005,2,1,Zapatillas,urbano,0,APPLY
IF4492,3,1,Zapatillas,urbano,0,APPLY
IF4565,4,1,Zapatillas,urbano,0,APPLY
IF5316,2,1,Zapatillas,urbano,0,APPLY
IF5327,3,1,Zapatillas,urbano,0,APPLY
IF5964,2,1,Zapatillas,urbano,0,APPLY
IF6206,2,1,Zapatillas,urbano,0,APPLY
IF6665,3,1,Zapatillas,urbano,0,APPLY
IF7359,2,1,Zapatillas,urbano,0,APPLY
IF7650,2,1,Zapatillas,urbano,0,APPLY
IF8382,2,1,Zapatillas,urbano,0,APPLY
IF9893,3,1,Zapatillas,urbano,0,APPLY
IG0338,4,1,Zapatillas,urbano,0,APPLY
IG0600,2,1,Zapatillas,urbano,0,APPLY
IG0601,2,1,Zapatillas,urbano,0,APPLY
IG0605,2,1,Zapatillas,urbano,0,APPLY
IG0623,2,1,Zapatillas,urbano,0,APPLY
IG0738,2,1,Zapatillas,urbano,0,APPLY
IG2039,2,1,Zapatillas,"urbano,hockey",0,APPLY
IG2199,2,1,Zapatillas,urbano,0,APPLY
IG2545,2,1,Zapatillas,urbano,0,APPLY
IG3603,2,1,Zapatillas,urbano,0,APPLY
IG3715,4,1,Zapatillas,urbano,0,APPLY
IG3755,2,1,Zapatillas,urbano,0,APPLY
IG3830,3,1,Zapatillas,urbano,0,APPLY
IG4876,3,1,Zapatillas,urbano,0,APPLY
IG5390,4,1,Zapatillas,urbano,0,APPLY
IG5437,2,1,Zapatillas,urbano,0,APPLY
IG5458,2,1,Zapatillas,urbano,0,APPLY
IG5528,2,1,Zapatillas,urbano,0,APPLY
IG5991,2,1,Zapatillas,urbano,0,APPLY
IG6642,3,1,Zapatillas,urbano,0,APPLY
IG7005,2,1,Zapatillas,urbano,0,APPLY
IG7323,3,1,Zapatillas,urbano,0,APPLY
IG7711,2,1,Zapatillas,urbano,0,APPLY
IG7714,2,1,Zapatillas,urbano,0,APPLY
IG7759,2,1,Zapatillas,urbano,0,APPLY
IG7763,2,1,Zapatillas,urbano,0,APPLY
IG7971,2,1,Zapatillas,urbano,0,APPLY
IG8803,2,1,Zapatillas,urbano,0,APPLY
IG9534,3,1,Zapatillas,urbano,0,APPLY
IG9566,2,1,Zapatillas,urbano,0,APPLY
IG9847,3,1,Zapatillas,urbano,0,APPLY
IG9848,2,1,Zapatillas,urbano,0,APPLY
IG9922,2,1,Zapatillas,urbano,0,APPLY
IH5281,3,1,Zapatillas,urbano,0,APPLY
IH5285,3,1,Zapatillas,urbano,0,APPLY
IH5327,2,1,Zapatillas,urbano,0,APPLY
IH5396,2,1,Zapatillas,urbano,0,APPLY
IH7966,2,1,Zapatillas,urbano,0,APPLY
IO042,4,1,Zapatillas,urbano,0,APPLY
IV500CA,1,1,Zapatillas,urbano,0,APPLY
IV500CB,1,1,Zapatillas,urbano,0,APPLY
IV500EB,1,1,Zapatillas,urbano,0,APPLY
IV515CP,1,1,Zapatillas,urbano,0,APPLY
IV515DF,1,1,Zapatillas,urbano,0,APPLY
IV574OB,1,1,Zapatillas,urbano,0,APPLY
IV574SOC,2,1,Zapatillas,urbano,0,APPLY
IV574UJB,1,1,Zapatillas,urbano,0,APPLY
J1093D8001,2,46,Zapatillas,"urbano,oficial",0,APPLY
J95361,3,1,Zapatillas,urbano,0,APPLY
JH7235,3,1,Zapatillas,urbano,0,APPLY
JP7525,3,1,Zapatillas,urbano,0,APPLY
JQ5321,2,1,Zapatillas,urbano,0,APPLY
JSISS19006,4,1,Zapatillas,urbano,0,APPLY
LLX002GR,2,1,Zapatillas,urbano,0,APPLY
LLX002PK,3,1,Zapatillas,urbano,0,APPLY
LPCC139897,2,1,Zapatillas,urbano,0,APPLY
LS619-40,1,1,Zapatillas,urbano,0,APPLY
LYS014BG,2,1,Zapatillas,urbano,0,APPLY
LYS014BK,2,1,Zapatillas,urbano,0,APPLY
M18176,2,1,Zapatillas,urbano,0,APPLY
M18341,2,1,Zapatillas,urbano,0,APPLY
M18388,5,1,Zapatillas,urbano,0,APPLY
M18457,1,1,Zapatillas,urbano,0,APPLY
M18555,1,1,Zapatillas,urbano,0,APPLY
M19745,2,1,Zapatillas,urbano,0,APPLY
M19838,1,1,Zapatillas,urbano,0,APPLY
M19840,2,1,Zapatillas,urbano,0,APPLY
M19849,1,1,Zapatillas,urbano,0,APPLY
M20025,2,1,Zapatillas,urbano,0,APPLY
M20077,1,1,Zapatillas,urbano,0,APPLY
M20324,1,1,Zapatillas,urbano,0,APPLY
M20326,2,1,Zapatillas,urbano,0,APPLY
M20327,3,1,Zapatillas,urbano,0,APPLY
M20378,1,1,Zapatillas,urbano,0,APPLY
M20432,1,1,Zapatillas,urbano,0,APPLY
M20466,1,1,Zapatillas,urbano,0,APPLY
M20467,5,1,Zapatillas,urbano,0,APPLY
M20468,2,1,Zapatillas,urbano,0,APPLY
M20607,2,1,Zapatillas,urbano,0,APPLY
M21707,1,1,Zapatillas,urbano,0,APPLY
M22711,1,1,Zapatillas,urbano,0,APPLY
M25391,2,1,Zapatillas,urbano,0,APPLY
M25492,5,1,Zapatillas,urbano,0,APPLY
M25539,1,1,Zapatillas,urbano,0,APPLY
M29341,1,1,Zapatillas,urbano,0,APPLY
M29355,1,1,Zapatillas,urbano,0,APPLY
M29356,1,1,Zapatillas,urbano,0,APPLY
M29368,2,1,Zapatillas,urbano,0,APPLY
M29653,1,1,Zapatillas,urbano,0,APPLY
M29654,2,1,Zapatillas,urbano,0,APPLY
M42280,1,1,Zapatillas,urbano,0,APPLY
M42292,1,1,Zapatillas,urbano,0,APPLY
M42313,4,1,Zapatillas,urbano,0,APPLY
M42316,1,1,Zapatillas,urbano,0,APPLY
M42529,3,1,Zapatillas,urbano,0,APPLY
M42612,1,1,Zapatillas,urbano,0,APPLY
M43037,1,1,Zapatillas,urbano,0,APPLY
M43040,3,1,Zapatillas,urbano,0,APPLY
M43046,1,1,Zapatillas,urbano,0,APPLY
M46884,1,1,Zapatillas,urbano,0,APPLY
M47182,1,1,Zapatillas,urbano,0,APPLY
M47895,1,1,Zapatillas,urbano,0,APPLY
M48837,1,1,Zapatillas,urbano,0,APPLY
M48838,1,1,Zapatillas,urbano,0,APPLY
M490LB,1,1,Zapatillas,urbano,0,APPLY
MARISCR3,1,1,Zapatillas,urbano,0,APPLY
MARISLK3,1,1,Zapatillas,urbano,0,APPLY
MD373,1,1,Zapatillas,urbano,0,APPLY
MFLSHLB3,1,1,Zapatillas,urbano,0,APPLY
MFLSHLP2,1,1,Zapatillas,urbano,0,APPLY
MFLSHRK121,1,1,Zapatillas,urbano,0,APPLY
MIIFW18009,4,1,Zapatillas,urbano,0,APPLY
MIIFW18011,2,1,Zapatillas,urbano,0,APPLY
MIIFW19012,2,1,Zapatillas,urbano,0,APPLY
MIISS18019,3,1,Zapatillas,urbano,0,APPLY
MIISS18026,2,1,Zapatillas,urbano,0,APPLY
MIISS2006,4,1,Zapatillas,urbano,0,APPLY
MITFW18003,1,1,Zapatillas,urbano,0,APPLY
MITFW19004,1,1,Zapatillas,urbano,0,APPLY
MITSS19010,1,1,Zapatillas,urbano,0,APPLY
MKISS18007,4,1,Zapatillas,urbano,0,APPLY
MKISS18012,3,1,Zapatillas,urbano,0,APPLY
MKOZELB1,1,1,Zapatillas,urbano,0,APPLY
MKOZELB2,1,1,Zapatillas,urbano,0,APPLY
MKOZELG1,1,1,Zapatillas,urbano,0,APPLY
MKOZELN,2,1,Zapatillas,urbano,0,APPLY
MKOZELN2,2,1,Zapatillas,urbano,0,APPLY
MKTCSS230040,2,1,Zapatillas,urbano,0,APPLY
MKTFW18008,1,1,Zapatillas,urbano,0,APPLY
MKTFW19004,1,1,Zapatillas,urbano,0,APPLY
MKTFW19007,5,1,Zapatillas,urbano,0,APPLY
ML373BSS,1,1,Zapatillas,urbano,0,APPLY
ML373BUP,1,1,Zapatillas,urbano,0,APPLY
ML373KBG,1,1,Zapatillas,urbano,0,APPLY
ML373LBF,1,1,Zapatillas,urbano,0,APPLY
ML373MBT,2,1,Zapatillas,urbano,0,APPLY
ML373MRT,3,1,Zapatillas,urbano,0,APPLY
ML373MRU,2,1,Zapatillas,urbano,0,APPLY
ML373MST,1,1,Zapatillas,urbano,0,APPLY
ML373NBC,2,1,Zapatillas,urbano,0,APPLY
ML373PBG,2,1,Zapatillas,urbano,0,APPLY
ML515CAA,3,1,Zapatillas,urbano,0,APPLY
ML515CAD,4,1,Zapatillas,urbano,0,APPLY
ML515CPA21,1,1,Zapatillas,urbano,0,APPLY
ML515OTS,2,1,Zapatillas,urbano,0,APPLY
ML515RSBNB,1,1,Zapatillas,urbano,0,APPLY
ML515RSC,1,1,Zapatillas,urbano,0,APPLY
ML515VD317,2,1,Zapatillas,urbano,0,APPLY
ML515VF321,2,1,Zapatillas,urbano,0,APPLY
ML515VS3,6,1,Zapatillas,urbano,0,APPLY
ML574EGK,1,1,Zapatillas,urbano,0,APPLY
ML574LB2,3,1,Zapatillas,urbano,0,APPLY
ML574NDB,1,1,Zapatillas,urbano,0,APPLY
ML574SCH,1,1,Zapatillas,urbano,0,APPLY
ML574SNJ,1,1,Zapatillas,urbano,0,APPLY
ML574SOI,1,1,Zapatillas,urbano,0,APPLY
ML574WND,2,1,Zapatillas,urbano,0,APPLY
MS009LA,1,1,Zapatillas,urbano,0,APPLY
MS009RF1,3,1,Zapatillas,urbano,0,APPLY
MS215YMD,2,1,Zapatillas,urbano,0,APPLY
MZ501RPA,1,1,Zapatillas,urbano,0,APPLY
MZ501TLA,2,1,Zapatillas,urbano,0,APPLY
MZ501TLC,1,1,Zapatillas,urbano,0,APPLY
NLHS98078-04-50,2,46,Zapatillas,urbano,0,APPLY
NLHS98078-04-AO,3,46,Zapatillas,urbano,0,APPLY
P724273-R14,3,1,Zapatillas,urbano,0,APPLY
P724276-8PM,2,1,Zapatillas,urbano,0,APPLY
P724374-645,3,1,Zapatillas,urbano,0,APPLY
P724377-645,1,1,Zapatillas,urbano,0,APPLY
PA004AP003-F,3,46,Zapatillas,urbano,0,APPLY
PA005AP003-F,3,46,Zapatillas,urbano,0,APPLY
PA01,15,1,Zapatillas,urbano,0,APPLY
PB034A58003F,2,1,Zapatillas,urbano,0,APPLY
PC574FNA,2,1,Zapatillas,urbano,0,APPLY
PC574FND,2,1,Zapatillas,urbano,0,APPLY
PC574GB,2,1,Zapatillas,urbano,0,APPLY
PC574GK,1,1,Zapatillas,urbano,0,APPLY
PC574GP,2,1,Zapatillas,urbano,0,APPLY
PC574UJA,2,1,Zapatillas,urbano,0,APPLY
PC574UJC,1,1,Zapatillas,urbano,0,APPLY
PE015A60A94-F,3,46,Zapatillas,urbano,0,APPLY
PI-11007200000024,3,46,Zapatillas,urbano,0,APPLY
PI-11007200003115,3,46,Zapatillas,urbano,0,APPLY
PI-11007200003123,3,46,Zapatillas,urbano,0,APPLY
PI-11007200003126,2,46,Zapatillas,urbano,0,APPLY
PI-11007200003235,3,46,Zapatillas,urbano,0,APPLY
PI-11014400000004,2,46,Zapatillas,urbano,0,APPLY
PI-11014400000008,2,46,Zapatillas,urbano,0,APPLY
PI-14319200000004,2,46,Zapatillas,urbano,0,APPLY
PI-25011500000453,2,1,Zapatillas,urbano,0,APPLY
PI-74503500000848,3,46,Zapatillas,urbano,0,APPLY
PI-76400100000021,1,46,Zapatillas,urbano,0,APPLY
PI-76400100000023,1,46,Zapatillas,urbano,0,APPLY
PI-78100200000005,2,1,Zapatillas,urbano,0,APPLY
PRICSS23001,2,1,Zapatillas,urbano,0,APPLY
PRIFW19016,3,1,Zapatillas,urbano,0,APPLY
PRISS18016,1,1,Zapatillas,urbano,0,APPLY
PRISS19012,2,1,Zapatillas,urbano,0,APPLY
PRTCSS23002,2,1,Zapatillas,urbano,0,APPLY
PRTFW19007,3,1,Zapatillas,urbano,0,APPLY
Q21091,1,1,Zapatillas,urbano,0,APPLY
Q23868,1,1,Zapatillas,urbano,0,APPLY
Q38678,1,1,Zapatillas,urbano,0,APPLY
Q38911,1,1,Zapatillas,urbano,0,APPLY
Q38969,1,1,Zapatillas,urbano,0,APPLY
Q38972,1,1,Zapatillas,urbano,0,APPLY
Q46474,2,1,Zapatillas,urbano,0,APPLY
Q46587,5,1,Zapatillas,urbano,0,APPLY
Q47228,2,1,Zapatillas,urbano,0,APPLY
Q47235,2,1,Zapatillas,urbano,0,APPLY
Q88482000,2,1,Zapatillas,urbano,0,APPLY
Q98132000,1,1,Zapatillas,urbano,0,APPLY
R0053,2,1,Zapatillas,urbano,0,APPLY
S1552,2,1,Zapatillas,urbano,0,APPLY
S24042,2,1,Zapatillas,urbano,0,APPLY
S24051,4,1,Zapatillas,urbano,0,APPLY
S24054,7,1,Zapatillas,urbano,0,APPLY
S24138,4,1,Zapatillas,urbano,0,APPLY
S29014,3,1,Zapatillas,urbano,0,APPLY
S29115,2,1,Zapatillas,urbano,0,APPLY
S32272,1,1,Zapatillas,urbano,0,APPLY
S3721-1,2,46,Zapatillas,urbano,0,APPLY
S3721-2,1,46,Zapatillas,urbano,0,APPLY
S42170,2,1,Zapatillas,urbano,0,APPLY
S42695,2,1,Zapatillas,urbano,0,APPLY
S42891,2,1,Zapatillas,urbano,0,APPLY
S4550,1,1,Zapatillas,urbano,0,APPLY
S4580,2,1,Zapatillas,urbano,0,APPLY
S74611,2,1,Zapatillas,urbano,0,APPLY
S74727,1,1,Zapatillas,urbano,0,APPLY
S74748,1,1,Zapatillas,urbano,0,APPLY
S74944,1,1,Zapatillas,urbano,0,APPLY
S75027,1,1,Zapatillas,urbano,0,APPLY
S75076,2,1,Zapatillas,urbano,0,APPLY
S75101,1,1,Zapatillas,urbano,0,APPLY
S75104,1,1,Zapatillas,urbano,0,APPLY
S75412,1,1,Zapatillas,urbano,0,APPLY
S75744,1,1,Zapatillas,urbano,0,APPLY
S75750,1,1,Zapatillas,urbano,0,APPLY
S75978,3,1,Zapatillas,urbano,0,APPLY
S76127,1,1,Zapatillas,urbano,0,APPLY
S76592,1,1,Zapatillas,urbano,0,APPLY
S76593,1,1,Zapatillas,urbano,0,APPLY
S76594,1,1,Zapatillas,urbano,0,APPLY
S76595,1,1,Zapatillas,urbano,0,APPLY
S76696,1,1,Zapatillas,urbano,0,APPLY
S77114,1,1,Zapatillas,urbano,0,APPLY
S77497,1,1,Zapatillas,urbano,0,APPLY
S77596,2,1,Zapatillas,urbano,0,APPLY
S77599,2,1,Zapatillas,urbano,0,APPLY
S78464,2,1,Zapatillas,urbano,0,APPLY
S78632,1,1,Zapatillas,urbano,0,APPLY
S78633,5,1,Zapatillas,urbano,0,APPLY
S79184,1,1,Zapatillas,urbano,0,APPLY
S79916,1,1,Zapatillas,urbano,0,APPLY
S80152,1,1,Zapatillas,urbano,0,APPLY
S80565,1,1,Zapatillas,urbano,0,APPLY
S80595,2,1,Zapatillas,urbano,0,APPLY
S81088,3,1,Zapatillas,urbano,0,APPLY
S81095,1,1,Zapatillas,urbano,0,APPLY
S81291,1,1,Zapatillas,urbano,0,APPLY
S81485,2,1,Zapatillas,urbano,0,APPLY
S82366,1,1,Zapatillas,urbano,0,APPLY
S82407,1,1,Zapatillas,urbano,0,APPLY
S82711,2,1,Zapatillas,urbano,0,APPLY
S83106,1,1,Zapatillas,urbano,0,APPLY
S83291,2,1,Zapatillas,urbano,0,APPLY
S83317,1,1,Zapatillas,urbano,0,APPLY
S83320,1,1,Zapatillas,urbano,0,APPLY
S83862,2,1,Zapatillas,urbano,0,APPLY
S9502,1,1,Zapatillas,urbano,0,APPLY
S9515,1,1,Zapatillas,urbano,0,APPLY
SL162044,1,1,Zapatillas,urbano,0,APPLY
SPASS21011,8,1;9,Zapatillas,"urbano,baby",0,APPLY
SPASS21019,8,1;9,Zapatillas,"urbano,baby",0,APPLY
SPICSS24722,2,1,Zapatillas,urbano,0,APPLY
SSU2401-WHT,3,1,Zapatillas,urbano,0,APPLY
SSU2403-BLK,3,1,Zapatillas,urbano,0,APPLY
T36,3,1,Zapatillas,urbano,0,APPLY
T3807,1,1,Zapatillas,urbano,0,APPLY
T3818,1,1,Zapatillas,urbano,0,APPLY
T4046,1,1,Zapatillas,urbano,0,APPLY
TYISS19012,7,1,Zapatillas,urbano,0,APPLY
U220FD,2,1,Zapatillas,urbano,0,APPLY
U220FI,2,1,Zapatillas,urbano,0,APPLY
U410GB,1,1,Zapatillas,urbano,0,APPLY
U410GC,4,1,Zapatillas,urbano,0,APPLY
U420,2,1,Zapatillas,urbano,0,APPLY
U446LGK96,1,1,Zapatillas,urbano,0,APPLY
U446SNW96,1,1,Zapatillas,urbano,0,APPLY
V24728,2,1,Zapatillas,urbano,0,APPLY
V48111,1,1,Zapatillas,urbano,0,APPLY
V53959,1,1,Zapatillas,urbano,0,APPLY
V55973,2,1,Zapatillas,urbano,0,APPLY
V55976,1,1,Zapatillas,urbano,0,APPLY
V55985,1,1,Zapatillas,urbano,0,APPLY
V56053,1,1,Zapatillas,urbano,0,APPLY
V56138,1,1,Zapatillas,urbano,0,APPLY
V56141,1,1,Zapatillas,urbano,0,APPLY
V58933,2,1,Zapatillas,urbano,0,APPLY
V60322,1,1,Zapatillas,urbano,0,APPLY
V60528,2,1,Zapatillas,urbano,0,APPLY
V60869,2,1,Zapatillas,urbano,0,APPLY
V60870,1,1,Zapatillas,urbano,0,APPLY
V61609,1,1,Zapatillas,urbano,0,APPLY
V62669,2,1,Zapatillas,urbano,0,APPLY
V62915,2,1,Zapatillas,urbano,0,APPLY
V62982,1,1,Zapatillas,urbano,0,APPLY
V63285,3,1,Zapatillas,urbano,0,APPLY
V63445,1,1,Zapatillas,urbano,0,APPLY
V66461,1,1,Zapatillas,urbano,0,APPLY
V66463,2,1,Zapatillas,urbano,0,APPLY
V67573,2,1,Zapatillas,urbano,0,APPLY
V67996,1,1,Zapatillas,urbano,0,APPLY
V68260,1,1,Zapatillas,urbano,0,APPLY
V68290,1,1,Zapatillas,urbano,0,APPLY
V68381,1,1,Zapatillas,urbano,0,APPLY
V68715,4,1,Zapatillas,urbano,0,APPLY
V68715-,1,1,Zapatillas,urbano,0,APPLY
V69622,1,1,Zapatillas,urbano,0,APPLY
V69623,1,1,Zapatillas,urbano,0,APPLY
V69626,1,1,Zapatillas,urbano,0,APPLY
V69860,1,1,Zapatillas,urbano,0,APPLY
V69990,3,1,Zapatillas,urbano,0,APPLY
V70140,1,1,Zapatillas,urbano,0,APPLY
V70141,1,1,Zapatillas,urbano,0,APPLY
V70142,1,1,Zapatillas,urbano,0,APPLY
V70147,2,1,Zapatillas,urbano,0,APPLY
V70338,1,1,Zapatillas,urbano,0,APPLY
V70443,1,1,Zapatillas,urbano,0,APPLY
V70485,1,1,Zapatillas,urbano,0,APPLY
V70492,3,1,Zapatillas,urbano,0,APPLY
V70722,1,1,Zapatillas,urbano,0,APPLY
V72018,2,1,Zapatillas,urbano,0,APPLY
V72107,3,1,Zapatillas,urbano,0,APPLY
V72108,1,1,Zapatillas,urbano,0,APPLY
V72114,1,1,Zapatillas,urbano,0,APPLY
V72218,1,1,Zapatillas,urbano,0,APPLY
V72650,1,1,Zapatillas,urbano,0,APPLY
V72659,1,1,Zapatillas,urbano,0,APPLY
V72663,2,1,Zapatillas,urbano,0,APPLY
V72669,1,1,Zapatillas,urbano,0,APPLY
V72677,1,1,Zapatillas,urbano,0,APPLY
V72682,1,1,Zapatillas,urbano,0,APPLY
V72685,2,1,Zapatillas,urbano,0,APPLY
VN-0RQ00FR,1,1,Zapatillas,urbano,0,APPLY
VN0A3MTJU1A-4QU,4,1,Zapatillas,urbano,0,APPLY
VN0A45NM-1WX,3,1,Zapatillas,urbano,0,APPLY
VN0A45NM186-186,2,1,Zapatillas,urbano,0,APPLY
VN0A45NM5G-X-276,2,1,Zapatillas,urbano,0,APPLY
5XM00817-149,5,1,Zapatillas,urbano,0,APPLY
1FM00428-125,5,1,Zapatillas,urbano,0,APPLY
5RM01023-022,5,1,Zapatillas,urbano,0,APPLY
FW01655-111,5,1,Zapatillas,urbano,0,APPLY
1RM01030-404,4,1,Zapatillas,urbano,0,APPLY
5-COBNA-2,16,2,Zapatos de Vestir,vestir,0,APPLY
ZL-100,12,1,Zapatos de Vestir,vestir,0,APPLY
5-MIU-3,6,2,Zapatos de Vestir,vestir,0,APPLY
775-03,4,2,Zapatos de Vestir,vestir,0,APPLY
775-02,4,2,Zapatos de Vestir,vestir,0,APPLY
5-FASHION-71,16,2,Zapatos de Vestir,vestir,0,APPLY
12-FLEXI-51,6,2,Zapatos de Vestir,vestir,0,APPLY
9010-02,4,2,Zapatos de Vestir,vestir,0,APPLY
7-TAP-25,9,2,Zapatos de Vestir,vestir,0,APPLY
PI-14730800000028,3,2,Zapatos de Vestir,vestir,0,APPLY
PI-13021100000142,3,2,Zapatos de Vestir,vestir,0,APPLY
PI-84400200000071,3,2,Zapatos de Vestir,vestir,0,APPLY
PI-74503500000946,3,2,Zapatos de Vestir,vestir,0,APPLY
PI-84400200000075,3,2,Zapatos de Vestir,vestir,0,APPLY
125354-02,3,2,Zapatos de Vestir,vestir,0,APPLY
3410-02,3,2,Zapatos de Vestir,vestir,0,APPLY
PI-13021100000146,3,2,Zapatos de Vestir,vestir,0,APPLY
126308-02,3,2,Zapatos de Vestir,vestir,0,APPLY
404,8,2,Zapatos de Vestir,vestir,0,APPLY
WW710-1,5,2,Zapatos de Vestir,vestir,0,APPLY
PI-13021100000151,3,2,Zapatos de Vestir,vestir,0,APPLY
126308-01,4,2,Zapatos de Vestir,vestir,0,APPLY
TFY69,6,63,Zapatos de Vestir,vestir,0,APPLY
1214.1054.24523-91180,3,2,Zapatos de Vestir,vestir,0,APPLY
5-FASHION-81,12,2,Zapatos de Vestir,vestir,0,APPLY
PI-74503500000942,3,2,Zapatos de Vestir,vestir,0,APPLY
PI-11019800000006,3,2,Zapatos de Vestir,vestir,0,APPLY
3364-02,4,2,Zapatos de Vestir,vestir,0,APPLY
330,14,85,Zapatos de Vestir,vestir,0,APPLY
PI-110072,22,2;14;46,Zapatos de Vestir,vestir,0,APPLY
9002,26,2;6;11;53;63,Zapatos de Vestir,vestir,0,APPLY
5-CRISTAL-5,4,2,Zapatos de Vestir,vestir,0,APPLY
PI-11007200003336,4,2,Zapatos de Vestir,vestir,0,APPLY
PI-11018500000011,3,2,Zapatos de Vestir,vestir,0,APPLY
PI-14730800000018,4,2,Zapatos de Vestir,vestir,0,APPLY
PI-23901900000010,3,1,Zapatos de Vestir,vestir,0,APPLY
XN-XY16284P,6,2,Zapatos de Vestir,vestir,0,APPLY
PI-74513500000181,3,2,Zapatos de Vestir,vestir,0,APPLY
1214.105.7286-16072,7,2,Zapatos de Vestir,vestir,0,APPLY
122320-01,5,2,Zapatos de Vestir,vestir,0,APPLY
125354-01,3,2,Zapatos de Vestir,vestir,0,APPLY
7377.105.13488.15745,3,2,Zapatos de Vestir,vestir,0,APPLY
PI-13018500000363,3,2,Zapatos de Vestir,vestir,0,APPLY
PI-40821900000006,2,2,Zapatos de Vestir,vestir,0,APPLY
5-PHANIE-14,2,2,Zapatos de Vestir,vestir,0,APPLY
PI-74503500000954,2,2,Zapatos de Vestir,vestir,0,APPLY
181991-05,3,2,Zapatos de Vestir,vestir,0,APPLY
PI-12200500000054,3,1,Zapatos de Vestir,vestir,0,APPLY
PI-12200500000055,3,1,Zapatos de Vestir,vestir,0,APPLY
PI-97303300000010,2,1,Zapatos de Vestir,vestir,0,APPLY
3337,4,2,Zapatos de Vestir,vestir,0,APPLY
PI-13018500000403,2,2,Zapatos de Vestir,vestir,0,APPLY
PI-13018500000406,2,2,Zapatos de Vestir,vestir,0,APPLY
PI-14732900000001,2,2,Zapatos de Vestir,vestir,0,APPLY
PI-74503500000944,2,2,Zapatos de Vestir,vestir,0,APPLY
PI-11708600000026,2,2,Zapatos de Vestir,vestir,0,APPLY
PI-11007200003333,2,2,Zapatos de Vestir,vestir,0,APPLY
PI-11016300000061,3,2,Zapatos de Vestir,vestir,0,APPLY
PI-11018000000002,3,2,Zapatos de Vestir,vestir,0,APPLY
400016N-BKRD,6,2,Zapatos de Vestir,vestir,0,APPLY
PI-14313300000364,2,2,Zapatos de Vestir,vestir,0,APPLY
PI-74503500000943,2,2,Zapatos de Vestir,vestir,0,APPLY
PI-84400100000089,2,2,Zapatos de Vestir,vestir,0,APPLY
PI-11713700000001,2,2,Zapatos de Vestir,vestir,0,APPLY
1214.205.7286-16072,3,2,Zapatos de Vestir,vestir,0,APPLY
181309-03,2,2,Zapatos de Vestir,vestir,0,APPLY
D043-B05,8,2,Zapatos de Vestir,vestir,0,APPLY
3027-02,3,2,Zapatos de Vestir,vestir,0,APPLY
818-11,3,2,Zapatos de Vestir,vestir,0,APPLY
PI-11018500000006,3,2,Zapatos de Vestir,vestir,0,APPLY
PI-14313300000278,3,2,Zapatos de Vestir,vestir,0,APPLY
PI-14505900000003,2,2,Zapatos de Vestir,vestir,0,APPLY
PI-40821900000004,3,2,Zapatos de Vestir,vestir,0,APPLY
PI-65406300000004,3,1,Zapatos de Vestir,vestir,0,APPLY
PI-95200100000003,4,1,Zapatos de Vestir,vestir,0,APPLY
3360-02,3,2,Zapatos de Vestir,vestir,0,APPLY
PI-84400100000080,2,2,Zapatos de Vestir,vestir,0,APPLY
PI-11713600000002,2,2,Zapatos de Vestir,vestir,0,APPLY
180747-05,2,2,Zapatos de Vestir,vestir,0,APPLY
3027-04,3,2,Zapatos de Vestir,vestir,0,APPLY
PI-14313300000277,3,2,Zapatos de Vestir,vestir,0,APPLY
PI-78100300000003,2,1,Zapatos de Vestir,vestir,0,APPLY
1389.114.27183-95705,2,2,Zapatos de Vestir,vestir,0,APPLY
5-MARIS-6,4,2,Zapatos de Vestir,vestir,0,APPLY
PI-11007200003338,2,2,Zapatos de Vestir,vestir,0,APPLY
PI-11007200003344,2,2,Zapatos de Vestir,vestir,0,APPLY
PI-74503500000948,2,2,Zapatos de Vestir,vestir,0,APPLY
PI-84400100000081,2,2,Zapatos de Vestir,vestir,0,APPLY
PI-14733000000002,2,2,Zapatos de Vestir,vestir,0,APPLY
35639,2,2,Zapatos de Vestir,vestir,0,APPLY
737-30,3,2,Zapatos de Vestir,vestir,0,APPLY
122877-03,2,2,Zapatos de Vestir,vestir,0,APPLY
180746-04,3,2,Zapatos de Vestir,vestir,0,APPLY
CO-077911,5,2,Zapatos de Vestir,vestir,0,APPLY
181991-01,3,2,Zapatos de Vestir,vestir,0,APPLY
PI-11713700000005,2,2,Zapatos de Vestir,vestir,0,APPLY
PI-11020000000004,2,2,Zapatos de Vestir,vestir,0,APPLY
PI-11010200001185,2,2,Zapatos de Vestir,vestir,0,APPLY
PI-1170860000014,3,2,Zapatos de Vestir,vestir,0,APPLY
PI-11712600000002,2,2,Zapatos de Vestir,vestir,0,APPLY
PI-14313300000241,2,2,Zapatos de Vestir,vestir,0,APPLY
PI-14318300000002,3,2,Zapatos de Vestir,vestir,0,APPLY
PI-14321400000005,3,2,Zapatos de Vestir,vestir,0,APPLY
PI-14323100000006,3,2,Zapatos de Vestir,vestir,0,APPLY
PI-47400900000011,2,1,Zapatos de Vestir,vestir,0,APPLY
PI-72715000000001,2,2,Zapatos de Vestir,vestir,0,APPLY
TFY68,5,63,Zapatos de Vestir,vestir,0,APPLY
5-COSIMO-3,5,2,Zapatos de Vestir,vestir,0,APPLY
PI-14733000000005,2,2,Zapatos de Vestir,vestir,0,APPLY
PI-11713600000001,2,2,Zapatos de Vestir,vestir,0,APPLY
9010-16,2,2,Zapatos de Vestir,vestir,0,APPLY
131669-02,6,2;14,Zapatos de Vestir,"vestir,urbano",0,APPLY
122318-01,3,2,Zapatos de Vestir,vestir,0,APPLY
121839-01,2,2,Zapatos de Vestir,vestir,0,APPLY
125805-02,2,2,Zapatos de Vestir,vestir,0,APPLY
121842-02,2,2,Zapatos de Vestir,vestir,0,APPLY
CLAU-1,9,2,Zapatos de Vestir,vestir,0,APPLY
1840.301.7286.52531,2,2,Zapatos de Vestir,vestir,0,APPLY
PI-78100200000007,3,1,Zapatos de Vestir,vestir,0,APPLY
7377.105.13488.52531,3,2,Zapatos de Vestir,vestir,0,APPLY
G2015,20,2,Zapatos de Vestir,vestir,0,APPLY
PI-11007200003275,2,2,Zapatos de Vestir,vestir,0,APPLY
PI-11016500000014,3,2,Zapatos de Vestir,vestir,0,APPLY
PI-11711500000008,2,2,Zapatos de Vestir,vestir,0,APPLY
PI-11712700000002,2,2,Zapatos de Vestir,vestir,0,APPLY
PI-11712900000001,2,2,Zapatos de Vestir,vestir,0,APPLY
PI-13018500000335,2,2,Zapatos de Vestir,vestir,0,APPLY
PI-13023200000014,2,2,Zapatos de Vestir,vestir,0,APPLY
PI-14313300000321,2,2,Zapatos de Vestir,vestir,0,APPLY
PI-14323300000002,2,2,Zapatos de Vestir,vestir,0,APPLY
PI-23901600000017,2,1,Zapatos de Vestir,vestir,0,APPLY
256371,4,2,Zapatos de Vestir,vestir,0,APPLY
1419.100.7286-16072,3,2,Zapatos de Vestir,vestir,0,APPLY
PI-11007200003341,2,2,Zapatos de Vestir,vestir,0,APPLY
CH213,2,63,Zapatos de Vestir,vestir,0,APPLY
181309-04,2,2,Zapatos de Vestir,vestir,0,APPLY
181504-07,2,2,Zapatos de Vestir,vestir,0,APPLY
181654-01,2,2,Zapatos de Vestir,vestir,0,APPLY
7005-500,2,2,Zapatos de Vestir,vestir,0,APPLY
FT173-430X3-90A,3,2,Zapatos de Vestir,vestir,0,APPLY
PI-11007600000001,3,1,Zapatos de Vestir,vestir,0,APPLY
PI-12200500000057,2,1,Zapatos de Vestir,vestir,0,APPLY
PI-14313300000282,2,2,Zapatos de Vestir,vestir,0,APPLY
PI-14718000000020,2,2,Zapatos de Vestir,vestir,0,APPLY
PI-25020500000004,2,2,Zapatos de Vestir,vestir,0,APPLY
PI-47400100000031,3,1,Zapatos de Vestir,vestir,0,APPLY
PI-54031700000033,3,2,Zapatos de Vestir,vestir,0,APPLY
PI-72705000000005,2,2,Zapatos de Vestir,vestir,0,APPLY
PI-72715200000001,2,2,Zapatos de Vestir,vestir,0,APPLY
PI-74503500000723,4,2,Zapatos de Vestir,vestir,0,APPLY
PI-NAPA,13,1,Zapatos de Vestir,vestir,0,APPLY
PI-NAPA VERNIZ,3,1,Zapatos de Vestir,vestir,0,APPLY
TFY75,4,63,Zapatos de Vestir,vestir,0,APPLY
A07757-13,4,2,Zapatos de Vestir,vestir,0,APPLY
35796,3,1,Zapatos de Vestir,vestir,0,APPLY
5-CLORA-20,21,2,Zapatos de Vestir,vestir,0,APPLY
5-COBNA-6,6,2,Zapatos de Vestir,vestir,0,APPLY
5-COSIMO-13A,7,2,Zapatos de Vestir,vestir,0,APPLY
1495205,3,2,Zapatos de Vestir,vestir,0,APPLY
35795,2,1,Zapatos de Vestir,vestir,0,APPLY
818-02,3,2,Zapatos de Vestir,vestir,0,APPLY
180747-01,2,2,Zapatos de Vestir,vestir,0,APPLY
CH216,3,63,Zapatos de Vestir,vestir,0,APPLY
181310-02,3,2,Zapatos de Vestir,vestir,0,APPLY
181604-04,3,2,Zapatos de Vestir,vestir,0,APPLY
FT3650-8,6,2,Zapatos de Vestir,vestir,0,APPLY
71560585,3,2,Zapatos de Vestir,vestir,0,APPLY
PI-11007200003203,3,2,Zapatos de Vestir,vestir,0,APPLY
PI-11710600000013,3,2,Zapatos de Vestir,vestir,0,APPLY
PI-11711500000014,3,2,Zapatos de Vestir,vestir,0,APPLY
PI-14313300000211,4,1,Zapatos de Vestir,vestir,0,APPLY
PI-14318400000005,2,2,Zapatos de Vestir,vestir,0,APPLY
PI-14505400000006,2,2,Zapatos de Vestir,vestir,0,APPLY
PI-34700200000010,2,2,Zapatos de Vestir,vestir,0,APPLY
PI-9530100000002,2,1,Zapatos de Vestir,vestir,0,APPLY
PI-96801000000003,2,2,Zapatos de Vestir,vestir,0,APPLY
PI-98201700000004,2,2,Zapatos de Vestir,vestir,0,APPLY
PI-NAPA FRONTURA,2,1,Zapatos de Vestir,vestir,0,APPLY
TFY49,5,63,Zapatos de Vestir,vestir,0,APPLY
012-0078-0007M,3,1,Zapatos de Vestir,vestir,0,APPLY
140741-03,2,2,Zapatos de Vestir,vestir,0,APPLY
51-BRUNA-3,3,2,Zapatos de Vestir,vestir,0,APPLY
35794,2,1,Zapatos de Vestir,vestir,0,APPLY
9774,2,2,Zapatos de Vestir,vestir,0,APPLY
181305-07,2,2,Zapatos de Vestir,vestir,0,APPLY
G2018,25,2,Zapatos de Vestir,vestir,0,APPLY
TFY91,5,63,Zapatos de Vestir,vestir,0,APPLY
PI-11007200003274,2,2,Zapatos de Vestir,vestir,0,APPLY
PI-11711800000006,2,2,Zapatos de Vestir,vestir,0,APPLY
PI-13018500000272,2,2,Zapatos de Vestir,vestir,0,APPLY
PI-13018500000280,3,2,Zapatos de Vestir,vestir,0,APPLY
PI-13018500000287,3,2,Zapatos de Vestir,vestir,0,APPLY
PI-13018500000318,2,2,Zapatos de Vestir,vestir,0,APPLY
PI-13018500000356,3,2,Zapatos de Vestir,vestir,0,APPLY
PI-14313300000242,3,2,Zapatos de Vestir,vestir,0,APPLY
PI-14313300000319,2,2,Zapatos de Vestir,vestir,0,APPLY
PI-14323000000002,2,2,Zapatos de Vestir,vestir,0,APPLY
PI-16301200000003,2,2,Zapatos de Vestir,vestir,0,APPLY
PI-40820000000004,3,2,Zapatos de Vestir,vestir,0,APPLY
PI-74503500000722,4,2,Zapatos de Vestir,vestir,0,APPLY
PI-74503500000811,4,2,Zapatos de Vestir,vestir,0,APPLY
PI-74513500000082,4,2,Zapatos de Vestir,vestir,0,APPLY
PI-95300300000004,3,1,Zapatos de Vestir,vestir,0,APPLY
PI-98201300000001,2,2,Zapatos de Vestir,vestir,0,APPLY
PI-NAPA SOFT,5,1,Zapatos de Vestir,vestir,0,APPLY
2211,8,85,Zapatos de Vestir,vestir,0,APPLY
4770,9,1;2;11;26,Zapatos de Vestir,vestir,0,APPLY
32935,2,1,Zapatos de Vestir,vestir,0,APPLY
3360,7,1;2,Zapatos de Vestir,vestir,0,APPLY
33806,2,2,Zapatos de Vestir,vestir,0,APPLY
140741-01,2,2,Zapatos de Vestir,vestir,0,APPLY
3886,8,2,Zapatos de Vestir,vestir,0,APPLY
400030N-BBLM,3,2,Zapatos de Vestir,vestir,0,APPLY
400030N-BKRD,5,2,Zapatos de Vestir,vestir,0,APPLY
1492,10,2,Zapatos de Vestir,vestir,0,APPLY
9752-02,3,2,Zapatos de Vestir,vestir,0,APPLY
121842-03,2,2,Zapatos de Vestir,vestir,0,APPLY
1546104,5,2,Zapatos de Vestir,vestir,0,APPLY
124608-05,2,2,Zapatos de Vestir,vestir,0,APPLY
121842-01,2,2,Zapatos de Vestir,vestir,0,APPLY
122877-02,2,2,Zapatos de Vestir,vestir,0,APPLY
124654-02,2,2,Zapatos de Vestir,vestir,0,APPLY
125805-01,2,2,Zapatos de Vestir,vestir,0,APPLY
G2016,15,2,Zapatos de Vestir,vestir,0,APPLY
TOP-1,5,2,Zapatos de Vestir,vestir,0,APPLY
5986-20,2,2,Zapatos de Vestir,vestir,0,APPLY
7005.647.14708-33300,4,2,Zapatos de Vestir,vestir,0,APPLY
CAT1106-90,3,2,Zapatos de Vestir,vestir,0,APPLY
CH170,2,63,Zapatos de Vestir,vestir,0,APPLY
CH180,2,108,Zapatos de Vestir,vestir,0,APPLY
FT168-502-7-90A,3,2,Zapatos de Vestir,vestir,0,APPLY
G2017,20,2,Zapatos de Vestir,vestir,0,APPLY
LU410S17,2,2,Zapatos de Vestir,vestir,0,APPLY
PI-11007200003202,3,2,Zapatos de Vestir,vestir,0,APPLY
PI-11007200003257,3,2,Zapatos de Vestir,vestir,0,APPLY
PI-11016300000028,3,1,Zapatos de Vestir,vestir,0,APPLY
PI-11710600000014,2,2,Zapatos de Vestir,vestir,0,APPLY
PI-13021100000087,3,2,Zapatos de Vestir,vestir,0,APPLY
PI-13021500000020,2,2,Zapatos de Vestir,vestir,0,APPLY
PI-14318300000004,3,2,Zapatos de Vestir,vestir,0,APPLY
PI-14505400000002,2,2,Zapatos de Vestir,vestir,0,APPLY
PI-25020600000004,2,2,Zapatos de Vestir,vestir,0,APPLY
PI-47400100000032,2,1,Zapatos de Vestir,vestir,0,APPLY
PI-47400200000034,2,1,Zapatos de Vestir,vestir,0,APPLY
PI-54032200000005,3,2,Zapatos de Vestir,vestir,0,APPLY
PI-74503500000794,2,2,Zapatos de Vestir,vestir,0,APPLY
PI-74503500000805,2,2,Zapatos de Vestir,vestir,0,APPLY
PI-74505000000589,2,2,Zapatos de Vestir,vestir,0,APPLY
PI-81800900000034,2,2,Zapatos de Vestir,vestir,0,APPLY
PI-NAPA MARFIM,5,1,Zapatos de Vestir,vestir,0,APPLY
PI-NAPA SFT,3,1,Zapatos de Vestir,vestir,0,APPLY
1494101,3,2,Zapatos de Vestir,vestir,0,APPLY
007A,6,2,Zapatos de Vestir,vestir,0,APPLY
3359,7,2;63,Zapatos de Vestir,vestir,0,APPLY
3359-02,3,2,Zapatos de Vestir,vestir,0,APPLY
33971,3,2,Zapatos de Vestir,vestir,0,APPLY
34084,2,1,Zapatos de Vestir,vestir,0,APPLY
3841-1,4,2,Zapatos de Vestir,vestir,0,APPLY
47744276400,3,2,Zapatos de Vestir,vestir,0,APPLY
5-COSIMO-2,17,2,Zapatos de Vestir,vestir,0,APPLY
5-FETICHE-2,2,2,Zapatos de Vestir,vestir,0,APPLY
5-MIU-4,2,2,Zapatos de Vestir,vestir,0,APPLY
5-REGENT-2,6,2,Zapatos de Vestir,vestir,0,APPLY
5-REGENT-26,2,2,Zapatos de Vestir,vestir,0,APPLY
5-REGENT-6,7,2,Zapatos de Vestir,vestir,0,APPLY
51-BRUNA-1,2,2,Zapatos de Vestir,vestir,0,APPLY
1397101,3,2,Zapatos de Vestir,vestir,0,APPLY
114859-01,2,2,Zapatos de Vestir,vestir,0,APPLY
1112205,5,2,Zapatos de Vestir,vestir,0,APPLY
1176203,2,2,Zapatos de Vestir,vestir,0,APPLY
1176204,3,2,Zapatos de Vestir,vestir,0,APPLY
7005.647.14708-29452,4,2,Zapatos de Vestir,vestir,0,APPLY
88383-A1,4,2,Zapatos de Vestir,vestir,0,APPLY
1222,8,1;5;6;12,Zapatos de Vestir,vestir,0,APPLY
14-17901,3,2,Zapatos de Vestir,vestir,0,APPLY
9276,2,1,Zapatos de Vestir,"vestir,urbano",0,APPLY
1211106,3,2,Zapatos de Vestir,vestir,0,APPLY
13141041784621000,2,1,Zapatos de Vestir,"vestir,urbano",0,APPLY
CELIA-2,3,2,Zapatos de Vestir,vestir,0,APPLY
181504-10,2,2,Zapatos de Vestir,vestir,0,APPLY
1830.501.13488.16072,2,2,Zapatos de Vestir,vestir,0,APPLY
1840.301.7286.16072,2,2,Zapatos de Vestir,vestir,0,APPLY
1323104,3,2,Zapatos de Vestir,vestir,0,APPLY
G1901,9,2,Zapatos de Vestir,vestir,0,APPLY
HA501S16,2,2,Zapatos de Vestir,vestir,0,APPLY
207-4134,4,2,Zapatos de Vestir,vestir,0,APPLY
PELLE-4,4,2,Zapatos de Vestir,vestir,0,APPLY
PI-13018500000284,3,2,Zapatos de Vestir,vestir,0,APPLY
TIME-1,3,2,Zapatos de Vestir,vestir,0,APPLY
ULTRA-1,2,2,Zapatos de Vestir,vestir,0,APPLY
7014-200-BE,3,2,Zapatos de Vestir,vestir,0,APPLY
70141291685463200,3,2,Zapatos de Vestir,"vestir,urbano",0,APPLY
7305.136.16708-15745,2,2,Zapatos de Vestir,vestir,0,APPLY
9043101170066000,2,2,Zapatos de Vestir,"vestir,urbano",0,APPLY
996-22,5,2,Zapatos de Vestir,vestir,0,APPLY
G1922,26,2,Zapatos de Vestir,vestir,0,APPLY
G2021,15,2,Zapatos de Vestir,vestir,0,APPLY
HA400W15,2,2,Zapatos de Vestir,vestir,0,APPLY
HF60486-16,2,2,Zapatos de Vestir,vestir,0,APPLY
HLC-716,4,2,Zapatos de Vestir,vestir,0,APPLY
PD2317-A0,8,2,Zapatos de Vestir,vestir,0,APPLY
PI-11007200003208,3,2,Zapatos de Vestir,vestir,0,APPLY
PI-11017000000006,2,2,Zapatos de Vestir,vestir,0,APPLY
PI-11711600000007,3,2,Zapatos de Vestir,vestir,0,APPLY
PI-13020900000009,3,2,Zapatos de Vestir,vestir,0,APPLY
PI-13021100000069,3,2,Zapatos de Vestir,vestir,0,APPLY
PI-13021100000128,2,1,Zapatos de Vestir,vestir,0,APPLY
PI-14315600000006,2,2,Zapatos de Vestir,vestir,0,APPLY
PI-14315600000007,2,2,Zapatos de Vestir,vestir,0,APPLY
PI-14318400000002,2,2,Zapatos de Vestir,vestir,0,APPLY
PI-14319100000005,2,2,Zapatos de Vestir,vestir,0,APPLY
PI-14719300000006,2,2,Zapatos de Vestir,vestir,0,APPLY
PI-14730400000006,2,2,Zapatos de Vestir,vestir,0,APPLY
PI-23901900000011,3,1,Zapatos de Vestir,vestir,0,APPLY
PI-25011500000454,2,1,Zapatos de Vestir,vestir,0,APPLY
PI-25020600000009,3,2,Zapatos de Vestir,vestir,0,APPLY
PI-320156,5,2,Zapatos de Vestir,vestir,0,APPLY
PI-41002600000014,3,1,Zapatos de Vestir,vestir,0,APPLY
PI-47400100000022,2,2,Zapatos de Vestir,vestir,0,APPLY
PI-50804100000002,2,2,Zapatos de Vestir,vestir,0,APPLY
PI-69500700000007,2,2,Zapatos de Vestir,vestir,0,APPLY
PI-70301600000009,2,2,Zapatos de Vestir,vestir,0,APPLY
PI-74503500000703,3,2,Zapatos de Vestir,vestir,0,APPLY
PI-74503500000704,3,2,Zapatos de Vestir,vestir,0,APPLY
PI-74513500000123,2,1,Zapatos de Vestir,vestir,0,APPLY
PI-99600500000013,2,1,Zapatos de Vestir,vestir,0,APPLY
UF450S16,5,2,Zapatos de Vestir,vestir,0,APPLY
2127-13,2,2,Zapatos de Vestir,vestir,0,APPLY
2142601,1,2,Zapatos de Vestir,vestir,0,APPLY
2142701,1,2,Zapatos de Vestir,vestir,0,APPLY
2142702,1,2,Zapatos de Vestir,vestir,0,APPLY
2142702-A,1,2,Zapatos de Vestir,vestir,0,APPLY
2182,1,1,Zapatos de Vestir,"vestir,urbano",0,APPLY
A07757-1,5,2,Zapatos de Vestir,vestir,0,APPLY
22101-1,2,2,Zapatos de Vestir,"vestir,urbano",0,APPLY
22101-3,1,2,Zapatos de Vestir,"vestir,urbano",0,APPLY
2230872,1,2,Zapatos de Vestir,vestir,0,APPLY
2229046,1,2,Zapatos de Vestir,vestir,0,APPLY
1376102,3,2,Zapatos de Vestir,vestir,0,APPLY
CN5750,11,1;2,Zapatos de Vestir,vestir,0,APPLY
2320-19-90,1,2,Zapatos de Vestir,vestir,0,APPLY
2320-16-90,1,2,Zapatos de Vestir,vestir,0,APPLY
2320-3-90A,1,2,Zapatos de Vestir,vestir,0,APPLY
232704,1,2,Zapatos de Vestir,vestir,0,APPLY
232705,1,2,Zapatos de Vestir,vestir,0,APPLY
234-1408,1,2,Zapatos de Vestir,vestir,0,APPLY
23409-28-90,1,2,Zapatos de Vestir,vestir,0,APPLY
234-1407,1,2,Zapatos de Vestir,vestir,0,APPLY
234-7709,1,2,Zapatos de Vestir,vestir,0,APPLY
2351,2,2,Zapatos de Vestir,vestir,0,APPLY
2396,4,2,Zapatos de Vestir,vestir,0,APPLY
2394,2,1,Zapatos de Vestir,"vestir,urbano",0,APPLY
2418ALC,1,2,Zapatos de Vestir,vestir,0,APPLY
2479AEIA01EPA,1,2,Zapatos de Vestir,vestir,0,APPLY
2613F,1,1,Zapatos de Vestir,"vestir,urbano",0,APPLY
2647,2,1,Zapatos de Vestir,"vestir,urbano",0,APPLY
2707ASTA0120A,1,2,Zapatos de Vestir,vestir,0,APPLY
2707ST012010,2,2,Zapatos de Vestir,vestir,0,APPLY
2712ASTA0120A,1,2,Zapatos de Vestir,vestir,0,APPLY
2727ST012010,1,2,Zapatos de Vestir,vestir,0,APPLY
2732ST012010,1,2,Zapatos de Vestir,vestir,0,APPLY
2751,2,2;5,Zapatos de Vestir,vestir,0,APPLY
2752ALC,1,2,Zapatos de Vestir,vestir,0,APPLY
2865,3,97,Zapatos de Vestir,vestir,0,APPLY
2918ALC,1,2,Zapatos de Vestir,vestir,0,APPLY
2924I22H1944AA,1,2,Zapatos de Vestir,vestir,0,APPLY
2945L12I4353AA,2,2,Zapatos de Vestir,vestir,0,APPLY
4771,7,1;2;10,Zapatos de Vestir,vestir,0,APPLY
5401,3,2;9,Zapatos de Vestir,vestir,0,APPLY
3-CLAU-1,6,2,Zapatos de Vestir,vestir,0,APPLY
3-CLAU-2,5,2,Zapatos de Vestir,vestir,0,APPLY
3-MAD-3,5,2,Zapatos de Vestir,vestir,0,APPLY
6674,3,2;26,Zapatos de Vestir,vestir,0,APPLY
8607,2,2,Zapatos de Vestir,vestir,0,APPLY
300701,1,2,Zapatos de Vestir,vestir,0,APPLY
301-0018,6,2,Zapatos de Vestir,vestir,0,APPLY
302027-B,2,2,Zapatos de Vestir,vestir,0,APPLY
302027-N,2,2,Zapatos de Vestir,vestir,0,APPLY
TB2869,4,2,Zapatos de Vestir,vestir,0,APPLY
1422202,3,2,Zapatos de Vestir,vestir,0,APPLY
1422204,4,2,Zapatos de Vestir,vestir,0,APPLY
3036,5,2;8,Zapatos de Vestir,vestir,0,APPLY
303602,1,2,Zapatos de Vestir,vestir,0,APPLY
1422234,3,2,Zapatos de Vestir,vestir,0,APPLY
1640153,4,2,Zapatos de Vestir,vestir,0,APPLY
1640154,6,2,Zapatos de Vestir,vestir,0,APPLY
305102,1,2,Zapatos de Vestir,vestir,0,APPLY
305121,1,2,Zapatos de Vestir,vestir,0,APPLY
305302,1,2,Zapatos de Vestir,vestir,0,APPLY
3061,2,2,Zapatos de Vestir,vestir,0,APPLY
306100,1,2,Zapatos de Vestir,vestir,0,APPLY
3070,3,2,Zapatos de Vestir,vestir,0,APPLY
3071,2,1;2,Zapatos de Vestir,vestir,0,APPLY
30988,3,1,Zapatos de Vestir,vestir,0,APPLY
6291,3,2;63,Zapatos de Vestir,vestir,0,APPLY
6475,3,2;8,Zapatos de Vestir,vestir,0,APPLY
W1470-JB8,1,2,Zapatos de Vestir,vestir,0,APPLY
31515,1,2,Zapatos de Vestir,vestir,0,APPLY
31580,1,2,Zapatos de Vestir,vestir,0,APPLY
W21-H2316,6,2,Zapatos de Vestir,vestir,0,APPLY
316402,1,2,Zapatos de Vestir,vestir,0,APPLY
3174,3,2,Zapatos de Vestir,vestir,0,APPLY
3178,3,2,Zapatos de Vestir,vestir,0,APPLY
3183,1,2,Zapatos de Vestir,vestir,0,APPLY
3184,2,2,Zapatos de Vestir,vestir,0,APPLY
3198,5,2,Zapatos de Vestir,vestir,0,APPLY
3207,1,1,Zapatos de Vestir,"vestir,urbano",0,APPLY
3214,2,2,Zapatos de Vestir,vestir,0,APPLY
3245,2,2,Zapatos de Vestir,vestir,0,APPLY
1388405,1,2,Zapatos de Vestir,vestir,0,APPLY
3265,2,2,Zapatos de Vestir,vestir,0,APPLY
3268,2,2;8,Zapatos de Vestir,vestir,0,APPLY
3269,2,2,Zapatos de Vestir,vestir,0,APPLY
3274,3,2;49,Zapatos de Vestir,vestir,0,APPLY
3279,2,2,Zapatos de Vestir,vestir,0,APPLY
3280,2,2;14,Zapatos de Vestir,vestir,0,APPLY
3266,2,2,Zapatos de Vestir,vestir,0,APPLY
3288,4,2;26;33;41,Zapatos de Vestir,vestir,0,APPLY
329420,2,2,Zapatos de Vestir,vestir,0,APPLY
32953,3,1,Zapatos de Vestir,vestir,0,APPLY
3300,2,2,Zapatos de Vestir,vestir,0,APPLY
329785,2,2,Zapatos de Vestir,vestir,0,APPLY
3302,5,2;14;15;57,Zapatos de Vestir,vestir,0,APPLY
3315,5,2;26,Zapatos de Vestir,vestir,0,APPLY
3319,4,2;12,Zapatos de Vestir,vestir,0,APPLY
332,5,2;26;33,Zapatos de Vestir,vestir,0,APPLY
332-3446,2,2,Zapatos de Vestir,vestir,0,APPLY
3322,2,2,Zapatos de Vestir,vestir,0,APPLY
3323,2,2,Zapatos de Vestir,vestir,0,APPLY
332394,2,2,Zapatos de Vestir,vestir,0,APPLY
3336-20,3,2,Zapatos de Vestir,vestir,0,APPLY
MF-5107-10,2,2,Zapatos de Vestir,vestir,0,APPLY
1389.101.7286-146072,2,2,Zapatos de Vestir,vestir,0,APPLY
3364,5,2;63,Zapatos de Vestir,vestir,0,APPLY
3365,4,2,Zapatos de Vestir,vestir,0,APPLY
339-2613,3,2,Zapatos de Vestir,vestir,0,APPLY
339-2630,2,2,Zapatos de Vestir,vestir,0,APPLY
339-6130,3,2,Zapatos de Vestir,vestir,0,APPLY
33988,4,1,Zapatos de Vestir,vestir,0,APPLY
34010,3,1,Zapatos de Vestir,vestir,0,APPLY
34012,3,1,Zapatos de Vestir,vestir,0,APPLY
34085,2,1,Zapatos de Vestir,vestir,0,APPLY
34099,2,1,Zapatos de Vestir,vestir,0,APPLY
012-0078-0007N,3,1,Zapatos de Vestir,vestir,0,APPLY
34100,2,1,Zapatos de Vestir,vestir,0,APPLY
3472F,2,2,Zapatos de Vestir,vestir,0,APPLY
34640,2,1,Zapatos de Vestir,vestir,0,APPLY
3481,2,2,Zapatos de Vestir,vestir,0,APPLY
3482,3,2,Zapatos de Vestir,vestir,0,APPLY
3484F,2,2,Zapatos de Vestir,vestir,0,APPLY
3511,3,86,Zapatos de Vestir,vestir,0,APPLY
3512,2,2,Zapatos de Vestir,vestir,0,APPLY
3565A-2,2,2,Zapatos de Vestir,vestir,0,APPLY
3565A-8,3,2,Zapatos de Vestir,vestir,0,APPLY
3565A-3,4,2,Zapatos de Vestir,vestir,0,APPLY
363,3,2;5;14,Zapatos de Vestir,vestir,0,APPLY
366-0002,1,2,Zapatos de Vestir,vestir,0,APPLY
366-0701,4,2,Zapatos de Vestir,vestir,0,APPLY
366-0703,1,2,Zapatos de Vestir,vestir,0,APPLY
368M-BLACK,1,2,Zapatos de Vestir,vestir,0,APPLY
368M-BLUE,1,2,Zapatos de Vestir,vestir,0,APPLY
3711,3,1;2,Zapatos de Vestir,vestir,0,APPLY
3712ALC,1,2,Zapatos de Vestir,vestir,0,APPLY
3720,4,2,Zapatos de Vestir,vestir,0,APPLY
3724,1,2,Zapatos de Vestir,vestir,0,APPLY
3725F,1,2,Zapatos de Vestir,vestir,0,APPLY
11841011766012900,2,2,Zapatos de Vestir,vestir,0,APPLY
3769,3,2,Zapatos de Vestir,vestir,0,APPLY
379-7356,4,2,Zapatos de Vestir,vestir,0,APPLY
379-9617,6,2,Zapatos de Vestir,vestir,0,APPLY
3809,4,2;24,Zapatos de Vestir,vestir,0,APPLY
1409,2,2;12,Zapatos de Vestir,vestir,0,APPLY
3822F,4,2,Zapatos de Vestir,vestir,0,APPLY
3823,1,2,Zapatos de Vestir,vestir,0,APPLY
3824,3,2,Zapatos de Vestir,vestir,0,APPLY
3845,1,1,Zapatos de Vestir,"vestir,urbano",0,APPLY
1412206,1,2,Zapatos de Vestir,vestir,0,APPLY
3925,2,2,Zapatos de Vestir,vestir,0,APPLY
1004,8,1;2;7;9;11;24;36,Zapatos de Vestir,vestir,0,APPLY
1381404,2,2,Zapatos de Vestir,vestir,0,APPLY
1422201,3,2,Zapatos de Vestir,vestir,0,APPLY
1422203,2,2,Zapatos de Vestir,vestir,0,APPLY
1422231,3,2,Zapatos de Vestir,vestir,0,APPLY
3953,3,2,Zapatos de Vestir,vestir,0,APPLY
3957,2,2,Zapatos de Vestir,vestir,0,APPLY
3966-1,2,2,Zapatos de Vestir,vestir,0,APPLY
3951ALC,1,2,Zapatos de Vestir,vestir,0,APPLY
2944,1,2,Zapatos de Vestir,vestir,0,APPLY
1423101,2,2,Zapatos de Vestir,vestir,0,APPLY
1423105,2,2,Zapatos de Vestir,vestir,0,APPLY
1424104,1,2,Zapatos de Vestir,vestir,0,APPLY
1425102,1,2,Zapatos de Vestir,vestir,0,APPLY
1425103,1,2,Zapatos de Vestir,vestir,0,APPLY
1426102,1,2,Zapatos de Vestir,vestir,0,APPLY
1423102,1,2,Zapatos de Vestir,vestir,0,APPLY
4000,5,2;9;19;25,Zapatos de Vestir,"vestir,urbano",0,APPLY
4004,7,109,Zapatos de Vestir,"vestir,urbano",0,APPLY
4014,4,1;2;14,Zapatos de Vestir,vestir,0,APPLY
405010L--BLLM,4,2,Zapatos de Vestir,vestir,0,APPLY
405010L-BKOR,5,2,Zapatos de Vestir,vestir,0,APPLY
4063,4,1;2,Zapatos de Vestir,vestir,0,APPLY
4070500,3,2,Zapatos de Vestir,vestir,0,APPLY
40703-01,2,2,Zapatos de Vestir,"vestir,urbano",0,APPLY
145-2,3,2,Zapatos de Vestir,vestir,0,APPLY
4079102,4,2,Zapatos de Vestir,vestir,0,APPLY
4080201,3,2,Zapatos de Vestir,vestir,0,APPLY
410-1,2,2,Zapatos de Vestir,vestir,0,APPLY
410-2,3,2,Zapatos de Vestir,vestir,0,APPLY
1451403,2,2,Zapatos de Vestir,vestir,0,APPLY
4102F,1,2,Zapatos de Vestir,vestir,0,APPLY
1452202,1,2,Zapatos de Vestir,vestir,0,APPLY
1452401,2,2,Zapatos de Vestir,vestir,0,APPLY
4194,2,2,Zapatos de Vestir,vestir,0,APPLY
4240,2,2;7,Zapatos de Vestir,vestir,0,APPLY
1457401,2,2,Zapatos de Vestir,vestir,0,APPLY
4246,6,2;13;33,Zapatos de Vestir,vestir,0,APPLY
4272,3,2;5,Zapatos de Vestir,vestir,0,APPLY
1457404,2,2,Zapatos de Vestir,vestir,0,APPLY
4283,3,2;9,Zapatos de Vestir,vestir,0,APPLY
4287,1,2,Zapatos de Vestir,vestir,0,APPLY
4289,2,2,Zapatos de Vestir,vestir,0,APPLY
4290,3,2,Zapatos de Vestir,vestir,0,APPLY
4292,1,2,Zapatos de Vestir,vestir,0,APPLY
4295,3,2;63,Zapatos de Vestir,vestir,0,APPLY
4296,2,2;63,Zapatos de Vestir,vestir,0,APPLY
4298,1,2,Zapatos de Vestir,vestir,0,APPLY
43-142,1,2,Zapatos de Vestir,vestir,0,APPLY
43014-4,2,2,Zapatos de Vestir,vestir,0,APPLY
4320,5,2;17,Zapatos de Vestir,vestir,0,APPLY
4321,3,2,Zapatos de Vestir,vestir,0,APPLY
4323,1,2,Zapatos de Vestir,vestir,0,APPLY
4324,3,87,Zapatos de Vestir,vestir,0,APPLY
4332,2,2,Zapatos de Vestir,vestir,0,APPLY
4333,3,1;2,Zapatos de Vestir,vestir,0,APPLY
1462-14,5,2,Zapatos de Vestir,vestir,0,APPLY
4346,3,2;9,Zapatos de Vestir,vestir,0,APPLY
4360,1,2,Zapatos de Vestir,vestir,0,APPLY
4415,2,2,Zapatos de Vestir,vestir,0,APPLY
4421,2,2;24,Zapatos de Vestir,vestir,0,APPLY
4426F,2,2,Zapatos de Vestir,vestir,0,APPLY
4425,4,2,Zapatos de Vestir,vestir,0,APPLY
1470402,2,2;14,Zapatos de Vestir,vestir,0,APPLY
44647-4,1,2,Zapatos de Vestir,vestir,0,APPLY
4474,1,2,Zapatos de Vestir,vestir,0,APPLY
4485,2,1,Zapatos de Vestir,"vestir,urbano",0,APPLY
14714100000000,2,2,Zapatos de Vestir,vestir,0,APPLY
14714100000004,1,2,Zapatos de Vestir,vestir,0,APPLY
1477101,1,2,Zapatos de Vestir,vestir,0,APPLY
1477104,3,2,Zapatos de Vestir,vestir,0,APPLY
4608,3,1;2;11,Zapatos de Vestir,vestir,0,APPLY
4651,2,2,Zapatos de Vestir,vestir,0,APPLY
46562-4,1,2,Zapatos de Vestir,vestir,0,APPLY
4720,4,1;26,Zapatos de Vestir,"vestir,urbano",0,APPLY
4755,2,2;26,Zapatos de Vestir,vestir,0,APPLY
4772,2,2,Zapatos de Vestir,vestir,0,APPLY
4776,3,2,Zapatos de Vestir,vestir,0,APPLY
47971-2,2,2,Zapatos de Vestir,vestir,0,APPLY
4801,3,111,Zapatos de Vestir,"vestir,urbano",0,APPLY
4806,2,2;36,Zapatos de Vestir,vestir,0,APPLY
4808,1,2,Zapatos de Vestir,"vestir,urbano",0,APPLY
4862,1,2,Zapatos de Vestir,vestir,0,APPLY
1492206,1,2,Zapatos de Vestir,vestir,0,APPLY
4963,3,2;14;26,Zapatos de Vestir,vestir,0,APPLY
4ISH367511-4CL,1,1,Zapatos de Vestir,"vestir,urbano",0,APPLY
4ISG095116-4,1,1,Zapatos de Vestir,"vestir,urbano",0,APPLY
5-ANGE-20,3,2,Zapatos de Vestir,vestir,0,APPLY
5-CLORA-1,5,2,Zapatos de Vestir,vestir,0,APPLY
5-CLORA-11A,1,2,Zapatos de Vestir,vestir,0,APPLY
5-CLORA-3,5,2,Zapatos de Vestir,vestir,0,APPLY
5-CLORA-31,10,2,Zapatos de Vestir,vestir,0,APPLY
5-CLORA-4,7,2,Zapatos de Vestir,vestir,0,APPLY
5-CONFORTO-1,4,2,Zapatos de Vestir,vestir,0,APPLY
5-CONFORTO-10,2,2,Zapatos de Vestir,vestir,0,APPLY
5-CONFORTO-2,5,2,Zapatos de Vestir,vestir,0,APPLY
5-COSIMO-13,4,2,Zapatos de Vestir,vestir,0,APPLY
5-COSIMO-25,4,2,Zapatos de Vestir,vestir,0,APPLY
5-COSIMO-2F,3,2,Zapatos de Vestir,vestir,0,APPLY
5-CRISTAL-2,3,2,Zapatos de Vestir,vestir,0,APPLY
5-CRISTAL-3,2,2,Zapatos de Vestir,vestir,0,APPLY
5-DILLY-12,2,2,Zapatos de Vestir,vestir,0,APPLY
5-FATTO-1,4,2,Zapatos de Vestir,vestir,0,APPLY
5-FATTO-2,9,2,Zapatos de Vestir,vestir,0,APPLY
5-FATTO-4,4,2,Zapatos de Vestir,vestir,0,APPLY
5-FLEX-5,7,2,Zapatos de Vestir,vestir,0,APPLY
5-FRIT-1,4,2,Zapatos de Vestir,vestir,0,APPLY
5-FRIT-2,4,2,Zapatos de Vestir,vestir,0,APPLY
5-MARIS-1,6,2,Zapatos de Vestir,vestir,0,APPLY
5-POLA-2,2,2,Zapatos de Vestir,vestir,0,APPLY
5-REGENT-5,8,2,Zapatos de Vestir,vestir,0,APPLY
5-REGENT-7,5,2,Zapatos de Vestir,vestir,0,APPLY
5-SHOW-1,5,2,Zapatos de Vestir,vestir,0,APPLY
5-SHOW-2,4,2,Zapatos de Vestir,vestir,0,APPLY
5001ALC,1,2,Zapatos de Vestir,vestir,0,APPLY
5002ALC,1,2,Zapatos de Vestir,vestir,0,APPLY
5006,5,2;7;26;63,Zapatos de Vestir,vestir,0,APPLY
1494102,2,2,Zapatos de Vestir,vestir,0,APPLY
1494105,3,2,Zapatos de Vestir,vestir,0,APPLY
5019-45,1,2,Zapatos de Vestir,vestir,0,APPLY
5030,1,2,Zapatos de Vestir,vestir,0,APPLY
5045,2,2,Zapatos de Vestir,vestir,0,APPLY
506,3,87,Zapatos de Vestir,vestir,0,APPLY
5073,2,2,Zapatos de Vestir,vestir,0,APPLY
509,1,2,Zapatos de Vestir,vestir,0,APPLY
1495101,1,2,Zapatos de Vestir,vestir,0,APPLY
1495105,2,2,Zapatos de Vestir,vestir,0,APPLY
1495405,2,2,Zapatos de Vestir,vestir,0,APPLY
1160,3,2,Zapatos de Vestir,vestir,0,APPLY
5118715,3,2,Zapatos de Vestir,vestir,0,APPLY
1495452,1,2,Zapatos de Vestir,vestir,0,APPLY
1495453,1,2,Zapatos de Vestir,vestir,0,APPLY
1495459,1,2,Zapatos de Vestir,vestir,0,APPLY
515,3,86,Zapatos de Vestir,vestir,0,APPLY
1023380,2,2,Zapatos de Vestir,vestir,0,APPLY
5188.423.13488-15745,2,2,Zapatos de Vestir,vestir,0,APPLY
WBL0127,2,2,Zapatos de Vestir,vestir,0,APPLY
WE-197672-2,2,2,Zapatos de Vestir,vestir,0,APPLY
WE-9-1120-14,2,2,Zapatos de Vestir,vestir,0,APPLY
WE-9-197672A,2,2,Zapatos de Vestir,vestir,0,APPLY
WE-HR-068-10,1,2,Zapatos de Vestir,vestir,0,APPLY
WE-M9-51729-1,4,2,Zapatos de Vestir,vestir,0,APPLY
WE-M9-7672-1,4,2,Zapatos de Vestir,vestir,0,APPLY
WE-M9-7672-1A,3,2,Zapatos de Vestir,vestir,0,APPLY
WS-JY6076-8254,2,2,Zapatos de Vestir,vestir,0,APPLY
WW604-1,4,2,Zapatos de Vestir,vestir,0,APPLY
X0010,9,2,Zapatos de Vestir,vestir,0,APPLY
4873,1,2,Zapatos de Vestir,vestir,0,APPLY
5208,4,2;35;41;50,Zapatos de Vestir,vestir,0,APPLY
5926,1,2,Zapatos de Vestir,vestir,0,APPLY
XN-8375C,4,2,Zapatos de Vestir,vestir,0,APPLY
XN-XJ-16203-V2,2,2,Zapatos de Vestir,vestir,0,APPLY
XN-XJ16203,2,2,Zapatos de Vestir,vestir,0,APPLY
XN-XJ16256,7,2,Zapatos de Vestir,vestir,0,APPLY
XN-XJ16284P,4,2,Zapatos de Vestir,vestir,0,APPLY
XN-XY16262A,5,2,Zapatos de Vestir,vestir,0,APPLY
XN8375C,3,2,Zapatos de Vestir,vestir,0,APPLY
103104,1,2,Zapatos de Vestir,vestir,0,APPLY
YAE205,2,2,Zapatos de Vestir,vestir,0,APPLY
5213,2,1,Zapatos de Vestir,"vestir,urbano",0,APPLY
5220,2,2,Zapatos de Vestir,vestir,0,APPLY
5220-N2A,3,2,Zapatos de Vestir,vestir,0,APPLY
5220-N3A,2,2,Zapatos de Vestir,vestir,0,APPLY
5258,2,2,Zapatos de Vestir,vestir,0,APPLY
5261,2,2,Zapatos de Vestir,vestir,0,APPLY
1393202,1,2,Zapatos de Vestir,vestir,0,APPLY
5264,2,2;43,Zapatos de Vestir,vestir,0,APPLY
5265,4,1;2;31,Zapatos de Vestir,vestir,0,APPLY
PI-25013200000246,3,2,Zapatos de Vestir,vestir,0,APPLY
5301,1,2,Zapatos de Vestir,vestir,0,APPLY
5302F,1,2,Zapatos de Vestir,vestir,0,APPLY
5304,2,1;2,Zapatos de Vestir,vestir,0,APPLY
5365,2,2;9,Zapatos de Vestir,vestir,0,APPLY
54-251,1,2,Zapatos de Vestir,vestir,0,APPLY
5410,2,2,Zapatos de Vestir,vestir,0,APPLY
5414,3,2;19,Zapatos de Vestir,vestir,0,APPLY
5419,2,2,Zapatos de Vestir,vestir,0,APPLY
5466,1,2,Zapatos de Vestir,vestir,0,APPLY
5470,1,2,Zapatos de Vestir,vestir,0,APPLY
5484,1,2,Zapatos de Vestir,vestir,0,APPLY
550,6,2;12;26;58,Zapatos de Vestir,vestir,0,APPLY
15-1605,1,2,Zapatos de Vestir,vestir,0,APPLY
15-2302,1,2,Zapatos de Vestir,vestir,0,APPLY
15-3203,1,2,Zapatos de Vestir,vestir,0,APPLY
15-3204,1,2,Zapatos de Vestir,vestir,0,APPLY
15-2301,2,2,Zapatos de Vestir,vestir,0,APPLY
15-2304,2,2,Zapatos de Vestir,vestir,0,APPLY
15-805,1,2,Zapatos de Vestir,vestir,0,APPLY
5539,1,2,Zapatos de Vestir,vestir,0,APPLY
55699563,1,2,Zapatos de Vestir,vestir,0,APPLY
1185.123.13488-46175,2,2,Zapatos de Vestir,vestir,0,APPLY
5659,4,2;37,Zapatos de Vestir,vestir,0,APPLY
5671,4,2;13,Zapatos de Vestir,vestir,0,APPLY
5760,2,2,Zapatos de Vestir,vestir,0,APPLY
1395.103.7286.15745,2,2,Zapatos de Vestir,vestir,0,APPLY
5818,2,1,Zapatos de Vestir,"vestir,urbano",0,APPLY
5821,1,2,Zapatos de Vestir,vestir,0,APPLY
5925,1,2,Zapatos de Vestir,vestir,0,APPLY
5927,3,2,Zapatos de Vestir,vestir,0,APPLY
5928,4,2,Zapatos de Vestir,vestir,0,APPLY
5930,1,2,Zapatos de Vestir,vestir,0,APPLY
5936,1,2,Zapatos de Vestir,vestir,0,APPLY
5938,1,2,Zapatos de Vestir,vestir,0,APPLY
5939,2,2,Zapatos de Vestir,vestir,0,APPLY
5940,2,2,Zapatos de Vestir,vestir,0,APPLY
5961,1,2,Zapatos de Vestir,vestir,0,APPLY
5970,3,97,Zapatos de Vestir,"vestir,urbano",0,APPLY
6005,5,2;5,Zapatos de Vestir,vestir,0,APPLY
607-12,2,2,Zapatos de Vestir,vestir,0,APPLY
6070,1,2,Zapatos de Vestir,vestir,0,APPLY
6071F,2,2,Zapatos de Vestir,vestir,0,APPLY
6073,2,1;2,Zapatos de Vestir,vestir,0,APPLY
6074,3,2,Zapatos de Vestir,vestir,0,APPLY
6075,3,2;46,Zapatos de Vestir,vestir,0,APPLY
6079F,2,2,Zapatos de Vestir,vestir,0,APPLY
6080,6,1;2;56;63,Zapatos de Vestir,"vestir,oficial",0,APPLY
1116,4,2;23,Zapatos de Vestir,vestir,0,APPLY
6177,3,2;14,Zapatos de Vestir,vestir,0,APPLY
6178,2,2;46,Zapatos de Vestir,vestir,0,APPLY
1503-90,2,2,Zapatos de Vestir,vestir,0,APPLY
1122.655.18372-68414,2,2,Zapatos de Vestir,vestir,0,APPLY
11226001348853200,1,2,Zapatos de Vestir,vestir,0,APPLY
11226281765415700,2,2,Zapatos de Vestir,vestir,0,APPLY
6280,1,2,Zapatos de Vestir,vestir,0,APPLY
6284,1,2,Zapatos de Vestir,vestir,0,APPLY
6287,1,2,Zapatos de Vestir,vestir,0,APPLY
6288,4,2,Zapatos de Vestir,vestir,0,APPLY
114859-08,2,2,Zapatos de Vestir,vestir,0,APPLY
6368,3,97,Zapatos de Vestir,vestir,0,APPLY
641-2115,1,2,Zapatos de Vestir,vestir,0,APPLY
1509-2,4,2,Zapatos de Vestir,vestir,0,APPLY
6465,1,2,Zapatos de Vestir,vestir,0,APPLY
6467,3,2;63,Zapatos de Vestir,vestir,0,APPLY
6488,1,2,Zapatos de Vestir,vestir,0,APPLY
6503,5,108,Zapatos de Vestir,vestir,0,APPLY
6506ALC,1,2,Zapatos de Vestir,vestir,0,APPLY
1511,2,2;14,Zapatos de Vestir,vestir,0,APPLY
6688,3,2;63,Zapatos de Vestir,vestir,0,APPLY
1514,2,2,Zapatos de Vestir,vestir,0,APPLY
1516,3,2;14,Zapatos de Vestir,vestir,0,APPLY
6886,3,2,Zapatos de Vestir,vestir,0,APPLY
6888,1,2,Zapatos de Vestir,vestir,0,APPLY
6941,2,2;12,Zapatos de Vestir,vestir,0,APPLY
7-SOFT-2,2,2,Zapatos de Vestir,vestir,0,APPLY
7-TAP-30,9,2,Zapatos de Vestir,vestir,0,APPLY
7-SOFT-23,9,2,Zapatos de Vestir,vestir,0,APPLY
7-TAP-31,1,2,Zapatos de Vestir,vestir,0,APPLY
70051009117,1,2,Zapatos de Vestir,vestir,0,APPLY
70051067652,2,2,Zapatos de Vestir,vestir,0,APPLY
70053005536,2,2,Zapatos de Vestir,vestir,0,APPLY
70142291470852500,2,2,Zapatos de Vestir,"vestir,urbano",0,APPLY
1523105,3,2,Zapatos de Vestir,vestir,0,APPLY
1523102,2,2,Zapatos de Vestir,vestir,0,APPLY
1525105,1,2,Zapatos de Vestir,vestir,0,APPLY
1523251,2,2,Zapatos de Vestir,vestir,0,APPLY
1523252,2,2,Zapatos de Vestir,vestir,0,APPLY
1523253,1,2,Zapatos de Vestir,vestir,0,APPLY
7109,5,1;2;11,Zapatos de Vestir,"vestir,urbano",0,APPLY
711-2055,1,2,Zapatos de Vestir,vestir,0,APPLY
711-6055,1,2,Zapatos de Vestir,vestir,0,APPLY
71666350,1,2,Zapatos de Vestir,vestir,0,APPLY
7305-100,10,2,Zapatos de Vestir,vestir,0,APPLY
733-1,4,2,Zapatos de Vestir,vestir,0,APPLY
1546102,2,2,Zapatos de Vestir,vestir,0,APPLY
734,9,107,Zapatos de Vestir,vestir,0,APPLY
1397204,1,2,Zapatos de Vestir,vestir,0,APPLY
738,5,108,Zapatos de Vestir,vestir,0,APPLY
1550303,3,2,Zapatos de Vestir,vestir,0,APPLY
1550351,1,2,Zapatos de Vestir,vestir,0,APPLY
1550353,1,2,Zapatos de Vestir,vestir,0,APPLY
7510,2,1;2,Zapatos de Vestir,vestir,0,APPLY
1071412,3,2,Zapatos de Vestir,vestir,0,APPLY
8-88847-10,3,2,Zapatos de Vestir,vestir,0,APPLY
8008,6,97,Zapatos de Vestir,"vestir,urbano",0,APPLY
109504,2,2,Zapatos de Vestir,vestir,0,APPLY
109506,1,2,Zapatos de Vestir,vestir,0,APPLY
8090,2,2;11,Zapatos de Vestir,vestir,0,APPLY
810,3,2,Zapatos de Vestir,vestir,0,APPLY
8110,8,2;10;31,Zapatos de Vestir,vestir,0,APPLY
8125,3,2;46,Zapatos de Vestir,vestir,0,APPLY
8133,2,2,Zapatos de Vestir,vestir,0,APPLY
8137,3,2,Zapatos de Vestir,vestir,0,APPLY
8177-1-90,1,2,Zapatos de Vestir,vestir,0,APPLY
11-MINI-1,1,2,Zapatos de Vestir,vestir,0,APPLY
11-MINI-2,2,2,Zapatos de Vestir,vestir,0,APPLY
11-VAGA-20,1,2,Zapatos de Vestir,vestir,0,APPLY
8209902-90,2,2,Zapatos de Vestir,vestir,0,APPLY
8209907-90,1,2,Zapatos de Vestir,vestir,0,APPLY
8235,1,2,Zapatos de Vestir,vestir,0,APPLY
8258,7,1,Zapatos de Vestir,"vestir,urbano",0,APPLY
8274,4,1;42,Zapatos de Vestir,"vestir,urbano",0,APPLY
14-101,1,2,Zapatos de Vestir,vestir,0,APPLY
8330,3,1;2,Zapatos de Vestir,"vestir,urbano",0,APPLY
8333,2,1;2,Zapatos de Vestir,vestir,0,APPLY
1112206,1,2,Zapatos de Vestir,vestir,0,APPLY
1112201,2,2,Zapatos de Vestir,vestir,0,APPLY
1595351,1,2,Zapatos de Vestir,vestir,0,APPLY
1595353,1,2,Zapatos de Vestir,vestir,0,APPLY
1595354,1,2,Zapatos de Vestir,vestir,0,APPLY
1595454,1,2,Zapatos de Vestir,vestir,0,APPLY
14-12001,1,2,Zapatos de Vestir,vestir,0,APPLY
8400,5,2,Zapatos de Vestir,vestir,0,APPLY
1120205,2,2,Zapatos de Vestir,vestir,0,APPLY
1120206,1,2,Zapatos de Vestir,vestir,0,APPLY
14-14301,2,2,Zapatos de Vestir,vestir,0,APPLY
6469,2,1;2,Zapatos de Vestir,vestir,0,APPLY
1120201,1,2,Zapatos de Vestir,vestir,0,APPLY
1122101,2,2,Zapatos de Vestir,vestir,0,APPLY
1122203,1,2,Zapatos de Vestir,vestir,0,APPLY
8448,2,2,Zapatos de Vestir,vestir,0,APPLY
14-1501,2,2,Zapatos de Vestir,vestir,0,APPLY
1130101,2,2,Zapatos de Vestir,vestir,0,APPLY
1130206,1,2,Zapatos de Vestir,vestir,0,APPLY
1601-90,1,2,Zapatos de Vestir,vestir,0,APPLY
1151201,1,2,Zapatos de Vestir,vestir,0,APPLY
8557,2,1,Zapatos de Vestir,vestir,0,APPLY
8611,2,1,Zapatos de Vestir,"vestir,urbano",0,APPLY
8737,2,2;40,Zapatos de Vestir,vestir,0,APPLY
8738,2,2,Zapatos de Vestir,vestir,0,APPLY
8743,2,2,Zapatos de Vestir,vestir,0,APPLY
14-152,1,2,Zapatos de Vestir,vestir,0,APPLY
8766,2,1,Zapatos de Vestir,"vestir,urbano",0,APPLY
14-15701,1,2,Zapatos de Vestir,vestir,0,APPLY
124654-01,2,2,Zapatos de Vestir,vestir,0,APPLY
8841,3,2;11,Zapatos de Vestir,vestir,0,APPLY
8870-8,1,2,Zapatos de Vestir,vestir,0,APPLY
8870-9,1,2,Zapatos de Vestir,vestir,0,APPLY
124772-01,2,2,Zapatos de Vestir,vestir,0,APPLY
124774-01,2,2,Zapatos de Vestir,vestir,0,APPLY
124774-02,3,2,Zapatos de Vestir,vestir,0,APPLY
12-FLEXI-1,7,2,Zapatos de Vestir,vestir,0,APPLY
12-FLEXI-4,5,2,Zapatos de Vestir,vestir,0,APPLY
12-FLEXI-5,8,2,Zapatos de Vestir,vestir,0,APPLY
14-17004,1,2,Zapatos de Vestir,vestir,0,APPLY
12-HOT-20,4,2,Zapatos de Vestir,vestir,0,APPLY
12-HOT-22,4,2,Zapatos de Vestir,vestir,0,APPLY
12-HOT-23,4,2,Zapatos de Vestir,vestir,0,APPLY
12-MER-5,7,2,Zapatos de Vestir,vestir,0,APPLY
1200B,5,2,Zapatos de Vestir,vestir,0,APPLY
8C2039-27,4,2,Zapatos de Vestir,vestir,0,APPLY
8C3357-4,2,2,Zapatos de Vestir,vestir,0,APPLY
8F3217-11,7,2,Zapatos de Vestir,vestir,0,APPLY
8Y5255-9,4,2,Zapatos de Vestir,vestir,0,APPLY
8Z3951-58,5,2,Zapatos de Vestir,vestir,0,APPLY
121976-01,3,2,Zapatos de Vestir,"vestir,urbano",0,APPLY
121976-02,3,2,Zapatos de Vestir,"vestir,urbano",0,APPLY
121976-06,3,2,Zapatos de Vestir,"vestir,urbano",0,APPLY
125351-01,2,2,Zapatos de Vestir,vestir,0,APPLY
9000,7,2;6;17;25;54;63,Zapatos de Vestir,vestir,0,APPLY
9001,11,1;2;6;26;63,Zapatos de Vestir,vestir,0,APPLY
9005,6,2;8,Zapatos de Vestir,vestir,0,APPLY
9007,7,2;5;26;46;63,Zapatos de Vestir,vestir,0,APPLY
14-17005,2,2,Zapatos de Vestir,vestir,0,APPLY
9011,3,2;40,Zapatos de Vestir,vestir,0,APPLY
9020,7,99,Zapatos de Vestir,vestir,0,APPLY
9021,5,2;46,Zapatos de Vestir,vestir,0,APPLY
9025,7,1;2;38,Zapatos de Vestir,vestir,0,APPLY
1214.205.11808-66,1,2,Zapatos de Vestir,vestir,0,APPLY
122242-01,2,2,Zapatos de Vestir,"vestir,urbano",0,APPLY
122242-02,2,2,Zapatos de Vestir,"vestir,urbano",0,APPLY
1184.1012.18382-16554,3,2,Zapatos de Vestir,vestir,0,APPLY
1184.1012.18633-6822,3,2,Zapatos de Vestir,vestir,0,APPLY
9104,8,2;26;38;63,Zapatos de Vestir,vestir,0,APPLY
9102,2,2,Zapatos de Vestir,vestir,0,APPLY
1184.1147.7286.81140,2,2,Zapatos de Vestir,vestir,0,APPLY
1184.1156.11808.41,2,2,Zapatos de Vestir,vestir,0,APPLY
1184.1156.11808.66,2,2,Zapatos de Vestir,vestir,0,APPLY
11841002588165400,2,2,Zapatos de Vestir,vestir,0,APPLY
11841011764821000,2,2,Zapatos de Vestir,vestir,0,APPLY
14-202,1,2,Zapatos de Vestir,vestir,0,APPLY
1185.702.16928-41,3,2,Zapatos de Vestir,vestir,0,APPLY
1185.702.16928-7228,2,2,Zapatos de Vestir,vestir,0,APPLY
11851021348815700,3,2,Zapatos de Vestir,vestir,0,APPLY
11851021348829400,2,2,Zapatos de Vestir,vestir,0,APPLY
11851021422015700,2,2,Zapatos de Vestir,vestir,0,APPLY
11851021422055500,2,2,Zapatos de Vestir,vestir,0,APPLY
9271,1,1,Zapatos de Vestir,"vestir,urbano",0,APPLY
93104,1,2,Zapatos de Vestir,vestir,0,APPLY
14-3653,1,2,Zapatos de Vestir,vestir,0,APPLY
14-4602,1,2,Zapatos de Vestir,vestir,0,APPLY
9400,2,2;4,Zapatos de Vestir,vestir,0,APPLY
9405,3,2;11,Zapatos de Vestir,vestir,0,APPLY
9407,1,2,Zapatos de Vestir,vestir,0,APPLY
9425,1,2,Zapatos de Vestir,vestir,0,APPLY
9420,1,1,Zapatos de Vestir,"vestir,urbano",0,APPLY
9456,4,2,Zapatos de Vestir,vestir,0,APPLY
12-DILLY-1,2,2,Zapatos de Vestir,vestir,0,APPLY
12-DILLY-2,5,2,Zapatos de Vestir,vestir,0,APPLY
12-FLEXI-2,2,2,Zapatos de Vestir,vestir,0,APPLY
9548,1,2,Zapatos de Vestir,vestir,0,APPLY
1214105728615740,2,1,Zapatos de Vestir,"vestir,urbano",0,APPLY
12142051766217100,2,1,Zapatos de Vestir,"vestir,urbano",0,APPLY
9641,3,1;5,Zapatos de Vestir,"vestir,urbano",0,APPLY
9653,4,84,Zapatos de Vestir,vestir,0,APPLY
122318-02,2,2,Zapatos de Vestir,vestir,0,APPLY
122861-01,2,2,Zapatos de Vestir,"vestir,urbano",0,APPLY
122864-01,2,2,Zapatos de Vestir,vestir,0,APPLY
122864-02,2,2,Zapatos de Vestir,vestir,0,APPLY
122877-01,2,2,Zapatos de Vestir,vestir,0,APPLY
9810,1,2,Zapatos de Vestir,vestir,0,APPLY
9822,2,1,Zapatos de Vestir,vestir,0,APPLY
9823,1,1,Zapatos de Vestir,vestir,0,APPLY
14-4303,1,2,Zapatos de Vestir,vestir,0,APPLY
1610-90,1,2,Zapatos de Vestir,vestir,0,APPLY
9871-2A,2,2,Zapatos de Vestir,vestir,0,APPLY
9906,2,2;5,Zapatos de Vestir,vestir,0,APPLY
1283302,1,2,Zapatos de Vestir,vestir,0,APPLY
1222102,2,2,Zapatos de Vestir,vestir,0,APPLY
11931-1A,2,1,Zapatos de Vestir,"vestir,urbano",0,APPLY
9W2552-10,3,2,Zapatos de Vestir,vestir,0,APPLY
A-961-1,11,2,Zapatos de Vestir,vestir,0,APPLY
1184.101.13488-15745,3,2,Zapatos de Vestir,vestir,0,APPLY
1184.101.16686-15745,1,2,Zapatos de Vestir,vestir,0,APPLY
1184.101.13488-29452,2,2,Zapatos de Vestir,vestir,0,APPLY
1184.101.9558-23146,2,2,Zapatos de Vestir,vestir,0,APPLY
1184.1012.14174-15745,2,2,Zapatos de Vestir,vestir,0,APPLY
1184.1101.24658.12100,2,2,Zapatos de Vestir,vestir,0,APPLY
1184.1147.13488.15745,3,2,Zapatos de Vestir,vestir,0,APPLY
1184.1156.11808.23146,2,2,Zapatos de Vestir,vestir,0,APPLY
14-7403,1,2,Zapatos de Vestir,vestir,0,APPLY
1623154,1,2,Zapatos de Vestir,vestir,0,APPLY
1626202,1,2,Zapatos de Vestir,vestir,0,APPLY
1192201,2,2,Zapatos de Vestir,vestir,0,APPLY
1192202,1,2,Zapatos de Vestir,vestir,0,APPLY
1192203,2,2,Zapatos de Vestir,vestir,0,APPLY
1192204,1,2,Zapatos de Vestir,vestir,0,APPLY
1192205,1,2,Zapatos de Vestir,vestir,0,APPLY
1192206,1,2,Zapatos de Vestir,vestir,0,APPLY
1198204,1,2,Zapatos de Vestir,vestir,0,APPLY
1198205,1,2,Zapatos de Vestir,vestir,0,APPLY
AA-02,2,2,Zapatos de Vestir,vestir,0,APPLY
AA-Y-HD31,1,2,Zapatos de Vestir,vestir,0,APPLY
ABELLA-1,1,2,Zapatos de Vestir,vestir,0,APPLY
1640151,3,2,Zapatos de Vestir,vestir,0,APPLY
12-HOT-30,1,2,Zapatos de Vestir,vestir,0,APPLY
1647254,3,2,Zapatos de Vestir,vestir,0,APPLY
8446,1,2,Zapatos de Vestir,vestir,0,APPLY
12001019558,1,2,Zapatos de Vestir,vestir,0,APPLY
1654405,3,2,Zapatos de Vestir,vestir,0,APPLY
1654401,1,2,Zapatos de Vestir,vestir,0,APPLY
ANGELA-3,1,2,Zapatos de Vestir,vestir,0,APPLY
ANGELA-7,2,2,Zapatos de Vestir,vestir,0,APPLY
1202,1,2,Zapatos de Vestir,"vestir,urbano",0,APPLY
1210101,1,2,Zapatos de Vestir,vestir,0,APPLY
1210102,1,2,Zapatos de Vestir,vestir,0,APPLY
AR-4828-18,7,2;29,Zapatos de Vestir,vestir,0,APPLY
AR-650-14,2,2,Zapatos de Vestir,vestir,0,APPLY
1220104,1,2,Zapatos de Vestir,vestir,0,APPLY
1684305,2,2,Zapatos de Vestir,vestir,0,APPLY
1685301,1,2,Zapatos de Vestir,vestir,0,APPLY
1229203,4,2,Zapatos de Vestir,vestir,0,APPLY
AS16807CO,1,2,Zapatos de Vestir,vestir,0,APPLY
AS16807NE,1,2,Zapatos de Vestir,vestir,0,APPLY
AS19102NE,1,2,Zapatos de Vestir,vestir,0,APPLY
1221205,1,2,Zapatos de Vestir,vestir,0,APPLY
1223202,1,2,Zapatos de Vestir,vestir,0,APPLY
1223206,2,2,Zapatos de Vestir,vestir,0,APPLY
1223203,1,2,Zapatos de Vestir,vestir,0,APPLY
AT111S16,1,2,Zapatos de Vestir,vestir,0,APPLY
AT1173258,1,1,Zapatos de Vestir,"vestir,urbano",0,APPLY
AT117325B,1,1,Zapatos de Vestir,"vestir,urbano",0,APPLY
1229102,3,2,Zapatos de Vestir,vestir,0,APPLY
1229103,2,2,Zapatos de Vestir,vestir,0,APPLY
1694155,1,2,Zapatos de Vestir,vestir,0,APPLY
1694254,1,2,Zapatos de Vestir,"vestir,urbano",0,APPLY
1695302,1,2,Zapatos de Vestir,vestir,0,APPLY
1694301,2,2,Zapatos de Vestir,vestir,0,APPLY
1695352,1,2,Zapatos de Vestir,vestir,0,APPLY
AUTUM-1,3,2,Zapatos de Vestir,vestir,0,APPLY
AVELINA,1,2,Zapatos de Vestir,vestir,0,APPLY
1694154,1,2,Zapatos de Vestir,vestir,0,APPLY
1238101,1,2,Zapatos de Vestir,vestir,0,APPLY
AX-1975-1,1,2,Zapatos de Vestir,vestir,0,APPLY
104702,2,2,Zapatos de Vestir,vestir,0,APPLY
171-001-0007-N,2,1,Zapatos de Vestir,vestir,0,APPLY
171-001-0203-W,2,1,Zapatos de Vestir,vestir,0,APPLY
1248205,1,2,Zapatos de Vestir,vestir,0,APPLY
1725ALC,1,2,Zapatos de Vestir,vestir,0,APPLY
12-HOT-21,2,2,Zapatos de Vestir,vestir,0,APPLY
125801-01,2,2,Zapatos de Vestir,vestir,0,APPLY
12-COLD-4,4,2,Zapatos de Vestir,vestir,0,APPLY
1730,1,2,Zapatos de Vestir,vestir,0,APPLY
1731ALC,1,2,Zapatos de Vestir,vestir,0,APPLY
1735,2,2;49,Zapatos de Vestir,vestir,0,APPLY
BK026S17,1,2,Zapatos de Vestir,vestir,0,APPLY
1259101,1,2,Zapatos de Vestir,vestir,0,APPLY
1259102,2,2,Zapatos de Vestir,vestir,0,APPLY
1741,1,2,Zapatos de Vestir,vestir,0,APPLY
BM0202-90,1,2,Zapatos de Vestir,vestir,0,APPLY
BN-HC1-1,1,2,Zapatos de Vestir,vestir,0,APPLY
BN-HYA3-1,1,2,Zapatos de Vestir,vestir,0,APPLY
12766,2,2,Zapatos de Vestir,vestir,0,APPLY
1304,2,2,Zapatos de Vestir,"vestir,urbano",0,APPLY
BOOTY-79,1,2,Zapatos de Vestir,vestir,0,APPLY
1754608,1,2,Zapatos de Vestir,vestir,0,APPLY
12769,2,2,Zapatos de Vestir,vestir,0,APPLY
BUCKLE-79,4,2,Zapatos de Vestir,vestir,0,APPLY
1781.421.18367-3,2,2,Zapatos de Vestir,vestir,0,APPLY
1781.421.18367-66,2,2,Zapatos de Vestir,vestir,0,APPLY
18-TERRA-1,1,2,Zapatos de Vestir,vestir,0,APPLY
180741-04,3,2,Zapatos de Vestir,"vestir,urbano",0,APPLY
180742-05,3,2,Zapatos de Vestir,"vestir,urbano",0,APPLY
180742-06,3,2,Zapatos de Vestir,"vestir,urbano",0,APPLY
180743-13,3,2,Zapatos de Vestir,vestir,0,APPLY
CELIA-1,1,2,Zapatos de Vestir,vestir,0,APPLY
CELIA-5,2,2,Zapatos de Vestir,vestir,0,APPLY
180746-01,3,2,Zapatos de Vestir,vestir,0,APPLY
180747-02,2,2,Zapatos de Vestir,vestir,0,APPLY
180782-05,3,2,Zapatos de Vestir,"vestir,urbano",0,APPLY
CH146,2,63,Zapatos de Vestir,vestir,0,APPLY
180782-06,3,2,Zapatos de Vestir,"vestir,urbano",0,APPLY
CH6102S17,2,2,Zapatos de Vestir,vestir,0,APPLY
131669-05,2,2,Zapatos de Vestir,"vestir,urbano",0,APPLY
180906-04,3,2,Zapatos de Vestir,"vestir,urbano",0,APPLY
180906-05,2,2,Zapatos de Vestir,"vestir,urbano",0,APPLY
181,10,2;12,Zapatos de Vestir,vestir,0,APPLY
131954-01,2,2,Zapatos de Vestir,"vestir,urbano",0,APPLY
CJJT01,1,2,Zapatos de Vestir,vestir,0,APPLY
181054-04,3,2,Zapatos de Vestir,"vestir,urbano",0,APPLY
181054-06,3,2,Zapatos de Vestir,"vestir,urbano",0,APPLY
CO-197432,1,2,Zapatos de Vestir,vestir,0,APPLY
CO-764072,2,2,Zapatos de Vestir,vestir,0,APPLY
CO-770932,2,2,Zapatos de Vestir,vestir,0,APPLY
CO-773762,2,2,Zapatos de Vestir,vestir,0,APPLY
COBNA-1,1,2,Zapatos de Vestir,vestir,0,APPLY
181094-03,3,2,Zapatos de Vestir,"vestir,urbano",0,APPLY
18111125881,1,2,Zapatos de Vestir,vestir,0,APPLY
181305-11,2,2,Zapatos de Vestir,vestir,0,APPLY
181504-08,2,2,Zapatos de Vestir,vestir,0,APPLY
CUTE,2,2,Zapatos de Vestir,vestir,0,APPLY
1830.501.13488.15745,2,2,Zapatos de Vestir,vestir,0,APPLY
1840.101.13488-15745,4,2,Zapatos de Vestir,vestir,0,APPLY
1840.101.13488-29452,2,2,Zapatos de Vestir,vestir,0,APPLY
1840.301.7286.86347,2,2,Zapatos de Vestir,vestir,0,APPLY
D25613-30,1,2,Zapatos de Vestir,vestir,0,APPLY
D25613-AO,1,2,Zapatos de Vestir,vestir,0,APPLY
DD15791-1-50,1,2,Zapatos de Vestir,vestir,0,APPLY
DE-31,1,2,Zapatos de Vestir,vestir,0,APPLY
1323105,3,2,Zapatos de Vestir,vestir,0,APPLY
132801-04,1,2,Zapatos de Vestir,"vestir,urbano",0,APPLY
132803-01,1,2,Zapatos de Vestir,"vestir,urbano",0,APPLY
1295306,2,2,Zapatos de Vestir,vestir,0,APPLY
1894252,6,2,Zapatos de Vestir,vestir,0,APPLY
1894253,5,2,Zapatos de Vestir,vestir,0,APPLY
1894254,2,2,Zapatos de Vestir,vestir,0,APPLY
EG451S17,1,2,Zapatos de Vestir,vestir,0,APPLY
EGG806,4,2,Zapatos de Vestir,vestir,0,APPLY
1906,1,2,Zapatos de Vestir,vestir,0,APPLY
1273301,1,2,Zapatos de Vestir,vestir,0,APPLY
1273302,1,2,Zapatos de Vestir,vestir,0,APPLY
F01917-1,4,2,Zapatos de Vestir,vestir,0,APPLY
1907ALC,2,2,Zapatos de Vestir,vestir,0,APPLY
F220812-1,2,2,Zapatos de Vestir,vestir,0,APPLY
128102,2,2,Zapatos de Vestir,vestir,0,APPLY
128105,3,2,Zapatos de Vestir,vestir,0,APPLY
1911ALC,2,2,Zapatos de Vestir,vestir,0,APPLY
1286302,1,2,Zapatos de Vestir,vestir,0,APPLY
1286303,2,2,Zapatos de Vestir,vestir,0,APPLY
FASHION-15,2,2,Zapatos de Vestir,vestir,0,APPLY
FASHION-6,1,2,Zapatos de Vestir,vestir,0,APPLY
FASHION-7,8,2;25,Zapatos de Vestir,vestir,0,APPLY
FASHION-8,8,2,Zapatos de Vestir,vestir,0,APPLY
1936487,1,2,Zapatos de Vestir,vestir,0,APPLY
1975-1,3,2,Zapatos de Vestir,vestir,0,APPLY
8161,1,2,Zapatos de Vestir,vestir,0,APPLY
FT3650-4,2,2,Zapatos de Vestir,vestir,0,APPLY
G1173,3,2,Zapatos de Vestir,vestir,0,APPLY
G1933,20,2,Zapatos de Vestir,vestir,0,APPLY
G671001-1,1,2,Zapatos de Vestir,vestir,0,APPLY
G671002-1,1,2,Zapatos de Vestir,vestir,0,APPLY
GA513W16,2,2,Zapatos de Vestir,vestir,0,APPLY
GG-3077-001,2,2,Zapatos de Vestir,vestir,0,APPLY
GG-3077-042,2,2,Zapatos de Vestir,vestir,0,APPLY
GOODMAN,1,2,Zapatos de Vestir,vestir,0,APPLY
1041-1,4,2,Zapatos de Vestir,vestir,0,APPLY
1120202,3,2,Zapatos de Vestir,vestir,0,APPLY
1149204,1,2,Zapatos de Vestir,vestir,0,APPLY
116204,1,2,Zapatos de Vestir,vestir,0,APPLY
116303,1,2,Zapatos de Vestir,vestir,0,APPLY
116304,1,2,Zapatos de Vestir,vestir,0,APPLY
116203,1,2,Zapatos de Vestir,vestir,0,APPLY
1181102,1,2,Zapatos de Vestir,vestir,0,APPLY
11841002588115700,2,2,Zapatos de Vestir,vestir,0,APPLY
12-1803,1,2,Zapatos de Vestir,vestir,0,APPLY
12-404,1,2,Zapatos de Vestir,vestir,0,APPLY
12-606,1,2,Zapatos de Vestir,vestir,0,APPLY
1222202,1,2,Zapatos de Vestir,vestir,0,APPLY
1222203,1,2,Zapatos de Vestir,vestir,0,APPLY
1223101,3,2;29,Zapatos de Vestir,vestir,0,APPLY
1223201,2,2,Zapatos de Vestir,vestir,0,APPLY
1224205,2,2,Zapatos de Vestir,vestir,0,APPLY
122861-02,2,2,Zapatos de Vestir,"vestir,urbano",0,APPLY
140158-02,2,2,Zapatos de Vestir,"vestir,urbano",0,APPLY
1316101,3,2,Zapatos de Vestir,vestir,0,APPLY
1321102,3,2,Zapatos de Vestir,vestir,0,APPLY
HA310S16,4,2,Zapatos de Vestir,vestir,0,APPLY
HA310S17,2,2,Zapatos de Vestir,vestir,0,APPLY
HA310W14,2,2,Zapatos de Vestir,vestir,0,APPLY
HA402W15,1,2,Zapatos de Vestir,vestir,0,APPLY
HA503S16,2,2,Zapatos de Vestir,vestir,0,APPLY
1322205,2,2,Zapatos de Vestir,vestir,0,APPLY
1322206,1,2,Zapatos de Vestir,vestir,0,APPLY
HA511S16,2,2,Zapatos de Vestir,vestir,0,APPLY
HA604W16,3,2,Zapatos de Vestir,vestir,0,APPLY
HA722S17,1,2,Zapatos de Vestir,vestir,0,APPLY
HA726S17,1,2,Zapatos de Vestir,vestir,0,APPLY
HA731S17,3,2,Zapatos de Vestir,vestir,0,APPLY
1323101,6,2,Zapatos de Vestir,vestir,0,APPLY
HA961S18,2,2,Zapatos de Vestir,vestir,0,APPLY
HCS-5093,1,2,Zapatos de Vestir,vestir,0,APPLY
HCS2012-23,1,2,Zapatos de Vestir,vestir,0,APPLY
HCS2012-24,1,2,Zapatos de Vestir,vestir,0,APPLY
HCS2012-6,1,2,Zapatos de Vestir,vestir,0,APPLY
HCS2012-9,1,2,Zapatos de Vestir,vestir,0,APPLY
HLB083-8,4,2,Zapatos de Vestir,vestir,0,APPLY
HOT-5,2,2,Zapatos de Vestir,vestir,0,APPLY
2005F,1,1,Zapatos de Vestir,"vestir,urbano",0,APPLY
2014,10,1;9;38;41;45,Zapatos de Vestir,"vestir,urbano",0,APPLY
2017F,2,2,Zapatos de Vestir,vestir,0,APPLY
J299801BK,1,2,Zapatos de Vestir,vestir,0,APPLY
JACIE-18,1,2,Zapatos de Vestir,vestir,0,APPLY
2056,4,2;12,Zapatos de Vestir,vestir,0,APPLY
207-5703,1,2,Zapatos de Vestir,vestir,0,APPLY
207-6125,1,2,Zapatos de Vestir,vestir,0,APPLY
207-8993,1,2,Zapatos de Vestir,vestir,0,APPLY
1329201,1,2,Zapatos de Vestir,vestir,0,APPLY
JS1019,2,2,Zapatos de Vestir,vestir,0,APPLY
JS1053,2,2,Zapatos de Vestir,vestir,0,APPLY
JU013W14,2,2,Zapatos de Vestir,vestir,0,APPLY
JULIET-2,4,2,Zapatos de Vestir,vestir,0,APPLY
JULIET-20,1,2,Zapatos de Vestir,vestir,0,APPLY
JULIET-3,2,2,Zapatos de Vestir,vestir,0,APPLY
JULIET-4,1,2,Zapatos de Vestir,vestir,0,APPLY
JX-L50-0388-A4,1,2,Zapatos de Vestir,vestir,0,APPLY
K07601-20,2,2,Zapatos de Vestir,vestir,0,APPLY
13527-24,6,2,Zapatos de Vestir,vestir,0,APPLY
KR025W15,1,2,Zapatos de Vestir,vestir,0,APPLY
KR135S16,3,2,Zapatos de Vestir,vestir,0,APPLY
KR203W16,3,2,Zapatos de Vestir,vestir,0,APPLY
KR364S17,2,2,Zapatos de Vestir,vestir,0,APPLY
L09486-7A,1,2,Zapatos de Vestir,vestir,0,APPLY
L09489-7A,2,2,Zapatos de Vestir,vestir,0,APPLY
L1295-2A,2,2,Zapatos de Vestir,vestir,0,APPLY
LALA-4,1,2,Zapatos de Vestir,vestir,0,APPLY
LI430NEGR-0,1,2,Zapatos de Vestir,vestir,0,APPLY
LI438NEGR-7,1,2,Zapatos de Vestir,vestir,0,APPLY
LPCCB431-5,1,2,Zapatos de Vestir,vestir,0,APPLY
LPCCB431-6,1,2,Zapatos de Vestir,vestir,0,APPLY
1380-5,5,2,Zapatos de Vestir,vestir,0,APPLY
M9-C258-2,1,2,Zapatos de Vestir,vestir,0,APPLY
M9-C370-4,2,2,Zapatos de Vestir,vestir,0,APPLY
M9-C378-10,3,2,Zapatos de Vestir,vestir,0,APPLY
MF-73102-13,2,2,Zapatos de Vestir,vestir,0,APPLY
MF-73102-14,1,2,Zapatos de Vestir,vestir,0,APPLY
MF-MF5505-15,4,2,Zapatos de Vestir,vestir,0,APPLY
MF-73102-1804,3,2,Zapatos de Vestir,vestir,0,APPLY
MINNIE-01,1,2,Zapatos de Vestir,vestir,0,APPLY
ML-9147-4,2,2,Zapatos de Vestir,vestir,0,APPLY
ML0509-9,1,2,Zapatos de Vestir,vestir,0,APPLY
13801-01,1,2,Zapatos de Vestir,vestir,0,APPLY
MOCASIN 1/4,2,2,Zapatos de Vestir,vestir,0,APPLY
MR-Y185-B355,3,2,Zapatos de Vestir,vestir,0,APPLY
8358,1,2,Zapatos de Vestir,"vestir,urbano",0,APPLY
P1-640057,1,2,Zapatos de Vestir,vestir,0,APPLY
PA1162,2,2,Zapatos de Vestir,vestir,0,APPLY
PA116304,2,2,Zapatos de Vestir,vestir,0,APPLY
PA116315-1,1,2,Zapatos de Vestir,vestir,0,APPLY
PA93103,2,2,Zapatos de Vestir,vestir,0,APPLY
PA93104,1,2,Zapatos de Vestir,vestir,0,APPLY
PA93105,1,2,Zapatos de Vestir,vestir,0,APPLY
PI-110097,1,2,Zapatos de Vestir,vestir,0,APPLY
PI-110102,1,2,Zapatos de Vestir,vestir,0,APPLY
PI-110110,1,2,Zapatos de Vestir,vestir,0,APPLY
PI-110113,1,2,Zapatos de Vestir,vestir,0,APPLY
PI-111040,1,2,Zapatos de Vestir,vestir,0,APPLY
PI-111041,3,2,Zapatos de Vestir,vestir,0,APPLY
PI-111043,1,2,Zapatos de Vestir,vestir,0,APPLY
PI-111052,1,2,Zapatos de Vestir,vestir,0,APPLY
PI-117009,3,2,Zapatos de Vestir,vestir,0,APPLY
PI-130136,5,2,Zapatos de Vestir,vestir,0,APPLY
PI-130165,2,2,Zapatos de Vestir,vestir,0,APPLY
PI-130169,2,2,Zapatos de Vestir,vestir,0,APPLY
PI-130177,2,2,Zapatos de Vestir,vestir,0,APPLY
PI-135034,1,2,Zapatos de Vestir,vestir,0,APPLY
PI-135036,1,2,Zapatos de Vestir,vestir,0,APPLY
PI-135041,1,2,Zapatos de Vestir,vestir,0,APPLY
PI-141012,1,2,Zapatos de Vestir,vestir,0,APPLY
PI-141013,1,2,Zapatos de Vestir,vestir,0,APPLY
PI-141020,1,2,Zapatos de Vestir,vestir,0,APPLY
PI-141036,4,2,Zapatos de Vestir,vestir,0,APPLY
PI-141037,1,2,Zapatos de Vestir,vestir,0,APPLY
PI-141046,2,2,Zapatos de Vestir,vestir,0,APPLY
PI-141074,1,2,Zapatos de Vestir,vestir,0,APPLY
PI-143004,1,2,Zapatos de Vestir,vestir,0,APPLY
PI-143011,1,2,Zapatos de Vestir,vestir,0,APPLY
PI-143012,1,2,Zapatos de Vestir,vestir,0,APPLY
PI-143014,1,2,Zapatos de Vestir,vestir,0,APPLY
PI-143023,2,2,Zapatos de Vestir,vestir,0,APPLY
PI-143024,1,2,Zapatos de Vestir,vestir,0,APPLY
PI-143025,1,2,Zapatos de Vestir,vestir,0,APPLY
PI-143030,1,2,Zapatos de Vestir,vestir,0,APPLY
PI-143031,2,2,Zapatos de Vestir,vestir,0,APPLY
PI-143136,1,2,Zapatos de Vestir,vestir,0,APPLY
PI-144024,2,2,Zapatos de Vestir,vestir,0,APPLY
PI-147023,2,2,Zapatos de Vestir,vestir,0,APPLY
PI-1440490000003,2,2,Zapatos de Vestir,vestir,0,APPLY
PI-161078,1,2,Zapatos de Vestir,vestir,0,APPLY
PI-161079,2,2,Zapatos de Vestir,vestir,0,APPLY
PI-161126,1,2,Zapatos de Vestir,vestir,0,APPLY
PI-250102,1,2,Zapatos de Vestir,vestir,0,APPLY
PI-250112,1,2,Zapatos de Vestir,vestir,0,APPLY
PI-250141,3,2,Zapatos de Vestir,vestir,0,APPLY
PI-310154,1,2,Zapatos de Vestir,vestir,0,APPLY
PI-310157,1,2,Zapatos de Vestir,vestir,0,APPLY
PI-310158,1,2,Zapatos de Vestir,vestir,0,APPLY
PI-312001,2,2,Zapatos de Vestir,vestir,0,APPLY
PI-320073,1,2,Zapatos de Vestir,vestir,0,APPLY
PI-320074,1,2,Zapatos de Vestir,vestir,0,APPLY
PI-320133,1,2,Zapatos de Vestir,vestir,0,APPLY
PI-320154,1,2,Zapatos de Vestir,vestir,0,APPLY
PI-320205,1,2,Zapatos de Vestir,vestir,0,APPLY
PI-320239,3,2,Zapatos de Vestir,vestir,0,APPLY
PI-320240,2,2,Zapatos de Vestir,vestir,0,APPLY
PI-321002,1,2,Zapatos de Vestir,vestir,0,APPLY
PI-330029,1,2,Zapatos de Vestir,vestir,0,APPLY
PI-331002,1,2,Zapatos de Vestir,vestir,0,APPLY
PI-331008,2,2,Zapatos de Vestir,vestir,0,APPLY
PI-362006,2,2,Zapatos de Vestir,vestir,0,APPLY
PI-362019,1,2,Zapatos de Vestir,vestir,0,APPLY
PI-416035,1,2,Zapatos de Vestir,vestir,0,APPLY
PI-542026,1,2,Zapatos de Vestir,vestir,0,APPLY
PI-574011,1,2,Zapatos de Vestir,vestir,0,APPLY
PI-640038,1,2,Zapatos de Vestir,vestir,0,APPLY
PI-640039,1,2,Zapatos de Vestir,vestir,0,APPLY
PI-640040,1,2,Zapatos de Vestir,vestir,0,APPLY
PI-640058,1,2,Zapatos de Vestir,vestir,0,APPLY
PI-640060,3,2,Zapatos de Vestir,vestir,0,APPLY
PI-640063,2,2,Zapatos de Vestir,vestir,0,APPLY
PI-640066,1,2,Zapatos de Vestir,vestir,0,APPLY
PI-682002,1,2,Zapatos de Vestir,vestir,0,APPLY
PI-690058,1,2,Zapatos de Vestir,vestir,0,APPLY
PI-690062,1,2,Zapatos de Vestir,vestir,0,APPLY
PI-690063,1,2,Zapatos de Vestir,vestir,0,APPLY
PI-690082,2,2,Zapatos de Vestir,vestir,0,APPLY
PI-691003,3,2,Zapatos de Vestir,vestir,0,APPLY
PI-693011,2,2,Zapatos de Vestir,vestir,0,APPLY
PI-693013,1,2,Zapatos de Vestir,vestir,0,APPLY
PI-700056,1,2,Zapatos de Vestir,vestir,0,APPLY
PI-700059,1,2,Zapatos de Vestir,vestir,0,APPLY
PI-701027,2,2,Zapatos de Vestir,vestir,0,APPLY
PI-701028,1,2,Zapatos de Vestir,vestir,0,APPLY
PI-702001,2,2,Zapatos de Vestir,vestir,0,APPLY
PI-702005,1,2,Zapatos de Vestir,vestir,0,APPLY
PI-703001,4,2,Zapatos de Vestir,vestir,0,APPLY
PI-703002,1,2,Zapatos de Vestir,vestir,0,APPLY
PI-703007,1,2,Zapatos de Vestir,vestir,0,APPLY
PI-703010,1,2,Zapatos de Vestir,vestir,0,APPLY
PI-703011,2,2,Zapatos de Vestir,vestir,0,APPLY
PI-69500600000004,2,2,Zapatos de Vestir,vestir,0,APPLY
PI-70301600000004,2,2,Zapatos de Vestir,vestir,0,APPLY
PI-707001,1,2,Zapatos de Vestir,vestir,0,APPLY
PI-707004,1,2,Zapatos de Vestir,vestir,0,APPLY
PI-714007,1,2,Zapatos de Vestir,vestir,0,APPLY
PI-714008,1,2,Zapatos de Vestir,vestir,0,APPLY
PI-714013,1,2,Zapatos de Vestir,vestir,0,APPLY
PI-714015,3,2,Zapatos de Vestir,vestir,0,APPLY
PI-714025,1,2,Zapatos de Vestir,vestir,0,APPLY
PI-714027,1,2,Zapatos de Vestir,vestir,0,APPLY
PI-722006,1,2,Zapatos de Vestir,vestir,0,APPLY
PI-722007,1,2,Zapatos de Vestir,vestir,0,APPLY
PI-735004,1,2,Zapatos de Vestir,vestir,0,APPLY
PI-745001,1,2,Zapatos de Vestir,vestir,0,APPLY
PI-745004,4,2,Zapatos de Vestir,vestir,0,APPLY
PI-745005,1,2,Zapatos de Vestir,vestir,0,APPLY
PI-745009,3,2,Zapatos de Vestir,vestir,0,APPLY
PI-805033,2,2,Zapatos de Vestir,vestir,0,APPLY
PI-841019,4,2,Zapatos de Vestir,vestir,0,APPLY
PI-841022,2,2,Zapatos de Vestir,vestir,0,APPLY
PI-841024,4,2,Zapatos de Vestir,vestir,0,APPLY
PI-841025,1,2,Zapatos de Vestir,vestir,0,APPLY
PI-841016,1,2,Zapatos de Vestir,vestir,0,APPLY
PLATAFORM-2,1,2,Zapatos de Vestir,vestir,0,APPLY
PLATAFORM-3,4,2,Zapatos de Vestir,vestir,0,APPLY
PLS-105225,1,2,Zapatos de Vestir,vestir,0,APPLY
PM1008,4,2,Zapatos de Vestir,vestir,0,APPLY
PM1009,2,2,Zapatos de Vestir,vestir,0,APPLY
POLA-1,2,2,Zapatos de Vestir,vestir,0,APPLY
POLA-2,1,2,Zapatos de Vestir,vestir,0,APPLY
POLA-3,2,2,Zapatos de Vestir,vestir,0,APPLY
1426101,1,2,Zapatos de Vestir,vestir,0,APPLY
2884A73A2853A,1,2,Zapatos de Vestir,vestir,0,APPLY
316406,1,2,Zapatos de Vestir,vestir,0,APPLY
3313,3,1,Zapatos de Vestir,"vestir,urbano",0,APPLY
3847,1,1,Zapatos de Vestir,"vestir,urbano",0,APPLY
4347,2,2,Zapatos de Vestir,vestir,0,APPLY
4417,2,2,Zapatos de Vestir,vestir,0,APPLY
4823,1,2,Zapatos de Vestir,vestir,0,APPLY
5363,1,2,Zapatos de Vestir,vestir,0,APPLY
70051009178,1,2,Zapatos de Vestir,vestir,0,APPLY
7719,1,1,Zapatos de Vestir,"vestir,urbano",0,APPLY
8341,2,2,Zapatos de Vestir,vestir,0,APPLY
8831,2,2;7,Zapatos de Vestir,vestir,0,APPLY
9485,1,2,Zapatos de Vestir,vestir,0,APPLY
C16-1308-2,10,2,Zapatos de Vestir,"vestir,fiesta",0,APPLY
3846,1,1,Zapatos de Vestir,"vestir,urbano",0,APPLY
CH210,4,63,Zapatos de Vestir,vestir,0,APPLY
PI-841015,1,2,Zapatos de Vestir,vestir,0,APPLY
OV012W15,1,2,Zapatos de Vestir,vestir,0,APPLY
PI-180133,1,2,Zapatos de Vestir,vestir,0,APPLY
QS9842-1,2,2,Zapatos de Vestir,vestir,0,APPLY
R-788-1,4,2,Zapatos de Vestir,vestir,0,APPLY
PI-362021,2,2,Zapatos de Vestir,vestir,0,APPLY
RC12109C,1,2,Zapatos de Vestir,vestir,0,APPLY
RC12109N,1,2,Zapatos de Vestir,vestir,0,APPLY
RE400S14,1,2,Zapatos de Vestir,vestir,0,APPLY
RE458W14,2,2,Zapatos de Vestir,vestir,0,APPLY
RE459S15,2,2,Zapatos de Vestir,"vestir,urbano",0,APPLY
RE459W14,2,2,Zapatos de Vestir,vestir,0,APPLY
RE460S15,1,2,Zapatos de Vestir,"vestir,urbano",0,APPLY
RE506S15,1,2,Zapatos de Vestir,vestir,0,APPLY
RE607W15,5,2,Zapatos de Vestir,vestir,0,APPLY
RK-1211-03,2,2,Zapatos de Vestir,vestir,0,APPLY
RK1106-17,1,2,Zapatos de Vestir,vestir,0,APPLY
RT-TD9441-35,1,2,Zapatos de Vestir,vestir,0,APPLY
RT-TD9444-39,1,2,Zapatos de Vestir,vestir,0,APPLY
RT-TD9444-46,2,2,Zapatos de Vestir,vestir,0,APPLY
RY113W16,1,2,Zapatos de Vestir,vestir,0,APPLY
SPRING-1,3,2,Zapatos de Vestir,vestir,0,APPLY
SPRING-10,1,2,Zapatos de Vestir,vestir,0,APPLY
SPRING-2,3,2,Zapatos de Vestir,vestir,0,APPLY
SPRING-3,1,2,Zapatos de Vestir,vestir,0,APPLY
SPRING-4,1,2,Zapatos de Vestir,vestir,0,APPLY
TAP-6,2,2,Zapatos de Vestir,vestir,0,APPLY
TB3383,2,2,Zapatos de Vestir,vestir,0,APPLY
TB8383,2,2,Zapatos de Vestir,vestir,0,APPLY
TH1302,1,2,Zapatos de Vestir,vestir,0,APPLY
TH1303,4,2,Zapatos de Vestir,vestir,0,APPLY
TOP-2,1,2,Zapatos de Vestir,vestir,0,APPLY
2942,2,2,Zapatos de Vestir,vestir,0,APPLY
UF107S16,1,2,Zapatos de Vestir,vestir,0,APPLY
UF315S15,2,2,Zapatos de Vestir,"vestir,urbano",0,APPLY
UF466S16,1,2,Zapatos de Vestir,vestir,0,APPLY
303623,1,2,Zapatos de Vestir,vestir,0,APPLY
WE-197672,1,2,Zapatos de Vestir,vestir,0,APPLY
WE-9-12498-4,1,2,Zapatos de Vestir,vestir,0,APPLY
WE-M3-B0865-1,1,2,Zapatos de Vestir,vestir,0,APPLY
WE-M9-12498,4,2,Zapatos de Vestir,vestir,0,APPLY
WE-M9-3367-1,1,2,Zapatos de Vestir,vestir,0,APPLY
WE-MA-3544-59,1,2,Zapatos de Vestir,vestir,0,APPLY
WE-MA-80300-16,3,2,Zapatos de Vestir,vestir,0,APPLY
WE-MA-8347-4,2,2,Zapatos de Vestir,vestir,0,APPLY
WE-MA-86690-35,1,2,Zapatos de Vestir,vestir,0,APPLY
WE-R-5510-A6,2,2,Zapatos de Vestir,vestir,0,APPLY
WLB0128-7,1,2,Zapatos de Vestir,vestir,0,APPLY
3298,2,2,Zapatos de Vestir,vestir,0,APPLY
3299,3,103,Zapatos de Vestir,vestir,0,APPLY
XN-1210-23,1,2,Zapatos de Vestir,vestir,0,APPLY
XN-1218E,2,2,Zapatos de Vestir,vestir,0,APPLY
XN-1293D,1,2,Zapatos de Vestir,vestir,0,APPLY
XN-13130A,1,2,Zapatos de Vestir,vestir,0,APPLY
XN-13130C,2,2,Zapatos de Vestir,vestir,0,APPLY
XN-13130G,2,2,Zapatos de Vestir,vestir,0,APPLY
XN-MS571A,1,2,Zapatos de Vestir,vestir,0,APPLY
XN-YJH67308B,1,2,Zapatos de Vestir,vestir,0,APPLY
XT-25614,2,2,Zapatos de Vestir,vestir,0,APPLY
XT-27156,1,2,Zapatos de Vestir,vestir,0,APPLY
XW6868B1,2,2,Zapatos de Vestir,vestir,0,APPLY
XW6868BP9,1,2,Zapatos de Vestir,vestir,0,APPLY
Y730-62C23,2,2,Zapatos de Vestir,vestir,0,APPLY
YZ0112-1,2,2,Zapatos de Vestir,vestir,0,APPLY
YZ0112-10,2,2,Zapatos de Vestir,vestir,0,APPLY
YZ3086,1,1,Zapatos de Vestir,"vestir,urbano",0,APPLY
YZ30867685,1,1,Zapatos de Vestir,"vestir,urbano",0,APPLY
ZH-06,3,2,Zapatos de Vestir,vestir,0,APPLY
ZH-09,1,2,Zapatos de Vestir,vestir,0,APPLY
ZX3096,2,1,Zapatos de Vestir,"vestir,urbano",0,APPLY
4062,4,2;5;45,Zapatos de Vestir,vestir,0,APPLY
4348,2,2,Zapatos de Vestir,vestir,0,APPLY
4358,3,2;23,Zapatos de Vestir,vestir,0,APPLY
5031,3,2;38,Zapatos de Vestir,vestir,0,APPLY
5032,2,2,Zapatos de Vestir,vestir,0,APPLY
1395.103.20076.46175,2,2,Zapatos de Vestir,vestir,0,APPLY
6255,1,2,Zapatos de Vestir,vestir,0,APPLY
720,5,2;19;58,Zapatos de Vestir,vestir,0,APPLY
7817,4,97,Zapatos de Vestir,"vestir,urbano",0,APPLY
1116204,1,2,Zapatos de Vestir,vestir,0,APPLY
1116205,3,2,Zapatos de Vestir,vestir,0,APPLY
1122201,1,2,Zapatos de Vestir,vestir,0,APPLY
11226001348815700,2,2,Zapatos de Vestir,vestir,0,APPLY
8830,1,2,Zapatos de Vestir,vestir,0,APPLY
14-4901,1,2,Zapatos de Vestir,vestir,0,APPLY
A-961-20,5,2,Zapatos de Vestir,vestir,0,APPLY
1295302,1,2,Zapatos de Vestir,vestir,0,APPLY
G1189,2,2,Zapatos de Vestir,vestir,0,APPLY
G1197,2,2,Zapatos de Vestir,vestir,0,APPLY
G1211,1,2,Zapatos de Vestir,vestir,0,APPLY
G1212,1,2,Zapatos de Vestir,vestir,0,APPLY
G1223,1,2,Zapatos de Vestir,vestir,0,APPLY
HF557-1,4,2,Zapatos de Vestir,vestir,0,APPLY
1329105,1,2,Zapatos de Vestir,vestir,0,APPLY
1329203,1,2,Zapatos de Vestir,vestir,0,APPLY
1329204,1,2,Zapatos de Vestir,vestir,0,APPLY
JQIA387-01,7,2,Zapatos de Vestir,vestir,0,APPLY
PI-147110,1,2,Zapatos de Vestir,vestir,0,APPLY
PI-331001,1,2,Zapatos de Vestir,vestir,0,APPLY
PI-745050,2,2,Zapatos de Vestir,vestir,0,APPLY
1399202,1,2,Zapatos de Vestir,vestir,0,APPLY
7305-100-R,4,2,Zapatos de Vestir,vestir,0,APPLY
8735,1,2,Zapatos de Vestir,vestir,0,APPLY
11851021422065400,2,2,Zapatos de Vestir,vestir,0,APPLY
1214105728616070,2,1,Zapatos de Vestir,"vestir,urbano",0,APPLY
1224201,1,2,Zapatos de Vestir,vestir,0,APPLY
1395401,1,2,Zapatos de Vestir,vestir,0,APPLY
1446102,1,2,Zapatos de Vestir,vestir,0,APPLY
5-TRALA-1,2,2,Zapatos de Vestir,vestir,0,APPLY
5230.428.13488-52531,2,2,Zapatos de Vestir,vestir,0,APPLY
554,1,1,Zapatos de Vestir,"vestir,urbano",0,APPLY
5635.203.12841-53252,1,2,Zapatos de Vestir,vestir,0,APPLY
5635.203.6000-54275,1,2,Zapatos de Vestir,vestir,0,APPLY
5635.203.6000-55920,1,2,Zapatos de Vestir,vestir,0,APPLY
5778,1,2,Zapatos de Vestir,vestir,0,APPLY
6282.455.7286.15745,2,2,Zapatos de Vestir,vestir,0,APPLY
6282.455.7286.16072,2,2,Zapatos de Vestir,vestir,0,APPLY
7-SOFT-4,3,2,Zapatos de Vestir,vestir,0,APPLY
7-TAP-21,2,2,Zapatos de Vestir,vestir,0,APPLY
7005-541-BE,2,2,Zapatos de Vestir,vestir,0,APPLY
7005-541-NE,3,2,Zapatos de Vestir,vestir,0,APPLY
7005.641.13488-15745,2,2,Zapatos de Vestir,vestir,0,APPLY
7005.641.5536-15745,3,2,Zapatos de Vestir,vestir,0,APPLY
7005.647.14708-15745,3,2,Zapatos de Vestir,vestir,0,APPLY
70136001395165400,2,2,Zapatos de Vestir,"vestir,urbano",0,APPLY
7014-200-NE,3,2,Zapatos de Vestir,vestir,0,APPLY
7014-248,3,2,Zapatos de Vestir,vestir,0,APPLY
70321007654,1,2,Zapatos de Vestir,vestir,0,APPLY
70142291470815700,1,2,Zapatos de Vestir,"vestir,urbano",0,APPLY
70142531662415700,2,2,Zapatos de Vestir,"vestir,urbano",0,APPLY
7032-400,2,2,Zapatos de Vestir,vestir,0,APPLY
7035.100.13488-15745,1,2,Zapatos de Vestir,"vestir,urbano",0,APPLY
7035.628.5536-15745,2,2,Zapatos de Vestir,"vestir,urbano",0,APPLY
7035.628.5536-33300,2,2,Zapatos de Vestir,"vestir,urbano",0,APPLY
71566295,5,85,Zapatos de Vestir,vestir,0,APPLY
71666585,2,2,Zapatos de Vestir,vestir,0,APPLY
7305-100-NU,3,2,Zapatos de Vestir,vestir,0,APPLY
7305-129,3,2,Zapatos de Vestir,vestir,0,APPLY
7305.100.13488-15745,2,2,Zapatos de Vestir,vestir,0,APPLY
7305.100.13967-15745,3,2,Zapatos de Vestir,vestir,0,APPLY
7305.100.13967-29452,2,2,Zapatos de Vestir,vestir,0,APPLY
7305.120.13680-54062,1,2,Zapatos de Vestir,vestir,0,APPLY
7305.132.14708-29926,2,2,Zapatos de Vestir,vestir,0,APPLY
7311-6,5,2,Zapatos de Vestir,vestir,0,APPLY
7314.100.13488-15745,2,2,Zapatos de Vestir,vestir,0,APPLY
7323-100,2,2,Zapatos de Vestir,vestir,0,APPLY
733-16,9,2,Zapatos de Vestir,vestir,0,APPLY
7377.105.24416.23146,2,2,Zapatos de Vestir,vestir,0,APPLY
7377.105.24416.66,2,2,Zapatos de Vestir,vestir,0,APPLY
748004-20,1,2,Zapatos de Vestir,vestir,0,APPLY
748004-90,1,2,Zapatos de Vestir,vestir,0,APPLY
7682,1,1,Zapatos de Vestir,"vestir,urbano",0,APPLY
8-TANDA-16,2,2,Zapatos de Vestir,vestir,0,APPLY
8005F,1,1,Zapatos de Vestir,"vestir,urbano",0,APPLY
8006F,1,1,Zapatos de Vestir,"vestir,urbano",0,APPLY
8209908-90,3,2,Zapatos de Vestir,vestir,0,APPLY
8237,3,2,Zapatos de Vestir,vestir,0,APPLY
8Y3824-1B,5,2,Zapatos de Vestir,vestir,0,APPLY
9-DAYA-4,2,2,Zapatos de Vestir,vestir,0,APPLY
9106-17A,3,2,Zapatos de Vestir,vestir,0,APPLY
911363,2,2,Zapatos de Vestir,vestir,0,APPLY
918-106,8,2,Zapatos de Vestir,vestir,0,APPLY
9207-13-90,1,2,Zapatos de Vestir,vestir,0,APPLY
9454,2,2,Zapatos de Vestir,vestir,0,APPLY
9455,8,2,Zapatos de Vestir,vestir,0,APPLY
9Y4463-16,2,2,Zapatos de Vestir,vestir,0,APPLY
A07757,3,2,Zapatos de Vestir,vestir,0,APPLY
A1011-1,6,2,Zapatos de Vestir,vestir,0,APPLY
A1261-1,5,2,Zapatos de Vestir,vestir,0,APPLY
A30-11-90,5,2,Zapatos de Vestir,vestir,0,APPLY
BB182113-4-40,2,2,Zapatos de Vestir,vestir,0,APPLY
BB182113-4-AO,2,2,Zapatos de Vestir,vestir,0,APPLY
BST-145124,1,2,Zapatos de Vestir,vestir,0,APPLY
C-FASHION-71,3,2,Zapatos de Vestir,vestir,0,APPLY
CA18-82-90,2,2,Zapatos de Vestir,vestir,0,APPLY
CC-KARLAR-2502,6,2,Zapatos de Vestir,vestir,0,APPLY
CC-NEWSTAR-1916,2,2,Zapatos de Vestir,vestir,0,APPLY
CDE433S20,2,2,Zapatos de Vestir,vestir,0,APPLY
CH203,1,63,Zapatos de Vestir,vestir,0,APPLY
CH6162S17,2,2,Zapatos de Vestir,vestir,0,APPLY
CH6226S18,2,2,Zapatos de Vestir,vestir,0,APPLY
CH6E603S20,2,2,Zapatos de Vestir,vestir,0,APPLY
CH6E610S20,2,2,Zapatos de Vestir,vestir,0,APPLY
CH6E624S20,3,2,Zapatos de Vestir,vestir,0,APPLY
CN7501,1,2,Zapatos de Vestir,vestir,0,APPLY
DB181931-2-40,2,2,Zapatos de Vestir,vestir,0,APPLY
DV4501,2,2,Zapatos de Vestir,vestir,0,APPLY
EG450S19,1,2,Zapatos de Vestir,vestir,0,APPLY
EG452S19,1,2,Zapatos de Vestir,vestir,0,APPLY
EGG807,3,2,Zapatos de Vestir,vestir,0,APPLY
EGG808,4,2,Zapatos de Vestir,vestir,0,APPLY
EGG850W20,3,2,Zapatos de Vestir,vestir,0,APPLY
EGG851W20,3,2,Zapatos de Vestir,vestir,0,APPLY
EGG852W20,3,2,Zapatos de Vestir,vestir,0,APPLY
EGG853W20,4,2,Zapatos de Vestir,vestir,0,APPLY
EGG856W20,3,2,Zapatos de Vestir,vestir,0,APPLY
EGG857W20,3,2,Zapatos de Vestir,vestir,0,APPLY
EGG858W20,3,2,Zapatos de Vestir,vestir,0,APPLY
F-H2-17401-12,3,2,Zapatos de Vestir,vestir,0,APPLY
F220811-1,2,2,Zapatos de Vestir,vestir,0,APPLY
FAN2017-8,2,2,Zapatos de Vestir,"vestir,urbano",0,APPLY
FT173-426-9-5,2,2,Zapatos de Vestir,vestir,0,APPLY
FT173-426-9-9,2,2,Zapatos de Vestir,vestir,0,APPLY
FT173-430-X3-9,4,2,Zapatos de Vestir,vestir,0,APPLY
FT173-430-X3-X,2,2,Zapatos de Vestir,vestir,0,APPLY
G1903,9,2,Zapatos de Vestir,vestir,0,APPLY
GR1907-4A,2,1,Zapatos de Vestir,"vestir,urbano",0,APPLY
GR1907-8A,2,1,Zapatos de Vestir,"vestir,urbano",0,APPLY
HA101W18,2,2,Zapatos de Vestir,vestir,0,APPLY
HA103W18,4,2,Zapatos de Vestir,vestir,0,APPLY
HA105W18,2,2,Zapatos de Vestir,vestir,0,APPLY
HA505S16,1,2,Zapatos de Vestir,vestir,0,APPLY
HA733S17,2,2,Zapatos de Vestir,vestir,0,APPLY
HA735S17,1,2,Zapatos de Vestir,vestir,0,APPLY
HA935S18,1,2,Zapatos de Vestir,vestir,0,APPLY
HA951S18,1,2,Zapatos de Vestir,vestir,0,APPLY
HAE409,3,2,Zapatos de Vestir,vestir,0,APPLY
HCS2012-13,1,2,Zapatos de Vestir,vestir,0,APPLY
HELEN-1,3,2,Zapatos de Vestir,vestir,0,APPLY
HG2017-13,1,2,Zapatos de Vestir,"vestir,urbano",0,APPLY
HG2017-7,1,2,Zapatos de Vestir,"vestir,urbano",0,APPLY
HG2017-9,2,2,Zapatos de Vestir,"vestir,urbano",0,APPLY
JJT0328,1,2,Zapatos de Vestir,vestir,0,APPLY
JS-64121,1,2,Zapatos de Vestir,vestir,0,APPLY
K07601-90,1,2,Zapatos de Vestir,vestir,0,APPLY
KR132S16,1,2,Zapatos de Vestir,vestir,0,APPLY
KR500S18,1,2,Zapatos de Vestir,vestir,0,APPLY
M9-M322-13,3,2,Zapatos de Vestir,"vestir,fiesta",0,APPLY
M9-M98306-1,2,2,Zapatos de Vestir,vestir,0,APPLY
MF-587-13,1,2,Zapatos de Vestir,vestir,0,APPLY
MF-73102-1803,4,2,Zapatos de Vestir,vestir,0,APPLY
MF-8075-01,3,2,Zapatos de Vestir,vestir,0,APPLY
MF-MF785-1802,5,2,Zapatos de Vestir,vestir,0,APPLY
NF-NF111-3,6,2,Zapatos de Vestir,vestir,0,APPLY
NU-5003-5,1,2,Zapatos de Vestir,vestir,0,APPLY
NU-5003-X01,1,2,Zapatos de Vestir,vestir,0,APPLY
PD0112-40A,3,2,Zapatos de Vestir,vestir,0,APPLY
PD0112-90A,3,2,Zapatos de Vestir,vestir,0,APPLY
PI-11007200002720,3,2,Zapatos de Vestir,vestir,0,APPLY
PI-11007200002787,1,2,Zapatos de Vestir,vestir,0,APPLY
PI-11007200002806,1,2,Zapatos de Vestir,vestir,0,APPLY
PI-11007200002808,3,2,Zapatos de Vestir,vestir,0,APPLY
PI-11007200002817,5,2,Zapatos de Vestir,vestir,0,APPLY
PI-11007200002826,2,2,Zapatos de Vestir,vestir,0,APPLY
PI-11007200002827,2,2,Zapatos de Vestir,vestir,0,APPLY
PI-11007200002842,3,2,Zapatos de Vestir,vestir,0,APPLY
PI-11007200002863,4,2,Zapatos de Vestir,vestir,0,APPLY
PI-11007200002880,3,2,Zapatos de Vestir,vestir,0,APPLY
PI-11007200002883,4,2,Zapatos de Vestir,vestir,0,APPLY
PI-11007200002884,1,2,Zapatos de Vestir,vestir,0,APPLY
PI-11007200002889,1,2,Zapatos de Vestir,vestir,0,APPLY
PI-11007200002925,3,1,Zapatos de Vestir,vestir,0,APPLY
PI-11007200002926,2,1,Zapatos de Vestir,vestir,0,APPLY
PI-11007200002937,2,1,Zapatos de Vestir,vestir,0,APPLY
PI-11007200003041,2,1,Zapatos de Vestir,vestir,0,APPLY
PI-11007200003082,3,2,Zapatos de Vestir,vestir,0,APPLY
PI-11007200003086,2,2,Zapatos de Vestir,vestir,0,APPLY
PI-11007200003091,2,2,Zapatos de Vestir,vestir,0,APPLY
PI-11007200003206,2,2,Zapatos de Vestir,vestir,0,APPLY
PI-11010200000891,2,2,Zapatos de Vestir,vestir,0,APPLY
PI-11013700000001,5,2,Zapatos de Vestir,vestir,0,APPLY
PI-11013700000004,2,2,Zapatos de Vestir,vestir,0,APPLY
PI-11013700000005,3,2,Zapatos de Vestir,vestir,0,APPLY
PI-11013700000006,3,2,Zapatos de Vestir,vestir,0,APPLY
PI-11013700000008,2,2,Zapatos de Vestir,vestir,0,APPLY
PI-11013900000011,3,2,Zapatos de Vestir,vestir,0,APPLY
PI-11013900000012,3,2,Zapatos de Vestir,vestir,0,APPLY
PI-11016400000018,4,2,Zapatos de Vestir,vestir,0,APPLY
PI-11016500000001,2,2,Zapatos de Vestir,vestir,0,APPLY
PI-11108400000004,2,2,Zapatos de Vestir,vestir,0,APPLY
PI-11108400000006,3,2,Zapatos de Vestir,vestir,0,APPLY
PI-11108400000008,2,2,Zapatos de Vestir,vestir,0,APPLY
PI-11108900000006,2,2,Zapatos de Vestir,vestir,0,APPLY
PI-113021100000110,1,2,Zapatos de Vestir,vestir,0,APPLY
PI-117027,2,2,Zapatos de Vestir,vestir,0,APPLY
PI-11706700000003,2,1,Zapatos de Vestir,vestir,0,APPLY
PI-11708400000005,2,2,Zapatos de Vestir,vestir,0,APPLY
PI-11708600000002,3,2,Zapatos de Vestir,vestir,0,APPLY
PI-11708600000005,4,2,Zapatos de Vestir,vestir,0,APPLY
PI-11708700000001,3,1,Zapatos de Vestir,vestir,0,APPLY
PI-1170870000001,3,2,Zapatos de Vestir,vestir,0,APPLY
PI-11710600000002,3,2,Zapatos de Vestir,vestir,0,APPLY
PI-11710700000012,3,2,Zapatos de Vestir,vestir,0,APPLY
PI-11712000000005,3,2,Zapatos de Vestir,vestir,0,APPLY
PI-130185,1,2,Zapatos de Vestir,vestir,0,APPLY
PI-13018500000121,3,2,Zapatos de Vestir,vestir,0,APPLY
PI-13018500000129,3,2,Zapatos de Vestir,vestir,0,APPLY
PI-13018500000234,2,1,Zapatos de Vestir,vestir,0,APPLY
PI-13018500000241,3,1,Zapatos de Vestir,vestir,0,APPLY
PI-13018500000243,3,1,Zapatos de Vestir,vestir,0,APPLY
PI-13018500000289,4,2,Zapatos de Vestir,vestir,0,APPLY
PI-130188,1,2,Zapatos de Vestir,vestir,0,APPLY
PI-13018800000069,1,2,Zapatos de Vestir,vestir,0,APPLY
PI-13019700000006,2,2,Zapatos de Vestir,vestir,0,APPLY
PI-13019700000009,2,2,Zapatos de Vestir,vestir,0,APPLY
PI-13019700000014,3,2,Zapatos de Vestir,vestir,0,APPLY
PI-13019700000021,4,2,Zapatos de Vestir,vestir,0,APPLY
PI-13019700000027,4,2,Zapatos de Vestir,vestir,0,APPLY
PI-13021100000004,3,1,Zapatos de Vestir,vestir,0,APPLY
PI-13021100000020,3,2,Zapatos de Vestir,vestir,0,APPLY
PI-13021100000022,4,2,Zapatos de Vestir,vestir,0,APPLY
PI-13021100000066,3,2,Zapatos de Vestir,vestir,0,APPLY
PI-13021100000112,2,1,Zapatos de Vestir,vestir,0,APPLY
PI-13021100000126,3,1,Zapatos de Vestir,vestir,0,APPLY
PI-13021200000005,2,1,Zapatos de Vestir,vestir,0,APPLY
PI-13021200000007,2,1,Zapatos de Vestir,vestir,0,APPLY
PI-13023200000001,3,2,Zapatos de Vestir,vestir,0,APPLY
PI-13108100000002,2,2,Zapatos de Vestir,vestir,0,APPLY
PI-13108100000004,2,2,Zapatos de Vestir,vestir,0,APPLY
PI-13108300000002,2,2,Zapatos de Vestir,vestir,0,APPLY
PI-13108400000001,2,2,Zapatos de Vestir,vestir,0,APPLY
PI-13108400000003,3,2,Zapatos de Vestir,vestir,0,APPLY
PI-13108500000001,2,1,Zapatos de Vestir,vestir,0,APPLY
PI-13108500000003,2,1,Zapatos de Vestir,vestir,0,APPLY
PI-135037,2,2,Zapatos de Vestir,vestir,0,APPLY
PI-140097,1,2,Zapatos de Vestir,vestir,0,APPLY
PI-141028,1,2,Zapatos de Vestir,vestir,0,APPLY
PI-14313300000103,3,2,Zapatos de Vestir,vestir,0,APPLY
PI-14313300000108,3,2,Zapatos de Vestir,vestir,0,APPLY
PI-14313300000135,3,2,Zapatos de Vestir,vestir,0,APPLY
PI-14313300000136,2,2,Zapatos de Vestir,vestir,0,APPLY
PI-14313300000193,2,2,Zapatos de Vestir,vestir,0,APPLY
PI-14313300000232,2,2,Zapatos de Vestir,vestir,0,APPLY
PI-143134,1,2,Zapatos de Vestir,vestir,0,APPLY
PI-143135,2,2,Zapatos de Vestir,vestir,0,APPLY
PI-14313700000021,3,2,Zapatos de Vestir,vestir,0,APPLY
PI-14313700000023,2,2,Zapatos de Vestir,vestir,0,APPLY
PI-14313700000024,5,2,Zapatos de Vestir,vestir,0,APPLY
PI-14313700000049,2,1,Zapatos de Vestir,vestir,0,APPLY
PI-14313700000055,2,1,Zapatos de Vestir,vestir,0,APPLY
PI-14313700000094,2,2,Zapatos de Vestir,vestir,0,APPLY
PI-14313800000098,2,1,Zapatos de Vestir,vestir,0,APPLY
PI-14314600000069,2,2,Zapatos de Vestir,vestir,0,APPLY
PI-14316200000003,3,2,Zapatos de Vestir,vestir,0,APPLY
PI-14316400000004,3,2,Zapatos de Vestir,vestir,0,APPLY
PI-14318300000003,2,2,Zapatos de Vestir,vestir,0,APPLY
PI-14318400000003,3,2,Zapatos de Vestir,vestir,0,APPLY
PI-14318700000002,3,2,Zapatos de Vestir,vestir,0,APPLY
PI-14319100000003,2,2,Zapatos de Vestir,vestir,0,APPLY
PI-14323100000007,2,2,Zapatos de Vestir,vestir,0,APPLY
PI-144010,1,2,Zapatos de Vestir,vestir,0,APPLY
PI-14403400000002,2,2,Zapatos de Vestir,vestir,0,APPLY
PI-14403700000003,1,1,Zapatos de Vestir,vestir,0,APPLY
PI-14403800000001,3,2,Zapatos de Vestir,vestir,0,APPLY
PI-14403800000002,2,2,Zapatos de Vestir,vestir,0,APPLY
PI-14403800000004,1,2,Zapatos de Vestir,vestir,0,APPLY
PI-14404100000001,2,2,Zapatos de Vestir,vestir,0,APPLY
PI-14404900000008,3,2,Zapatos de Vestir,vestir,0,APPLY
PI-1440490000008,3,2,Zapatos de Vestir,vestir,0,APPLY
PI-14405000000004,1,2,Zapatos de Vestir,vestir,0,APPLY
PI-14405000000007,2,2,Zapatos de Vestir,vestir,0,APPLY
PI-14405000000008,2,2,Zapatos de Vestir,vestir,0,APPLY
PI-14405500000001,2,2,Zapatos de Vestir,vestir,0,APPLY
PI-14405500000002,2,2,Zapatos de Vestir,vestir,0,APPLY
PI-14405600000002,1,2,Zapatos de Vestir,vestir,0,APPLY
PI-14405600000003,2,2,Zapatos de Vestir,vestir,0,APPLY
PI-14405700000001,3,2,Zapatos de Vestir,vestir,0,APPLY
PI-14405700000003,3,2,Zapatos de Vestir,vestir,0,APPLY
PI-14406800000002,3,1,Zapatos de Vestir,vestir,0,APPLY
PI-14705000000007,1,2,Zapatos de Vestir,vestir,0,APPLY
PI-147087,1,2,Zapatos de Vestir,vestir,0,APPLY
PI-14711500000003,2,2,Zapatos de Vestir,vestir,0,APPLY
PI-14711500000004,2,2,Zapatos de Vestir,vestir,0,APPLY
PI-14712900000001,2,2,Zapatos de Vestir,vestir,0,APPLY
PI-14712900000002,3,2,Zapatos de Vestir,vestir,0,APPLY
PI-14712900000003,2,2,Zapatos de Vestir,vestir,0,APPLY
PI-14712900000021,2,1,Zapatos de Vestir,vestir,0,APPLY
PI-14713700000004,3,2,Zapatos de Vestir,vestir,0,APPLY
PI-14713800000003,2,2,Zapatos de Vestir,vestir,0,APPLY
PI-14713800000006,3,2,Zapatos de Vestir,vestir,0,APPLY
PI-14713900000006,3,2,Zapatos de Vestir,vestir,0,APPLY
PI-14713900000007,3,2,Zapatos de Vestir,vestir,0,APPLY
PI-14714100000005,3,2,Zapatos de Vestir,vestir,0,APPLY
PI-14715600000002,3,1,Zapatos de Vestir,vestir,0,APPLY
PI-14717400000001,2,2,Zapatos de Vestir,vestir,0,APPLY
PI-14717400000005,3,2,Zapatos de Vestir,vestir,0,APPLY
PI-14717400000006,3,2,Zapatos de Vestir,vestir,0,APPLY
PI-14718000000003,3,1,Zapatos de Vestir,vestir,0,APPLY
PI-14718000000014,3,2,Zapatos de Vestir,vestir,0,APPLY
PI-14718400000002,2,1,Zapatos de Vestir,vestir,0,APPLY
PI-14718400000003,3,1,Zapatos de Vestir,vestir,0,APPLY
PI-14719300000002,3,2,Zapatos de Vestir,vestir,0,APPLY
PI-14729100000001,2,2,Zapatos de Vestir,vestir,0,APPLY
PI-14729100000003,2,2,Zapatos de Vestir,vestir,0,APPLY
PI-14729100000004,2,2,Zapatos de Vestir,vestir,0,APPLY
PI-14730600000009,2,2,Zapatos de Vestir,vestir,0,APPLY
PI-15304100000002,1,2,Zapatos de Vestir,vestir,0,APPLY
PI-15304200000005,2,2,Zapatos de Vestir,vestir,0,APPLY
PI-161131,1,2,Zapatos de Vestir,vestir,0,APPLY
PI-16301000000004,3,2,Zapatos de Vestir,vestir,0,APPLY
PI-21600900000002,3,2,Zapatos de Vestir,vestir,0,APPLY
PI-21600900000003,3,2,Zapatos de Vestir,vestir,0,APPLY
PI-23900200000010,2,2,Zapatos de Vestir,vestir,0,APPLY
PI-23900200000012,2,2,Zapatos de Vestir,vestir,0,APPLY
PI-23900200000031,2,1,Zapatos de Vestir,vestir,0,APPLY
PI-25011500000456,2,1,Zapatos de Vestir,vestir,0,APPLY
PI-25013200000247,4,2,Zapatos de Vestir,vestir,0,APPLY
PI-25019800000006,3,2,Zapatos de Vestir,vestir,0,APPLY
PI-25020500000007,2,2,Zapatos de Vestir,vestir,0,APPLY
PI-25020600000005,2,2,Zapatos de Vestir,vestir,0,APPLY
PI-25103000000006,2,1,Zapatos de Vestir,vestir,0,APPLY
PI-25104700000009,4,2,Zapatos de Vestir,vestir,0,APPLY
PI-25104900000004,2,2,Zapatos de Vestir,vestir,0,APPLY
PI-25106000000003,1,2,Zapatos de Vestir,vestir,0,APPLY
PI-25110600000004,4,2,Zapatos de Vestir,vestir,0,APPLY
PI-318001,1,2,Zapatos de Vestir,vestir,0,APPLY
PI-31900300000001,2,2,Zapatos de Vestir,vestir,0,APPLY
PI-320167,1,2,Zapatos de Vestir,vestir,0,APPLY
PI-320269,3,2,Zapatos de Vestir,vestir,0,APPLY
PI-32029200000002,2,2,Zapatos de Vestir,vestir,0,APPLY
PI-330027,1,2,Zapatos de Vestir,vestir,0,APPLY
PI-33103500000007,1,2,Zapatos de Vestir,vestir,0,APPLY
PI-33103700000008,2,2,Zapatos de Vestir,vestir,0,APPLY
PI-33104200000001,2,1,Zapatos de Vestir,vestir,0,APPLY
PI-33104400000001,2,1,Zapatos de Vestir,vestir,0,APPLY
PI-34201400000001,2,2,Zapatos de Vestir,vestir,0,APPLY
PI-34700800000002,2,2,Zapatos de Vestir,vestir,0,APPLY
PI-362024,1,2,Zapatos de Vestir,vestir,0,APPLY
PI-40820600000001,2,2,Zapatos de Vestir,vestir,0,APPLY
PI-40820600000005,2,2,Zapatos de Vestir,vestir,0,APPLY
PI-41002600000013,3,2,Zapatos de Vestir,vestir,0,APPLY
PI-41604500000023,1,1,Zapatos de Vestir,vestir,0,APPLY
PI-41604500000031,1,2,Zapatos de Vestir,vestir,0,APPLY
PI-41604500000033,2,2,Zapatos de Vestir,vestir,0,APPLY
PI-4160610000005,2,2,Zapatos de Vestir,vestir,0,APPLY
PI-41607300000002,3,2,Zapatos de Vestir,vestir,0,APPLY
PI-450010000000001,3,2,Zapatos de Vestir,vestir,0,APPLY
PI-45001000000001,2,2,Zapatos de Vestir,vestir,0,APPLY
PI-47400200000024,2,2,Zapatos de Vestir,vestir,0,APPLY
PI-47400200000025,2,2,Zapatos de Vestir,vestir,0,APPLY
PI-50029500000002,3,2,Zapatos de Vestir,vestir,0,APPLY
PI-50029500000004,3,2,Zapatos de Vestir,vestir,0,APPLY
PI-50033100000006,3,2,Zapatos de Vestir,vestir,0,APPLY
PI-50033200000003,3,2,Zapatos de Vestir,vestir,0,APPLY
PI-50033200000004,3,2,Zapatos de Vestir,vestir,0,APPLY
PI-50037500000005,3,1,Zapatos de Vestir,vestir,0,APPLY
PI-538069,1,2,Zapatos de Vestir,vestir,0,APPLY
PI-54028000000010,3,2,Zapatos de Vestir,vestir,0,APPLY
PI-54028000000011,3,2,Zapatos de Vestir,vestir,0,APPLY
PI-54028000000018,2,2,Zapatos de Vestir,vestir,0,APPLY
PI-54031700000019,3,2,Zapatos de Vestir,vestir,0,APPLY
PI-54032000000002,3,2,Zapatos de Vestir,vestir,0,APPLY
PI-54032000000005,3,2,Zapatos de Vestir,vestir,0,APPLY
PI-54032600000010,2,2,Zapatos de Vestir,vestir,0,APPLY
PI-54032700000001,4,2,Zapatos de Vestir,vestir,0,APPLY
PI-54032700000002,2,2,Zapatos de Vestir,vestir,0,APPLY
PI-54032700000008,2,2,Zapatos de Vestir,vestir,0,APPLY
PI-54032700000009,3,2,Zapatos de Vestir,vestir,0,APPLY
PI-54034000000004,2,2,Zapatos de Vestir,vestir,0,APPLY
PI-56103500000006,3,2,Zapatos de Vestir,vestir,0,APPLY
PI-56103600000005,3,2,Zapatos de Vestir,vestir,0,APPLY
PI-62603400000001,2,2,Zapatos de Vestir,vestir,0,APPLY
PI-65400700000006,3,1,Zapatos de Vestir,vestir,0,APPLY
PI-65402700000002,2,2,Zapatos de Vestir,vestir,0,APPLY
PI-65402700000006,3,2,Zapatos de Vestir,vestir,0,APPLY
PI-65402800000003,2,2,Zapatos de Vestir,vestir,0,APPLY
PI-65404700000001,2,2,Zapatos de Vestir,vestir,0,APPLY
PI-70400700000004,2,2,Zapatos de Vestir,vestir,0,APPLY
PI-69300100000473,3,2,Zapatos de Vestir,vestir,0,APPLY
PI-69300100000474,4,2,Zapatos de Vestir,vestir,0,APPLY
PI-69300100000477,2,2,Zapatos de Vestir,vestir,0,APPLY
PI-693012,4,2,Zapatos de Vestir,vestir,0,APPLY
PI-695001,8,2,Zapatos de Vestir,vestir,0,APPLY
PI-69500600000001,2,2,Zapatos de Vestir,vestir,0,APPLY
PI-69500600000002,2,2,Zapatos de Vestir,vestir,0,APPLY
PI-69500700000002,2,2,Zapatos de Vestir,vestir,0,APPLY
PI-69501000000002,2,2,Zapatos de Vestir,vestir,0,APPLY
PI-69501000000004,4,2,Zapatos de Vestir,vestir,0,APPLY
PI-69501000000007,2,2,Zapatos de Vestir,vestir,0,APPLY
PI-696003,2,2,Zapatos de Vestir,vestir,0,APPLY
PI-70300100000655,3,2,Zapatos de Vestir,vestir,0,APPLY
PI-70300100000657,2,2,Zapatos de Vestir,vestir,0,APPLY
PI-70301600000008,2,2,Zapatos de Vestir,vestir,0,APPLY
PI-70301600000029,3,2,Zapatos de Vestir,vestir,0,APPLY
PI-70301600000063,4,2,Zapatos de Vestir,vestir,0,APPLY
PI-70301600000065,3,2,Zapatos de Vestir,vestir,0,APPLY
PI-70301600000079,3,2,Zapatos de Vestir,vestir,0,APPLY
PI-70301600000088,4,2,Zapatos de Vestir,vestir,0,APPLY
PI-70400700000006,3,2,Zapatos de Vestir,vestir,0,APPLY
PI-70401000000002,2,2,Zapatos de Vestir,vestir,0,APPLY
PI-70401000000005,4,2,Zapatos de Vestir,vestir,0,APPLY
PI-70401200000004,3,2,Zapatos de Vestir,vestir,0,APPLY
PI-70401400000001,3,2,Zapatos de Vestir,vestir,0,APPLY
PI-70401400000009,5,2,Zapatos de Vestir,vestir,0,APPLY
PI-70401500000004,2,2,Zapatos de Vestir,vestir,0,APPLY
PI-70402300000003,2,1,Zapatos de Vestir,vestir,0,APPLY
PI-722036,3,2,Zapatos de Vestir,vestir,0,APPLY
PI-72715000000002,2,2,Zapatos de Vestir,vestir,0,APPLY
PI-73802000000037,2,2,Zapatos de Vestir,vestir,0,APPLY
PI-73802000000038,2,2,Zapatos de Vestir,vestir,0,APPLY
PI-74406900000004,2,2,Zapatos de Vestir,vestir,0,APPLY
PI-74407100000006,2,2,Zapatos de Vestir,vestir,0,APPLY
PI-74407300000010,2,2,Zapatos de Vestir,vestir,0,APPLY
PI-745010,1,2,Zapatos de Vestir,vestir,0,APPLY
PI-74503500000786,2,2,Zapatos de Vestir,vestir,0,APPLY
PI-74503500000795,2,2,Zapatos de Vestir,vestir,0,APPLY
PI-74503500000798,2,2,Zapatos de Vestir,vestir,0,APPLY
PI-74503500000808,4,2,Zapatos de Vestir,vestir,0,APPLY
PI-74503500000810,2,2,Zapatos de Vestir,vestir,0,APPLY
PI-7450350000659,3,2,Zapatos de Vestir,vestir,0,APPLY
PI-7450350000667,2,2,Zapatos de Vestir,vestir,0,APPLY
PI-74505000000502,2,2,Zapatos de Vestir,vestir,0,APPLY
PI-74505000000526,2,2,Zapatos de Vestir,vestir,0,APPLY
PI-74505000000587,2,2,Zapatos de Vestir,vestir,0,APPLY
PI-74506000000002,2,2,Zapatos de Vestir,vestir,0,APPLY
PI-74700300000001,2,2,Zapatos de Vestir,vestir,0,APPLY
PI-74506200000006,3,2,Zapatos de Vestir,vestir,0,APPLY
PI-74506200000030,4,2,Zapatos de Vestir,vestir,0,APPLY
PI-74506400000004,1,2,Zapatos de Vestir,vestir,0,APPLY
PI-74506400000005,3,2,Zapatos de Vestir,vestir,0,APPLY
PI-74506400000007,5,2,Zapatos de Vestir,vestir,0,APPLY
PI-74508500000004,2,2,Zapatos de Vestir,vestir,0,APPLY
PI-74508500000008,2,2,Zapatos de Vestir,vestir,0,APPLY
PI-74513500000084,2,2,Zapatos de Vestir,vestir,0,APPLY
PI-74513500000133,2,1,Zapatos de Vestir,vestir,0,APPLY
PI-74700300000005,2,2,Zapatos de Vestir,vestir,0,APPLY
PI-74700500000001,2,2,Zapatos de Vestir,vestir,0,APPLY
PI-74900100000365,2,2,Zapatos de Vestir,vestir,0,APPLY
PI-74900100000367,2,2,Zapatos de Vestir,vestir,0,APPLY
PI-74901000000001,2,2,Zapatos de Vestir,vestir,0,APPLY
PI-78100200000008,2,1,Zapatos de Vestir,vestir,0,APPLY
PI-81800900000020,2,2,Zapatos de Vestir,vestir,0,APPLY
PI-84102400000100,2,2,Zapatos de Vestir,vestir,0,APPLY
PI-84102400000101,2,2,Zapatos de Vestir,vestir,0,APPLY
PI-84102400000117,2,2,Zapatos de Vestir,vestir,0,APPLY
PI-84103000000012,3,2,Zapatos de Vestir,vestir,0,APPLY
PI-84400200000024,3,2,Zapatos de Vestir,vestir,0,APPLY
PI-96801000000001,2,2,Zapatos de Vestir,vestir,0,APPLY
PI-96801000000004,2,2,Zapatos de Vestir,vestir,0,APPLY
PI-9700620000007,2,1,Zapatos de Vestir,vestir,0,APPLY
PI-97302800000001,2,2,Zapatos de Vestir,vestir,0,APPLY
PI-97302900000002,1,2,Zapatos de Vestir,vestir,0,APPLY
PI-97303300000002,2,2,Zapatos de Vestir,vestir,0,APPLY
PI-98200500000001,2,2,Zapatos de Vestir,vestir,0,APPLY
PI-982008-1,2,2,Zapatos de Vestir,vestir,0,APPLY
PI-982008-2,2,2,Zapatos de Vestir,vestir,0,APPLY
PI-982008-5,3,2,Zapatos de Vestir,vestir,0,APPLY
PI-98201200000004,1,2,Zapatos de Vestir,vestir,0,APPLY
PI-98201200000005,2,2,Zapatos de Vestir,vestir,0,APPLY
PI-99200500000004,2,1,Zapatos de Vestir,vestir,0,APPLY
PI-NAPA DUPLA,2,1,Zapatos de Vestir,vestir,0,APPLY
PI-NAPA MACRAME,4,1,Zapatos de Vestir,vestir,0,APPLY
PI-NAPA SOFT COLM,3,1,Zapatos de Vestir,vestir,0,APPLY
PI-NAPA STRECH,6,1,Zapatos de Vestir,vestir,0,APPLY
PI318003,1,2,Zapatos de Vestir,vestir,0,APPLY
RE203W14,1,2,Zapatos de Vestir,vestir,0,APPLY
RE307W13,2,2,Zapatos de Vestir,vestir,0,APPLY
RE308W13,5,2,Zapatos de Vestir,vestir,0,APPLY
RE466W14,1,2,Zapatos de Vestir,vestir,0,APPLY
RE802S17,2,2,Zapatos de Vestir,vestir,0,APPLY
RETRO-20,1,2,Zapatos de Vestir,vestir,0,APPLY
RFY85,3,63,Zapatos de Vestir,vestir,0,APPLY
RK-1405-085,2,2,Zapatos de Vestir,vestir,0,APPLY
RK-1407-116,2,2,Zapatos de Vestir,vestir,0,APPLY
RY110W16,2,2,Zapatos de Vestir,vestir,0,APPLY
RY111W16,2,2,Zapatos de Vestir,vestir,0,APPLY
ST1607BK,3,2,Zapatos de Vestir,vestir,0,APPLY
TB2869-40,1,2,Zapatos de Vestir,vestir,0,APPLY
TFY77,4,63,Zapatos de Vestir,vestir,0,APPLY
TFY78,3,63,Zapatos de Vestir,vestir,0,APPLY
TFY96,3,63,Zapatos de Vestir,vestir,0,APPLY
TH1301,1,2,Zapatos de Vestir,vestir,0,APPLY
TL3201,2,2,Zapatos de Vestir,vestir,0,APPLY
TL3826-2,1,2,Zapatos de Vestir,vestir,0,APPLY
TL3826-6,1,2,Zapatos de Vestir,vestir,0,APPLY
UF470S16,1,2,Zapatos de Vestir,vestir,0,APPLY
UN-A073-359,2,2,Zapatos de Vestir,vestir,0,APPLY
V20-S29501L-4J,3,1,Zapatos de Vestir,vestir,0,APPLY
V20-S8962L-4J,4,1,Zapatos de Vestir,vestir,0,APPLY
AD90079B-B,3,1,Zapatillas,basket,0,APPLY
AD90026M-BD,4,1,Zapatillas,basket,0,APPLY
AD90026M-BW,4,1,Zapatillas,basket,0,APPLY
ZFF101000000S,2,1,Zapatillas,basket,0,APPLY
ZFF200602112S,2,1,Zapatillas,basket,0,APPLY
ZFF200702112S,2,1,Zapatillas,"basket,training",0,APPLY
ZFF200802112S,2,1,Zapatillas,"basket,training",0,APPLY
ZFF200902112S,2,1,Zapatillas,basket,0,APPLY
ZFO300500000S,2,1,Zapatillas,basket,0,APPLY
ZFO300702112S,3,1,Zapatillas,basket,0,APPLY
ZFO300802112S,2,1,Zapatillas,basket,0,APPLY
ZMB431100000S,2,1,Zapatillas,basket,0,APPLY
ZMB431200000S,2,1,Zapatillas,basket,0,APPLY
ZMF100402112S,2,1,Zapatillas,basket,0,APPLY
ZMF201302112S,2,1,Zapatillas,basket,0,APPLY
ZMO300100000S,2,1,Zapatillas,basket,0,APPLY
ZMO300200000S,2,1,Zapatillas,basket,0,APPLY
ZMO300702112S,2,1,Zapatillas,basket,0,APPLY
ZMO30082112S,2,1,Zapatillas,basket,0,APPLY
AD90023M-VVR,2,1,Zapatillas,basket,0,APPLY
AD90080M-W,3,1,Zapatillas,basket,0,APPLY
AD90086M-BUH,3,1,Zapatillas,basket,0,APPLY
AD90023M-DL,2,1,Zapatillas,basket,0,APPLY
D3033B-BG,5,1,Zapatillas,basket,0,APPLY
AD90009B-BR,2,1,Zapatillas,basket,0,APPLY
AD90009B-RB,2,1,Zapatillas,basket,0,APPLY
AD90023M-BR,3,1,Zapatillas,basket,0,APPLY
AD90023M-VD,4,1,Zapatillas,basket,0,APPLY
AD90024B-BV,3,1,Zapatillas,basket,0,APPLY
AD90026M-D,2,1,Zapatillas,basket,0,APPLY
AD90026M-VV,4,1,Zapatillas,basket,0,APPLY
AD90080M-BB,4,1,Zapatillas,basket,0,APPLY
AD90080M-BR,4,1,Zapatillas,basket,0,APPLY
AD90080M-BV,3,1,Zapatillas,basket,0,APPLY
AD90080M-WDR,4,1,Zapatillas,basket,0,APPLY
AD90081M-BY,3,1,Zapatillas,basket,0,APPLY
AD90081M-WXN,3,1,Zapatillas,basket,0,APPLY
AD90086M-BRD,2,1,Zapatillas,basket,0,APPLY
D3004B-BRS,3,1,Zapatillas,basket,0,APPLY
D3033B-BRW,3,1,Zapatillas,basket,0,APPLY
J0455-2,3,1,Zapatillas,baby,0,APPLY
J0455-1,3,1,Zapatillas,baby,0,APPLY
I10019,3,1,Zapatillas,baby,0,APPLY
I10020,3,1,Zapatillas,baby,0,APPLY
I10021/1,3,1,Zapatillas,baby,0,APPLY
I10021/2,3,1,Zapatillas,baby,0,APPLY
I10022 /2,3,1,Zapatillas,baby,0,APPLY
I10023 /2,3,1,Zapatillas,baby,0,APPLY
I10024/1,3,1,Zapatillas,baby,0,APPLY
I10024/2,3,1,Zapatillas,baby,0,APPLY
J0447,3,1,Zapatillas,baby,0,APPLY
J0481-2,4,1,Zapatillas,baby,0,APPLY
S7182,2,1,Zapatillas,pasto,0,APPLY
HFSP200014B-A,5,1,Zapatillas,trekking,0,APPLY
HFSP200006B-5,5,1,Zapatillas,trekking,0,APPLY
HFSP200069B-50,4,1,Zapatillas,trekking,0,APPLY
HFSP200006B-A,4,1,Zapatillas,trekking,0,APPLY
HFSP200014B-40,3,1,Zapatillas,trekking,0,APPLY
HFSP200014B-A0,3,1,Zapatillas,trekking,0,APPLY
HFSP200044B-40,4,1,Zapatillas,trekking,0,APPLY
HFSP200056B-40,4,1,Zapatillas,trekking,0,APPLY
HFSP200098B-50,2,1,Zapatillas,trekking,0,APPLY
1806,7,85,Zapatillas,skate,0,APPLY
1201,11,1;2;7;9;12;53,Zapatillas,skate,0,APPLY
13039 205 VULC,2,1,Zapatillas,skate,0,APPLY
13033 205 VULC,5,1,Zapatillas,skate,0,APPLY
1808,3,85,Zapatillas,skate,0,APPLY
340246-02,3,1,Zapatillas,skate,0,APPLY
160210-02,2,1,Zapatillas,skate,0,APPLY
160211-02,2,1,Zapatillas,skate,0,APPLY
160215-01,3,1,Zapatillas,skate,0,APPLY
160233-03,3,1,Zapatillas,skate,0,APPLY
160238-03,2,1,Zapatillas,skate,0,APPLY
160239-01,3,1,Zapatillas,skate,0,APPLY
160239-02,3,1,Zapatillas,skate,0,APPLY
160239-03,4,1,Zapatillas,skate,0,APPLY
160250-01,6,1,Zapatillas,skate,0,APPLY
160252-01,2,1,Zapatillas,skate,0,APPLY
160257-01,5,1,Zapatillas,skate,0,APPLY
160264-01,2,1,Zapatillas,skate,0,APPLY
160264-02,2,1,Zapatillas,skate,0,APPLY
13014 205 VULC,7,1,Zapatillas,skate,0,APPLY
13030 205 VULC,9,1,Zapatillas,skate,0,APPLY
13032 205 VULC,8,1,Zapatillas,skate,0,APPLY
13014,3,1,Zapatillas,skate,0,APPLY
13015,3,1,Zapatillas,skate,0,APPLY
13029 205 VULC,7,1,Zapatillas,skate,0,APPLY
13031 205 VULC,5,1,Zapatillas,skate,0,APPLY
13034 205 VULC,2,1,Zapatillas,skate,0,APPLY
13035 205 VULC,5,1,Zapatillas,skate,0,APPLY
13055 205 VULC,2,1,Zapatillas,skate,0,APPLY
13057 205 VULC,2,1,Zapatillas,skate,0,APPLY
13058 205 VULC,2,1,Zapatillas,skate,0,APPLY
13061 205 VULC,2,1,Zapatillas,skate,0,APPLY
I9733,2,1,Zapatillas,running,0,APPLY
881-6327,4,1,Zapatillas,running,0,APPLY
I9061,4,1,Zapatillas,running,0,APPLY
I9736,3,1,Zapatillas,running,0,APPLY
I9737,4,1,Zapatillas,running,0,APPLY
I9762,2,1,Zapatillas,running,0,APPLY
I9763,2,1,Zapatillas,running,0,APPLY
050309-8,3,1,Zapatillas,training,0,APPLY
380226-3,3,1,Zapatillas,training,0,APPLY
180050A-01,3,1,Zapatillas,training,0,APPLY
380233-1,5,1,Zapatillas,training,0,APPLY
050309-7,3,1,Zapatillas,training,0,APPLY
050293-1,4,1,Zapatillas,training,0,APPLY
380239-3,4,1,Zapatillas,training,0,APPLY
050299-8,3,1,Zapatillas,training,0,APPLY
050298-6,4,1,Zapatillas,training,0,APPLY
050299-5,3,1,Zapatillas,training,0,APPLY
380239-2,4,1,Zapatillas,training,0,APPLY
050291-9,2,1,Zapatillas,training,0,APPLY
050296-7,3,1,Zapatillas,training,0,APPLY
050308-1,3,1,Zapatillas,training,0,APPLY
050310-4,3,1,Zapatillas,training,0,APPLY
050292-1,3,1,Zapatillas,training,0,APPLY
050292-2,4,1,Zapatillas,training,0,APPLY
050292-3,4,1,Zapatillas,training,0,APPLY
300085-01,3,1,Zapatillas,training,0,APPLY
300087-3,3,1,Zapatillas,training,0,APPLY
300088-3,3,1,Zapatillas,training,0,APPLY
300089-03,2,1,Zapatillas,training,0,APPLY
050293-4,3,1,Zapatillas,training,0,APPLY
050295-2,5,1,Zapatillas,training,0,APPLY
050296-8,2,1,Zapatillas,training,0,APPLY
050298-7,5,1,Zapatillas,training,0,APPLY
050298-8,5,1,Zapatillas,training,0,APPLY
050304-4,5,1,Zapatillas,training,0,APPLY
050291-1,3,1,Zapatillas,training,0,APPLY
050291-3,2,1,Zapatillas,training,0,APPLY
050293-3,4,1,Zapatillas,training,0,APPLY
380125-02,3,1,Zapatillas,training,0,APPLY
380155-01,2,1,Zapatillas,training,0,APPLY
380155-02,2,1,Zapatillas,training,0,APPLY
380155-03,2,1,Zapatillas,training,0,APPLY
380156-01,2,1,Zapatillas,training,0,APPLY
380156-02,4,1,Zapatillas,training,0,APPLY
380156-03,4,1,Zapatillas,training,0,APPLY
380207-3,2,1,Zapatillas,training,0,APPLY
380213-1,2,1,Zapatillas,training,0,APPLY
380215-1,5,1,Zapatillas,training,0,APPLY
380215-2,4,1,Zapatillas,training,0,APPLY
380215-3,4,1,Zapatillas,training,0,APPLY
380217-1,5,1,Zapatillas,training,0,APPLY
380217-2,3,1,Zapatillas,training,0,APPLY
380217-3,4,1,Zapatillas,training,0,APPLY
380219-1,4,1,Zapatillas,training,0,APPLY
380219-3,2,1,Zapatillas,training,0,APPLY
380222-1,5,1,Zapatillas,training,0,APPLY
380222-3,4,1,Zapatillas,training,0,APPLY
380222-4,3,1,Zapatillas,training,0,APPLY
380222-5,3,1,Zapatillas,training,0,APPLY
380233-2,2,1,Zapatillas,training,0,APPLY
380241-3,3,1,Zapatillas,training,0,APPLY
380243-3,2,1,Zapatillas,training,0,APPLY
380244-1,2,1,Zapatillas,training,0,APPLY
380245-1,3,1,Zapatillas,training,0,APPLY
380245-3,3,1,Zapatillas,training,0,APPLY
380245-4,4,1,Zapatillas,training,0,APPLY
050291-2,2,1,Zapatillas,training,0,APPLY
050269-1,4,1,Zapatillas,training,0,APPLY
050293-2,4,1,Zapatillas,training,0,APPLY
050297-5,2,1,Zapatillas,training,0,APPLY
050295-1,4,1,Zapatillas,training,0,APPLY
180022-01,2,1,Zapatillas,training,0,APPLY
180024-02,2,1,Zapatillas,training,0,APPLY
180030-01,2,1,Zapatillas,training,0,APPLY
180033-01,2,1,Zapatillas,training,0,APPLY
180039-04,3,1,Zapatillas,training,0,APPLY
180062A-01,2,1,Zapatillas,training,0,APPLY
180062A-02,2,1,Zapatillas,training,0,APPLY
180081-02,2,1,Zapatillas,training,0,APPLY
180081-03,2,1,Zapatillas,training,0,APPLY
180091-03,3,1,Zapatillas,training,0,APPLY
180110-01,3,1,Zapatillas,training,0,APPLY
180110-02,2,1,Zapatillas,training,0,APPLY
180111-02,2,1,Zapatillas,training,0,APPLY
180112-02,2,1,Zapatillas,training,0,APPLY
180133-03,3,1,Zapatillas,training,0,APPLY
050304-3,2,1,Zapatillas,training,0,APPLY
1890029-02,2,1,Zapatillas,training,0,APPLY
050307-3,3,1,Zapatillas,training,0,APPLY
050308-2,2,1,Zapatillas,training,0,APPLY
050308-4,3,1,Zapatillas,training,0,APPLY
2237,3,84,Gateadores,,0,APPLY
123002,2,34,Gateadores,,0,APPLY
178602,2,84,Gateadores,,0,APPLY
DONNA,17,14;34,Gateadores,,0,APPLY
321002,4,95,Gateadores,,0,APPLY
1234,4,87,Gateadores,,0,APPLY
2160,1,84,Gateadores,,0,APPLY
220802,2,95,Gateadores,,0,APPLY
2234,1,34,Gateadores,,0,APPLY
222602,2,84,Gateadores,,0,APPLY
2283,1,34,Gateadores,,0,APPLY
2307,1,95,Gateadores,,0,APPLY
2709,1,95,Gateadores,,0,APPLY
271210,1,84,Gateadores,,0,APPLY
2778,1,84,Gateadores,,0,APPLY
2815,1,84,Gateadores,,0,APPLY
303970 01,1,34,Gateadores,,0,APPLY
305189 01,1,34,Gateadores,,0,APPLY
305189 02,1,34,Gateadores,,0,APPLY
314560-001,1,34,Gateadores,,0,APPLY
314560-106,1,34,Gateadores,,0,APPLY
314560-108,1,34,Gateadores,,0,APPLY
314560-109,1,34,Gateadores,,0,APPLY
314560-114,1,34,Gateadores,,0,APPLY
314560-401,1,34,Gateadores,,0,APPLY
315423-002,1,34,Gateadores,,0,APPLY
315423-103,1,34,Gateadores,,0,APPLY
315423-104,1,34,Gateadores,,0,APPLY
315423-105,1,34,Gateadores,,0,APPLY
315423-122,1,34,Gateadores,,0,APPLY
32101001,1,106,Gateadores,,0,APPLY
3261-17,1,34,Gateadores,,0,APPLY
330410,1,87,Gateadores,,0,APPLY
33048422,1,87,Gateadores,,0,APPLY
33081422,1,87,Gateadores,,0,APPLY
33088422,1,87,Gateadores,,0,APPLY
331102,2,95,Gateadores,,0,APPLY
3358,1,34,Gateadores,,0,APPLY
340102,4,34,Gateadores,,0,APPLY
351493 01,1,34,Gateadores,,0,APPLY
351493 03,1,34,Gateadores,,0,APPLY
353020 02,2,34,Gateadores,,0,APPLY
353020 03,1,34,Gateadores,,0,APPLY
3535,1,34,Gateadores,,0,APPLY
353627 02,1,34,Gateadores,,0,APPLY
353627 03,1,34,Gateadores,,0,APPLY
353627 04,1,34,Gateadores,,0,APPLY
353628 01,1,34,Gateadores,,0,APPLY
353628 02,1,34,Gateadores,,0,APPLY
356835 01,2,34,Gateadores,,0,APPLY
371702,2,34,Gateadores,,0,APPLY
4139,2,34;36,Gateadores,,0,APPLY
4304,1,34,Gateadores,,0,APPLY
4432,1,34,Gateadores,,0,APPLY
4483,1,34,Gateadores,,0,APPLY
4982,1,34,Gateadores,,0,APPLY
1494,1,34,Gateadores,,0,APPLY
1390,2,84,Gateadores,,0,APPLY
5256,1,34,Gateadores,,0,APPLY
537,1,34,Gateadores,,0,APPLY
5601,3,1;9;34,Gateadores,,0,APPLY
691,1,34,Gateadores,,0,APPLY
7537,1,34,Gateadores,,0,APPLY
160,2,3;34,Gateadores,,0,APPLY
8871,1,34,Gateadores,,0,APPLY
937,2,84,Gateadores,,0,APPLY
1202-82,1,106,Gateadores,,0,APPLY
AW4132,1,34,Gateadores,,0,APPLY
AW4133,1,34,Gateadores,,0,APPLY
170402,2,84,Gateadores,,0,APPLY
170602,2,84,Gateadores,,0,APPLY
1717-55,1,84,Gateadores,,0,APPLY
1212-10,1,106,Gateadores,,0,APPLY
1212-32,1,106,Gateadores,,0,APPLY
1730-82,1,84,Gateadores,,0,APPLY
12021020,1,34,Gateadores,,0,APPLY
051-11640,1,34,Gateadores,,0,APPLY
F37981,1,34,Gateadores,,0,APPLY
F37982,1,34,Gateadores,,0,APPLY
FLOKY,2,34,Gateadores,,0,APPLY
G40449,1,34,Gateadores,,0,APPLY
G40451,1,34,Gateadores,,0,APPLY
G51698,1,34,Gateadores,,0,APPLY
G52085,1,99,Gateadores,,0,APPLY
G52086,1,99,Gateadores,,0,APPLY
G60345,1,34,Gateadores,,0,APPLY
G60346,1,34,Gateadores,,0,APPLY
G61167,1,34,Gateadores,,0,APPLY
G61168,1,34,Gateadores,,0,APPLY
G62135,1,34,Gateadores,,0,APPLY
G62189,1,34,Gateadores,,0,APPLY
G96174,1,34,Gateadores,,0,APPLY
LESTER,3,34,Gateadores,,0,APPLY
Q20729,1,34,Gateadores,,0,APPLY
Q38704,1,34,Gateadores,,0,APPLY
Q38705,1,34,Gateadores,,0,APPLY
Q20452,1,34,Gateadores,,0,APPLY
V22345,1,34,Gateadores,,0,APPLY
V22346,1,34,Gateadores,,0,APPLY
V23008,1,34,Gateadores,,0,APPLY
V24127,1,34,Gateadores,,0,APPLY
V24128,1,34,Gateadores,,0,APPLY
CLARISA,1,34,Gateadores,,0,APPLY
G62136,1,34,Gateadores,,0,APPLY
Q22515,1,34,Gateadores,,0,APPLY
886-6038,4,1,Zapatillas,"oficial,urbano",0,APPLY
356-6284,5,1,Zapatillas,"oficial,urbano",0,APPLY
454-6062,4,1,Zapatillas,"oficial,urbano",0,APPLY
555-6420,5,1,Zapatillas,"oficial,urbano",0,APPLY
EX052A60001,5,1,Zapatillas,"oficial,urbano",0,APPLY
EW582A60001,5,1,Zapatillas,"oficial,urbano",0,APPLY
886-6032,2,1,Zapatillas,"oficial,urbano",0,APPLY
886-6037,4,1,Zapatillas,"oficial,urbano",0,APPLY
886-6039,3,1,Zapatillas,"oficial,urbano",0,APPLY
886-6040,4,1,Zapatillas,"oficial,urbano",0,APPLY
486-6038,4,1,Zapatillas,"oficial,urbano",0,APPLY
486-6037,5,1,Zapatillas,"oficial,urbano",0,APPLY
381-6637,4,1,Zapatillas,"oficial,urbano",0,APPLY
EX051A60001,5,1,Zapatillas,"oficial,urbano",0,APPLY
381-6500,2,1,Zapatillas,"oficial,urbano",0,APPLY
556-6023,5,1,Zapatillas,"oficial,urbano",0,APPLY
281-6637,4,1,Zapatillas,"oficial,urbano",0,APPLY
556-6284,5,1,Zapatillas,"oficial,urbano",0,APPLY
5CE111,5,1,Zapatillas,"oficial,urbano",0,APPLY
321-6016,5,1,Zapatillas,"oficial,urbano",0,APPLY
5AC101,4,56,Zapatillas,"oficial,urbano",0,APPLY
EW55A60001,5,1,Zapatillas,"oficial,urbano",0,APPLY
E1012D8001,3,56,Zapatillas,"oficial,urbano",0,APPLY
5AC145,5,1;56,Zapatillas,"oficial,urbano",0,APPLY
5AC124,5,56,Zapatillas,"oficial,urbano",0,APPLY
5CE116,3,1,Zapatillas,"oficial,urbano",0,APPLY
E1513D8001,2,1,Zapatillas,"oficial,urbano",0,APPLY
272,7,2;7;46;63,Zapatillas,"oficial,urbano",0,APPLY
6007,7,5;46;63,Zapatillas,"oficial,urbano",0,APPLY
6687,7,46;63,Zapatillas,"oficial,urbano",0,APPLY
41452D8001,1,56,Zapatillas,"oficial,urbano",0,APPLY
423,8,1;12;14;38;63,Zapatillas,"oficial,urbano",0,APPLY
4391,4,1;63,Zapatillas,"oficial,urbano",0,APPLY
5AC103,1,1,Zapatillas,"oficial,urbano",0,APPLY
5AC104,1,1,Zapatillas,"oficial,urbano",0,APPLY
5AC115,4,1,Zapatillas,"oficial,urbano",0,APPLY
5AC114,3,1;46,Zapatillas,"oficial,urbano",0,APPLY
5AC139,5,1,Zapatillas,"oficial,urbano",0,APPLY
5AC154,1,1,Zapatillas,"oficial,urbano",0,APPLY
5AC156,1,1,Zapatillas,"oficial,urbano",0,APPLY
5AC403,1,1,Zapatillas,"oficial,urbano",0,APPLY
5AC404,1,1,Zapatillas,"oficial,urbano",0,APPLY
5AC791,1,1,Zapatillas,"oficial,urbano",0,APPLY
5AC981,1,1,Zapatillas,"oficial,urbano",0,APPLY
6006,8,109,Zapatillas,"oficial,urbano",0,APPLY
6011,6,1;41;63,Zapatillas,"oficial,urbano",0,APPLY
6014,7,1;9;12;63,Zapatillas,"oficial,urbano",0,APPLY
6110,12,97,Zapatillas,"oficial,urbano",0,APPLY
6121,5,1;9;63,Zapatillas,"oficial,urbano",0,APPLY
6125,5,1;63,Zapatillas,"oficial,urbano",0,APPLY
6237,5,1;25;63,Zapatillas,"oficial,urbano",0,APPLY
6242,4,1;63,Zapatillas,"oficial,urbano",0,APPLY
1050,9,1;39;46;63;64,Zapatillas,"oficial,urbano",0,APPLY
7136,6,63,Zapatillas,"oficial,urbano",0,APPLY
804-6828,5,1,Zapatillas,"oficial,urbano",0,APPLY
1273,7,1;26;46;63,Zapatillas,"oficial,urbano",0,APPLY
121,8,110,Zapatillas,"oficial,urbano",0,APPLY
122,8,1;39;46;63,Zapatillas,"oficial,urbano",0,APPLY
E0121D8001,1,56,Zapatillas,"oficial,urbano",0,APPLY
E0382D8001,1,56,Zapatillas,"oficial,urbano",0,APPLY
E1462D8001,1,1,Zapatillas,"oficial,urbano",0,APPLY
E1512D8001,3,56,Zapatillas,"oficial,urbano",0,APPLY
E1571D8001,1,1,Zapatillas,"oficial,urbano",0,APPLY
E1572D8001,1,1,Zapatillas,"oficial,urbano",0,APPLY
E1592D8001,1,1,Zapatillas,"oficial,urbano",0,APPLY
E1593D8001,1,1,Zapatillas,"oficial,urbano",0,APPLY
E1642D8001,2,1,Zapatillas,"oficial,urbano",0,APPLY
E1032D8001,1,56,Zapatillas,"oficial,urbano",0,APPLY
E1693D8001,2,56,Zapatillas,"oficial,urbano",0,APPLY
E1832D8001,1,56,Zapatillas,"oficial,urbano",0,APPLY
E1901D8001,1,56,Zapatillas,"oficial,urbano",0,APPLY
E1902D8001,1,56,Zapatillas,"oficial,urbano",0,APPLY
E9082D8001,2,56,Zapatillas,"oficial,urbano",0,APPLY
E9132D8001,1,56,Zapatillas,"oficial,urbano",0,APPLY
E9142D8001,1,56,Zapatillas,"oficial,urbano",0,APPLY
E9252D8001,1,56,Zapatillas,"oficial,urbano",0,APPLY
1362,5,12;63,Zapatillas,"oficial,urbano",0,APPLY
KA71-1006371,1,1,Zapatillas,"oficial,urbano",0,APPLY
KA71-1014371,1,1,Zapatillas,"oficial,urbano",0,APPLY
KA74-798371,1,1,Zapatillas,"oficial,urbano",0,APPLY
1361,6,1;12;46;63,Zapatillas,"oficial,urbano",0,APPLY
5AC105,1,1,Zapatillas,"oficial,urbano",0,APPLY
5AC116-KC16,3,1,Zapatillas,"oficial,urbano",0,APPLY
5AC125,2,1;56,Zapatillas,"oficial,urbano",0,APPLY
5AC126,3,1;56,Zapatillas,"oficial,urbano",0,APPLY
5AC127,1,1,Zapatillas,"oficial,urbano",0,APPLY
5AC128,4,84,Zapatillas,"oficial,urbano",0,APPLY
5AC132,5,1,Zapatillas,"oficial,urbano",0,APPLY
5AC157,4,1,Zapatillas,"oficial,urbano",0,APPLY
B0072D8001,1,56,Zapatillas,"oficial,urbano",0,APPLY
B0073D8001,1,56,Zapatillas,"oficial,urbano",0,APPLY
E0122D8001,3,56,Zapatillas,"oficial,urbano",0,APPLY
E0172D8001,4,56,Zapatillas,"oficial,urbano",0,APPLY
E0271D8001,1,56,Zapatillas,"oficial,urbano",0,APPLY
E0272D8001,1,56,Zapatillas,"oficial,urbano",0,APPLY
E0541D8001,1,56,Zapatillas,"oficial,urbano",0,APPLY
E0542D8001,3,56,Zapatillas,"oficial,urbano",0,APPLY
E0701D8001,3,56,Zapatillas,"oficial,urbano",0,APPLY
E0702D8001,4,56,Zapatillas,"oficial,urbano",0,APPLY
E1142D8001,3,56,Zapatillas,"oficial,urbano",0,APPLY
E1392D8001,1,56,Zapatillas,"oficial,urbano",0,APPLY
E1511D8001,4,1,Zapatillas,"oficial,urbano",0,APPLY
E1551D8001,3,56,Zapatillas,"oficial,urbano",0,APPLY
E1552D8001,3,56,Zapatillas,"oficial,urbano",0,APPLY
E1643D8001,2,1,Zapatillas,"oficial,urbano",0,APPLY
E9112D8001,2,56,Zapatillas,"oficial,urbano",0,APPLY
ES212D8001,5,56,Zapatillas,"oficial,urbano",0,APPLY
EU102D8001,1,1,Zapatillas,"oficial,urbano",0,APPLY
EU103D8001,2,1,Zapatillas,"oficial,urbano",0,APPLY
KA-1717371,1,1,Zapatillas,"oficial,urbano",0,APPLY
KA74-802372,1,1,Zapatillas,"oficial,urbano",0,APPLY
5CE110,4,84,Zapatillas,"urbano,oficial",0,APPLY
338012196,4,84,Zapatillas,"urbano,oficial",0,APPLY
338012193,5,84,Zapatillas,"urbano,oficial",0,APPLY
338012210,4,84,Zapatillas,"urbano,oficial",0,APPLY
EW432A,3,1,Zapatillas,"urbano,oficial",0,APPLY
338012188,4,84,Zapatillas,"urbano,oficial",0,APPLY
EW552A,4,1,Zapatillas,"urbano,oficial",0,APPLY
338012189,4,84,Zapatillas,"urbano,oficial",0,APPLY
621205TCL,2,1,Danza,cueca,0,APPLY
621203,3,1,Danza,cueca,0,APPLY
621209TTC,2,1,Danza,cueca,0,APPLY
621206TCL,2,1,Danza,cueca,0,APPLY
700142,5,28,Danza,cueca,0,APPLY
3193,2,28,Danza,"cueca,vestir",0,APPLY
33,7,86,Danza,cueca,0,APPLY
3631,2,2;28,Danza,cueca,0,APPLY
1179-2,5,28,Danza,"cueca,vestir",0,APPLY
500301,1,28,Danza,cueca,0,APPLY
500302,1,28,Danza,cueca,0,APPLY
638,3,28;46,Danza,cueca,0,APPLY
1179-3,2,28,Danza,"cueca,vestir",0,APPLY
700136,3,87,Danza,cueca,0,APPLY
804,5,107,Danza,cueca,0,APPLY
804-01,1,28,Danza,cueca,0,APPLY
8R1945-2,2,28,Danza,"cueca,vestir",0,APPLY
AR-9007-10,1,28,Danza,cueca,0,APPLY
AR-9007-4,2,28,Danza,cueca,0,APPLY
JS-19501,2,28,Danza,cueca,0,APPLY
MC-9016-10,2,28,Danza,cueca,0,APPLY
NF-NF-YHE833-6A,6,28,Danza,cueca,0,APPLY
RC11782N,1,28,Danza,cueca,0,APPLY
RC11782S,1,28,Danza,cueca,0,APPLY
WE-MA-99492-4,2,28,Danza,cueca,0,APPLY
1116511C,1,28,Danza,cueca,0,APPLY
700055,3,28,Danza,cueca,0,APPLY
700056,2,28,Danza,cueca,0,APPLY
700057,4,28,Danza,cueca,0,APPLY
700134,3,87,Danza,cueca,0,APPLY
861-1073,5,28,Danza,cueca,0,APPLY
MENPHIS-6,2,28,Danza,cueca,0,APPLY
PI-251001,3,28,Danza,cueca,0,APPLY
ST1803,4,28,Danza,cueca,0,APPLY
1104021999,2,42,Accesorios Deportivos,artesm,0,APPLY
601346316,2,42,Accesorios Deportivos,artesm,0,APPLY
TATAMI,6,35;42,Accesorios Deportivos,artesm,0,APPLY
521110101,2,42,Accesorios Deportivos,artesm,0,APPLY
5211201800985,3,106,Accesorios Deportivos,artesm,0,APPLY
5211201800961,2,106,Accesorios Deportivos,artesm,0,APPLY
52112018000,2,106,Accesorios Deportivos,artesm,0,APPLY
5211201800015,3,106,Accesorios Deportivos,artesm,0,APPLY
PECHERA TKDO,2,42,Accesorios Deportivos,artesm,0,APPLY
5202200096011,1,42,Accesorios Deportivos,artesm,0,APPLY
LYP002-2,3,42,Accesorios Deportivos,artesm,0,APPLY
K200EA,2,42,Accesorios Deportivos,artesm,0,APPLY
5211100615000,2,42,Accesorios Deportivos,artesm,0,APPLY
5206020101795,2,97,Accesorios Deportivos,artesm,0,APPLY
5211100618001,3,42,Accesorios Deportivos,artesm,0,APPLY
5211100619008,3,42,Accesorios Deportivos,artesm,0,APPLY
5211100616007,5,42,Accesorios Deportivos,artesm,0,APPLY
J350B,2,42,Accesorios Deportivos,artesm,0,APPLY
5211100614003,3,42,Accesorios Deportivos,artesm,0,APPLY
5211100613105,2,42,Accesorios Deportivos,artesm,0,APPLY
521120180947,2,106,Accesorios Deportivos,artesm,0,APPLY
WTU-87,2,42,Accesorios Deportivos,artesm,0,APPLY
BI00TJ,3,42,Accesorios Deportivos,artesm,0,APPLY
BIOOCK,2,106,Accesorios Deportivos,artesm,0,APPLY
212001,2,42,Accesorios Deportivos,artesm,0,APPLY
5211100612108,2,42,Accesorios Deportivos,artesm,0,APPLY
5211100614102,2,42,Accesorios Deportivos,artesm,0,APPLY
5211100620004,2,42,Accesorios Deportivos,artesm,0,APPLY
521110091,2,42,Accesorios Deportivos,artesm,0,APPLY
ARKAR00005,2,42,Accesorios Deportivos,artesm,0,APPLY
ARKAR00006,2,42,Accesorios Deportivos,artesm,0,APPLY
MSAMUTKB-130,2,42,Accesorios Deportivos,artesm,0,APPLY
MSAMUTKB-140,2,42,Accesorios Deportivos,artesm,0,APPLY
MSAMUTKB-150,2,42,Accesorios Deportivos,artesm,0,APPLY
MSAMUTKB-160,2,42,Accesorios Deportivos,artesm,0,APPLY
PECHERA,2,42,Accesorios Deportivos,artesm,0,APPLY
009283559946,2,42,Accesorios Deportivos,"artesm,boxeo",0,APPLY
8060,3,106,Accesorios Deportivos,artesm,0,APPLY
ARKAR08004,2,42,Accesorios Deportivos,artesm,0,APPLY
J350A,2,42,Accesorios Deportivos,artesm,0,APPLY
K220B,2,42,Accesorios Deportivos,artesm,0,APPLY
5211100211004,1,42,Accesorios Deportivos,artesm,0,APPLY
5211100613006,5,42,Accesorios Deportivos,artesm,0,APPLY
5211100616106,2,42,Accesorios Deportivos,artesm,0,APPLY
5211201800947,2,106,Accesorios Deportivos,artesm,0,APPLY
52112019000,3,42,Accesorios Deportivos,"artesm,boxeo",0,APPLY
601307410,2,42,Accesorios Deportivos,artesm,0,APPLY
6013509,3,42,Accesorios Deportivos,artesm,0,APPLY
ARKAR00009,2,42,Accesorios Deportivos,artesm,0,APPLY
V.08.08NE,2,106,Accesorios Deportivos,artesm,0,APPLY
009283557515,2,42,Accesorios Deportivos,"artesm,boxeo",0,APPLY
300A,1,106,Accesorios Deportivos,artesm,0,APPLY
009283594701,2,42,Accesorios Deportivos,"artesm,boxeo",0,APPLY
009283595005,2,42,Accesorios Deportivos,"artesm,boxeo",0,APPLY
009283595142,2,42,Accesorios Deportivos,"artesm,boxeo",0,APPLY
3218,1,42,Accesorios Deportivos,artesm,0,APPLY
3700040000000,1,42,Accesorios Deportivos,artesm,0,APPLY
37000400000000,1,42,Accesorios Deportivos,artesm,0,APPLY
370037840299,2,106,Accesorios Deportivos,artesm,0,APPLY
3874,1,42,Accesorios Deportivos,artesm,0,APPLY
5211100612009,4,42,Accesorios Deportivos,artesm,0,APPLY
4511118010011,2,42,Accesorios Deportivos,"artesm,boxeo",0,APPLY
50014,1,42,Accesorios Deportivos,artesm,0,APPLY
5202200000000,1,42,Accesorios Deportivos,artesm,0,APPLY
WCB-112,2,106,Accesorios Deportivos,artesm,0,APPLY
WKU-60-150,2,42,Accesorios Deportivos,artesm,0,APPLY
5211100000000,3,42,Accesorios Deportivos,artesm,0,APPLY
5211100617004,2,42,Accesorios Deportivos,artesm,0,APPLY
YOGA,2,7;42,Accesorios Deportivos,artesm,0,APPLY
5211500000000,4,35;42,Accesorios Deportivos,"artesm,boxeo",0,APPLY
ZAPATILLA TAE,2,84,Accesorios Deportivos,artesm,0,APPLY
009283595043,2,42,Accesorios Deportivos,"artesm,boxeo",0,APPLY
5208400000000,1,42,Accesorios Deportivos,"artesm,pingpong",0,APPLY
601018,1,42,Accesorios Deportivos,artesm,0,APPLY
6169,1,42,Accesorios Deportivos,artesm,0,APPLY
009283538040,2,42,Accesorios Deportivos,"artesm,boxeo",0,APPLY
800061,1,42,Accesorios Deportivos,artesm,0,APPLY
8027,1,42,Accesorios Deportivos,artesm,0,APPLY
009283587529,2,110,Accesorios Deportivos,artesm,0,APPLY
8079,1,106,Accesorios Deportivos,artesm,0,APPLY
825,1,42,Accesorios Deportivos,artesm,0,APPLY
8270,1,42,Accesorios Deportivos,artesm,0,APPLY
009283595029,2,42,Accesorios Deportivos,"artesm,boxeo",0,APPLY
12009,1,42,Accesorios Deportivos,artesm,0,APPLY
ARKAR08001,2,42,Accesorios Deportivos,artesm,0,APPLY
ARKAR08002,1,42,Accesorios Deportivos,artesm,0,APPLY
ARKAR08003,1,42,Accesorios Deportivos,artesm,0,APPLY
ARKAR08005,1,42,Accesorios Deportivos,artesm,0,APPLY
ARKAR08006,1,42,Accesorios Deportivos,artesm,0,APPLY
ARKAR08011,1,42,Accesorios Deportivos,artesm,0,APPLY
ARKAR08012,1,42,Accesorios Deportivos,artesm,0,APPLY
ARKAR08013,1,42,Accesorios Deportivos,artesm,0,APPLY
ARKAR08014,1,42,Accesorios Deportivos,artesm,0,APPLY
ARKAR08015,1,42,Accesorios Deportivos,artesm,0,APPLY
ARKAR08016,1,42,Accesorios Deportivos,artesm,0,APPLY
ARKAR08071,1,106,Accesorios Deportivos,artesm,0,APPLY
ARKAR08079,2,106,Accesorios Deportivos,artesm,0,APPLY
ARKAR08291,1,42,Accesorios Deportivos,artesm,0,APPLY
ARKAR08292,1,42,Accesorios Deportivos,artesm,0,APPLY
ARKAR08293,1,42,Accesorios Deportivos,artesm,0,APPLY
ARKAR08294,1,42,Accesorios Deportivos,artesm,0,APPLY
ARKAR08295,1,42,Accesorios Deportivos,artesm,0,APPLY
ARKAR08296,1,42,Accesorios Deportivos,artesm,0,APPLY
ARKAR08297,1,42,Accesorios Deportivos,artesm,0,APPLY
ARKAR08298,1,42,Accesorios Deportivos,artesm,0,APPLY
ARKAR08076,2,106,Accesorios Deportivos,artesm,0,APPLY
170,3,12;42,Accesorios Deportivos,artesm,0,APPLY
CABEZAL,1,42,Accesorios Deportivos,artesm,0,APPLY
CABEZAL1,1,42,Accesorios Deportivos,artesm,0,APPLY
CHA 10KILO,1,100,Accesorios Deportivos,artesm,0,APPLY
CHA 15KILO,1,100,Accesorios Deportivos,artesm,0,APPLY
EMPEINERA,2,42,Accesorios Deportivos,artesm,0,APPLY
ESCUDO FUJI,1,42,Accesorios Deportivos,artesm,0,APPLY
J350BA,2,42,Accesorios Deportivos,artesm,0,APPLY
K200EAA,1,42,Accesorios Deportivos,artesm,0,APPLY
K220BA,1,42,Accesorios Deportivos,artesm,0,APPLY
K220SK,2,42,Accesorios Deportivos,artesm,0,APPLY
LYP002-1,2,42,Accesorios Deportivos,artesm,0,APPLY
MSAMCMMR-M,2,111,Accesorios Deportivos,artesm,0,APPLY
MSAMCMPPR-M,1,42,Accesorios Deportivos,artesm,0,APPLY
PA8041,1,42,Accesorios Deportivos,artesm,0,APPLY
PALETA,1,42,Accesorios Deportivos,artesm,0,APPLY
PALETA ATTACK,1,42,Accesorios Deportivos,artesm,0,APPLY
PALETA FIGHTER,1,42,Accesorios Deportivos,artesm,0,APPLY
PALETA SHOOTER,1,42,Accesorios Deportivos,artesm,0,APPLY
CHA 5KILO,1,100,Accesorios Deportivos,artesm,0,APPLY
SET TORPEDO SHOOTER,1,42,Accesorios Deportivos,artesm,0,APPLY
T200,1,42,Accesorios Deportivos,artesm,0,APPLY
TKD-G,1,42,Accesorios Deportivos,artesm,0,APPLY
UK150,1,42,Accesorios Deportivos,artesm,0,APPLY
UK160,2,42,Accesorios Deportivos,artesm,0,APPLY
UK170,2,42,Accesorios Deportivos,artesm,0,APPLY
UK190,1,42,Accesorios Deportivos,artesm,0,APPLY
UNIFORME KARATE,1,42,Accesorios Deportivos,artesm,0,APPLY
US180,1,42,Accesorios Deportivos,artesm,0,APPLY
WCH-162,4,106,Accesorios Deportivos,artesm,0,APPLY
WKU-59-110,1,42,Accesorios Deportivos,artesm,0,APPLY
WKU-59-120,1,42,Accesorios Deportivos,artesm,0,APPLY
WKU-59-130,1,42,Accesorios Deportivos,artesm,0,APPLY
WKU-59-140,1,42,Accesorios Deportivos,artesm,0,APPLY
WKU-59-150,1,42,Accesorios Deportivos,artesm,0,APPLY
WKU-59-160,1,42,Accesorios Deportivos,artesm,0,APPLY
WKU-59-170,1,42,Accesorios Deportivos,artesm,0,APPLY
WKU-59-180,1,42,Accesorios Deportivos,artesm,0,APPLY
WKU-59-190,1,42,Accesorios Deportivos,artesm,0,APPLY
WKU-60-130,1,42,Accesorios Deportivos,artesm,0,APPLY
WKU-60-140,1,42,Accesorios Deportivos,artesm,0,APPLY
WKU-60-160,1,42,Accesorios Deportivos,artesm,0,APPLY
WKU-60-190,1,42,Accesorios Deportivos,artesm,0,APPLY
WTU-88,1,42,Accesorios Deportivos,artesm,0,APPLY
4220,1,42,Accesorios Deportivos,artesm,0,APPLY
4221,2,1;42,Accesorios Deportivos,artesm,0,APPLY
5208341205992,1,42,Accesorios Deportivos,artesm,0,APPLY
5914,1,42,Accesorios Deportivos,artesm,0,APPLY
5918,1,42,Accesorios Deportivos,artesm,0,APPLY
ARPES08060,1,42,Accesorios Deportivos,artesm,0,APPLY
SET ECO,1,42,Accesorios Deportivos,artesm,0,APPLY
5208200014130,2,106,Accesorios Deportivos,artesm,0,APPLY
5208905600010,2,106,Accesorios Deportivos,artesm,0,APPLY
521100913007,1,42,Accesorios Deportivos,artesm,0,APPLY
521100915001,1,42,Accesorios Deportivos,artesm,0,APPLY
521101000000,1,42,Accesorios Deportivos,artesm,0,APPLY
521110000000,1,42,Accesorios Deportivos,artesm,0,APPLY
5211100212001,1,42,Accesorios Deportivos,artesm,0,APPLY
521110061002,2,42,Accesorios Deportivos,artesm,0,APPLY
5211100611002,1,42,Accesorios Deportivos,artesm,0,APPLY
5211100611101,2,42,Accesorios Deportivos,artesm,0,APPLY
52111006114003,2,42,Accesorios Deportivos,artesm,0,APPLY
5211100611500,2,42,Accesorios Deportivos,artesm,0,APPLY
52111006116007,2,42,Accesorios Deportivos,artesm,0,APPLY
52111006117004,2,42,Accesorios Deportivos,artesm,0,APPLY
5211100615109,2,42,Accesorios Deportivos,artesm,0,APPLY
5211100617103,2,42,Accesorios Deportivos,artesm,0,APPLY
5211100618100,2,42,Accesorios Deportivos,artesm,0,APPLY
5211100911003,1,42,Accesorios Deportivos,artesm,0,APPLY
5211100912000,1,42,Accesorios Deportivos,artesm,0,APPLY
5211100913007,1,42,Accesorios Deportivos,artesm,0,APPLY
5211100916008,4,7;42,Accesorios Deportivos,artesm,0,APPLY
5211100918002,2,42,Accesorios Deportivos,artesm,0,APPLY
521110096008,1,42,Accesorios Deportivos,artesm,0,APPLY
5211200000000,4,35;42,Accesorios Deportivos,artesm,0,APPLY
5211200702068,1,42,Accesorios Deportivos,artesm,0,APPLY
5211200703065,1,42,Accesorios Deportivos,artesm,0,APPLY
5211200704062,1,42,Accesorios Deportivos,artesm,0,APPLY
5211201800008,2,106,Accesorios Deportivos,artesm,0,APPLY
5211201800022,2,106,Accesorios Deportivos,artesm,0,APPLY
5211201800053,4,106,Accesorios Deportivos,artesm,0,APPLY
5211201800091,3,106,Accesorios Deportivos,artesm,0,APPLY
521120180022,2,106,Accesorios Deportivos,artesm,0,APPLY
521120180095,2,106,Accesorios Deportivos,artesm,0,APPLY
52112018100985,2,106,Accesorios Deportivos,artesm,0,APPLY
5211202500013,2,42,Accesorios Deportivos,artesm,0,APPLY
5211500102066,1,42,Accesorios Deportivos,"artesm,boxeo",0,APPLY
5211501001006,1,42,Accesorios Deportivos,artesm,0,APPLY
60130743,1,42,Accesorios Deportivos,artesm,0,APPLY
60130744,2,42,Accesorios Deportivos,artesm,0,APPLY
60134631,2,42,Accesorios Deportivos,artesm,0,APPLY
60134795,2,42,Accesorios Deportivos,artesm,0,APPLY
601355117,2,42,Accesorios Deportivos,artesm,0,APPLY
6013884513,1,42,Accesorios Deportivos,artesm,0,APPLY
6013B015,1,42,Accesorios Deportivos,artesm,0,APPLY
6013F-619,2,42,Accesorios Deportivos,artesm,0,APPLY
6013PUSH,2,42,Accesorios Deportivos,artesm,0,APPLY
6867,1,42,Accesorios Deportivos,artesm,0,APPLY
7807992201151,2,42,Accesorios Deportivos,artesm,0,APPLY
7807992201152,2,42,Accesorios Deportivos,artesm,0,APPLY
7807998993534,2,42,Accesorios Deportivos,artesm,0,APPLY
81029,3,42,Accesorios Deportivos,artesm,0,APPLY
9782940,2,42,Accesorios Deportivos,artesm,0,APPLY
ARKAR00007,1,42,Accesorios Deportivos,artesm,0,APPLY
ARKAR08073,2,106,Accesorios Deportivos,artesm,0,APPLY
ARKAR08342,1,84,Accesorios Deportivos,artesm,0,APPLY
ESCUDO,1,42,Accesorios Deportivos,artesm,0,APPLY
ESCUDO CURVO,2,42,Accesorios Deportivos,artesm,0,APPLY
F3027,2,42,Accesorios Deportivos,artesm,0,APPLY
F3040,2,42,Accesorios Deportivos,artesm,0,APPLY
F3045,2,42,Accesorios Deportivos,artesm,0,APPLY
HEROO08054,2,42,Accesorios Deportivos,artesm,0,APPLY
HEROO08055,1,42,Accesorios Deportivos,artesm,0,APPLY
HEROO08056,1,42,Accesorios Deportivos,artesm,0,APPLY
K200EB,1,42,Accesorios Deportivos,artesm,0,APPLY
M.10.14,2,42,Accesorios Deportivos,artesm,0,APPLY
MSAMUJCA-18,1,42,Accesorios Deportivos,artesm,0,APPLY
MSAMUTKB-170,2,42,Accesorios Deportivos,artesm,0,APPLY
MSFBRCCP-38,1,42,Accesorios Deportivos,artesm,0,APPLY
MSFTMYCV-4,1,42,Accesorios Deportivos,artesm,0,APPLY
MSFTMYCV-6,1,42,Accesorios Deportivos,artesm,0,APPLY
PALETA HURRICANE,1,42,Accesorios Deportivos,artesm,0,APPLY
PECHERA JR,2,42,Accesorios Deportivos,artesm,0,APPLY
ST16900100000,2,42,Accesorios Deportivos,artesm,0,APPLY
V0808AM,2,106,Accesorios Deportivos,artesm,0,APPLY
V0808BL,1,106,Accesorios Deportivos,artesm,0,APPLY
AD801,4,36;50,Accesorios Deportivos,atletismo,0,APPLY
MB70203,4,36,Accesorios Deportivos,atletismo,0,APPLY
TESTIMONIOS,2,36,Accesorios Deportivos,atletismo,0,APPLY
K9001,3,36,Accesorios Deportivos,atletismo,0,APPLY
5208710402,2,84,Accesorios Deportivos,atletismo,0,APPLY
601338,2,36,Accesorios Deportivos,atletismo,0,APPLY
K9002,2,36,Accesorios Deportivos,atletismo,0,APPLY
ELASTICO DEMARCADOR,6,36,Accesorios Deportivos,atletismo,0,APPLY
1400001,2,36,Accesorios Deportivos,atletismo,0,APPLY
5208710402410,2,84,Accesorios Deportivos,atletismo,0,APPLY
K9000,3,36,Accesorios Deportivos,atletismo,0,APPLY
0201324899,2,36,Accesorios Deportivos,atletismo,0,APPLY
5216200450001,2,36,Accesorios Deportivos,atletismo,0,APPLY
24986,1,36,Accesorios Deportivos,atletismo,0,APPLY
2726,1,36,Accesorios Deportivos,atletismo,0,APPLY
28984,1,36,Accesorios Deportivos,atletismo,0,APPLY
29,1,36,Accesorios Deportivos,atletismo,0,APPLY
3204,1,36,Accesorios Deportivos,atletismo,0,APPLY
3206,1,36,Accesorios Deportivos,atletismo,0,APPLY
0201170211,2,36,Accesorios Deportivos,atletismo,0,APPLY
0201170411,2,36,Accesorios Deportivos,atletismo,0,APPLY
3616,1,36,Accesorios Deportivos,atletismo,0,APPLY
10-SY208-22,1,36,Accesorios Deportivos,atletismo,0,APPLY
02999020299,2,36,Accesorios Deportivos,"atletismo,training",0,APPLY
48107000,2,36,Accesorios Deportivos,atletismo,0,APPLY
48109000,1,36,Accesorios Deportivos,atletismo,0,APPLY
48110000,1,36,Accesorios Deportivos,atletismo,0,APPLY
48130000,1,36,Accesorios Deportivos,atletismo,0,APPLY
5-AB03,1,36,Accesorios Deportivos,atletismo,0,APPLY
VIS-60586,2,36,Accesorios Deportivos,atletismo,0,APPLY
6013483,1,36,Accesorios Deportivos,atletismo,0,APPLY
6490,3,6;36;50,Accesorios Deportivos,atletismo,0,APPLY
6871,1,36,Accesorios Deportivos,atletismo,0,APPLY
782,1,36,Accesorios Deportivos,atletismo,0,APPLY
1120000,1,36,Accesorios Deportivos,atletismo,0,APPLY
1200120,1,36,Accesorios Deportivos,atletismo,0,APPLY
1200SNR,2,36,Accesorios Deportivos,atletismo,0,APPLY
1200JUN,1,36,Accesorios Deportivos,atletismo,0,APPLY
AT15104,1,36,Accesorios Deportivos,atletismo,0,APPLY
AT19840,1,36,Accesorios Deportivos,atletismo,0,APPLY
AT19842,1,36,Accesorios Deportivos,atletismo,0,APPLY
AV 00TA,1,36,Accesorios Deportivos,atletismo,0,APPLY
AV OOBS,1,36,Accesorios Deportivos,atletismo,0,APPLY
BAN10,1,36,Accesorios Deportivos,atletismo,0,APPLY
COLCHONETA1,1,36,Accesorios Deportivos,atletismo,0,APPLY
CR3120000,2,36,Accesorios Deportivos,atletismo,0,APPLY
1870,1,36,Accesorios Deportivos,atletismo,0,APPLY
187859 01,1,36,Accesorios Deportivos,atletismo,0,APPLY
1300012,1,36,Accesorios Deportivos,atletismo,0,APPLY
1200040,1,36,Accesorios Deportivos,atletismo,0,APPLY
COLCHO,1,36,Accesorios Deportivos,atletismo,0,APPLY
200500,1,36,Accesorios Deportivos,atletismo,0,APPLY
200600,1,36,Accesorios Deportivos,atletismo,0,APPLY
J0000,1,36,Accesorios Deportivos,atletismo,0,APPLY
J0002,2,36,Accesorios Deportivos,atletismo,0,APPLY
JS-702 FING,1,36,Accesorios Deportivos,atletismo,0,APPLY
JS-703A CIN,1,36,Accesorios Deportivos,atletismo,0,APPLY
K0000,1,36,Accesorios Deportivos,atletismo,0,APPLY
LAAG11,1,36,Accesorios Deportivos,"atletismo,basket",0,APPLY
MSAFEAG-16,1,36,Accesorios Deportivos,atletismo,0,APPLY
MSAFEDR-50,2,36,Accesorios Deportivos,atletismo,0,APPLY
MSATJEA-400,2,36,Accesorios Deportivos,atletismo,0,APPLY
MSATT,1,36,Accesorios Deportivos,atletismo,0,APPLY
MSATTPR,1,36,Accesorios Deportivos,atletismo,0,APPLY
MSFTKP-4P,1,36,Accesorios Deportivos,atletismo,0,APPLY
PC896,1,36,Accesorios Deportivos,atletismo,0,APPLY
4-PA97742,2,36,Accesorios Deportivos,atletismo,0,APPLY
TT1200,1,36,Accesorios Deportivos,atletismo,0,APPLY
VA6,1,36,Accesorios Deportivos,atletismo,0,APPLY
VIS-62182,2,36,Accesorios Deportivos,atletismo,0,APPLY
W17951,1,36,Accesorios Deportivos,atletismo,0,APPLY
W45401,1,36,Accesorios Deportivos,atletismo,0,APPLY
W45418,1,36,Accesorios Deportivos,atletismo,0,APPLY
LA OAG4,1,36,Accesorios Deportivos,atletismo,0,APPLY
520871000000,1,84,Accesorios Deportivos,atletismo,0,APPLY
5208710000000,1,84,Accesorios Deportivos,atletismo,0,APPLY
5208710380343,1,84,Accesorios Deportivos,atletismo,0,APPLY
5208710380367,1,84,Accesorios Deportivos,atletismo,0,APPLY
5208710380398,1,84,Accesorios Deportivos,atletismo,0,APPLY
5208710380404,1,84,Accesorios Deportivos,atletismo,0,APPLY
5208710380411,1,84,Accesorios Deportivos,atletismo,0,APPLY
5208710380428,1,84,Accesorios Deportivos,atletismo,0,APPLY
520871038050,1,84,Accesorios Deportivos,atletismo,0,APPLY
5208710402342,2,84,Accesorios Deportivos,atletismo,0,APPLY
5208710402359,2,84,Accesorios Deportivos,atletismo,0,APPLY
5208710402366,2,84,Accesorios Deportivos,atletismo,0,APPLY
5208710402373,2,84,Accesorios Deportivos,atletismo,0,APPLY
5208710402380,2,84,Accesorios Deportivos,atletismo,0,APPLY
5208710402397,2,84,Accesorios Deportivos,atletismo,0,APPLY
5208710402403,2,84,Accesorios Deportivos,atletismo,0,APPLY
60132005,2,36,Accesorios Deportivos,atletismo,0,APPLY
601337,2,36,Accesorios Deportivos,"atletismo,training",0,APPLY
6013482,1,36,Accesorios Deportivos,atletismo,0,APPLY
601360-1,2,36,Accesorios Deportivos,atletismo,0,APPLY
6013F830,2,36,Accesorios Deportivos,atletismo,0,APPLY
7807992673662,2,36,Accesorios Deportivos,atletismo,0,APPLY
AT13208,1,36,Accesorios Deportivos,atletismo,0,APPLY
AV 5898,1,36,Accesorios Deportivos,atletismo,0,APPLY
AV.0012,2,36,Accesorios Deportivos,"atletismo,training",0,APPLY
BALANZA DIGITAL,2,36,Accesorios Deportivos,atletismo,0,APPLY
COLCHONETON,2,36,Accesorios Deportivos,atletismo,0,APPLY
DA0287,1,36,Accesorios Deportivos,atletismo,0,APPLY
DEPT004,1,36,Accesorios Deportivos,atletismo,0,APPLY
LA AG49,1,36,Accesorios Deportivos,atletismo,0,APPLY
LA OHEV,1,36,Accesorios Deportivos,atletismo,0,APPLY
LA OVES,1,36,Accesorios Deportivos,atletismo,0,APPLY
LA.EASB,2,36,Accesorios Deportivos,atletismo,0,APPLY
LA0122,1,36,Accesorios Deportivos,atletismo,0,APPLY
LA0VSC,1,36,Accesorios Deportivos,atletismo,0,APPLY
LAAG49,1,36,Accesorios Deportivos,atletismo,0,APPLY
MSAFPBD-32,2,36,Accesorios Deportivos,atletismo,0,APPLY
MSAFPBD-34,1,36,Accesorios Deportivos,atletismo,0,APPLY
MSDIJCSPC,1,36,Accesorios Deportivos,atletismo,0,APPLY
MSFTTAF-ED,1,36,Accesorios Deportivos,atletismo,0,APPLY
MSFTTAFPT-2,2,36;41,Accesorios Deportivos,atletismo,0,APPLY
MSFTTAFPT-6,2,36;41,Accesorios Deportivos,atletismo,0,APPLY
MV30,1,36,Accesorios Deportivos,atletismo,0,APPLY
PARACA,1,36,Accesorios Deportivos,atletismo,0,APPLY
VI09534,1,36,Accesorios Deportivos,atletismo,0,APPLY
VI09538,1,36,Accesorios Deportivos,atletismo,0,APPLY
VIS-61410,2,36,Accesorios Deportivos,atletismo,0,APPLY
RED BASKET PAR,2,103,Accesorios Deportivos,basket,0,APPLY
MO21934,2,25,Accesorios Deportivos,basket,0,APPLY
3.90.10,3,25,Accesorios Deportivos,basket,0,APPLY
MO21933,2,25,Accesorios Deportivos,basket,0,APPLY
3.90.16,3,25,Accesorios Deportivos,basket,0,APPLY
2.90.60,2,25,Accesorios Deportivos,basket,0,APPLY
BR100,2,25,Accesorios Deportivos,basket,0,APPLY
D-RB-600008,2,25,Accesorios Deportivos,basket,0,APPLY
3.90.11,3,25,Accesorios Deportivos,basket,0,APPLY
MSETRBO,2,25,Accesorios Deportivos,basket,0,APPLY
SC3063-100,2,25,Accesorios Deportivos,basket,0,APPLY
MUUK30013,2,25,Accesorios Deportivos,basket,0,APPLY
WILWR079111U2,2,25,Accesorios Deportivos,basket,0,APPLY
WILWRS330090U105,2,25,Accesorios Deportivos,basket,0,APPLY
D1090B,2,25,Accesorios Deportivos,basket,0,APPLY
BB0361-466,2,25,Accesorios Deportivos,basket,0,APPLY
BB0361-801,2,25,Accesorios Deportivos,basket,0,APPLY
SC2993-391,2,25,Accesorios Deportivos,basket,0,APPLY
5207340517631,4,9;25,Accesorios Deportivos,basket,0,APPLY
D3037M-BBS,2,25,Accesorios Deportivos,basket,0,APPLY
D3037M-WOD,3,25,Accesorios Deportivos,basket,0,APPLY
ST6365,2,25,Accesorios Deportivos,basket,0,APPLY
21344,1,25,Accesorios Deportivos,basket,0,APPLY
2523,1,25,Accesorios Deportivos,basket,0,APPLY
2872,1,25,Accesorios Deportivos,basket,0,APPLY
30010,1,25,Accesorios Deportivos,basket,0,APPLY
30020,1,25,Accesorios Deportivos,basket,0,APPLY
30030,1,25,Accesorios Deportivos,basket,0,APPLY
30032,1,25,Accesorios Deportivos,basket,0,APPLY
3297,1,25,Accesorios Deportivos,basket,0,APPLY
3439,1,25,Accesorios Deportivos,basket,0,APPLY
3442,1,25,Accesorios Deportivos,basket,0,APPLY
3444,1,25,Accesorios Deportivos,basket,0,APPLY
362,1,25,Accesorios Deportivos,basket,0,APPLY
380590-203,1,25,Accesorios Deportivos,basket,0,APPLY
3820,1,25,Accesorios Deportivos,basket,0,APPLY
39010,5,1;25,Accesorios Deportivos,basket,0,APPLY
39017,1,25,Accesorios Deportivos,basket,0,APPLY
39011,2,25,Accesorios Deportivos,basket,0,APPLY
39015,2,25,Accesorios Deportivos,basket,0,APPLY
39016,1,25,Accesorios Deportivos,basket,0,APPLY
39022,2,25,Accesorios Deportivos,basket,0,APPLY
39024,2,7;25,Accesorios Deportivos,basket,0,APPLY
144477C-001,1,25,Accesorios Deportivos,basket,0,APPLY
407983-107,1,25,Accesorios Deportivos,basket,0,APPLY
4201,1,25,Accesorios Deportivos,basket,0,APPLY
424,1,25,Accesorios Deportivos,basket,0,APPLY
467685-010,1,25,Accesorios Deportivos,basket,0,APPLY
113442-WB,1,25,Accesorios Deportivos,basket,0,APPLY
4819,1,25,Accesorios Deportivos,basket,0,APPLY
4826,2,25;35,Accesorios Deportivos,basket,0,APPLY
4833,1,25,Accesorios Deportivos,basket,0,APPLY
1017,5,97,Accesorios Deportivos,basket,0,APPLY
510859-102,1,25,Accesorios Deportivos,basket,0,APPLY
510943-107,1,25,Accesorios Deportivos,basket,0,APPLY
WILWR078811,2,25,Accesorios Deportivos,basket,0,APPLY
WILWRS328820U080,2,25,Accesorios Deportivos,basket,0,APPLY
WILWRS330090U100,2,25,Accesorios Deportivos,basket,0,APPLY
WILWTBA1302NBABL,3,25,Accesorios Deportivos,basket,0,APPLY
WILWTBA1302NBARD,3,25,Accesorios Deportivos,basket,0,APPLY
5208200710094,4,25,Accesorios Deportivos,basket,0,APPLY
YU83156,1,25,Accesorios Deportivos,basket,0,APPLY
YU83169,1,25,Accesorios Deportivos,basket,0,APPLY
525229-060,1,25,Accesorios Deportivos,basket,0,APPLY
525310-010,1,25,Accesorios Deportivos,basket,0,APPLY
525310-030,1,25,Accesorios Deportivos,basket,0,APPLY
525310-041,1,25,Accesorios Deportivos,basket,0,APPLY
525310-096,1,25,Accesorios Deportivos,basket,0,APPLY
525310-211,1,25,Accesorios Deportivos,basket,0,APPLY
525310-331,1,25,Accesorios Deportivos,basket,0,APPLY
525310-401,1,25,Accesorios Deportivos,basket,0,APPLY
525310-411,1,25,Accesorios Deportivos,basket,0,APPLY
525229-144,1,25,Accesorios Deportivos,basket,0,APPLY
525310-601,1,25,Accesorios Deportivos,basket,0,APPLY
525310-611,1,25,Accesorios Deportivos,basket,0,APPLY
525311-041,1,25,Accesorios Deportivos,basket,0,APPLY
525311-232,1,25,Accesorios Deportivos,basket,0,APPLY
525311-313,1,25,Accesorios Deportivos,basket,0,APPLY
525311-461,1,25,Accesorios Deportivos,basket,0,APPLY
530250-9999,1,25,Accesorios Deportivos,basket,0,APPLY
537383-026,1,25,Accesorios Deportivos,basket,0,APPLY
537383-106,1,25,Accesorios Deportivos,basket,0,APPLY
5400,1,25,Accesorios Deportivos,basket,0,APPLY
5857,1,25,Accesorios Deportivos,basket,0,APPLY
6239,1,25,Accesorios Deportivos,basket,0,APPLY
6953,1,25,Accesorios Deportivos,basket,0,APPLY
7119,1,25,Accesorios Deportivos,basket,0,APPLY
735,5,1;4;9;12;25,Accesorios Deportivos,basket,0,APPLY
7792,1,25,Accesorios Deportivos,basket,0,APPLY
7844,1,25,Accesorios Deportivos,basket,0,APPLY
7973,1,84,Accesorios Deportivos,basket,0,APPLY
8040,1,84,Accesorios Deportivos,basket,0,APPLY
8457,1,25,Accesorios Deportivos,basket,0,APPLY
849,1,25,Accesorios Deportivos,basket,0,APPLY
8794,1,25,Accesorios Deportivos,basket,0,APPLY
9150,2,1;25,Accesorios Deportivos,basket,0,APPLY
9190,1,25,Accesorios Deportivos,basket,0,APPLY
9630,1,25,Accesorios Deportivos,basket,0,APPLY
A1-BB702EC,2,25,Accesorios Deportivos,basket,0,APPLY
1200002,1,25,Accesorios Deportivos,basket,0,APPLY
ARO1,1,25,Accesorios Deportivos,basket,0,APPLY
ARO2,1,25,Accesorios Deportivos,basket,0,APPLY
ARPES01025,1,25,Accesorios Deportivos,basket,0,APPLY
BASK,1,25,Accesorios Deportivos,basket,0,APPLY
BASK-KS,1,25,Accesorios Deportivos,basket,0,APPLY
BB0267-601,1,25,Accesorios Deportivos,basket,0,APPLY
BB0267-801,1,25,Accesorios Deportivos,basket,0,APPLY
BB0275-801,1,25,Accesorios Deportivos,basket,0,APPLY
176,2,12;25,Accesorios Deportivos,basket,0,APPLY
BQ6505,2,25,Accesorios Deportivos,basket,0,APPLY
180,3,7;25,Accesorios Deportivos,basket,0,APPLY
CDB-002,1,25,Accesorios Deportivos,basket,0,APPLY
CMP-050,2,25,Accesorios Deportivos,basket,0,APPLY
D0314M,2,25,Accesorios Deportivos,basket,0,APPLY
D1026MB-RB,1,25,Accesorios Deportivos,basket,0,APPLY
D1031MV-UB,1,25,Accesorios Deportivos,basket,0,APPLY
D1051M,1,25,Accesorios Deportivos,basket,0,APPLY
D1060W,1,25,Accesorios Deportivos,basket,0,APPLY
D1072B,1,25,Accesorios Deportivos,basket,0,APPLY
D1072M,1,25,Accesorios Deportivos,basket,0,APPLY
D1072W,1,25,Accesorios Deportivos,basket,0,APPLY
D1080M,1,25,Accesorios Deportivos,basket,0,APPLY
D1082M,4,25,Accesorios Deportivos,basket,0,APPLY
D1083M,1,25,Accesorios Deportivos,basket,0,APPLY
D1089B,1,25,Accesorios Deportivos,basket,0,APPLY
D1097M,1,25,Accesorios Deportivos,basket,0,APPLY
D1097W,1,25,Accesorios Deportivos,basket,0,APPLY
D1085M,1,25,Accesorios Deportivos,basket,0,APPLY
D3001W,1,25,Accesorios Deportivos,basket,0,APPLY
D3004B,1,25,Accesorios Deportivos,basket,0,APPLY
G20203,1,25,Accesorios Deportivos,basket,0,APPLY
G20204,1,25,Accesorios Deportivos,basket,0,APPLY
G24265,1,25,Accesorios Deportivos,basket,0,APPLY
G48574,1,25,Accesorios Deportivos,basket,0,APPLY
G50788,1,25,Accesorios Deportivos,basket,0,APPLY
G50791,1,25,Accesorios Deportivos,basket,0,APPLY
G51552,1,25,Accesorios Deportivos,basket,0,APPLY
G52891,1,25,Accesorios Deportivos,basket,0,APPLY
G53375,2,25,Accesorios Deportivos,basket,0,APPLY
G63181,1,25,Accesorios Deportivos,basket,0,APPLY
20512,1,25,Accesorios Deportivos,basket,0,APPLY
JUEGO08001,1,25,Accesorios Deportivos,basket,0,APPLY
K16SK,1,25,Accesorios Deportivos,basket,0,APPLY
MO21715,3,25,Accesorios Deportivos,basket,0,APPLY
MOBABLGR312,3,25,Accesorios Deportivos,basket,0,APPLY
MOBABLGX,2,25,Accesorios Deportivos,basket,0,APPLY
MOBABLGR015,3,25,Accesorios Deportivos,basket,0,APPLY
MSBRBGU-7,1,25,Accesorios Deportivos,basket,0,APPLY
MSTTBCA-B,2,25,Accesorios Deportivos,basket,0,APPLY
21154,1,25,Accesorios Deportivos,basket,0,APPLY
PEDESTAL,1,25,Accesorios Deportivos,basket,0,APPLY
MUUK20KG,2,25,Accesorios Deportivos,basket,0,APPLY
Q22979,1,25,Accesorios Deportivos,basket,0,APPLY
21224,1,25,Accesorios Deportivos,basket,0,APPLY
8832,2,1;25,Accesorios Deportivos,basket,0,APPLY
21244,1,25,Accesorios Deportivos,basket,0,APPLY
BB0359-075,1,25,Accesorios Deportivos,basket,0,APPLY
BB0360-616,1,25,Accesorios Deportivos,basket,0,APPLY
BB0361-021,1,25,Accesorios Deportivos,basket,0,APPLY
BB0361-060,1,25,Accesorios Deportivos,basket,0,APPLY
BB0361-351,1,25,Accesorios Deportivos,basket,0,APPLY
BB0361-416,1,25,Accesorios Deportivos,basket,0,APPLY
BB0361-600,1,25,Accesorios Deportivos,basket,0,APPLY
BB0362-201,1,25,Accesorios Deportivos,basket,0,APPLY
BB0434-011,1,25,Accesorios Deportivos,basket,0,APPLY
BB0434-013,1,25,Accesorios Deportivos,basket,0,APPLY
BB0434-801,1,25,Accesorios Deportivos,basket,0,APPLY
BB0474-474,1,25,Accesorios Deportivos,basket,0,APPLY
BB0483-077,1,25,Accesorios Deportivos,basket,0,APPLY
BB0533-801,1,25,Accesorios Deportivos,basket,0,APPLY
D1089M,1,25,Accesorios Deportivos,basket,0,APPLY
CW6787,1,25,Accesorios Deportivos,basket,0,APPLY
QBBBPT5,4,25,Accesorios Deportivos,basket,0,APPLY
RED BASKET,5,25,Accesorios Deportivos,basket,0,APPLY
SC2993-100,1,25,Accesorios Deportivos,basket,0,APPLY
SC2993-700,1,25,Accesorios Deportivos,basket,0,APPLY
SC2993-704,1,25,Accesorios Deportivos,basket,0,APPLY
SC2993-890,1,25,Accesorios Deportivos,basket,0,APPLY
SC2994-452,1,25,Accesorios Deportivos,basket,0,APPLY
SC2994-703,1,25,Accesorios Deportivos,basket,0,APPLY
SC3022-010,1,25,Accesorios Deportivos,basket,0,APPLY
SC3022-100,1,25,Accesorios Deportivos,basket,0,APPLY
SET TORPEDO,1,25,Accesorios Deportivos,basket,0,APPLY
279008,1,25,Accesorios Deportivos,basket,0,APPLY
TTBCA,1,25,Accesorios Deportivos,basket,0,APPLY
TTBCA-B,2,25,Accesorios Deportivos,basket,0,APPLY
V23022,1,25,Accesorios Deportivos,basket,0,APPLY
V23023,1,25,Accesorios Deportivos,basket,0,APPLY
V23831,1,25,Accesorios Deportivos,basket,0,APPLY
107117-BW,1,25,Accesorios Deportivos,basket,0,APPLY
A1-BB702BC,2,25,Accesorios Deportivos,basket,0,APPLY
D3049M-BRB,1,25,Accesorios Deportivos,basket,0,APPLY
D3049M-BSB,2,25,Accesorios Deportivos,basket,0,APPLY
D3049M-WSW,2,25,Accesorios Deportivos,basket,0,APPLY
G12006,1,25,Accesorios Deportivos,basket,0,APPLY
21254,1,25,Accesorios Deportivos,basket,0,APPLY
1150-DPY,1,25,Accesorios Deportivos,basket,0,APPLY
21234,1,25,Accesorios Deportivos,basket,0,APPLY
510250-2800,1,25,Accesorios Deportivos,basket,0,APPLY
5207340,1,25,Accesorios Deportivos,basket,0,APPLY
911GS29-3,2,25,Accesorios Deportivos,"basket,natacion",0,APPLY
A1-BB702N,3,25,Accesorios Deportivos,basket,0,APPLY
AD90026M-BRW,2,25,Accesorios Deportivos,basket,0,APPLY
ARO BASQUET,4,25,Accesorios Deportivos,basket,0,APPLY
ASK-16,1,25,Accesorios Deportivos,basket,0,APPLY
BA00956,1,25,Accesorios Deportivos,"basket,voley",0,APPLY
BA00957,1,25,Accesorios Deportivos,"basket,voley",0,APPLY
BA00958,2,25,Accesorios Deportivos,"basket,voley",0,APPLY
BA00959,1,25,Accesorios Deportivos,"basket,voley",0,APPLY
BALON BASKET N5,2,25,Accesorios Deportivos,basket,0,APPLY
BALON BASKET N6,2,25,Accesorios Deportivos,basket,0,APPLY
D1051B,1,25,Accesorios Deportivos,basket,0,APPLY
D1083B,1,25,Accesorios Deportivos,basket,0,APPLY
D1087M,1,25,Accesorios Deportivos,basket,0,APPLY
D1097B,1,25,Accesorios Deportivos,basket,0,APPLY
D2007B,2,25,Accesorios Deportivos,basket,0,APPLY
D2013B,1,25,Accesorios Deportivos,basket,0,APPLY
D2013M,1,25,Accesorios Deportivos,basket,0,APPLY
D3000M,1,25,Accesorios Deportivos,basket,0,APPLY
D3003M,1,25,Accesorios Deportivos,basket,0,APPLY
D3004-BUW,2,25,Accesorios Deportivos,basket,0,APPLY
D3008M,1,25,Accesorios Deportivos,basket,0,APPLY
D3009B-BZR,2,25,Accesorios Deportivos,basket,0,APPLY
D3032M-BMW,1,25,Accesorios Deportivos,basket,0,APPLY
D3032M-WBR,1,25,Accesorios Deportivos,basket,0,APPLY
D3033B-BWM,1,25,Accesorios Deportivos,basket,0,APPLY
D3033B-DRW,1,25,Accesorios Deportivos,basket,0,APPLY
D3033B-NVK,1,25,Accesorios Deportivos,basket,0,APPLY
D3033M-BTY,1,25,Accesorios Deportivos,basket,0,APPLY
D3033M-DZT,1,25,Accesorios Deportivos,basket,0,APPLY
D3033M-RBW,1,25,Accesorios Deportivos,basket,0,APPLY
D3033M-VBW,1,25,Accesorios Deportivos,basket,0,APPLY
D3037M-BZY,1,25,Accesorios Deportivos,basket,0,APPLY
D3049B-BWR,1,25,Accesorios Deportivos,basket,0,APPLY
D3049B-DDY,3,25,Accesorios Deportivos,basket,0,APPLY
D3049B-WBG,3,25,Accesorios Deportivos,basket,0,APPLY
DEPFUTACC079,2,25,Accesorios Deportivos,basket,0,APPLY
GE17607,2,25,Accesorios Deportivos,basket,0,APPLY
K-16SK,1,25,Accesorios Deportivos,basket,0,APPLY
MO21703,1,25,Accesorios Deportivos,basket,0,APPLY
MO21708,2,25,Accesorios Deportivos,basket,0,APPLY
MO21709,2,25,Accesorios Deportivos,basket,0,APPLY
MO21728,2,25,Accesorios Deportivos,basket,0,APPLY
MO21838,2,25,Accesorios Deportivos,basket,0,APPLY
MO21839,2,25,Accesorios Deportivos,basket,0,APPLY
MO21840,2,25,Accesorios Deportivos,basket,0,APPLY
MOBABLGR015C,1,25,Accesorios Deportivos,basket,0,APPLY
MOBABLGR712,1,25,Accesorios Deportivos,basket,0,APPLY
MOBABLGR714,1,25,Accesorios Deportivos,basket,0,APPLY
MSDASC,2,25,Accesorios Deportivos,basket,0,APPLY
MSETABS-NJ,2,25,Accesorios Deportivos,basket,0,APPLY
MSETTBCA-B,2,25,Accesorios Deportivos,basket,0,APPLY
MSETTBM-M,2,25,Accesorios Deportivos,basket,0,APPLY
MSETTBM-O,2,25,Accesorios Deportivos,basket,0,APPLY
MUUK8045,2,25,Accesorios Deportivos,basket,0,APPLY
MUUK10KG,2,25,Accesorios Deportivos,basket,0,APPLY
MUUK12KG,2,25,Accesorios Deportivos,basket,0,APPLY
MUUK16KG,2,25,Accesorios Deportivos,basket,0,APPLY
MUUK30012,2,25,Accesorios Deportivos,basket,0,APPLY
MUUK30014,2,25,Accesorios Deportivos,basket,0,APPLY
MUUK8043,2,25,Accesorios Deportivos,basket,0,APPLY
MUUK8046,2,25,Accesorios Deportivos,basket,0,APPLY
PENPEN01077,2,25,Accesorios Deportivos,basket,0,APPLY
QB00RB,1,25,Accesorios Deportivos,basket,0,APPLY
QBBBPT,2,25,Accesorios Deportivos,basket,0,APPLY
QBOS10,1,25,Accesorios Deportivos,basket,0,APPLY
QBOS105,1,25,Accesorios Deportivos,basket,0,APPLY
SC2958-488,1,25,Accesorios Deportivos,basket,0,APPLY
ST626164,2,25,Accesorios Deportivos,basket,0,APPLY
VB8006,2,25,Accesorios Deportivos,basket,0,APPLY
5211401,2,35,Accesorios Deportivos,boxeo,0,APPLY
009283510954,2,35,Accesorios Deportivos,boxeo,0,APPLY
ADIKITF,2,35,Accesorios Deportivos,boxeo,0,APPLY
9283620707,2,35,Accesorios Deportivos,boxeo,0,APPLY
009283546854,2,35,Accesorios Deportivos,boxeo,0,APPLY
5211202500006,2,35,Accesorios Deportivos,boxeo,0,APPLY
4511116009079,2,35,Accesorios Deportivos,boxeo,0,APPLY
9283625504,2,35,Accesorios Deportivos,boxeo,0,APPLY
9283625511,2,35,Accesorios Deportivos,boxeo,0,APPLY
9283580414,2,35,Accesorios Deportivos,boxeo,0,APPLY
9283625771,2,35,Accesorios Deportivos,boxeo,0,APPLY
ARKAR08253,2,35,Accesorios Deportivos,boxeo,0,APPLY
009283529826,3,35,Accesorios Deportivos,boxeo,0,APPLY
009283561284,3,35,Accesorios Deportivos,boxeo,0,APPLY
9283625429,2,35,Accesorios Deportivos,boxeo,0,APPLY
9283625481,2,35,Accesorios Deportivos,boxeo,0,APPLY
SACO BOX CUERO,2,35,Accesorios Deportivos,boxeo,0,APPLY
SE 1000,2,35,Accesorios Deportivos,boxeo,0,APPLY
SE P307,2,35,Accesorios Deportivos,boxeo,0,APPLY
5211202400016,2,35,Accesorios Deportivos,boxeo,0,APPLY
5211201600028,2,35,Accesorios Deportivos,boxeo,0,APPLY
9283607999,2,35,Accesorios Deportivos,boxeo,0,APPLY
ARKAR08210,2,35,Accesorios Deportivos,boxeo,0,APPLY
009283574833,3,35,Accesorios Deportivos,"boxeo,training",0,APPLY
300010,1,35,Accesorios Deportivos,boxeo,0,APPLY
009283503710,3,35,Accesorios Deportivos,boxeo,0,APPLY
009283503727,3,35,Accesorios Deportivos,boxeo,0,APPLY
009283551216,2,35,Accesorios Deportivos,boxeo,0,APPLY
009283557645,3,35,Accesorios Deportivos,boxeo,0,APPLY
009283561291,2,35,Accesorios Deportivos,boxeo,0,APPLY
009283574826,3,35,Accesorios Deportivos,"boxeo,training",0,APPLY
009283574840,3,35,Accesorios Deportivos,"boxeo,training",0,APPLY
009283592615,3,35,Accesorios Deportivos,boxeo,0,APPLY
009283592622,3,35,Accesorios Deportivos,boxeo,0,APPLY
009283592691,3,35,Accesorios Deportivos,boxeo,0,APPLY
09112082802,4,35,Accesorios Deportivos,boxeo,0,APPLY
0912082802,7,35,Accesorios Deportivos,boxeo,0,APPLY
009283595081,4,35,Accesorios Deportivos,boxeo,0,APPLY
009283595111,2,35,Accesorios Deportivos,boxeo,0,APPLY
009283612054,4,35,Accesorios Deportivos,boxeo,0,APPLY
3662513258865,4,35,Accesorios Deportivos,boxeo,0,APPLY
3662513258872,4,35,Accesorios Deportivos,boxeo,0,APPLY
3662513258889,4,35,Accesorios Deportivos,boxeo,0,APPLY
3662513258896,3,35,Accesorios Deportivos,boxeo,0,APPLY
3662510000000,2,35,Accesorios Deportivos,boxeo,0,APPLY
3662513259275,3,35,Accesorios Deportivos,boxeo,0,APPLY
3700378385156,2,7;35,Accesorios Deportivos,boxeo,0,APPLY
3700380000000,1,35,Accesorios Deportivos,boxeo,0,APPLY
4030,1,35,Accesorios Deportivos,boxeo,0,APPLY
0406345501,2,100,Accesorios Deportivos,boxeo,0,APPLY
4383,1,35,Accesorios Deportivos,boxeo,0,APPLY
44874,1,35,Accesorios Deportivos,boxeo,0,APPLY
44881,1,35,Accesorios Deportivos,boxeo,0,APPLY
4511104007131,2,35,Accesorios Deportivos,boxeo,0,APPLY
4511104011145,2,35,Accesorios Deportivos,boxeo,0,APPLY
4511105007123,5,35,Accesorios Deportivos,boxeo,0,APPLY
4511107009026,2,35,Accesorios Deportivos,boxeo,0,APPLY
4511113008112,2,35,Accesorios Deportivos,boxeo,0,APPLY
4511113010047,2,35,Accesorios Deportivos,boxeo,0,APPLY
4511114009057,2,35,Accesorios Deportivos,boxeo,0,APPLY
4511115009063,2,35,Accesorios Deportivos,boxeo,0,APPLY
4511116010082,4,35,Accesorios Deportivos,boxeo,0,APPLY
4511117008101,2,35,Accesorios Deportivos,boxeo,0,APPLY
4511117010159,2,35,Accesorios Deportivos,boxeo,0,APPLY
9283594824,3,35,Accesorios Deportivos,boxeo,0,APPLY
491,2,7;35,Accesorios Deportivos,boxeo,0,APPLY
511011,3,98,Accesorios Deportivos,boxeo,0,APPLY
5433,1,35,Accesorios Deportivos,boxeo,0,APPLY
ADIBPKIT07,2,35,Accesorios Deportivos,boxeo,0,APPLY
5211600200164,4,35,Accesorios Deportivos,boxeo,0,APPLY
71146,1,35,Accesorios Deportivos,boxeo,0,APPLY
7211,1,35,Accesorios Deportivos,boxeo,0,APPLY
73821,1,35,Accesorios Deportivos,boxeo,0,APPLY
74529,2,35,Accesorios Deportivos,boxeo,0,APPLY
776,1,35,Accesorios Deportivos,boxeo,0,APPLY
7807,1,35,Accesorios Deportivos,boxeo,0,APPLY
80346,1,35,Accesorios Deportivos,boxeo,0,APPLY
8251,1,35,Accesorios Deportivos,boxeo,0,APPLY
8252,1,35,Accesorios Deportivos,boxeo,0,APPLY
8271,1,35,Accesorios Deportivos,boxeo,0,APPLY
009283592707,3,35,Accesorios Deportivos,boxeo,0,APPLY
843297121962,2,35,Accesorios Deportivos,boxeo,0,APPLY
9283544874,1,35,Accesorios Deportivos,boxeo,0,APPLY
9283546038,4,35;41,Accesorios Deportivos,boxeo,0,APPLY
9283551223,2,35,Accesorios Deportivos,boxeo,0,APPLY
9283574512,2,35,Accesorios Deportivos,boxeo,0,APPLY
9283574536,2,35,Accesorios Deportivos,boxeo,0,APPLY
9283580322,1,35,Accesorios Deportivos,boxeo,0,APPLY
9283580339,1,35,Accesorios Deportivos,boxeo,0,APPLY
9283592738,1,35,Accesorios Deportivos,boxeo,0,APPLY
9283594862,3,35,Accesorios Deportivos,boxeo,0,APPLY
9946,2,1;35,Accesorios Deportivos,boxeo,0,APPLY
ARKAR08275,1,35,Accesorios Deportivos,boxeo,0,APPLY
ARKARO8081,1,35,Accesorios Deportivos,boxeo,0,APPLY
ARKARO8251,1,35,Accesorios Deportivos,boxeo,0,APPLY
16987,1,35,Accesorios Deportivos,boxeo,0,APPLY
BG 4357,1,35,Accesorios Deportivos,boxeo,0,APPLY
BG DRGO,11,35,Accesorios Deportivos,boxeo,0,APPLY
F9013,1,35,Accesorios Deportivos,boxeo,0,APPLY
F9014,1,35,Accesorios Deportivos,boxeo,0,APPLY
HEROO08083,1,35,Accesorios Deportivos,boxeo,0,APPLY
HRS-AD 5,2,35,Accesorios Deportivos,boxeo,0,APPLY
MAQUINA BOXEO,2,35,Accesorios Deportivos,boxeo,0,APPLY
2113,1,35,Accesorios Deportivos,boxeo,0,APPLY
PCS-100,1,35,Accesorios Deportivos,boxeo,0,APPLY
PCSR-75,1,35,Accesorios Deportivos,boxeo,0,APPLY
PERA,2,35,Accesorios Deportivos,boxeo,0,APPLY
PLN-75,1,35,Accesorios Deportivos,boxeo,0,APPLY
3839,2,15;35,Accesorios Deportivos,boxeo,0,APPLY
9283574529,1,35,Accesorios Deportivos,boxeo,0,APPLY
BG 0SBP,1,35,Accesorios Deportivos,boxeo,0,APPLY
SACO BOX,1,35,Accesorios Deportivos,boxeo,0,APPLY
SACO BOX1,1,35,Accesorios Deportivos,boxeo,0,APPLY
SB 0080,1,35,Accesorios Deportivos,boxeo,0,APPLY
SB 0100,1,35,Accesorios Deportivos,boxeo,0,APPLY
SB 0120,1,35,Accesorios Deportivos,boxeo,0,APPLY
SB 6212,1,35,Accesorios Deportivos,boxeo,0,APPLY
SB 6213,1,35,Accesorios Deportivos,boxeo,0,APPLY
SB 6214,1,35,Accesorios Deportivos,boxeo,0,APPLY
SE 0GBJ,1,35,Accesorios Deportivos,boxeo,0,APPLY
WHG-430,1,111,Accesorios Deportivos,boxeo,0,APPLY
WHG-440,1,35,Accesorios Deportivos,boxeo,0,APPLY
WPB-5165,1,35,Accesorios Deportivos,boxeo,0,APPLY
7814,1,35,Accesorios Deportivos,boxeo,0,APPLY
009283538118,2,35,Accesorios Deportivos,boxeo,0,APPLY
009283543839,2,35,Accesorios Deportivos,boxeo,0,APPLY
009283561185,2,35,Accesorios Deportivos,boxeo,0,APPLY
0406340901,2,100,Accesorios Deportivos,boxeo,0,APPLY
5208200816093,1,35,Accesorios Deportivos,"boxeo,basket",0,APPLY
5211201700025,2,35,Accesorios Deportivos,boxeo,0,APPLY
5211500102063,2,35,Accesorios Deportivos,boxeo,0,APPLY
5211500103022,3,35;42,Accesorios Deportivos,boxeo,0,APPLY
5211600200713,4,35,Accesorios Deportivos,boxeo,0,APPLY
5211600200737,4,35,Accesorios Deportivos,boxeo,0,APPLY
5211600200799,2,35,Accesorios Deportivos,boxeo,0,APPLY
5211600280166,2,35,Accesorios Deportivos,boxeo,0,APPLY
5211600280807,2,35,Accesorios Deportivos,boxeo,0,APPLY
60131515,2,35,Accesorios Deportivos,boxeo,0,APPLY
60133073,2,35,Accesorios Deportivos,boxeo,0,APPLY
6765,1,35,Accesorios Deportivos,boxeo,0,APPLY
7807992200203,2,35,Accesorios Deportivos,boxeo,0,APPLY
843100303020,2,35,Accesorios Deportivos,"boxeo,futbol",0,APPLY
843297106853,2,35,Accesorios Deportivos,boxeo,0,APPLY
843297106860,2,35,Accesorios Deportivos,boxeo,0,APPLY
843297121979,2,35,Accesorios Deportivos,boxeo,0,APPLY
843297122037,2,35,Accesorios Deportivos,boxeo,0,APPLY
848049030486,1,35,Accesorios Deportivos,boxeo,0,APPLY
928304442,2,35,Accesorios Deportivos,boxeo,0,APPLY
9283520878,4,35,Accesorios Deportivos,boxeo,0,APPLY
9283523985,2,35,Accesorios Deportivos,boxeo,0,APPLY
9283523992,1,35,Accesorios Deportivos,boxeo,0,APPLY
9283529819,2,35,Accesorios Deportivos,boxeo,0,APPLY
9283537807,1,35,Accesorios Deportivos,boxeo,0,APPLY
9283537814,1,35,Accesorios Deportivos,boxeo,0,APPLY
9283538002,1,35,Accesorios Deportivos,boxeo,0,APPLY
9283543839,2,35,Accesorios Deportivos,boxeo,0,APPLY
9283545543,2,35,Accesorios Deportivos,boxeo,0,APPLY
9283545987,4,35,Accesorios Deportivos,boxeo,0,APPLY
9283546069,2,35,Accesorios Deportivos,boxeo,0,APPLY
9283547042,1,35,Accesorios Deportivos,boxeo,0,APPLY
9283554453,1,35,Accesorios Deportivos,boxeo,0,APPLY
9283557485,2,35,Accesorios Deportivos,boxeo,0,APPLY
9283557768,2,35,Accesorios Deportivos,boxeo,0,APPLY
9283559731,1,35,Accesorios Deportivos,boxeo,0,APPLY
9283559946,1,35,Accesorios Deportivos,boxeo,0,APPLY
9283560188,2,35,Accesorios Deportivos,boxeo,0,APPLY
9283560195,2,35,Accesorios Deportivos,boxeo,0,APPLY
9283560201,2,35,Accesorios Deportivos,boxeo,0,APPLY
9283560485,2,35,Accesorios Deportivos,boxeo,0,APPLY
9283561185,2,35,Accesorios Deportivos,boxeo,0,APPLY
9283561277,1,35,Accesorios Deportivos,boxeo,0,APPLY
9283571146,1,35,Accesorios Deportivos,boxeo,0,APPLY
9283571153,1,35,Accesorios Deportivos,boxeo,0,APPLY
92835748,2,35,Accesorios Deportivos,boxeo,0,APPLY
9283580353,1,35,Accesorios Deportivos,boxeo,0,APPLY
9283580360,1,35,Accesorios Deportivos,boxeo,0,APPLY
9283580377,1,35,Accesorios Deportivos,boxeo,0,APPLY
9283585501,2,35,Accesorios Deportivos,boxeo,0,APPLY
9283585518,2,35,Accesorios Deportivos,boxeo,0,APPLY
9283588526,1,35,Accesorios Deportivos,boxeo,0,APPLY
9283588533,1,35,Accesorios Deportivos,boxeo,0,APPLY
9283588540,2,35,Accesorios Deportivos,boxeo,0,APPLY
9283588557,2,35,Accesorios Deportivos,boxeo,0,APPLY
9283588571,2,35,Accesorios Deportivos,boxeo,0,APPLY
9283592493,1,35,Accesorios Deportivos,boxeo,0,APPLY
9283592509,1,35,Accesorios Deportivos,boxeo,0,APPLY
9283592523,1,35,Accesorios Deportivos,boxeo,0,APPLY
9283592530,1,35,Accesorios Deportivos,boxeo,0,APPLY
9283592547,1,35,Accesorios Deportivos,boxeo,0,APPLY
9283592554,1,35,Accesorios Deportivos,boxeo,0,APPLY
9283592752,2,35,Accesorios Deportivos,boxeo,0,APPLY
9283592769,2,35,Accesorios Deportivos,boxeo,0,APPLY
9283592776,1,35,Accesorios Deportivos,boxeo,0,APPLY
9283592783,1,35,Accesorios Deportivos,boxeo,0,APPLY
9283592790,1,35,Accesorios Deportivos,boxeo,0,APPLY
9283594510,2,35,Accesorios Deportivos,boxeo,0,APPLY
9283594527,2,35,Accesorios Deportivos,boxeo,0,APPLY
9283594541,2,35,Accesorios Deportivos,boxeo,0,APPLY
9283594558,2,35,Accesorios Deportivos,boxeo,0,APPLY
9283594817,2,35,Accesorios Deportivos,boxeo,0,APPLY
9283594855,3,35,Accesorios Deportivos,boxeo,0,APPLY
9283608927,2,35,Accesorios Deportivos,boxeo,0,APPLY
9283609085,2,35,Accesorios Deportivos,boxeo,0,APPLY
ARKAR08117,1,35,Accesorios Deportivos,boxeo,0,APPLY
ARKAR08252,1,35,Accesorios Deportivos,boxeo,0,APPLY
ARKAR08271,2,35,Accesorios Deportivos,boxeo,0,APPLY
BG 5431,2,35,Accesorios Deportivos,boxeo,0,APPLY
BG OETS,2,35,Accesorios Deportivos,boxeo,0,APPLY
BG ONRT,1,35,Accesorios Deportivos,boxeo,0,APPLY
BG OPLS,2,35,Accesorios Deportivos,boxeo,0,APPLY
BG OSBP,2,35,Accesorios Deportivos,boxeo,0,APPLY
BG PEDB,2,35,Accesorios Deportivos,boxeo,0,APPLY
BG00B4,1,35,Accesorios Deportivos,boxeo,0,APPLY
BG00B6,1,35,Accesorios Deportivos,boxeo,0,APPLY
BP OOCT,2,35,Accesorios Deportivos,boxeo,0,APPLY
F1002,3,35,Accesorios Deportivos,boxeo,0,APPLY
HEROO08081,2,35,Accesorios Deportivos,boxeo,0,APPLY
HEROO08082,1,35,Accesorios Deportivos,boxeo,0,APPLY
HEROO08084,1,35,Accesorios Deportivos,boxeo,0,APPLY
HRS-AD 4,2,35,Accesorios Deportivos,boxeo,0,APPLY
M1021,2,35,Accesorios Deportivos,boxeo,0,APPLY
MSAFPIENT-ST,1,35,Accesorios Deportivos,boxeo,0,APPLY
MSAMPCSS-100,1,35,Accesorios Deportivos,boxeo,0,APPLY
MSAMPCSS-130,1,35,Accesorios Deportivos,boxeo,0,APPLY
PA7043,2,35,Accesorios Deportivos,boxeo,0,APPLY
PB173,1,35,Accesorios Deportivos,boxeo,0,APPLY
PERA BOXEO,2,35,Accesorios Deportivos,boxeo,0,APPLY
PERA NINO,1,35,Accesorios Deportivos,boxeo,0,APPLY
PUNCHING BAG CUERO,3,35,Accesorios Deportivos,boxeo,0,APPLY
SB OOSP,2,35,Accesorios Deportivos,boxeo,0,APPLY
SE3052,1,35,Accesorios Deportivos,boxeo,0,APPLY
V0008,3,35,Accesorios Deportivos,boxeo,0,APPLY
V0009,3,35,Accesorios Deportivos,boxeo,0,APPLY
V0013,2,35,Accesorios Deportivos,boxeo,0,APPLY
V0014,2,35,Accesorios Deportivos,boxeo,0,APPLY
M0001,2,44,Accesorios Deportivos,badminton,0,APPLY
3650,1,44,Accesorios Deportivos,badminton,0,APPLY
351038 03,1,44,Accesorios Deportivos,badminton,0,APPLY
351038 04,1,44,Accesorios Deportivos,badminton,0,APPLY
6754,1,44,Accesorios Deportivos,badminton,0,APPLY
9555,1,44,Accesorios Deportivos,badminton,0,APPLY
BKKRA,1,44,Accesorios Deportivos,badminton,0,APPLY
BMT-13,1,44,Accesorios Deportivos,badminton,0,APPLY
BS102,1,44,Accesorios Deportivos,badminton,0,APPLY
FH09,2,44,Accesorios Deportivos,badminton,0,APPLY
GR02,1,44,Accesorios Deportivos,badminton,0,APPLY
M0000,1,44,Accesorios Deportivos,badminton,0,APPLY
M0020,1,44,Accesorios Deportivos,badminton,0,APPLY
PRABAAL02,1,44,Accesorios Deportivos,badminton,0,APPLY
PRTEGR,1,44,Accesorios Deportivos,badminton,0,APPLY
351038 18,1,44,Accesorios Deportivos,badminton,0,APPLY
2190,1,44,Accesorios Deportivos,badminton,0,APPLY
DA00BD,1,44,Accesorios Deportivos,badminton,0,APPLY
TACPE,2,44,Accesorios Deportivos,badminton,0,APPLY
BK4B,2,44,Accesorios Deportivos,badminton,0,APPLY
M0010,2,44,Accesorios Deportivos,badminton,0,APPLY
M0022,2,44,Accesorios Deportivos,badminton,0,APPLY
RE07,1,44,Accesorios Deportivos,badminton,0,APPLY
B10,3,51,Accesorios Deportivos,beisbol,0,APPLY
24MN,3,51,Accesorios Deportivos,beisbol,0,APPLY
28MN,2,51,Accesorios Deportivos,beisbol,0,APPLY
30MM,2,51,Accesorios Deportivos,beisbol,0,APPLY
3355,1,51,Accesorios Deportivos,beisbol,0,APPLY
BATE 29J,1,51,Accesorios Deportivos,beisbol,0,APPLY
BATE24N,1,51,Accesorios Deportivos,beisbol,0,APPLY
BATE28N,2,51,Accesorios Deportivos,beisbol,0,APPLY
BATE30,1,51,Accesorios Deportivos,beisbol,0,APPLY
BATE32A,1,51,Accesorios Deportivos,beisbol,0,APPLY
GN125,3,51,Accesorios Deportivos,beisbol,0,APPLY
H0009,1,51,Accesorios Deportivos,beisbol,0,APPLY
H0010,1,51,Accesorios Deportivos,beisbol,0,APPLY
H0011,1,51,Accesorios Deportivos,beisbol,0,APPLY
LB BS01,1,51,Accesorios Deportivos,beisbol,0,APPLY
GN105,2,51,Accesorios Deportivos,beisbol,0,APPLY
H0090,3,51,Accesorios Deportivos,beisbol,0,APPLY
LB B78G,2,51,Accesorios Deportivos,beisbol,0,APPLY
LB BA30,2,51,Accesorios Deportivos,beisbol,0,APPLY
BOTELLA DE AGUA,2,62,Accesorios Deportivos,ciclismo,0,APPLY
GUANTE SONNY,2,62,Accesorios Deportivos,ciclismo,0,APPLY
5208102029812,1,62,Accesorios Deportivos,ciclismo,0,APPLY
6013HC,2,62,Accesorios Deportivos,ciclismo,0,APPLY
6013023,2,62,Accesorios Deportivos,ciclismo,0,APPLY
XC-250,3,62,Accesorios Deportivos,ciclismo,0,APPLY
TESTIMONIO,2,62,Accesorios Deportivos,ciclismo,0,APPLY
601324,2,62,Accesorios Deportivos,ciclismo,0,APPLY
41911,1,98,Accesorios Deportivos,ciclismo,0,APPLY
51002,2,98,Accesorios Deportivos,ciclismo,0,APPLY
515006,2,98,Accesorios Deportivos,ciclismo,0,APPLY
X73649,1,62,Accesorios Deportivos,ciclismo,0,APPLY
XC-135135,2,62,Accesorios Deportivos,ciclismo,0,APPLY
XC-251R,2,62,Accesorios Deportivos,ciclismo,0,APPLY
XC-251W,2,62,Accesorios Deportivos,ciclismo,0,APPLY
XC-714T,2,62,Accesorios Deportivos,ciclismo,0,APPLY
XC151R,2,62,Accesorios Deportivos,ciclismo,0,APPLY
XC178R,2,62,Accesorios Deportivos,ciclismo,0,APPLY
XC193-R,2,62,Accesorios Deportivos,ciclismo,0,APPLY
5208100000000,1,62,Accesorios Deportivos,ciclismo,0,APPLY
5208331202116,2,62,Accesorios Deportivos,ciclismo,0,APPLY
601315,2,62,Accesorios Deportivos,ciclismo,0,APPLY
6013438,3,62,Accesorios Deportivos,ciclismo,0,APPLY
CALZA CICLI CORTA,1,98,Accesorios Deportivos,ciclismo,0,APPLY
CALZA CICLIS,2,98,Accesorios Deportivos,ciclismo,0,APPLY
Q23133,1,62,Accesorios Deportivos,ciclismo,0,APPLY
Z31305,1,62,Accesorios Deportivos,ciclismo,0,APPLY
Z31306,1,62,Accesorios Deportivos,ciclismo,0,APPLY
Z31307,1,62,Accesorios Deportivos,ciclismo,0,APPLY
Z31308,1,62,Accesorios Deportivos,ciclismo,0,APPLY
5208105021080,1,98,Accesorios Deportivos,ciclismo,0,APPLY
5208105031089,1,98,Accesorios Deportivos,ciclismo,0,APPLY
5208110000000,1,98,Accesorios Deportivos,ciclismo,0,APPLY
5208331202083,1,62,Accesorios Deportivos,ciclismo,0,APPLY
5208331202086,2,62,Accesorios Deportivos,ciclismo,0,APPLY
5208331202123,2,62,Accesorios Deportivos,ciclismo,0,APPLY
5208331203083,2,62,Accesorios Deportivos,ciclismo,0,APPLY
5208331203113,2,62,Accesorios Deportivos,ciclismo,0,APPLY
5208331203120,2,62,Accesorios Deportivos,ciclismo,0,APPLY
5208331204080,2,62,Accesorios Deportivos,ciclismo,0,APPLY
5208331204110,2,62,Accesorios Deportivos,ciclismo,0,APPLY
5208331204127,2,62,Accesorios Deportivos,ciclismo,0,APPLY
5208331205933,1,62,Accesorios Deportivos,ciclismo,0,APPLY
5208331206930,1,62,Accesorios Deportivos,ciclismo,0,APPLY
6013015,2,62,Accesorios Deportivos,ciclismo,0,APPLY
6013018,2,62,Accesorios Deportivos,ciclismo,0,APPLY
6013037,2,62,Accesorios Deportivos,ciclismo,0,APPLY
60131,2,62,Accesorios Deportivos,ciclismo,0,APPLY
601317,2,62,Accesorios Deportivos,ciclismo,0,APPLY
6013302,2,62,Accesorios Deportivos,ciclismo,0,APPLY
6013440,2,62,Accesorios Deportivos,ciclismo,0,APPLY
6013462,2,62,Accesorios Deportivos,ciclismo,0,APPLY
6013469,2,62,Accesorios Deportivos,ciclismo,0,APPLY
6013472,2,62,Accesorios Deportivos,ciclismo,0,APPLY
6013473836,2,62,Accesorios Deportivos,ciclismo,0,APPLY
714018,2,62,Accesorios Deportivos,ciclismo,0,APPLY
78079989933504,2,62,Accesorios Deportivos,ciclismo,0,APPLY
7807998993504,3,62,Accesorios Deportivos,ciclismo,0,APPLY
5208200680052,2,43,Accesorios Deportivos,gim,0,APPLY
5208200690020,2,43,Accesorios Deportivos,gim,0,APPLY
305010199,2,43,Accesorios Deportivos,gim,0,APPLY
12544,2,43,Accesorios Deportivos,gim,0,APPLY
25264,1,43,Accesorios Deportivos,gim,0,APPLY
305015299,2,43,Accesorios Deportivos,gim,0,APPLY
5216200000000,1,43,Accesorios Deportivos,gim,0,APPLY
48126000,1,43,Accesorios Deportivos,"gim,basket",0,APPLY
48175000,1,43,Accesorios Deportivos,gim,0,APPLY
5208200000000,5,106,Accesorios Deportivos,"gim,basket",0,APPLY
52089,1,43,Accesorios Deportivos,gim,0,APPLY
YOAC258/BK,2,106,Accesorios Deportivos,gim,0,APPLY
5846,1,43,Accesorios Deportivos,gim,0,APPLY
765,1,43,Accesorios Deportivos,gim,0,APPLY
8718,2,43,Accesorios Deportivos,gim,0,APPLY
AT28303,2,43,Accesorios Deportivos,gim,0,APPLY
AV 5698,1,43,Accesorios Deportivos,gim,0,APPLY
BMBM212,1,43,Accesorios Deportivos,gim,0,APPLY
DAOOVA,1,43,Accesorios Deportivos,gim,0,APPLY
DATPRM,1,43,Accesorios Deportivos,gim,0,APPLY
12FT,1,43,Accesorios Deportivos,gim,0,APPLY
FN89096,1,43,Accesorios Deportivos,gim,0,APPLY
GS-230,1,43,Accesorios Deportivos,gim,0,APPLY
GS-244,1,43,Accesorios Deportivos,gim,0,APPLY
HULA,1,43,Accesorios Deportivos,gim,0,APPLY
HULA CHICO,1,43,Accesorios Deportivos,gim,0,APPLY
HULA MEDIANO,1,43,Accesorios Deportivos,gim,0,APPLY
HULA OLIMPICO,1,43,Accesorios Deportivos,gim,0,APPLY
MC-21-COB,1,43,Accesorios Deportivos,gim,0,APPLY
MSATCGEF,1,43,Accesorios Deportivos,gim,0,APPLY
MSDVKTC-38,2,43,Accesorios Deportivos,gim,0,APPLY
MSAMPDB,1,43,Accesorios Deportivos,"gim,boxeo",0,APPLY
MSATAULA,1,43,Accesorios Deportivos,gim,0,APPLY
MSATBGR,1,43,Accesorios Deportivos,gim,0,APPLY
RAR21,1,43,Accesorios Deportivos,"gim,basket",0,APPLY
RPLA1400,1,43,Accesorios Deportivos,"gim,basket",0,APPLY
TRANPOLIN,1,43,Accesorios Deportivos,gim,0,APPLY
CAJON,4,36;43,Accesorios Deportivos,gim,0,APPLY
CAJON1,1,43,Accesorios Deportivos,gim,0,APPLY
CAJON2,2,43,Accesorios Deportivos,gim,0,APPLY
LA ODPY,1,43,Accesorios Deportivos,gim,0,APPLY
LA OVTH,1,43,Accesorios Deportivos,gim,0,APPLY
5208900806028,2,43,Accesorios Deportivos,gim,0,APPLY
5208900806066,2,43,Accesorios Deportivos,gim,0,APPLY
5208900806967,2,43,Accesorios Deportivos,gim,0,APPLY
5208900806981,2,43,Accesorios Deportivos,gim,0,APPLY
8992,1,43,Accesorios Deportivos,gim,0,APPLY
AROS0002,2,43,Accesorios Deportivos,gim,0,APPLY
ARPES08602,1,43,Accesorios Deportivos,gim,0,APPLY
AU OOME,2,43,Accesorios Deportivos,gim,0,APPLY
AU.0080,2,43,Accesorios Deportivos,gim,0,APPLY
AU.00GD,2,43,Accesorios Deportivos,gim,0,APPLY
AU.00ME,2,43,Accesorios Deportivos,gim,0,APPLY
AU00CH,1,43,Accesorios Deportivos,gim,0,APPLY
AU00GD,1,43,Accesorios Deportivos,gim,0,APPLY
B0010,1,43,Accesorios Deportivos,gim,0,APPLY
B0011,1,43,Accesorios Deportivos,gim,0,APPLY
DA0TRP,1,43,Accesorios Deportivos,gim,0,APPLY
DAOCAP,1,43,Accesorios Deportivos,gim,0,APPLY
GIBA0100,1,43,Accesorios Deportivos,gim,0,APPLY
LA OSLK,1,43,Accesorios Deportivos,gim,0,APPLY
LA OSPR,1,43,Accesorios Deportivos,gim,0,APPLY
M1030,2,43,Accesorios Deportivos,gim,0,APPLY
MIFBPTSNR15ZZ,1,43,Accesorios Deportivos,gim,0,APPLY
MSATBRPL-8U,1,43,Accesorios Deportivos,gim,0,APPLY
MSDMBC,1,43,Accesorios Deportivos,gim,0,APPLY
MSDVKTC-50,2,43,Accesorios Deportivos,gim,0,APPLY
MSFBV11K,2,43,Accesorios Deportivos,gim,0,APPLY
MSFTS,2,43,Accesorios Deportivos,gim,0,APPLY
MSFTSFK,1,43,Accesorios Deportivos,gim,0,APPLY
MSFTSPR-NG,2,43,Accesorios Deportivos,gim,0,APPLY
MSTDYNA,2,43,Accesorios Deportivos,gim,0,APPLY
PR7T51X005,2,43,Accesorios Deportivos,gim,0,APPLY
PRROROCI0,2,106,Accesorios Deportivos,gim,0,APPLY
TOBOGAN,1,43,Accesorios Deportivos,gim,0,APPLY
TRAM38,1,43,Accesorios Deportivos,gim,0,APPLY
TUNEL1,1,43,Accesorios Deportivos,gim,0,APPLY
VI09583,1,43,Accesorios Deportivos,"gim,basket",0,APPLY
VI09585,1,43,Accesorios Deportivos,"gim,basket",0,APPLY
VIATBMBM212,1,43,Accesorios Deportivos,gim,0,APPLY
VIATBMBM21204,1,43,Accesorios Deportivos,gim,0,APPLY
PRRASQGL16,2,67,Accesorios Deportivos,golf,0,APPLY
1949,1,103,Accesorios Deportivos,golf,0,APPLY
1950,1,103,Accesorios Deportivos,golf,0,APPLY
PRRASQGL13,2,67,Accesorios Deportivos,golf,0,APPLY
PRRATEJR32GN,1,67,Accesorios Deportivos,golf,0,APPLY
PRRATEJR37,1,67,Accesorios Deportivos,golf,0,APPLY
PRRATEJR39,1,67,Accesorios Deportivos,golf,0,APPLY
PRRATEJR57,1,67,Accesorios Deportivos,golf,0,APPLY
PRRATEJR77D,2,67,Accesorios Deportivos,golf,0,APPLY
PRRATEJR79,1,67,Accesorios Deportivos,golf,0,APPLY
PRRATEJR81,1,67,Accesorios Deportivos,golf,0,APPLY
PRTEGC18,1,67,Accesorios Deportivos,golf,0,APPLY
PRTEGR56OS,1,67,Accesorios Deportivos,golf,0,APPLY
PRTGL14,1,67,Accesorios Deportivos,golf,0,APPLY
PRTGL19,1,67,Accesorios Deportivos,golf,0,APPLY
PRTGL20,1,67,Accesorios Deportivos,golf,0,APPLY
PRTGL23,1,67,Accesorios Deportivos,golf,0,APPLY
RC002,1,67,Accesorios Deportivos,golf,0,APPLY
RC006,1,67,Accesorios Deportivos,golf,0,APPLY
PRRATEGR,1,67,Accesorios Deportivos,golf,0,APPLY
PRTGL21,1,67,Accesorios Deportivos,golf,0,APPLY
PRTGL22,1,67,Accesorios Deportivos,golf,0,APPLY
5208200670985,2,69,Accesorios Deportivos,handball,0,APPLY
MO21746,2,69,Accesorios Deportivos,handball,0,APPLY
CONO 23,2,69,Accesorios Deportivos,handball,0,APPLY
7-A011,2,69,Accesorios Deportivos,handball,0,APPLY
5208200716096,2,69,Accesorios Deportivos,"handball,basket",0,APPLY
MO21743,2,69,Accesorios Deportivos,handball,0,APPLY
MO21745,2,69,Accesorios Deportivos,handball,0,APPLY
8-A010,2,69,Accesorios Deportivos,handball,0,APPLY
MO21744,2,69,Accesorios Deportivos,handball,0,APPLY
MSBRHBCG-2,3,60;69,Accesorios Deportivos,handball,0,APPLY
5208200660061,2,69,Accesorios Deportivos,handball,0,APPLY
BALON FUTSAL,2,69,Accesorios Deportivos,handball,0,APPLY
BANDA ELASTICA,6,7;69,Accesorios Deportivos,handball,0,APPLY
GE17540,2,69,Accesorios Deportivos,handball,0,APPLY
GE17541,2,69,Accesorios Deportivos,handball,0,APPLY
GE17544,2,69,Accesorios Deportivos,handball,0,APPLY
MO21737,2,69,Accesorios Deportivos,handball,0,APPLY
MO21738,2,69,Accesorios Deportivos,handball,0,APPLY
MO31739,2,71,Accesorios Deportivos,handball,0,APPLY
MO31740,1,71,Accesorios Deportivos,handball,0,APPLY
MO31741,2,71,Accesorios Deportivos,handball,0,APPLY
MUUKPSC22,2,69,Accesorios Deportivos,handball,0,APPLY
T6366,2,71,Accesorios Deportivos,handball,0,APPLY
T6379,2,71,Accesorios Deportivos,handball,0,APPLY
MI332,2,53,Accesorios Deportivos,hockey,0,APPLY
MESA HOCKEY,2,53,Accesorios Deportivos,hockey,0,APPLY
6.00.21,2,53,Accesorios Deportivos,hockey,0,APPLY
6.00.39,2,53,Accesorios Deportivos,hockey,0,APPLY
6.50.00,2,53,Accesorios Deportivos,hockey,0,APPLY
6.00.10,2,53,Accesorios Deportivos,hockey,0,APPLY
6.50.03,2,53,Accesorios Deportivos,hockey,0,APPLY
2590,3,9;41;53,Accesorios Deportivos,hockey,0,APPLY
2935,1,53,Accesorios Deportivos,hockey,0,APPLY
2984,1,53,Accesorios Deportivos,hockey,0,APPLY
3099,1,53,Accesorios Deportivos,hockey,0,APPLY
3450,1,53,Accesorios Deportivos,hockey,0,APPLY
49520000,1,53,Accesorios Deportivos,hockey,0,APPLY
49523000,1,53,Accesorios Deportivos,hockey,0,APPLY
49525000,1,53,Accesorios Deportivos,hockey,0,APPLY
49526000,2,53,Accesorios Deportivos,hockey,0,APPLY
49527000,1,53,Accesorios Deportivos,hockey,0,APPLY
49528000,1,53,Accesorios Deportivos,hockey,0,APPLY
49529000,1,53,Accesorios Deportivos,hockey,0,APPLY
60032,1,53,Accesorios Deportivos,hockey,0,APPLY
60036,2,53,Accesorios Deportivos,hockey,0,APPLY
69000,2,53,Accesorios Deportivos,hockey,0,APPLY
1200026,1,53,Accesorios Deportivos,hockey,0,APPLY
FALDA,2,53,Accesorios Deportivos,hockey,0,APPLY
1348,1,53,Accesorios Deportivos,hockey,0,APPLY
MAGIC,1,53,Accesorios Deportivos,hockey,0,APPLY
2690,2,36;53,Accesorios Deportivos,hockey,0,APPLY
5616100000000,1,53,Accesorios Deportivos,hockey,0,APPLY
5616100899007,1,53,Accesorios Deportivos,hockey,0,APPLY
5616100899984,1,53,Accesorios Deportivos,hockey,0,APPLY
6.00.04,2,53,Accesorios Deportivos,hockey,0,APPLY
6.00.38,2,53,Accesorios Deportivos,hockey,0,APPLY
60000,2,53,Accesorios Deportivos,hockey,0,APPLY
60001,2,53,Accesorios Deportivos,hockey,0,APPLY
60004,2,53,Accesorios Deportivos,hockey,0,APPLY
60006,2,53,Accesorios Deportivos,hockey,0,APPLY
60008,2,53,Accesorios Deportivos,hockey,0,APPLY
60010,2,53,Accesorios Deportivos,hockey,0,APPLY
60020,3,53,Accesorios Deportivos,hockey,0,APPLY
60021,2,53,Accesorios Deportivos,hockey,0,APPLY
60022,3,53,Accesorios Deportivos,hockey,0,APPLY
60037,2,53,Accesorios Deportivos,hockey,0,APPLY
60038,3,4;53,Accesorios Deportivos,hockey,0,APPLY
60039,2,53,Accesorios Deportivos,hockey,0,APPLY
65000,2,53,Accesorios Deportivos,hockey,0,APPLY
65001,2,53,Accesorios Deportivos,hockey,0,APPLY
65002,2,53,Accesorios Deportivos,hockey,0,APPLY
65003,2,53,Accesorios Deportivos,hockey,0,APPLY
65004,2,53,Accesorios Deportivos,hockey,0,APPLY
69002,2,53,Accesorios Deportivos,hockey,0,APPLY
ME01099,2,53,Accesorios Deportivos,hockey,0,APPLY
ME01100,2,53,Accesorios Deportivos,hockey,0,APPLY
ME01101,2,53,Accesorios Deportivos,hockey,0,APPLY
ME01102,2,53,Accesorios Deportivos,hockey,0,APPLY
5201411300221,3,104,Accesorios Deportivos,natacion,0,APPLY
5.10.43ZB,2,3,Accesorios Deportivos,natacion,0,APPLY
8.40.02,3,3,Accesorios Deportivos,natacion,0,APPLY
5201411300283,5,104,Accesorios Deportivos,natacion,0,APPLY
TO520928,2,3,Accesorios Deportivos,natacion,0,APPLY
SPJSSS24046,3,3,Accesorios Deportivos,natacion,0,APPLY
SPJSSS24078,3,3,Accesorios Deportivos,natacion,0,APPLY
5.10.43AG,2,3,Accesorios Deportivos,natacion,0,APPLY
PULL BOY,2,3,Accesorios Deportivos,natacion,0,APPLY
52017010,3,3,Accesorios Deportivos,natacion,0,APPLY
5201411301013,3,104,Accesorios Deportivos,natacion,0,APPLY
5201411301044,5,104,Accesorios Deportivos,natacion,0,APPLY
LENTE NATACION 8993,2,3,Accesorios Deportivos,natacion,0,APPLY
POLERA NEGRA,2,3,Accesorios Deportivos,natacion,0,APPLY
5.10.45VN,2,3,Accesorios Deportivos,natacion,0,APPLY
55201075,2,3,Accesorios Deportivos,natacion,0,APPLY
TOALLA MICRO 75*130,2,3,Accesorios Deportivos,natacion,0,APPLY
TOALLA MICRO 80*150,2,3,Accesorios Deportivos,natacion,0,APPLY
52017037,3,3,Accesorios Deportivos,natacion,0,APPLY
TAPON OIDO,2,3,Accesorios Deportivos,natacion,0,APPLY
5.10.45AZ,2,3,Accesorios Deportivos,natacion,0,APPLY
5208341199,3,3,Accesorios Deportivos,natacion,0,APPLY
5.20.31,2,3,Accesorios Deportivos,natacion,0,APPLY
5.25.00,3,3,Accesorios Deportivos,natacion,0,APPLY
52014113,2,104,Accesorios Deportivos,natacion,0,APPLY
TOALLA MICRO 40*80,2,3,Accesorios Deportivos,natacion,0,APPLY
5201701012087,5,3,Accesorios Deportivos,natacion,0,APPLY
5201703051930,6,3;7,Accesorios Deportivos,natacion,0,APPLY
4-2022,2,3,Accesorios Deportivos,natacion,0,APPLY
5208350800010,4,104,Accesorios Deportivos,natacion,0,APPLY
MUUKMUUK0001M,2,3,Accesorios Deportivos,natacion,0,APPLY
TOALLA MICRO 60*120,2,3,Accesorios Deportivos,natacion,0,APPLY
MSNTGM-40X,2,3,Accesorios Deportivos,natacion,0,APPLY
SKUPN05,2,3,Accesorios Deportivos,natacion,0,APPLY
5.20.00,2,3,Accesorios Deportivos,natacion,0,APPLY
50027,3,104,Accesorios Deportivos,natacion,0,APPLY
5201075114424,3,3,Accesorios Deportivos,natacion,0,APPLY
52017004,3,3,Accesorios Deportivos,natacion,0,APPLY
5201702751954,5,3;20,Accesorios Deportivos,natacion,0,APPLY
LENTE NATACION,2,3,Accesorios Deportivos,natacion,0,APPLY
JG2600,3,3,Accesorios Deportivos,natacion,0,APPLY
60230228,2,84,Accesorios Deportivos,natacion,0,APPLY
G168,3,3,Accesorios Deportivos,natacion,0,APPLY
5201075115407,3,3,Accesorios Deportivos,natacion,0,APPLY
F2006,5,3;41,Accesorios Deportivos,natacion,0,APPLY
NIS01536,2,104,Accesorios Deportivos,natacion,0,APPLY
NISO1271,2,3,Accesorios Deportivos,natacion,0,APPLY
TL0007,3,3,Accesorios Deportivos,natacion,0,APPLY
1-JG9110,3,3,Accesorios Deportivos,natacion,0,APPLY
1-MC861,2,3,Accesorios Deportivos,natacion,0,APPLY
2309,1,104,Accesorios Deportivos,natacion,0,APPLY
2356,3,1;3;12,Accesorios Deportivos,natacion,0,APPLY
266,1,3,Accesorios Deportivos,natacion,0,APPLY
2701071999,2,3,Accesorios Deportivos,natacion,0,APPLY
29077,4,3,Accesorios Deportivos,natacion,0,APPLY
3-MC861,2,3,Accesorios Deportivos,natacion,0,APPLY
3069,2,3,Accesorios Deportivos,natacion,0,APPLY
308-00,2,3,Accesorios Deportivos,natacion,0,APPLY
3203080000000,1,3,Accesorios Deportivos,natacion,0,APPLY
01-H6930,2,3,Accesorios Deportivos,natacion,0,APPLY
02-WA701,2,3,Accesorios Deportivos,natacion,0,APPLY
02136,1,3,Accesorios Deportivos,natacion,0,APPLY
3708,1,3,Accesorios Deportivos,natacion,0,APPLY
WA702,2,3,Accesorios Deportivos,natacion,0,APPLY
1014,3,3;25;64,Accesorios Deportivos,natacion,0,APPLY
29076,3,3,Accesorios Deportivos,natacion,0,APPLY
4-N4208,2,3,Accesorios Deportivos,natacion,0,APPLY
14417,1,3,Accesorios Deportivos,natacion,0,APPLY
40320,1,3,Accesorios Deportivos,natacion,0,APPLY
4268,1,3,Accesorios Deportivos,natacion,0,APPLY
4423,1,3,Accesorios Deportivos,natacion,0,APPLY
462006,1,3,Accesorios Deportivos,natacion,0,APPLY
5-PA97813-10,2,3,Accesorios Deportivos,natacion,0,APPLY
5.10.19,2,3,Accesorios Deportivos,natacion,0,APPLY
5.10.23,2,3,Accesorios Deportivos,natacion,0,APPLY
5.10.42,8,3,Accesorios Deportivos,natacion,0,APPLY
5.10.56,2,3,Accesorios Deportivos,natacion,0,APPLY
5.20.01,2,3,Accesorios Deportivos,natacion,0,APPLY
50002,1,104,Accesorios Deportivos,natacion,0,APPLY
50003,1,104,Accesorios Deportivos,natacion,0,APPLY
50009,1,104,Accesorios Deportivos,natacion,0,APPLY
5.25.10,3,3,Accesorios Deportivos,natacion,0,APPLY
50001,3,104,Accesorios Deportivos,natacion,0,APPLY
50007,1,104,Accesorios Deportivos,natacion,0,APPLY
50008,2,104,Accesorios Deportivos,natacion,0,APPLY
50015,1,104,Accesorios Deportivos,natacion,0,APPLY
50010,1,104,Accesorios Deportivos,natacion,0,APPLY
50011,9,104,Accesorios Deportivos,natacion,0,APPLY
50026,1,104,Accesorios Deportivos,natacion,0,APPLY
50020,1,104,Accesorios Deportivos,natacion,0,APPLY
50025,2,104,Accesorios Deportivos,natacion,0,APPLY
50033,1,3,Accesorios Deportivos,natacion,0,APPLY
5036,2,3,Accesorios Deportivos,natacion,0,APPLY
51001,1,3,Accesorios Deportivos,natacion,0,APPLY
51006,1,3,Accesorios Deportivos,natacion,0,APPLY
51014,1,3,Accesorios Deportivos,natacion,0,APPLY
51003,2,104,Accesorios Deportivos,natacion,0,APPLY
51004,2,3,Accesorios Deportivos,natacion,0,APPLY
51007,3,3,Accesorios Deportivos,natacion,0,APPLY
51008,1,3,Accesorios Deportivos,natacion,0,APPLY
51011,3,3,Accesorios Deportivos,natacion,0,APPLY
51012,2,3,Accesorios Deportivos,natacion,0,APPLY
51025,3,98,Accesorios Deportivos,natacion,0,APPLY
51015,2,3,Accesorios Deportivos,natacion,0,APPLY
51018,3,3,Accesorios Deportivos,natacion,0,APPLY
51026,1,3,Accesorios Deportivos,natacion,0,APPLY
51053,1,104,Accesorios Deportivos,natacion,0,APPLY
51054,1,3,Accesorios Deportivos,natacion,0,APPLY
51056,1,3,Accesorios Deportivos,natacion,0,APPLY
51057,2,3,Accesorios Deportivos,natacion,0,APPLY
51059,1,3,Accesorios Deportivos,natacion,0,APPLY
52008,2,3,Accesorios Deportivos,natacion,0,APPLY
5201400000000,2,3,Accesorios Deportivos,natacion,0,APPLY
5201400100,2,3,Accesorios Deportivos,natacion,0,APPLY
5201400200,2,3,Accesorios Deportivos,natacion,0,APPLY
5201400200068,3,3,Accesorios Deportivos,natacion,0,APPLY
5201400200259,6,3,Accesorios Deportivos,natacion,0,APPLY
5201400200266,7,3,Accesorios Deportivos,natacion,0,APPLY
5201400200268,2,3,Accesorios Deportivos,natacion,0,APPLY
5201400300,2,3,Accesorios Deportivos,natacion,0,APPLY
5201400300232,4,3,Accesorios Deportivos,natacion,0,APPLY
5201400300294,4,3,Accesorios Deportivos,natacion,0,APPLY
5201410000000,4,104,Accesorios Deportivos,natacion,0,APPLY
5201410940428,1,3,Accesorios Deportivos,natacion,0,APPLY
5201411300030,2,104,Accesorios Deportivos,natacion,0,APPLY
5201411300054,2,104,Accesorios Deportivos,natacion,0,APPLY
5201411300214,3,104,Accesorios Deportivos,natacion,0,APPLY
5201411301914,6,104,Accesorios Deportivos,natacion,0,APPLY
5201500150737,2,3,Accesorios Deportivos,natacion,0,APPLY
5201500165038,2,3,Accesorios Deportivos,natacion,0,APPLY
5201500180734,2,3,Accesorios Deportivos,natacion,0,APPLY
5201500180772,2,3,Accesorios Deportivos,natacion,0,APPLY
52017000000000,1,3,Accesorios Deportivos,natacion,0,APPLY
5201700614046,1,3,Accesorios Deportivos,natacion,0,APPLY
5201700624045,1,3,Accesorios Deportivos,natacion,0,APPLY
5201701022086,2,3,Accesorios Deportivos,natacion,0,APPLY
5201701031088,2,3,Accesorios Deportivos,natacion,0,APPLY
5201701912080,2,3,Accesorios Deportivos,natacion,0,APPLY
5201702761953,2,3;20,Accesorios Deportivos,natacion,0,APPLY
5201702771952,2,3,Accesorios Deportivos,natacion,0,APPLY
5201703011934,2,3,Accesorios Deportivos,natacion,0,APPLY
5201703021933,2,3,Accesorios Deportivos,natacion,0,APPLY
5201703031932,2,3,Accesorios Deportivos,natacion,0,APPLY
5201703041931,2,3,Accesorios Deportivos,natacion,0,APPLY
5201703061939,2,3,Accesorios Deportivos,natacion,0,APPLY
5201703071938,2,3,Accesorios Deportivos,natacion,0,APPLY
5201703081937,3,3,Accesorios Deportivos,natacion,0,APPLY
5201703211969,2,3,Accesorios Deportivos,natacion,0,APPLY
5201703221968,3,3,Accesorios Deportivos,natacion,0,APPLY
5201703241966,3,3,Accesorios Deportivos,natacion,0,APPLY
5201703704188,2,3,Accesorios Deportivos,natacion,0,APPLY
5201730462006,3,3;20,Accesorios Deportivos,natacion,0,APPLY
5201730472005,3,3;20,Accesorios Deportivos,natacion,0,APPLY
5201751174001,2,3,Accesorios Deportivos,natacion,0,APPLY
5201800230931,2,3,Accesorios Deportivos,natacion,0,APPLY
520851,1,3,Accesorios Deportivos,natacion,0,APPLY
YL00B1,1,3,Accesorios Deportivos,natacion,0,APPLY
YL0688,2,3,Accesorios Deportivos,natacion,0,APPLY
521922,1,3,Accesorios Deportivos,natacion,0,APPLY
52500,2,3,Accesorios Deportivos,natacion,0,APPLY
53010,1,3,Accesorios Deportivos,natacion,0,APPLY
54028,1,3,Accesorios Deportivos,natacion,0,APPLY
5.10.02,2,3,Accesorios Deportivos,natacion,0,APPLY
5.10.40NV,2,3,Accesorios Deportivos,natacion,0,APPLY
5.10.45,2,3,Accesorios Deportivos,natacion,0,APPLY
5208414380038,3,3,Accesorios Deportivos,natacion,0,APPLY
52085100100006,2,3,Accesorios Deportivos,natacion,0,APPLY
59339,1,3,Accesorios Deportivos,natacion,0,APPLY
600014,1,3,Accesorios Deportivos,natacion,0,APPLY
60014,1,3,Accesorios Deportivos,natacion,0,APPLY
6014T70135,5,3,Accesorios Deportivos,natacion,0,APPLY
TRAJE BANO MUJER3,1,3,Accesorios Deportivos,natacion,0,APPLY
TRAJE BANO MUJER4,1,3,Accesorios Deportivos,natacion,0,APPLY
TRAJE BANO MUJER5,1,3,Accesorios Deportivos,natacion,0,APPLY
TRAJE BANO MUJER6,1,3,Accesorios Deportivos,natacion,0,APPLY
TRAJE BANO NINA,1,3,Accesorios Deportivos,natacion,0,APPLY
5201500150775,2,3,Accesorios Deportivos,natacion,0,APPLY
5208340839303,3,3,Accesorios Deportivos,natacion,0,APPLY
6535,1,84,Accesorios Deportivos,natacion,0,APPLY
6537,1,84,Accesorios Deportivos,natacion,0,APPLY
6539,1,3,Accesorios Deportivos,natacion,0,APPLY
1053,2,1;3,Accesorios Deportivos,natacion,0,APPLY
7346,1,104,Accesorios Deportivos,natacion,0,APPLY
800495,1,3,Accesorios Deportivos,natacion,0,APPLY
801233,1,3,Accesorios Deportivos,natacion,0,APPLY
807356,1,3,Accesorios Deportivos,natacion,0,APPLY
807454,1,3,Accesorios Deportivos,natacion,0,APPLY
110004,1,3,Accesorios Deportivos,natacion,0,APPLY
870371,1,3,Accesorios Deportivos,natacion,0,APPLY
911GS201,1,3,Accesorios Deportivos,natacion,0,APPLY
942087,1,3,Accesorios Deportivos,natacion,0,APPLY
980,1,3,Accesorios Deportivos,natacion,0,APPLY
989010701,1,3,Accesorios Deportivos,natacion,0,APPLY
989012101,1,3,Accesorios Deportivos,natacion,0,APPLY
989015401,1,3,Accesorios Deportivos,natacion,0,APPLY
989016501,1,3,Accesorios Deportivos,natacion,0,APPLY
989016801,1,3,Accesorios Deportivos,natacion,0,APPLY
989018001,1,3,Accesorios Deportivos,natacion,0,APPLY
989020604,1,104,Accesorios Deportivos,natacion,0,APPLY
989080801,1,3,Accesorios Deportivos,natacion,0,APPLY
989090872,1,104,Accesorios Deportivos,natacion,0,APPLY
11969,2,3,Accesorios Deportivos,natacion,0,APPLY
ACUTAL001,1,3,Accesorios Deportivos,natacion,0,APPLY
ARTNA01002,1,3,Accesorios Deportivos,natacion,0,APPLY
12221,1,3,Accesorios Deportivos,natacion,0,APPLY
E44332,1,3,Accesorios Deportivos,natacion,0,APPLY
19790,1,104,Accesorios Deportivos,natacion,0,APPLY
2-4013,2,3,Accesorios Deportivos,natacion,0,APPLY
2-4029,2,3,Accesorios Deportivos,natacion,0,APPLY
GORRA SILI,1,104,Accesorios Deportivos,natacion,0,APPLY
GORRA TOR,5,104,Accesorios Deportivos,natacion,0,APPLY
2-MC823,3,3,Accesorios Deportivos,natacion,0,APPLY
1316,3,3;42,Accesorios Deportivos,natacion,0,APPLY
LENTE AQUA,1,3,Accesorios Deportivos,natacion,0,APPLY
LENTE RAY,1,3,Accesorios Deportivos,natacion,0,APPLY
LENTE TRA,1,3,Accesorios Deportivos,natacion,0,APPLY
MSNTLGN-U,2,3,Accesorios Deportivos,natacion,0,APPLY
NERTT,1,3,Accesorios Deportivos,natacion,0,APPLY
NP-555900,1,3,Accesorios Deportivos,natacion,0,APPLY
NP-660130,1,3,Accesorios Deportivos,natacion,0,APPLY
NP-660500,1,3,Accesorios Deportivos,natacion,0,APPLY
NP-660820,1,3,Accesorios Deportivos,natacion,0,APPLY
5208350800959,3,104,Accesorios Deportivos,natacion,0,APPLY
C4604,2,104,Accesorios Deportivos,natacion,0,APPLY
PACIFIC,1,3,Accesorios Deportivos,natacion,0,APPLY
RAPIDE,1,3,Accesorios Deportivos,natacion,0,APPLY
SET NATACION,1,3,Accesorios Deportivos,natacion,0,APPLY
TALLARIN,1,3,Accesorios Deportivos,natacion,0,APPLY
TRABE BANO NINO,2,3,Accesorios Deportivos,natacion,0,APPLY
TRABE BANO NINO1,1,3,Accesorios Deportivos,natacion,0,APPLY
TRABE BANO NINO2,1,3,Accesorios Deportivos,natacion,0,APPLY
TRABE BANO NINO3,1,3,Accesorios Deportivos,natacion,0,APPLY
TRABE BANO NINO4,1,3,Accesorios Deportivos,natacion,0,APPLY
TRAJE BANO HOMBRE,3,3,Accesorios Deportivos,natacion,0,APPLY
TRAJE BANO HOMBRE1,1,3,Accesorios Deportivos,natacion,0,APPLY
TRAJE BANO HOMBRE2,1,3,Accesorios Deportivos,natacion,0,APPLY
TRAJE BANO HOMBRE3,1,3,Accesorios Deportivos,natacion,0,APPLY
TRAJE BANO HOMBRE4,1,3,Accesorios Deportivos,natacion,0,APPLY
TRAJE BANO MUJER1,1,3,Accesorios Deportivos,natacion,0,APPLY
TRAJE BANO MUJER2,1,3,Accesorios Deportivos,natacion,0,APPLY
V86955,1,3,Accesorios Deportivos,natacion,0,APPLY
Z33996,1,3,Accesorios Deportivos,natacion,0,APPLY
51022,1,3,Accesorios Deportivos,natacion,0,APPLY
51024,1,3,Accesorios Deportivos,natacion,0,APPLY
5201701922089,2,3,Accesorios Deportivos,natacion,0,APPLY
5201701932089,2,3,Accesorios Deportivos,natacion,0,APPLY
5208340302012,2,3,Accesorios Deportivos,natacion,0,APPLY
614046,1,3,Accesorios Deportivos,natacion,0,APPLY
MSNTLNL-P,1,3,Accesorios Deportivos,natacion,0,APPLY
MSNTTNS-P,1,3,Accesorios Deportivos,natacion,0,APPLY
02135,1,3,Accesorios Deportivos,natacion,0,APPLY
5201700644043,1,3,Accesorios Deportivos,natacion,0,APPLY
520831,2,104,Accesorios Deportivos,natacion,0,APPLY
5208340108997,2,3,Accesorios Deportivos,natacion,0,APPLY
5208340301015,2,3,Accesorios Deportivos,natacion,0,APPLY
5208340301022,2,3,Accesorios Deportivos,natacion,0,APPLY
5208340301909,2,3,Accesorios Deportivos,natacion,0,APPLY
5208340302937,2,3,Accesorios Deportivos,natacion,0,APPLY
5208340501057,2,3,Accesorios Deportivos,natacion,0,APPLY
5208340501934,2,3,Accesorios Deportivos,natacion,0,APPLY
5208340501965,2,3,Accesorios Deportivos,natacion,0,APPLY
5208340766029,3,3;63,Accesorios Deportivos,natacion,0,APPLY
5208340766807,2,3,Accesorios Deportivos,natacion,0,APPLY
5208340766937,3,3;63,Accesorios Deportivos,natacion,0,APPLY
5208341199024,3,3,Accesorios Deportivos,natacion,0,APPLY
5208350000000,1,104,Accesorios Deportivos,natacion,0,APPLY
5208350800027,3,104,Accesorios Deportivos,natacion,0,APPLY
5208350800034,2,104,Accesorios Deportivos,natacion,0,APPLY
52083508000959,2,104,Accesorios Deportivos,natacion,0,APPLY
5208410000000,1,3,Accesorios Deportivos,"natacion,training",0,APPLY
5208414380021,2,3,Accesorios Deportivos,natacion,0,APPLY
520843540000,2,3,Accesorios Deportivos,natacion,0,APPLY
52510,2,3,Accesorios Deportivos,natacion,0,APPLY
6013095,2,3,Accesorios Deportivos,natacion,0,APPLY
6014S4080,4,3,Accesorios Deportivos,natacion,0,APPLY
6014S75130,1,3,Accesorios Deportivos,natacion,0,APPLY
6014T60120,4,3,Accesorios Deportivos,natacion,0,APPLY
6014T75130,4,3,Accesorios Deportivos,natacion,0,APPLY
60230441,2,84,Accesorios Deportivos,natacion,0,APPLY
640061,2,3,Accesorios Deportivos,natacion,0,APPLY
6536,1,84,Accesorios Deportivos,natacion,0,APPLY
680031,1,3,Accesorios Deportivos,natacion,0,APPLY
7807992274080,2,3,Accesorios Deportivos,natacion,0,APPLY
780799228150,2,3,Accesorios Deportivos,natacion,0,APPLY
792460000000,1,3,Accesorios Deportivos,natacion,0,APPLY
792460025630,1,3,Accesorios Deportivos,natacion,0,APPLY
8-CB12,2,3,Accesorios Deportivos,"natacion,training",0,APPLY
9-B073,2,3,Accesorios Deportivos,"natacion,basket",0,APPLY
9118120-5,2,3,Accesorios Deportivos,natacion,0,APPLY
911GL6-2,2,3,Accesorios Deportivos,natacion,0,APPLY
911GS20,2,3,Accesorios Deportivos,natacion,0,APPLY
911GS222,1,3,Accesorios Deportivos,natacion,0,APPLY
911PU01,2,104,Accesorios Deportivos,natacion,0,APPLY
911PU02,3,104,Accesorios Deportivos,natacion,0,APPLY
911PU03,2,104,Accesorios Deportivos,natacion,0,APPLY
911PU04,2,104,Accesorios Deportivos,natacion,0,APPLY
A369,2,3,Accesorios Deportivos,natacion,0,APPLY
AQ5451-109,1,3,Accesorios Deportivos,natacion,0,APPLY
ARPES01002,2,3,Accesorios Deportivos,natacion,0,APPLY
ARPES01031,1,111,Accesorios Deportivos,natacion,0,APPLY
ARPES01034,1,111,Accesorios Deportivos,natacion,0,APPLY
AVJSSS24017,2,3,Accesorios Deportivos,natacion,0,APPLY
BQ5448-109,2,3,Accesorios Deportivos,natacion,0,APPLY
DEPACUANT073,2,3,Accesorios Deportivos,natacion,0,APPLY
DEPACUANT076,2,3,Accesorios Deportivos,natacion,0,APPLY
FIDEO FLOTADOR,2,3,Accesorios Deportivos,natacion,0,APPLY
G41942,1,3,Accesorios Deportivos,natacion,0,APPLY
G906,1,3,Accesorios Deportivos,natacion,0,APPLY
G961,2,3,Accesorios Deportivos,natacion,0,APPLY
GEMA,2,3,Accesorios Deportivos,natacion,0,APPLY
H015,1,3,Accesorios Deportivos,natacion,0,APPLY
H021,2,3,Accesorios Deportivos,natacion,0,APPLY
MJ703,2,3,Accesorios Deportivos,natacion,0,APPLY
MSLSA,1,3,Accesorios Deportivos,natacion,0,APPLY
MSNTLNL-U,2,3,Accesorios Deportivos,natacion,0,APPLY
MSNTTBMB,2,3,Accesorios Deportivos,natacion,0,APPLY
MUUKMUUK0001W,2,3,Accesorios Deportivos,natacion,0,APPLY
NA208,1,3,Accesorios Deportivos,natacion,0,APPLY
NIS01551,2,104,Accesorios Deportivos,natacion,0,APPLY
NISO1267,3,3,Accesorios Deportivos,natacion,0,APPLY
NISO1269,1,3,Accesorios Deportivos,natacion,0,APPLY
NISO1270,2,3,Accesorios Deportivos,natacion,0,APPLY
NISO1273,1,3,Accesorios Deportivos,natacion,0,APPLY
NISO1274,1,3,Accesorios Deportivos,natacion,0,APPLY
NISO1279,2,3,Accesorios Deportivos,natacion,0,APPLY
NISO1280,2,3,Accesorios Deportivos,natacion,0,APPLY
NISO1281,2,3,Accesorios Deportivos,natacion,0,APPLY
NISO1282,2,3,Accesorios Deportivos,natacion,0,APPLY
NISO1330,2,3,Accesorios Deportivos,natacion,0,APPLY
NISO1331,1,3,Accesorios Deportivos,natacion,0,APPLY
NISO1334,1,3,Accesorios Deportivos,natacion,0,APPLY
NISO1335,2,3,Accesorios Deportivos,natacion,0,APPLY
NISO1379,2,3,Accesorios Deportivos,natacion,0,APPLY
NISO1380,1,3,Accesorios Deportivos,natacion,0,APPLY
NISO1384,2,3,Accesorios Deportivos,natacion,0,APPLY
NISO1385,1,3,Accesorios Deportivos,natacion,0,APPLY
NISO1438,1,3,Accesorios Deportivos,natacion,0,APPLY
NISO1450,2,3,Accesorios Deportivos,natacion,0,APPLY
NISO1451,1,3,Accesorios Deportivos,natacion,0,APPLY
NISO1455,1,3,Accesorios Deportivos,natacion,0,APPLY
NISO1456,2,3,Accesorios Deportivos,natacion,0,APPLY
NISO1457,1,3,Accesorios Deportivos,natacion,0,APPLY
NISO1462,1,3,Accesorios Deportivos,natacion,0,APPLY
NISO1463,1,3,Accesorios Deportivos,natacion,0,APPLY
NISO1491,1,3,Accesorios Deportivos,natacion,0,APPLY
NISO1495,1,3,Accesorios Deportivos,natacion,0,APPLY
PA02,2,97,Accesorios Deportivos,natacion,0,APPLY
PA03,2,97,Accesorios Deportivos,natacion,0,APPLY
PIZARRA ENTRENADORES FUTBOL,1,101,Accesorios Deportivos,natacion,0,APPLY
PULPO,2,3,Accesorios Deportivos,natacion,0,APPLY
SET BUCEO INF,2,3,Accesorios Deportivos,natacion,0,APPLY
SKUH015,1,3,Accesorios Deportivos,natacion,0,APPLY
SKUPN02,2,3,Accesorios Deportivos,natacion,0,APPLY
SKUPN03,2,3,Accesorios Deportivos,natacion,0,APPLY
SKUPN04,2,3,Accesorios Deportivos,natacion,0,APPLY
SKUTC004,1,3,Accesorios Deportivos,natacion,0,APPLY
SKUTC005,1,3,Accesorios Deportivos,natacion,0,APPLY
SKUTC006,1,3,Accesorios Deportivos,natacion,0,APPLY
SKUTC007,3,3,Accesorios Deportivos,natacion,0,APPLY
SKUTC008,1,3,Accesorios Deportivos,natacion,0,APPLY
SKUTC014,2,3,Accesorios Deportivos,natacion,0,APPLY
SKUTC020,2,3,Accesorios Deportivos,natacion,0,APPLY
SKUTL014,1,3,Accesorios Deportivos,natacion,0,APPLY
SKUTL018,2,3,Accesorios Deportivos,natacion,0,APPLY
SKUTL019,1,3,Accesorios Deportivos,natacion,0,APPLY
SKUTL020,1,3,Accesorios Deportivos,natacion,0,APPLY
SKUTL028,1,3,Accesorios Deportivos,natacion,0,APPLY
SKUTL029,1,3,Accesorios Deportivos,natacion,0,APPLY
SKUUN015,2,3,Accesorios Deportivos,natacion,0,APPLY
SKUUN020,2,3,Accesorios Deportivos,natacion,0,APPLY
SKUUN026,2,3,Accesorios Deportivos,natacion,0,APPLY
SKUUN027,2,3,Accesorios Deportivos,natacion,0,APPLY
SKUUN028,2,3,Accesorios Deportivos,natacion,0,APPLY
TABLA NATACION,2,3,Accesorios Deportivos,natacion,0,APPLY
TABLA STAND UP,2,3,Accesorios Deportivos,natacion,0,APPLY
TL024,2,3,Accesorios Deportivos,natacion,0,APPLY
TRAJE BAÑO,1,3,Accesorios Deportivos,natacion,0,APPLY
TL-0120,2,57,Accesorios Deportivos,trekking,0,APPLY
60104,2,57,Accesorios Deportivos,trekking,0,APPLY
VIS-61271,2,57,Accesorios Deportivos,camping,0,APPLY
6013485,2,48,Accesorios Deportivos,trekking,0,APPLY
VR-2257,2,48,Accesorios Deportivos,camping,0,APPLY
22061,1,98,Accesorios Deportivos,trekking,0,APPLY
24041,2,98,Accesorios Deportivos,trekking,0,APPLY
30100,1,57,Accesorios Deportivos,"camping,boxeo",0,APPLY
30102,1,57,Accesorios Deportivos,"camping,boxeo",0,APPLY
30115,1,57,Accesorios Deportivos,trekking,0,APPLY
30116,1,57,Accesorios Deportivos,trekking,0,APPLY
30117,1,57,Accesorios Deportivos,trekking,0,APPLY
30118,1,57,Accesorios Deportivos,trekking,0,APPLY
30126,1,57,Accesorios Deportivos,"camping,boxeo",0,APPLY
30137,1,57,Accesorios Deportivos,"camping,boxeo",0,APPLY
3210006-6,1,57,Accesorios Deportivos,"camping,boxeo",0,APPLY
3341,1,57,Accesorios Deportivos,"camping,boxeo",0,APPLY
3410102-7,1,57,Accesorios Deportivos,trekking,0,APPLY
3502010-1,1,57,Accesorios Deportivos,trekking,0,APPLY
40102,1,57,Accesorios Deportivos,trekking,0,APPLY
40108,1,57,Accesorios Deportivos,trekking,0,APPLY
48,4,87,Accesorios Deportivos,trekking,0,APPLY
60103,1,57,Accesorios Deportivos,trekking,0,APPLY
60105,1,57,Accesorios Deportivos,trekking,0,APPLY
60108,1,57,Accesorios Deportivos,trekking,0,APPLY
60116,1,57,Accesorios Deportivos,trekking,0,APPLY
60164,2,57,Accesorios Deportivos,trekking,0,APPLY
60165,1,57,Accesorios Deportivos,trekking,0,APPLY
60284,1,57,Accesorios Deportivos,trekking,0,APPLY
60285,1,57,Accesorios Deportivos,trekking,0,APPLY
60289,1,57,Accesorios Deportivos,trekking,0,APPLY
60295,1,57,Accesorios Deportivos,trekking,0,APPLY
15BB,1,57,Accesorios Deportivos,trekking,0,APPLY
15CC,1,57,Accesorios Deportivos,trekking,0,APPLY
15DD,2,57,Accesorios Deportivos,trekking,0,APPLY
15LL,2,57,Accesorios Deportivos,trekking,0,APPLY
90233,1,57,Accesorios Deportivos,trekking,0,APPLY
9043,1,48,Accesorios Deportivos,trekking,0,APPLY
9091,2,1;57,Accesorios Deportivos,trekking,0,APPLY
9092,2,57,Accesorios Deportivos,trekking,0,APPLY
9094,1,57,Accesorios Deportivos,trekking,0,APPLY
AV C500,2,57,Accesorios Deportivos,trekking,0,APPLY
AV00CS,1,57,Accesorios Deportivos,trekking,0,APPLY
AVLICS,1,57,Accesorios Deportivos,trekking,0,APPLY
1372,2,12;48,Accesorios Deportivos,trekking,0,APPLY
G15628,1,48,Accesorios Deportivos,trekking,0,APPLY
G60201,1,48,Accesorios Deportivos,trekking,0,APPLY
G60202,1,48,Accesorios Deportivos,trekking,0,APPLY
L058,1,57,Accesorios Deportivos,trekking,0,APPLY
418001,1,57,Accesorios Deportivos,trekking,0,APPLY
418005,1,57,Accesorios Deportivos,trekking,0,APPLY
418010,1,57,Accesorios Deportivos,trekking,0,APPLY
Q34636,1,48,Accesorios Deportivos,trekking,0,APPLY
60107,1,57,Accesorios Deportivos,trekking,0,APPLY
G12701,1,48,Accesorios Deportivos,trekking,0,APPLY
V22448,1,48,Accesorios Deportivos,trekking,0,APPLY
6013485 B,2,48,Accesorios Deportivos,trekking,0,APPLY
6013F006,2,48,Accesorios Deportivos,trekking,0,APPLY
6013F018,2,48,Accesorios Deportivos,trekking,0,APPLY
802000,1,48,Accesorios Deportivos,trekking,0,APPLY
ALTIMETRO DIGITAL,2,48,Accesorios Deportivos,trekking,0,APPLY
F2501,1,48,Accesorios Deportivos,trekking,0,APPLY
VIS-60590,2,57,Accesorios Deportivos,trekking,0,APPLY
VIS-60913,8,57,Accesorios Deportivos,trekking,0,APPLY
VIS-61264,2,57,Accesorios Deportivos,trekking,0,APPLY
VIS-51086,2,39,Accesorios Deportivos,skate,0,APPLY
FBP4,5,39,Accesorios Deportivos,skate,0,APPLY
5214100840083,2,39,Accesorios Deportivos,skate,0,APPLY
5214100840168,2,39,Accesorios Deportivos,skate,0,APPLY
FK10,4,39,Accesorios Deportivos,skate,0,APPLY
FBW18,4,39,Accesorios Deportivos,skate,0,APPLY
PENNY,2,39,Accesorios Deportivos,skate,0,APPLY
02-601,2,39,Accesorios Deportivos,skate,0,APPLY
01-600,2,39,Accesorios Deportivos,skate,0,APPLY
07-PA3314,2,39,Accesorios Deportivos,skate,0,APPLY
PATIN,2,39,Accesorios Deportivos,skate,0,APPLY
PATIN 1900 1,2,39,Accesorios Deportivos,skate,0,APPLY
VIS-60867,4,39,Accesorios Deportivos,skate,0,APPLY
VX-SK1418,1,39,Accesorios Deportivos,skate,0,APPLY
VX-SK1420,2,39,Accesorios Deportivos,skate,0,APPLY
VX-SL1410,3,39,Accesorios Deportivos,skate,0,APPLY
SET PATIN,1,39,Accesorios Deportivos,skate,0,APPLY
3060,1,39,Accesorios Deportivos,skate,0,APPLY
3090,1,39,Accesorios Deportivos,skate,0,APPLY
03-602,2,39,Accesorios Deportivos,skate,0,APPLY
0406391999,2,39,Accesorios Deportivos,skate,0,APPLY
6272,2,39,Accesorios Deportivos,skate,0,APPLY
660,6,9;12;39,Accesorios Deportivos,skate,0,APPLY
8998,1,39,Accesorios Deportivos,skate,0,APPLY
9510L,1,39,Accesorios Deportivos,skate,0,APPLY
1216,5,35;38;39,Accesorios Deportivos,skate,0,APPLY
ACCE,2,39,Accesorios Deportivos,skate,0,APPLY
AO0065,1,39,Accesorios Deportivos,skate,0,APPLY
BAVEBOARD LA,2,39,Accesorios Deportivos,skate,0,APPLY
02M10211-070,1,39,Accesorios Deportivos,skate,0,APPLY
02M10306-090,1,39,Accesorios Deportivos,skate,0,APPLY
02M11102-070,1,39,Accesorios Deportivos,skate,0,APPLY
02M11201-085,1,39,Accesorios Deportivos,skate,0,APPLY
02M11205-070,1,39,Accesorios Deportivos,skate,0,APPLY
02M11216-070,1,39,Accesorios Deportivos,skate,0,APPLY
02M11227-070,1,39,Accesorios Deportivos,skate,0,APPLY
1932,2,39,Accesorios Deportivos,skate,0,APPLY
1956,1,39,Accesorios Deportivos,skate,0,APPLY
FORCE,2,39,Accesorios Deportivos,skate,0,APPLY
02M11228-070,1,39,Accesorios Deportivos,skate,0,APPLY
G56372,1,39,Accesorios Deportivos,skate,0,APPLY
1182,1,39,Accesorios Deportivos,skate,0,APPLY
13093S,1,39,Accesorios Deportivos,skate,0,APPLY
HD480,10,39,Accesorios Deportivos,skate,0,APPLY
IN928,1,39,Accesorios Deportivos,skate,0,APPLY
MINI SKATE,1,39,Accesorios Deportivos,skate,0,APPLY
PATIN 1900,2,39,Accesorios Deportivos,skate,0,APPLY
PATIN ALA,1,39,Accesorios Deportivos,skate,0,APPLY
PATIN HEAD,2,39,Accesorios Deportivos,skate,0,APPLY
PATIN HORTNET,2,39,Accesorios Deportivos,skate,0,APPLY
PATIN LUNA,1,39,Accesorios Deportivos,skate,0,APPLY
PATIN SLIDE,1,39,Accesorios Deportivos,skate,0,APPLY
PATIN TORPEDO,1,39,Accesorios Deportivos,skate,0,APPLY
PATIN WEB,1,39,Accesorios Deportivos,skate,0,APPLY
PATIN4,1,39,Accesorios Deportivos,skate,0,APPLY
PS2,1,39,Accesorios Deportivos,skate,0,APPLY
PT-72,1,39,Accesorios Deportivos,skate,0,APPLY
SK PLA,1,39,Accesorios Deportivos,skate,0,APPLY
SKATE GHOST,1,39,Accesorios Deportivos,skate,0,APPLY
SKATE INTRUDER,1,39,Accesorios Deportivos,skate,0,APPLY
SKATE KOBRA,1,39,Accesorios Deportivos,skate,0,APPLY
U01,1,39,Accesorios Deportivos,skate,0,APPLY
VIS-60053,2,39,Accesorios Deportivos,skate,0,APPLY
VIS-62256,5,39,Accesorios Deportivos,skate,0,APPLY
3200,1,39,Accesorios Deportivos,skate,0,APPLY
1250,1,39,Accesorios Deportivos,skate,0,APPLY
5214100000000,1,39,Accesorios Deportivos,skate,0,APPLY
5214100333950,1,39,Accesorios Deportivos,skate,0,APPLY
5214100335930,1,39,Accesorios Deportivos,skate,0,APPLY
FOTO,1,39,Accesorios Deportivos,skate,0,APPLY
FXK30,4,39,Accesorios Deportivos,skate,0,APPLY
HD126,2,39,Accesorios Deportivos,skate,0,APPLY
HD127,2,39,Accesorios Deportivos,skate,0,APPLY
HD1900,2,39,Accesorios Deportivos,skate,0,APPLY
HD3125,2,39,Accesorios Deportivos,skate,0,APPLY
L4121,1,39,Accesorios Deportivos,skate,0,APPLY
MINI SET,1,39,Accesorios Deportivos,skate,0,APPLY
NT-6483,6,39,Accesorios Deportivos,skate,0,APPLY
NT-6484,2,39,Accesorios Deportivos,skate,0,APPLY
NT-6485,7,39,Accesorios Deportivos,skate,0,APPLY
PATIN 270MM,2,39,Accesorios Deportivos,skate,0,APPLY
PATIN 400,1,39,Accesorios Deportivos,skate,0,APPLY
PATIN CREME,2,39,Accesorios Deportivos,skate,0,APPLY
PRO ADU,2,39,Accesorios Deportivos,skate,0,APPLY
PRO SIMPLE,2,39,Accesorios Deportivos,skate,0,APPLY
VIS-50846,2,39,Accesorios Deportivos,skate,0,APPLY
VIS-51087L,2,39,Accesorios Deportivos,skate,0,APPLY
VIS-51463M,2,39,Accesorios Deportivos,skate,0,APPLY
VIS-60381,1,39,Accesorios Deportivos,skate,0,APPLY
VIS-60383,1,39,Accesorios Deportivos,skate,0,APPLY
VIS-60384,1,39,Accesorios Deportivos,skate,0,APPLY
VIS-60406,1,39,Accesorios Deportivos,skate,0,APPLY
VIS-61158,2,39,Accesorios Deportivos,skate,0,APPLY
1668011-7,2,38,Accesorios Deportivos,pesca,0,APPLY
5201800130217,1,38,Accesorios Deportivos,pesca,0,APPLY
212490,2,38,Accesorios Deportivos,pesca,0,APPLY
201000066,2,38,Accesorios Deportivos,pesca,0,APPLY
LIDO T3,2,38,Accesorios Deportivos,pesca,0,APPLY
417109,2,38,Accesorios Deportivos,pesca,0,APPLY
201000343,2,106,Accesorios Deportivos,pesca,0,APPLY
LIDO T00,2,38,Accesorios Deportivos,pesca,0,APPLY
SURF T2,2,38,Accesorios Deportivos,pesca,0,APPLY
VIS-61274,2,38,Accesorios Deportivos,pesca,0,APPLY
51017,4,38,Accesorios Deportivos,pesca,0,APPLY
109,3,12;38,Accesorios Deportivos,pesca,0,APPLY
1610100-1,3,38,Accesorios Deportivos,pesca,0,APPLY
200000324,2,38,Accesorios Deportivos,pesca,0,APPLY
LIDO T0,2,38,Accesorios Deportivos,pesca,0,APPLY
LIDO T000,2,38,Accesorios Deportivos,pesca,0,APPLY
LIDO T1,2,38,Accesorios Deportivos,pesca,0,APPLY
LIDO T2,2,38,Accesorios Deportivos,pesca,0,APPLY
2130420,1,38,Accesorios Deportivos,pesca,0,APPLY
214104,1,38,Accesorios Deportivos,pesca,0,APPLY
2160052-0,1,38,Accesorios Deportivos,pesca,0,APPLY
2160055-5,1,38,Accesorios Deportivos,pesca,0,APPLY
2160150,2,38,Accesorios Deportivos,pesca,0,APPLY
2160152,2,38,Accesorios Deportivos,pesca,0,APPLY
2170010-K,1,38,Accesorios Deportivos,pesca,0,APPLY
2191045-7,1,38,Accesorios Deportivos,pesca,0,APPLY
2191047-3,1,38,Accesorios Deportivos,pesca,0,APPLY
2200208-2,1,38,Accesorios Deportivos,pesca,0,APPLY
2210007,1,38,Accesorios Deportivos,pesca,0,APPLY
2210048-3,1,38,Accesorios Deportivos,pesca,0,APPLY
2210050-5,1,38,Accesorios Deportivos,pesca,0,APPLY
2210097-1,1,38,Accesorios Deportivos,pesca,0,APPLY
2210158-7,1,38,Accesorios Deportivos,pesca,0,APPLY
2210159-5,2,38,Accesorios Deportivos,pesca,0,APPLY
2210255-9,1,38,Accesorios Deportivos,pesca,0,APPLY
2210265-6,1,38,Accesorios Deportivos,pesca,0,APPLY
2210410-1,1,38,Accesorios Deportivos,pesca,0,APPLY
2215,2,14;38,Accesorios Deportivos,pesca,0,APPLY
2210052-1,1,38,Accesorios Deportivos,pesca,0,APPLY
2290165-6,1,38,Accesorios Deportivos,pesca,0,APPLY
2330332,1,38,Accesorios Deportivos,pesca,0,APPLY
2330124,1,38,Accesorios Deportivos,pesca,0,APPLY
2350041047,1,38,Accesorios Deportivos,pesca,0,APPLY
2350041324,1,38,Accesorios Deportivos,pesca,0,APPLY
2350041326,1,38,Accesorios Deportivos,pesca,0,APPLY
2380102,1,38,Accesorios Deportivos,pesca,0,APPLY
2380128,1,38,Accesorios Deportivos,pesca,0,APPLY
2380216,1,38,Accesorios Deportivos,pesca,0,APPLY
2450,1,38,Accesorios Deportivos,pesca,0,APPLY
2460,2,1;38,Accesorios Deportivos,pesca,0,APPLY
2500181428,2,38,Accesorios Deportivos,pesca,0,APPLY
2500181436,2,38,Accesorios Deportivos,pesca,0,APPLY
305028,2,38,Accesorios Deportivos,pesca,0,APPLY
307065,1,38,Accesorios Deportivos,pesca,0,APPLY
307066,1,38,Accesorios Deportivos,pesca,0,APPLY
307067,2,38,Accesorios Deportivos,pesca,0,APPLY
309008,1,38,Accesorios Deportivos,pesca,0,APPLY
11RAKU300H,2,38,Accesorios Deportivos,pesca,0,APPLY
1406431005,2,38,Accesorios Deportivos,pesca,0,APPLY
1406431021,1,38,Accesorios Deportivos,pesca,0,APPLY
1407431019,2,38,Accesorios Deportivos,pesca,0,APPLY
1407431004,1,38,Accesorios Deportivos,pesca,0,APPLY
1407431021,1,38,Accesorios Deportivos,pesca,0,APPLY
1411431090,1,38,Accesorios Deportivos,pesca,0,APPLY
1413021002,2,38,Accesorios Deportivos,pesca,0,APPLY
1415021002,2,38,Accesorios Deportivos,pesca,0,APPLY
3900177-2,2,38,Accesorios Deportivos,pesca,0,APPLY
3900178-0,2,38,Accesorios Deportivos,pesca,0,APPLY
1419021002,1,38,Accesorios Deportivos,pesca,0,APPLY
1422591216,2,38,Accesorios Deportivos,pesca,0,APPLY
14254118,1,38,Accesorios Deportivos,pesca,0,APPLY
1428531100,2,38,Accesorios Deportivos,pesca,0,APPLY
1452571010,1,38,Accesorios Deportivos,pesca,0,APPLY
421,2,38,Accesorios Deportivos,pesca,0,APPLY
428,1,38,Accesorios Deportivos,pesca,0,APPLY
449,2,7;38,Accesorios Deportivos,"pesca,natacion",0,APPLY
4500160,1,38,Accesorios Deportivos,pesca,0,APPLY
4500185,1,38,Accesorios Deportivos,pesca,0,APPLY
4500192,1,38,Accesorios Deportivos,pesca,0,APPLY
4500205,1,38,Accesorios Deportivos,pesca,0,APPLY
4500219,1,38,Accesorios Deportivos,pesca,0,APPLY
5130011012,1,38,Accesorios Deportivos,pesca,0,APPLY
5130011023,1,38,Accesorios Deportivos,pesca,0,APPLY
5130011024,1,38,Accesorios Deportivos,pesca,0,APPLY
520061,2,38,Accesorios Deportivos,pesca,0,APPLY
520180000000,1,38,Accesorios Deportivos,pesca,0,APPLY
5201800133218,1,38,Accesorios Deportivos,pesca,0,APPLY
5201800135212,1,38,Accesorios Deportivos,pesca,0,APPLY
5201800135853,1,38,Accesorios Deportivos,pesca,0,APPLY
5201800136219,1,38,Accesorios Deportivos,pesca,0,APPLY
521,2,12;38,Accesorios Deportivos,pesca,0,APPLY
5210011035,1,38,Accesorios Deportivos,pesca,0,APPLY
5310011214,1,38,Accesorios Deportivos,pesca,0,APPLY
14STRC12RB,1,38,Accesorios Deportivos,pesca,0,APPLY
14STRC12YB,2,38,Accesorios Deportivos,pesca,0,APPLY
637,1,38,Accesorios Deportivos,pesca,0,APPLY
644,2,1;38,Accesorios Deportivos,pesca,0,APPLY
6601,2,38;56,Accesorios Deportivos,pesca,0,APPLY
6644,1,38,Accesorios Deportivos,pesca,0,APPLY
1044,2,24;38,Accesorios Deportivos,pesca,0,APPLY
1047,1,38,Accesorios Deportivos,pesca,0,APPLY
7065,1,38,Accesorios Deportivos,pesca,0,APPLY
7067,1,38,Accesorios Deportivos,pesca,0,APPLY
808027,1,38,Accesorios Deportivos,pesca,0,APPLY
808032,1,38,Accesorios Deportivos,pesca,0,APPLY
816,2,38;45,Accesorios Deportivos,pesca,0,APPLY
820006,1,38,Accesorios Deportivos,pesca,0,APPLY
841011,2,38,Accesorios Deportivos,pesca,0,APPLY
113450,1,38,Accesorios Deportivos,pesca,0,APPLY
90155,1,38,Accesorios Deportivos,pesca,0,APPLY
90213,1,38,Accesorios Deportivos,pesca,0,APPLY
90226,1,38,Accesorios Deportivos,pesca,0,APPLY
9046,1,38,Accesorios Deportivos,pesca,0,APPLY
9055,1,38,Accesorios Deportivos,pesca,0,APPLY
9065,1,38,Accesorios Deportivos,pesca,0,APPLY
11BFSALT300,2,38,Accesorios Deportivos,pesca,0,APPLY
11RACOR300H,1,38,Accesorios Deportivos,pesca,0,APPLY
11RAKU270H,1,38,Accesorios Deportivos,pesca,0,APPLY
11RARF180SXH,1,38,Accesorios Deportivos,pesca,0,APPLY
1610100-0,1,38,Accesorios Deportivos,pesca,0,APPLY
1610102-8,1,38,Accesorios Deportivos,pesca,0,APPLY
1610104-4,1,38,Accesorios Deportivos,pesca,0,APPLY
1610110-9,1,38,Accesorios Deportivos,pesca,0,APPLY
1610112-5,1,38,Accesorios Deportivos,pesca,0,APPLY
1610221-0,1,38,Accesorios Deportivos,pesca,0,APPLY
1186,2,9;38,Accesorios Deportivos,pesca,0,APPLY
119006,1,38,Accesorios Deportivos,pesca,0,APPLY
1192,1,38,Accesorios Deportivos,pesca,0,APPLY
11BFPWBT180H,2,38,Accesorios Deportivos,pesca,0,APPLY
1650006-2,1,38,Accesorios Deportivos,pesca,0,APPLY
1650034-8,1,38,Accesorios Deportivos,pesca,0,APPLY
1650034-81,1,38,Accesorios Deportivos,pesca,0,APPLY
1661216-2,1,38,Accesorios Deportivos,pesca,0,APPLY
1661218-9,1,38,Accesorios Deportivos,pesca,0,APPLY
1668104-0,1,38,Accesorios Deportivos,pesca,0,APPLY
1670121-1,1,38,Accesorios Deportivos,pesca,0,APPLY
1670111-4,1,38,Accesorios Deportivos,pesca,0,APPLY
ALETA ENERGY,1,38,Accesorios Deportivos,pesca,0,APPLY
1670406-7,1,38,Accesorios Deportivos,pesca,0,APPLY
1670416-4,1,38,Accesorios Deportivos,pesca,0,APPLY
1670426-1,1,38,Accesorios Deportivos,pesca,0,APPLY
1697,1,38,Accesorios Deportivos,pesca,0,APPLY
1720100-K,1,38,Accesorios Deportivos,pesca,0,APPLY
1720110-7,1,38,Accesorios Deportivos,pesca,0,APPLY
1720112-3,1,38,Accesorios Deportivos,pesca,0,APPLY
1720114-K,1,38,Accesorios Deportivos,pesca,0,APPLY
1720120-4,1,38,Accesorios Deportivos,pesca,0,APPLY
1720180-8,1,38,Accesorios Deportivos,pesca,0,APPLY
1720182-4,1,38,Accesorios Deportivos,pesca,0,APPLY
1720200-6,1,38,Accesorios Deportivos,pesca,0,APPLY
1720207-3,1,38,Accesorios Deportivos,pesca,0,APPLY
1720208-1,1,38,Accesorios Deportivos,pesca,0,APPLY
1720209-K,1,38,Accesorios Deportivos,pesca,0,APPLY
1720210-3,1,38,Accesorios Deportivos,pesca,0,APPLY
1720230-8,1,38,Accesorios Deportivos,pesca,0,APPLY
1720232-4,1,38,Accesorios Deportivos,pesca,0,APPLY
1720233-2,1,38,Accesorios Deportivos,pesca,0,APPLY
1720240-5,1,38,Accesorios Deportivos,pesca,0,APPLY
BINOCULAR,1,38,Accesorios Deportivos,pesca,0,APPLY
BMS-1203,2,38,Accesorios Deportivos,pesca,0,APPLY
1750020-1,2,38,Accesorios Deportivos,pesca,0,APPLY
1750030-9,2,38,Accesorios Deportivos,pesca,0,APPLY
1750040-6,1,38,Accesorios Deportivos,pesca,0,APPLY
119018,1,38,Accesorios Deportivos,pesca,0,APPLY
1750050-3,2,38,Accesorios Deportivos,pesca,0,APPLY
12BFSALT50,2,38,Accesorios Deportivos,pesca,0,APPLY
12RACIL50,2,38,Accesorios Deportivos,pesca,0,APPLY
12RASPRK40,1,38,Accesorios Deportivos,pesca,0,APPLY
12RASPRK50,1,38,Accesorios Deportivos,pesca,0,APPLY
12STMIS40,1,38,Accesorios Deportivos,pesca,0,APPLY
CAJ2000,1,38,Accesorios Deportivos,pesca,0,APPLY
CAJ2000 ADULTO,1,38,Accesorios Deportivos,"pesca,natacion",0,APPLY
CAJ2000 NINO,1,38,Accesorios Deportivos,"pesca,natacion",0,APPLY
CAJ20002,1,38,Accesorios Deportivos,pesca,0,APPLY
CAJ2004,1,38,Accesorios Deportivos,pesca,0,APPLY
CAJ2006,1,38,Accesorios Deportivos,pesca,0,APPLY
CAMBAL044,1,38,Accesorios Deportivos,pesca,0,APPLY
CS-S-1002M-55,1,38,Accesorios Deportivos,pesca,0,APPLY
1945020-1,1,38,Accesorios Deportivos,pesca,0,APPLY
1402431010,1,38,Accesorios Deportivos,pesca,0,APPLY
200000056,1,38,Accesorios Deportivos,pesca,0,APPLY
200000059,1,38,Accesorios Deportivos,pesca,0,APPLY
200000060,1,38,Accesorios Deportivos,pesca,0,APPLY
200000132,1,85,Accesorios Deportivos,pesca,0,APPLY
200000133,1,85,Accesorios Deportivos,pesca,0,APPLY
200000232,1,38,Accesorios Deportivos,pesca,0,APPLY
200000236,1,38,Accesorios Deportivos,pesca,0,APPLY
200000238,1,38,Accesorios Deportivos,pesca,0,APPLY
200000247,1,38,Accesorios Deportivos,pesca,0,APPLY
200000249,1,38,Accesorios Deportivos,pesca,0,APPLY
200000252,1,38,Accesorios Deportivos,pesca,0,APPLY
200000253,1,38,Accesorios Deportivos,pesca,0,APPLY
200000259,1,38,Accesorios Deportivos,pesca,0,APPLY
200000308,1,38,Accesorios Deportivos,pesca,0,APPLY
200000309,1,38,Accesorios Deportivos,pesca,0,APPLY
2000004,1,38,Accesorios Deportivos,pesca,0,APPLY
200000450,1,85,Accesorios Deportivos,pesca,0,APPLY
200000631,1,38,Accesorios Deportivos,pesca,0,APPLY
200000636,1,38,Accesorios Deportivos,pesca,0,APPLY
200000640,1,38,Accesorios Deportivos,pesca,0,APPLY
200000561,1,97,Accesorios Deportivos,pesca,0,APPLY
200000663,1,38,Accesorios Deportivos,pesca,0,APPLY
200000651,1,85,Accesorios Deportivos,pesca,0,APPLY
1402431012,1,38,Accesorios Deportivos,pesca,0,APPLY
201000150,1,38,Accesorios Deportivos,pesca,0,APPLY
201000627,1,38,Accesorios Deportivos,pesca,0,APPLY
201000629,1,38,Accesorios Deportivos,pesca,0,APPLY
201000630,1,38,Accesorios Deportivos,pesca,0,APPLY
201000644,1,38,Accesorios Deportivos,pesca,0,APPLY
201000645,1,38,Accesorios Deportivos,pesca,0,APPLY
201000646,1,38,Accesorios Deportivos,pesca,0,APPLY
201000647,1,38,Accesorios Deportivos,pesca,0,APPLY
20100625,1,38,Accesorios Deportivos,pesca,0,APPLY
203000076,1,38,Accesorios Deportivos,pesca,0,APPLY
203000077,1,38,Accesorios Deportivos,pesca,0,APPLY
203000078,1,38,Accesorios Deportivos,pesca,0,APPLY
2071,3,12;31;38,Accesorios Deportivos,pesca,0,APPLY
2090,1,38,Accesorios Deportivos,pesca,0,APPLY
KM47DHN,1,38,Accesorios Deportivos,pesca,0,APPLY
KM48DHN,1,38,Accesorios Deportivos,pesca,0,APPLY
KM46DHN,1,38,Accesorios Deportivos,pesca,0,APPLY
1380,2,7;38,Accesorios Deportivos,pesca,0,APPLY
2100040,1,38,Accesorios Deportivos,pesca,0,APPLY
2100371120,1,38,Accesorios Deportivos,pesca,0,APPLY
211016,2,38,Accesorios Deportivos,pesca,0,APPLY
211065,2,38,Accesorios Deportivos,pesca,0,APPLY
MPR1200,1,38,Accesorios Deportivos,pesca,0,APPLY
MT-100-65,1,38,Accesorios Deportivos,pesca,0,APPLY
MT-120-80-3,1,38,Accesorios Deportivos,pesca,0,APPLY
2120070-0,1,38,Accesorios Deportivos,pesca,0,APPLY
2120081-6,1,38,Accesorios Deportivos,pesca,0,APPLY
2120091-3,1,38,Accesorios Deportivos,pesca,0,APPLY
2120094-8,1,38,Accesorios Deportivos,pesca,0,APPLY
212082,1,38,Accesorios Deportivos,pesca,0,APPLY
212085,1,38,Accesorios Deportivos,pesca,0,APPLY
212088,1,38,Accesorios Deportivos,pesca,0,APPLY
212094,1,38,Accesorios Deportivos,pesca,0,APPLY
212095,2,38,Accesorios Deportivos,pesca,0,APPLY
212205,1,38,Accesorios Deportivos,pesca,0,APPLY
2500181432,2,38,Accesorios Deportivos,pesca,0,APPLY
311066,1,38,Accesorios Deportivos,pesca,0,APPLY
819130,2,38,Accesorios Deportivos,pesca,0,APPLY
819133,1,38,Accesorios Deportivos,pesca,0,APPLY
212487,1,38,Accesorios Deportivos,pesca,0,APPLY
212488,1,38,Accesorios Deportivos,pesca,0,APPLY
SET NATACION AD,1,38,Accesorios Deportivos,"pesca,natacion",0,APPLY
483,1,38,Accesorios Deportivos,"pesca,natacion",0,APPLY
5460011009,1,38,Accesorios Deportivos,pesca,0,APPLY
5460011010,1,38,Accesorios Deportivos,pesca,0,APPLY
90154,1,38,Accesorios Deportivos,pesca,0,APPLY
CAJ2009,1,38,Accesorios Deportivos,pesca,0,APPLY
CAJ2010005,2,38,Accesorios Deportivos,pesca,0,APPLY
CAJ2030330,1,38,Accesorios Deportivos,pesca,0,APPLY
CAJ2030360,1,38,Accesorios Deportivos,pesca,0,APPLY
CAJ2030390,1,38,Accesorios Deportivos,pesca,0,APPLY
11RACOR270H,1,38,Accesorios Deportivos,pesca,0,APPLY
12STMIS50,1,38,Accesorios Deportivos,pesca,0,APPLY
1406431004,1,38,Accesorios Deportivos,pesca,0,APPLY
1417021002,1,38,Accesorios Deportivos,pesca,0,APPLY
14STRC1223,1,38,Accesorios Deportivos,pesca,0,APPLY
1650007-0,1,38,Accesorios Deportivos,pesca,0,APPLY
5210011022,1,38,Accesorios Deportivos,pesca,0,APPLY
5310011215,1,38,Accesorios Deportivos,pesca,0,APPLY
819027,1,38,Accesorios Deportivos,pesca,0,APPLY
819330,1,38,Accesorios Deportivos,pesca,0,APPLY
89WCOMP,2,106,Accesorios Deportivos,pesca,0,APPLY
AP1508,2,38,Accesorios Deportivos,pesca,0,APPLY
ART 5,2,38,Accesorios Deportivos,pesca,0,APPLY
CAJ2000000,1,38,Accesorios Deportivos,"pesca,natacion",0,APPLY
DEPCAZCAR015,1,38,Accesorios Deportivos,pesca,0,APPLY
DEPCAZDAI053,1,38,Accesorios Deportivos,pesca,0,APPLY
DEPCAZPIS006,1,38,Accesorios Deportivos,pesca,0,APPLY
DEPCAZPIS012,1,38,Accesorios Deportivos,pesca,0,APPLY
DEPCAZPIS020,2,38,Accesorios Deportivos,pesca,0,APPLY
DEPCAZPIS026,1,38,Accesorios Deportivos,pesca,0,APPLY
DEPCAZPOS047,2,38,Accesorios Deportivos,pesca,0,APPLY
DEPCAZREP268,1,38,Accesorios Deportivos,pesca,0,APPLY
DEPCAZUMA081,1,38,Accesorios Deportivos,pesca,0,APPLY
DEPCAZUMA112,1,38,Accesorios Deportivos,pesca,0,APPLY
DEPCAZUMA115,1,38,Accesorios Deportivos,pesca,0,APPLY
LIDO T4,2,38,Accesorios Deportivos,pesca,0,APPLY
R005,1,38,Accesorios Deportivos,pesca,0,APPLY
R010,1,38,Accesorios Deportivos,pesca,0,APPLY
R015,1,38,Accesorios Deportivos,pesca,0,APPLY
R020,1,38,Accesorios Deportivos,pesca,0,APPLY
S012,1,38,Accesorios Deportivos,pesca,0,APPLY
S016,2,38,Accesorios Deportivos,pesca,0,APPLY
S020,1,38,Accesorios Deportivos,pesca,0,APPLY
S027,1,38,Accesorios Deportivos,pesca,0,APPLY
SET SNORKEL AD,1,38,Accesorios Deportivos,pesca,0,APPLY
SET SNORKEL JR,1,38,Accesorios Deportivos,pesca,0,APPLY
SURF T1,2,38,Accesorios Deportivos,pesca,0,APPLY
SURF T3,1,38,Accesorios Deportivos,pesca,0,APPLY
SURF T4,2,38,Accesorios Deportivos,pesca,0,APPLY
TOLDO,2,38,Accesorios Deportivos,pesca,0,APPLY
VIS-60195,1,38,Accesorios Deportivos,pesca,0,APPLY
VIS-61277,2,38,Accesorios Deportivos,pesca,0,APPLY
5208402121100,3,45,Accesorios Deportivos,pingpong,0,APPLY
5208402498141,2,45,Accesorios Deportivos,pingpong,0,APPLY
CLAVA GIMNASIA,2,45,Accesorios Deportivos,pingpong,0,APPLY
D-PX-800851,2,45,Accesorios Deportivos,pingpong,0,APPLY
D-PX-623041,2,45,Accesorios Deportivos,pingpong,0,APPLY
230-30,2,45,Accesorios Deportivos,pingpong,0,APPLY
PALETA PING PONG CUP,2,45,Accesorios Deportivos,pingpong,0,APPLY
PALETA PING PONG M200,2,45,Accesorios Deportivos,pingpong,0,APPLY
8.00.40,2,45,Accesorios Deportivos,pingpong,0,APPLY
8.00.41,2,45,Accesorios Deportivos,pingpong,0,APPLY
SET PING PONG,4,45,Accesorios Deportivos,pingpong,0,APPLY
DEPPITMET009,2,45,Accesorios Deportivos,pingpong,0,APPLY
3002,4,97,Accesorios Deportivos,pingpong,0,APPLY
D-PX-615487,2,45,Accesorios Deportivos,pingpong,0,APPLY
8.00.04,3,45,Accesorios Deportivos,pingpong,0,APPLY
FUNDA MESA XSF,2,45,Accesorios Deportivos,pingpong,0,APPLY
82001,4,45,Accesorios Deportivos,pingpong,0,APPLY
MESA PING PONG,4,45,Accesorios Deportivos,pingpong,0,APPLY
GM PRO,2,45,Accesorios Deportivos,pingpong,0,APPLY
D-SP-843221,3,45,Accesorios Deportivos,pingpong,0,APPLY
3111,4,7;45,Accesorios Deportivos,pingpong,0,APPLY
3188,2,45,Accesorios Deportivos,pingpong,0,APPLY
141,4,1;12;26;45,Accesorios Deportivos,pingpong,0,APPLY
3815,5,87,Accesorios Deportivos,pingpong,0,APPLY
4057,2,7;45,Accesorios Deportivos,pingpong,0,APPLY
4551,1,45,Accesorios Deportivos,pingpong,0,APPLY
XSF,2,45,Accesorios Deportivos,pingpong,0,APPLY
XSF1008,3,45,Accesorios Deportivos,pingpong,0,APPLY
XSF2008,3,45,Accesorios Deportivos,pingpong,0,APPLY
XSF2014,1,45,Accesorios Deportivos,pingpong,0,APPLY
XSF3008,2,45,Accesorios Deportivos,pingpong,0,APPLY
XSF5008,3,45,Accesorios Deportivos,pingpong,0,APPLY
XSF6008,2,45,Accesorios Deportivos,pingpong,0,APPLY
5640,1,45,Accesorios Deportivos,pingpong,0,APPLY
MESA DE PING PONG,2,45,Accesorios Deportivos,pingpong,0,APPLY
740,1,45,Accesorios Deportivos,pingpong,0,APPLY
81019,8,45,Accesorios Deportivos,pingpong,0,APPLY
8112,1,45,Accesorios Deportivos,pingpong,0,APPLY
84003,1,45,Accesorios Deportivos,pingpong,0,APPLY
8402,2,45,Accesorios Deportivos,pingpong,0,APPLY
1625,1,45,Accesorios Deportivos,pingpong,0,APPLY
1630,1,45,Accesorios Deportivos,pingpong,0,APPLY
1105,2,45;63,Accesorios Deportivos,pingpong,0,APPLY
130,5,12;42;45;63;70,Accesorios Deportivos,pingpong,0,APPLY
CHAMP,1,45,Accesorios Deportivos,pingpong,0,APPLY
ENP-92204,1,45,Accesorios Deportivos,pingpong,0,APPLY
FTA-930,3,45,Accesorios Deportivos,pingpong,0,APPLY
FTA-932,1,45,Accesorios Deportivos,pingpong,0,APPLY
FTA-933,2,45,Accesorios Deportivos,pingpong,0,APPLY
G409,2,45,Accesorios Deportivos,pingpong,0,APPLY
HAND GRIP,5,41;45;63,Accesorios Deportivos,pingpong,0,APPLY
2006560000000,1,45,Accesorios Deportivos,pingpong,0,APPLY
2050,2,36;45,Accesorios Deportivos,pingpong,0,APPLY
MESA,2,38;45,Accesorios Deportivos,pingpong,0,APPLY
MESA PING S/RUEDA,1,45,Accesorios Deportivos,pingpong,0,APPLY
MESA PING PONG M2,2,45,Accesorios Deportivos,pingpong,0,APPLY
PA C002,2,45,Accesorios Deportivos,pingpong,0,APPLY
PA00PP,1,45,Accesorios Deportivos,pingpong,0,APPLY
PA0101,1,45,Accesorios Deportivos,pingpong,0,APPLY
PA0201,1,45,Accesorios Deportivos,pingpong,0,APPLY
PA0301,1,45,Accesorios Deportivos,pingpong,0,APPLY
PA0402,1,45,Accesorios Deportivos,pingpong,0,APPLY
PA144,1,45,Accesorios Deportivos,pingpong,0,APPLY
PA1906,1,45,Accesorios Deportivos,pingpong,0,APPLY
PA3122,1,45,Accesorios Deportivos,pingpong,0,APPLY
PARE01,1,45,Accesorios Deportivos,pingpong,0,APPLY
PS OPST,1,45,Accesorios Deportivos,pingpong,0,APPLY
PS0201,1,45,Accesorios Deportivos,pingpong,0,APPLY
PS0202,1,45,Accesorios Deportivos,pingpong,0,APPLY
PS0205,1,45,Accesorios Deportivos,pingpong,0,APPLY
PS9814,1,45,Accesorios Deportivos,pingpong,0,APPLY
PACK,1,45,Accesorios Deportivos,pingpong,0,APPLY
SET PALETA,2,45,Accesorios Deportivos,pingpong,0,APPLY
STAR,1,45,Accesorios Deportivos,pingpong,0,APPLY
CAJA PP,1,45,Accesorios Deportivos,pingpong,0,APPLY
CAJA PP1,1,45,Accesorios Deportivos,pingpong,0,APPLY
CAJA PP4,1,45,Accesorios Deportivos,pingpong,0,APPLY
TTPPS,1,45,Accesorios Deportivos,pingpong,0,APPLY
D-PX-263575,2,45,Accesorios Deportivos,pingpong,0,APPLY
MESA PING-PONG,4,45,Accesorios Deportivos,pingpong,0,APPLY
5208402123029,3,45,Accesorios Deportivos,pingpong,0,APPLY
5208402530223,3,45,Accesorios Deportivos,pingpong,0,APPLY
525064002,2,45,Accesorios Deportivos,pingpong,0,APPLY
60139013,2,45,Accesorios Deportivos,pingpong,0,APPLY
8.00.05,2,45,Accesorios Deportivos,pingpong,0,APPLY
80002,2,45,Accesorios Deportivos,pingpong,0,APPLY
80003,2,45,Accesorios Deportivos,pingpong,0,APPLY
80004,2,45,Accesorios Deportivos,pingpong,0,APPLY
80005,2,45,Accesorios Deportivos,pingpong,0,APPLY
80060,1,45,Accesorios Deportivos,pingpong,0,APPLY
81021,2,45,Accesorios Deportivos,pingpong,0,APPLY
82000,2,45,Accesorios Deportivos,pingpong,0,APPLY
84000,2,45,Accesorios Deportivos,pingpong,0,APPLY
84002,3,45,Accesorios Deportivos,pingpong,0,APPLY
CUERDA TRICET,2,45,Accesorios Deportivos,pingpong,0,APPLY
DEPPINMAL001,2,45,Accesorios Deportivos,pingpong,0,APPLY
GUANTE FOCO,6,45,Accesorios Deportivos,pingpong,0,APPLY
LG003,2,45,Accesorios Deportivos,pingpong,0,APPLY
MESA 3EN1,2,45,Accesorios Deportivos,pingpong,0,APPLY
MESA PING,3,45,Accesorios Deportivos,pingpong,0,APPLY
MSDMP,3,45,Accesorios Deportivos,pingpong,0,APPLY
MSFTTPPPL,1,45,Accesorios Deportivos,pingpong,0,APPLY
MSTMPPP1E,3,45,Accesorios Deportivos,pingpong,0,APPLY
MSTMPPP2E,1,45,Accesorios Deportivos,pingpong,0,APPLY
P87,3,45,Accesorios Deportivos,pingpong,0,APPLY
PA 00M2,1,45,Accesorios Deportivos,pingpong,0,APPLY
PA0501,1,45,Accesorios Deportivos,pingpong,0,APPLY
PA0603,1,45,Accesorios Deportivos,pingpong,0,APPLY
PA0703,1,45,Accesorios Deportivos,pingpong,0,APPLY
PALETA PING PONG,2,45,Accesorios Deportivos,pingpong,0,APPLY
PALETA PP COMPETICION,2,45,Accesorios Deportivos,pingpong,0,APPLY
PALETA PP SENSEI 6*,2,45,Accesorios Deportivos,pingpong,0,APPLY
PALETA PP XR 7,2,45,Accesorios Deportivos,pingpong,0,APPLY
PALETA XSF 1008,3,45,Accesorios Deportivos,pingpong,0,APPLY
PALETA XSF 8008,2,45,Accesorios Deportivos,pingpong,0,APPLY
PINPA001,1,45,Accesorios Deportivos,pingpong,0,APPLY
PS0BST,1,45,Accesorios Deportivos,pingpong,0,APPLY
RAQUETA DE TENIS,2,45,Accesorios Deportivos,pingpong,0,APPLY
RED PP CON SOPORTE,1,45,Accesorios Deportivos,pingpong,0,APPLY
SET 11,1,45,Accesorios Deportivos,pingpong,0,APPLY
SET PALETA XSF,3,45,Accesorios Deportivos,pingpong,0,APPLY
T108A,1,45,Accesorios Deportivos,pingpong,0,APPLY
TIP004,2,40,Accesorios Deportivos,pool,0,APPLY
MSPLT1P-12,2,40,Accesorios Deportivos,pool,0,APPLY
TACO03,2,40,Accesorios Deportivos,pool,0,APPLY
MSAMUCK300,2,106,Accesorios Deportivos,pool,0,APPLY
R008,2,40,Accesorios Deportivos,pool,0,APPLY
SET BOLAS DE POOL,2,40,Accesorios Deportivos,pool,0,APPLY
TACO01,2,40,Accesorios Deportivos,pool,0,APPLY
201-12,2,40,Accesorios Deportivos,pool,0,APPLY
29-2-12,2,40,Accesorios Deportivos,pool,0,APPLY
29-2-POOL,2,40,Accesorios Deportivos,pool,0,APPLY
7807990000000,1,40,Accesorios Deportivos,pool,0,APPLY
3209092862177,1,40,Accesorios Deportivos,pool,0,APPLY
3209090000000,1,40,Accesorios Deportivos,pool,0,APPLY
10004,1,40,Accesorios Deportivos,pool,0,APPLY
1410,1,40,Accesorios Deportivos,pool,0,APPLY
101-11,1,40,Accesorios Deportivos,pool,0,APPLY
4840,1,40,Accesorios Deportivos,pool,0,APPLY
5077,1,40,Accesorios Deportivos,pool,0,APPLY
5104,1,40,Accesorios Deportivos,pool,0,APPLY
5591,1,40,Accesorios Deportivos,pool,0,APPLY
5906,1,40,Accesorios Deportivos,pool,0,APPLY
6190,1,40,Accesorios Deportivos,pool,0,APPLY
7036,3,1;40,Accesorios Deportivos,pool,0,APPLY
7351,3,40,Accesorios Deportivos,pool,0,APPLY
7900,2,8;40,Accesorios Deportivos,pool,0,APPLY
8342,1,40,Accesorios Deportivos,pool,0,APPLY
851,1,40,Accesorios Deportivos,pool,0,APPLY
8518,1,40,Accesorios Deportivos,pool,0,APPLY
8636,1,40,Accesorios Deportivos,pool,0,APPLY
996022,1,40,Accesorios Deportivos,pool,0,APPLY
996032,1,40,Accesorios Deportivos,pool,0,APPLY
996042,1,40,Accesorios Deportivos,pool,0,APPLY
996064,1,40,Accesorios Deportivos,pool,0,APPLY
A045,1,107,Accesorios Deportivos,pool,0,APPLY
BUCHAKA,1,40,Accesorios Deportivos,pool,0,APPLY
DA0145,1,40,Accesorios Deportivos,pool,0,APPLY
L0020,2,40,Accesorios Deportivos,pool,0,APPLY
L0031,1,40,Accesorios Deportivos,pool,0,APPLY
L0032,1,40,Accesorios Deportivos,pool,0,APPLY
L0033,1,40,Accesorios Deportivos,pool,0,APPLY
L0034,1,40,Accesorios Deportivos,pool,0,APPLY
L0035,1,40,Accesorios Deportivos,pool,0,APPLY
L0036,1,40,Accesorios Deportivos,pool,0,APPLY
L0037,2,40,Accesorios Deportivos,pool,0,APPLY
L100001,1,40,Accesorios Deportivos,pool,0,APPLY
L2007,2,40,Accesorios Deportivos,pool,0,APPLY
L2009,2,40,Accesorios Deportivos,pool,0,APPLY
L2011,1,40,Accesorios Deportivos,pool,0,APPLY
L2003,1,40,Accesorios Deportivos,pool,0,APPLY
L2005,1,40,Accesorios Deportivos,pool,0,APPLY
L9020,1,40,Accesorios Deportivos,pool,0,APPLY
L9025,1,40,Accesorios Deportivos,pool,0,APPLY
L9030,1,40,Accesorios Deportivos,pool,0,APPLY
L9032,1,40,Accesorios Deportivos,pool,0,APPLY
MSPLTMA,2,40,Accesorios Deportivos,pool,0,APPLY
MSPLTNG,1,40,Accesorios Deportivos,pool,0,APPLY
P015,1,40,Accesorios Deportivos,pool,0,APPLY
2074,1,40,Accesorios Deportivos,pool,0,APPLY
L9001,1,40,Accesorios Deportivos,pool,0,APPLY
L9011,1,40,Accesorios Deportivos,pool,0,APPLY
4724,1,40,Accesorios Deportivos,pool,0,APPLY
SUELA,1,40,Accesorios Deportivos,pool,0,APPLY
TACO POOL,2,40,Accesorios Deportivos,pool,0,APPLY
TF-4147,1,40,Accesorios Deportivos,pool,0,APPLY
TF-4716,1,40,Accesorios Deportivos,pool,0,APPLY
TF-4718,1,40,Accesorios Deportivos,pool,0,APPLY
TF-4725,1,40,Accesorios Deportivos,pool,0,APPLY
TF-4726,1,40,Accesorios Deportivos,pool,0,APPLY
TM-5539,1,40,Accesorios Deportivos,pool,0,APPLY
TM5077,1,40,Accesorios Deportivos,pool,0,APPLY
TM5591,1,40,Accesorios Deportivos,pool,0,APPLY
TN5058,1,40,Accesorios Deportivos,pool,0,APPLY
TN5077,1,40,Accesorios Deportivos,pool,0,APPLY
TR-6001,1,40,Accesorios Deportivos,pool,0,APPLY
TR-6021,1,40,Accesorios Deportivos,pool,0,APPLY
TR-6112,1,40,Accesorios Deportivos,pool,0,APPLY
TR-6115,1,40,Accesorios Deportivos,pool,0,APPLY
TR6100,1,40,Accesorios Deportivos,pool,0,APPLY
6021,1,40,Accesorios Deportivos,pool,0,APPLY
6115,1,40,Accesorios Deportivos,pool,0,APPLY
3209092862160,1,40,Accesorios Deportivos,pool,0,APPLY
533204002,1,40,Accesorios Deportivos,pool,0,APPLY
6013088,2,40,Accesorios Deportivos,pool,0,APPLY
6013541,2,40,Accesorios Deportivos,pool,0,APPLY
A010,2,40,Accesorios Deportivos,pool,0,APPLY
A011,2,40,Accesorios Deportivos,pool,0,APPLY
DSHBO01,1,40,Accesorios Deportivos,pool,0,APPLY
DSHBO1,2,40,Accesorios Deportivos,pool,0,APPLY
L0022,1,40,Accesorios Deportivos,pool,0,APPLY
L0023,1,40,Accesorios Deportivos,pool,0,APPLY
L0024,2,40,Accesorios Deportivos,pool,0,APPLY
L0026,1,40,Accesorios Deportivos,pool,0,APPLY
L0030,1,40,Accesorios Deportivos,pool,0,APPLY
L2010,2,40,Accesorios Deportivos,pool,0,APPLY
L9000,2,40,Accesorios Deportivos,pool,0,APPLY
L9018,2,40,Accesorios Deportivos,pool,0,APPLY
MSPLSBP,1,40,Accesorios Deportivos,pool,0,APPLY
MSPLT4P,2,40,Accesorios Deportivos,pool,0,APPLY
MSPLTCT,2,40,Accesorios Deportivos,pool,0,APPLY
MSPLTFNE,2,40,Accesorios Deportivos,pool,0,APPLY
MSPLTHR,1,40,Accesorios Deportivos,pool,0,APPLY
MSPLTLB,1,40,Accesorios Deportivos,pool,0,APPLY
MSPLTLB-12,1,40,Accesorios Deportivos,pool,0,APPLY
MSPLTMP,1,40,Accesorios Deportivos,pool,0,APPLY
MSPLTMP-11,2,40,Accesorios Deportivos,pool,0,APPLY
MSPLTMPLX-11,2,40,Accesorios Deportivos,pool,0,APPLY
R007,2,40,Accesorios Deportivos,pool,0,APPLY
R008-1,2,40,Accesorios Deportivos,pool,0,APPLY
TACO3,2,40,Accesorios Deportivos,pool,0,APPLY
TACO4,2,40,Accesorios Deportivos,pool,0,APPLY
TF-4710,1,40,Accesorios Deportivos,pool,0,APPLY
TF-4724,1,40,Accesorios Deportivos,pool,0,APPLY
TI-10,1,40,Accesorios Deportivos,pool,0,APPLY
MO21650,2,61,Accesorios Deportivos,rugby,0,APPLY
RU016,2,61,Accesorios Deportivos,rugby,0,APPLY
DU37910,2,61,Accesorios Deportivos,rugby,0,APPLY
442018-505,1,61,Accesorios Deportivos,rugby,0,APPLY
46596000,2,97,Accesorios Deportivos,rugby,0,APPLY
4673,1,61,Accesorios Deportivos,rugby,0,APPLY
46758000,1,61,Accesorios Deportivos,rugby,0,APPLY
46759000,1,61,Accesorios Deportivos,rugby,0,APPLY
46759001,1,61,Accesorios Deportivos,rugby,0,APPLY
46760000,1,61,Accesorios Deportivos,rugby,0,APPLY
46761000,1,61,Accesorios Deportivos,rugby,0,APPLY
46762000,1,61,Accesorios Deportivos,rugby,0,APPLY
4683,1,61,Accesorios Deportivos,rugby,0,APPLY
46831,1,61,Accesorios Deportivos,rugby,0,APPLY
46843,1,61,Accesorios Deportivos,rugby,0,APPLY
BUL12000,2,61,Accesorios Deportivos,rugby,0,APPLY
CA10745,2,61,Accesorios Deportivos,rugby,0,APPLY
CA9530,2,61,Accesorios Deportivos,rugby,0,APPLY
Q22458,1,61,Accesorios Deportivos,rugby,0,APPLY
RU026,2,98,Accesorios Deportivos,rugby,0,APPLY
V42155,1,61,Accesorios Deportivos,rugby,0,APPLY
X44632,1,61,Accesorios Deportivos,rugby,0,APPLY
X44658,1,61,Accesorios Deportivos,rugby,0,APPLY
CA09529,3,61,Accesorios Deportivos,rugby,0,APPLY
CA10407,2,61,Accesorios Deportivos,rugby,0,APPLY
CA10413,1,61,Accesorios Deportivos,rugby,0,APPLY
CA104744,2,61,Accesorios Deportivos,rugby,0,APPLY
DU37904,2,61,Accesorios Deportivos,rugby,0,APPLY
DU37911,2,61,Accesorios Deportivos,rugby,0,APPLY
GE17571,2,61,Accesorios Deportivos,rugby,0,APPLY
GE17572,2,61,Accesorios Deportivos,rugby,0,APPLY
GE17573,2,61,Accesorios Deportivos,rugby,0,APPLY
PPH816,1,61,Accesorios Deportivos,rugby,0,APPLY
RO046,1,100,Accesorios Deportivos,rugby,0,APPLY
RU015,1,61,Accesorios Deportivos,rugby,0,APPLY
THR17,1,61,Accesorios Deportivos,rugby,0,APPLY
3027105-001,2,15,Accesorios Deportivos,running,0,APPLY
2148,1,15,Accesorios Deportivos,running,0,APPLY
2940,1,15,Accesorios Deportivos,running,0,APPLY
434497-004,1,15,Accesorios Deportivos,running,0,APPLY
443395-103,1,15,Accesorios Deportivos,running,0,APPLY
488184-014,1,15,Accesorios Deportivos,running,0,APPLY
V23504,1,15,Accesorios Deportivos,running,0,APPLY
3398,1,15,Accesorios Deportivos,running,0,APPLY
3771,1,15,Accesorios Deportivos,running,0,APPLY
3840,1,15,Accesorios Deportivos,running,0,APPLY
395822-100,1,15,Accesorios Deportivos,running,0,APPLY
3976,1,15,Accesorios Deportivos,running,0,APPLY
415350-104,1,15,Accesorios Deportivos,running,0,APPLY
4251,1,15,Accesorios Deportivos,running,0,APPLY
429850-067,1,15,Accesorios Deportivos,running,0,APPLY
429852-040,1,15,Accesorios Deportivos,running,0,APPLY
429852-106,1,15,Accesorios Deportivos,running,0,APPLY
429877-060,1,15,Accesorios Deportivos,running,0,APPLY
431840-006,1,15,Accesorios Deportivos,running,0,APPLY
434497-002,1,15,Accesorios Deportivos,running,0,APPLY
434497-003,1,15,Accesorios Deportivos,running,0,APPLY
438684-101,1,15,Accesorios Deportivos,running,0,APPLY
438684-102,1,15,Accesorios Deportivos,running,0,APPLY
443398-002,1,15,Accesorios Deportivos,running,0,APPLY
443839-003,1,15,Accesorios Deportivos,running,0,APPLY
443862-003,1,15,Accesorios Deportivos,running,0,APPLY
443862-004,1,15,Accesorios Deportivos,running,0,APPLY
443862-104,1,15,Accesorios Deportivos,running,0,APPLY
443866-002,1,15,Accesorios Deportivos,running,0,APPLY
443866-006,2,15,Accesorios Deportivos,running,0,APPLY
443866-007,2,15,Accesorios Deportivos,running,0,APPLY
443866-012,2,15,Accesorios Deportivos,running,0,APPLY
443866-013,1,15,Accesorios Deportivos,running,0,APPLY
443866-100,1,15,Accesorios Deportivos,running,0,APPLY
443866-101,1,15,Accesorios Deportivos,running,0,APPLY
443866-103,1,15,Accesorios Deportivos,running,0,APPLY
4484,1,15,Accesorios Deportivos,running,0,APPLY
453953-002,1,15,Accesorios Deportivos,running,0,APPLY
453953-101,1,15,Accesorios Deportivos,running,0,APPLY
453975-060,1,15,Accesorios Deportivos,running,0,APPLY
453975-104,1,15,Accesorios Deportivos,running,0,APPLY
453975-105,1,15,Accesorios Deportivos,running,0,APPLY
453976-006,1,15,Accesorios Deportivos,running,0,APPLY
453976-008,1,15,Accesorios Deportivos,running,0,APPLY
453976-009,1,15,Accesorios Deportivos,running,0,APPLY
453976-014,1,15,Accesorios Deportivos,running,0,APPLY
453976-100,1,15,Accesorios Deportivos,running,0,APPLY
453976-101,1,15,Accesorios Deportivos,running,0,APPLY
453976-102,1,15,Accesorios Deportivos,running,0,APPLY
453976-103,1,15,Accesorios Deportivos,running,0,APPLY
453975-010,1,15,Accesorios Deportivos,running,0,APPLY
454075-480,1,15,Accesorios Deportivos,running,0,APPLY
454240-007,1,15,Accesorios Deportivos,running,0,APPLY
454240-008,1,15,Accesorios Deportivos,running,0,APPLY
454240-400,1,15,Accesorios Deportivos,running,0,APPLY
454242-006,1,15,Accesorios Deportivos,running,0,APPLY
454242-010,1,15,Accesorios Deportivos,running,0,APPLY
454242-103,1,15,Accesorios Deportivos,running,0,APPLY
454242-400,1,15,Accesorios Deportivos,running,0,APPLY
454484-100,1,15,Accesorios Deportivos,running,0,APPLY
454484-103,1,15,Accesorios Deportivos,running,0,APPLY
468878-001,1,15,Accesorios Deportivos,running,0,APPLY
468878-100,1,15,Accesorios Deportivos,running,0,APPLY
472523-005,1,15,Accesorios Deportivos,running,0,APPLY
472647-102,1,15,Accesorios Deportivos,running,0,APPLY
472773-002,1,15,Accesorios Deportivos,running,0,APPLY
472773-004,1,15,Accesorios Deportivos,running,0,APPLY
472773-006,1,15,Accesorios Deportivos,running,0,APPLY
472817-001,1,15,Accesorios Deportivos,running,0,APPLY
472817-002,2,15,Accesorios Deportivos,running,0,APPLY
472817-004,1,15,Accesorios Deportivos,running,0,APPLY
472817-007,1,15,Accesorios Deportivos,running,0,APPLY
472817-102,1,15,Accesorios Deportivos,running,0,APPLY
472817-107,1,15,Accesorios Deportivos,running,0,APPLY
472817-108,1,15,Accesorios Deportivos,running,0,APPLY
4798,1,15,Accesorios Deportivos,running,0,APPLY
487339-101,1,15,Accesorios Deportivos,running,0,APPLY
487751-001,2,15,Accesorios Deportivos,running,0,APPLY
487751-002,2,15,Accesorios Deportivos,running,0,APPLY
487751-004,1,15,Accesorios Deportivos,running,0,APPLY
487751-016,1,15,Accesorios Deportivos,running,0,APPLY
487751-413,1,15,Accesorios Deportivos,running,0,APPLY
487753-005,1,15,Accesorios Deportivos,running,0,APPLY
487753-007,1,15,Accesorios Deportivos,running,0,APPLY
487753-014,1,15,Accesorios Deportivos,running,0,APPLY
487753-336,1,15,Accesorios Deportivos,running,0,APPLY
487753-418,1,15,Accesorios Deportivos,running,0,APPLY
488184-003,2,15,Accesorios Deportivos,running,0,APPLY
488184-007,1,15,Accesorios Deportivos,running,0,APPLY
488184-012,2,15,Accesorios Deportivos,running,0,APPLY
488184-101,1,15,Accesorios Deportivos,running,0,APPLY
488224-008,1,15,Accesorios Deportivos,running,0,APPLY
488184-013,1,15,Accesorios Deportivos,running,0,APPLY
5039,1,15,Accesorios Deportivos,running,0,APPLY
443862-111,1,15,Accesorios Deportivos,running,0,APPLY
5234,1,15,Accesorios Deportivos,running,0,APPLY
5235,1,15,Accesorios Deportivos,running,0,APPLY
525027-060,1,15,Accesorios Deportivos,running,0,APPLY
525027-486,1,15,Accesorios Deportivos,running,0,APPLY
525746-003,1,15,Accesorios Deportivos,running,0,APPLY
525746-005,2,15,Accesorios Deportivos,running,0,APPLY
525746-007,1,15,Accesorios Deportivos,running,0,APPLY
525746-109,1,15,Accesorios Deportivos,running,0,APPLY
5262,1,15,Accesorios Deportivos,running,0,APPLY
5375,1,15,Accesorios Deportivos,running,0,APPLY
6485,1,15,Accesorios Deportivos,running,0,APPLY
8627,1,15,Accesorios Deportivos,running,0,APPLY
8683,1,15,Accesorios Deportivos,running,0,APPLY
9877,1,15,Accesorios Deportivos,running,0,APPLY
1840,2,5;15,Accesorios Deportivos,running,0,APPLY
185065 03,1,15,Accesorios Deportivos,running,0,APPLY
185127 06,1,15,Accesorios Deportivos,running,0,APPLY
185127 09,1,15,Accesorios Deportivos,running,0,APPLY
185127 10,1,15,Accesorios Deportivos,running,0,APPLY
185160 09,1,15,Accesorios Deportivos,running,0,APPLY
185160 10,1,15,Accesorios Deportivos,running,0,APPLY
185160 14,1,15,Accesorios Deportivos,running,0,APPLY
185160 23,1,15,Accesorios Deportivos,running,0,APPLY
185160 21,1,15,Accesorios Deportivos,running,0,APPLY
185594 02,1,15,Accesorios Deportivos,running,0,APPLY
185594 05,1,15,Accesorios Deportivos,running,0,APPLY
185662 07,2,15,Accesorios Deportivos,running,0,APPLY
185662 10,1,15,Accesorios Deportivos,running,0,APPLY
185778 02,1,15,Accesorios Deportivos,running,0,APPLY
185778 04,2,15,Accesorios Deportivos,running,0,APPLY
186052 06,1,15,Accesorios Deportivos,running,0,APPLY
186052 07,1,15,Accesorios Deportivos,running,0,APPLY
186052 08,1,15,Accesorios Deportivos,running,0,APPLY
G11204,1,15,Accesorios Deportivos,running,0,APPLY
G31007,1,15,Accesorios Deportivos,running,0,APPLY
G40416,1,15,Accesorios Deportivos,running,0,APPLY
G40417,1,15,Accesorios Deportivos,running,0,APPLY
G40846,1,15,Accesorios Deportivos,running,0,APPLY
G49101,2,1;15,Accesorios Deportivos,running,0,APPLY
G50099,1,15,Accesorios Deportivos,running,0,APPLY
G52082,1,15,Accesorios Deportivos,running,0,APPLY
G52770,1,15,Accesorios Deportivos,running,0,APPLY
G52815,1,15,Accesorios Deportivos,running,0,APPLY
G53013,1,15,Accesorios Deportivos,running,0,APPLY
G53023,1,99,Accesorios Deportivos,running,0,APPLY
G53024,1,99,Accesorios Deportivos,running,0,APPLY
G53190,1,15,Accesorios Deportivos,running,0,APPLY
G53203,1,15,Accesorios Deportivos,running,0,APPLY
G53204,1,15,Accesorios Deportivos,running,0,APPLY
G53576,1,15,Accesorios Deportivos,running,0,APPLY
1321,1,15,Accesorios Deportivos,running,0,APPLY
J84164,1,15,Accesorios Deportivos,running,0,APPLY
Q21036,1,15,Accesorios Deportivos,running,0,APPLY
Q22332,1,15,Accesorios Deportivos,running,0,APPLY
429852-041,1,15,Accesorios Deportivos,running,0,APPLY
487753-004,2,15,Accesorios Deportivos,running,0,APPLY
G41370,1,15,Accesorios Deportivos,running,0,APPLY
2711,1,15,Accesorios Deportivos,running,0,APPLY
U44360,1,15,Accesorios Deportivos,running,0,APPLY
U45431,1,15,Accesorios Deportivos,running,0,APPLY
V20282,1,15,Accesorios Deportivos,running,0,APPLY
V21546,1,15,Accesorios Deportivos,running,0,APPLY
V21564,1,15,Accesorios Deportivos,running,0,APPLY
V21705,1,15,Accesorios Deportivos,running,0,APPLY
V23004,1,15,Accesorios Deportivos,running,0,APPLY
V23393,1,15,Accesorios Deportivos,running,0,APPLY
V23511,1,15,Accesorios Deportivos,running,0,APPLY
V58338,1,15,Accesorios Deportivos,running,0,APPLY
454074-434,1,15,Accesorios Deportivos,running,0,APPLY
487304-001,1,15,Accesorios Deportivos,running,0,APPLY
487304-003,1,15,Accesorios Deportivos,running,0,APPLY
487304-040,1,15,Accesorios Deportivos,running,0,APPLY
487304-101,1,15,Accesorios Deportivos,running,0,APPLY
487339-010,1,15,Accesorios Deportivos,running,0,APPLY
525746-110,1,15,Accesorios Deportivos,running,0,APPLY
525746-400,1,15,Accesorios Deportivos,running,0,APPLY
8694,1,15,Accesorios Deportivos,running,0,APPLY
G46006,1,15,Accesorios Deportivos,running,0,APPLY
G46861,1,15,Accesorios Deportivos,running,0,APPLY
G46972,1,15,Accesorios Deportivos,running,0,APPLY
G41070,1,15,Accesorios Deportivos,running,0,APPLY
2874,1,15,Accesorios Deportivos,running,0,APPLY
185778 01,1,15,Accesorios Deportivos,running,0,APPLY
6013012,2,15,Accesorios Deportivos,running,0,APPLY
831533-001,2,1;15,Accesorios Deportivos,running,0,APPLY
831533-009,1,15,Accesorios Deportivos,running,0,APPLY
F5004,2,15,Accesorios Deportivos,running,0,APPLY
GE2011,2,15,Accesorios Deportivos,running,0,APPLY
WILWR8900801001,2,17,Accesorios Deportivos,tenis,0,APPLY
10010,5,90,Accesorios Deportivos,tenis,0,APPLY
1.80.06,2,17,Accesorios Deportivos,tenis,0,APPLY
K034-1,2,17,Accesorios Deportivos,"tenis,training",0,APPLY
WILWR5602100,2,17,Accesorios Deportivos,tenis,0,APPLY
MUNEQUERA VECTOR,6,17,Accesorios Deportivos,tenis,0,APPLY
SET BADMINTON,2,17,Accesorios Deportivos,tenis,0,APPLY
WILWR5600170,2,106,Accesorios Deportivos,tenis,0,APPLY
WILWRZ4014BK,2,17,Accesorios Deportivos,tenis,0,APPLY
18001,2,17,Accesorios Deportivos,tenis,0,APPLY
2.90.17,2,17,Accesorios Deportivos,tenis,0,APPLY
1.00.15,2,17,Accesorios Deportivos,tenis,0,APPLY
1.00.10,2,17,Accesorios Deportivos,tenis,0,APPLY
WILWRZ4014WH,2,17,Accesorios Deportivos,tenis,0,APPLY
MUNEQUERA PENALTY,4,17,Accesorios Deportivos,tenis,0,APPLY
C.00.01,2,17,Accesorios Deportivos,tenis,0,APPLY
C.00.04,2,17,Accesorios Deportivos,tenis,0,APPLY
C.00.06,2,17,Accesorios Deportivos,tenis,0,APPLY
MZ10,6,17,Accesorios Deportivos,tenis,0,APPLY
PALETERO,4,17,Accesorios Deportivos,tenis,0,APPLY
1.00.16,2,17,Accesorios Deportivos,tenis,0,APPLY
1.00.20,2,17,Accesorios Deportivos,tenis,0,APPLY
WILWRS328820U085,2,17,Accesorios Deportivos,tenis,0,APPLY
WILWR07341OU3,2,17,Accesorios Deportivos,tenis,0,APPLY
RED TENIS,8,17,Accesorios Deportivos,tenis,0,APPLY
2498,1,17,Accesorios Deportivos,tenis,0,APPLY
3506050000000,1,17,Accesorios Deportivos,tenis,0,APPLY
1.00.92,2,17,Accesorios Deportivos,tenis,0,APPLY
10015,3,17,Accesorios Deportivos,tenis,0,APPLY
10016,3,17,Accesorios Deportivos,tenis,0,APPLY
1008496218173,2,17,Accesorios Deportivos,tenis,0,APPLY
1008496253496,2,17,Accesorios Deportivos,tenis,0,APPLY
3978,1,17,Accesorios Deportivos,tenis,0,APPLY
3981,1,17,Accesorios Deportivos,tenis,0,APPLY
4013,6,17,Accesorios Deportivos,tenis,0,APPLY
4029,11,103,Accesorios Deportivos,tenis,0,APPLY
1032250,2,17,Accesorios Deportivos,"tenis,pingpong",0,APPLY
4260200000000,1,17,Accesorios Deportivos,tenis,0,APPLY
429638-108,1,17,Accesorios Deportivos,tenis,0,APPLY
1.60.21,2,17,Accesorios Deportivos,tenis,0,APPLY
1.60.22,2,17,Accesorios Deportivos,tenis,0,APPLY
10006,1,17,Accesorios Deportivos,tenis,0,APPLY
476,3,7;12;17,Accesorios Deportivos,tenis,0,APPLY
10017,1,17,Accesorios Deportivos,tenis,0,APPLY
10019,2,17;35,Accesorios Deportivos,tenis,0,APPLY
10020,1,17,Accesorios Deportivos,tenis,0,APPLY
488141-005,1,17,Accesorios Deportivos,tenis,0,APPLY
488141-105,1,17,Accesorios Deportivos,tenis,0,APPLY
488141-112,1,17,Accesorios Deportivos,tenis,0,APPLY
488141-115,1,17,Accesorios Deportivos,tenis,0,APPLY
488141-114,1,17,Accesorios Deportivos,tenis,0,APPLY
4894307,2,17,Accesorios Deportivos,tenis,0,APPLY
5042,1,17,Accesorios Deportivos,tenis,0,APPLY
5134,1,17,Accesorios Deportivos,tenis,0,APPLY
5132,1,17,Accesorios Deportivos,tenis,0,APPLY
5200,3,6;17;41,Accesorios Deportivos,tenis,0,APPLY
5202335020011,1,17,Accesorios Deportivos,tenis,0,APPLY
5202340000000,1,17,Accesorios Deportivos,tenis,0,APPLY
WILWR032721U2,2,17,Accesorios Deportivos,tenis,0,APPLY
WILWR067411U2,2,17,Accesorios Deportivos,tenis,0,APPLY
WILWR067421U2,2,17,Accesorios Deportivos,tenis,0,APPLY
WILWR105111U2,2,17,Accesorios Deportivos,tenis,0,APPLY
WILWR181611U2,2,17,Accesorios Deportivos,tenis,0,APPLY
WILWR181711U2,2,17,Accesorios Deportivos,tenis,0,APPLY
WILWR5600110,2,106,Accesorios Deportivos,tenis,0,APPLY
WILWR8204601001,2,17,Accesorios Deportivos,tenis,0,APPLY
WILWR8416301001,2,17,Accesorios Deportivos,tenis,0,APPLY
WILWRS328820U100,2,17,Accesorios Deportivos,tenis,0,APPLY
WILWRS328820U105,2,17,Accesorios Deportivos,tenis,0,APPLY
WILWRS330090U080,2,17,Accesorios Deportivos,tenis,0,APPLY
WILWRS330090U085,2,17,Accesorios Deportivos,tenis,0,APPLY
WILWRS330090U095,2,17,Accesorios Deportivos,tenis,0,APPLY
WILWRT1125000,2,17,Accesorios Deportivos,tenis,0,APPLY
WILWRT115000,2,17,Accesorios Deportivos,tenis,0,APPLY
WILWRT30160U3,2,17,Accesorios Deportivos,tenis,0,APPLY
WILWRTZ100101,2,17,Accesorios Deportivos,tenis,0,APPLY
WILWRTZ4014WH,2,17,Accesorios Deportivos,tenis,0,APPLY
WILWRTZ4202BK,2,17,Accesorios Deportivos,tenis,0,APPLY
WILWRZ401500,2,17,Accesorios Deportivos,tenis,0,APPLY
WILWTB1301XBNBA,2,17,Accesorios Deportivos,tenis,0,APPLY
WOLWRS328820U095,2,17,Accesorios Deportivos,tenis,0,APPLY
YOTB-TR400000,2,17,Accesorios Deportivos,tenis,0,APPLY
YU77632,1,17,Accesorios Deportivos,tenis,0,APPLY
YU77651,1,17,Accesorios Deportivos,tenis,0,APPLY
ZAACGR02RE,1,17,Accesorios Deportivos,tenis,0,APPLY
5482,1,17,Accesorios Deportivos,tenis,0,APPLY
5799,1,17,Accesorios Deportivos,tenis,0,APPLY
5947,1,17,Accesorios Deportivos,tenis,0,APPLY
WILWR199310U3,2,17,Accesorios Deportivos,tenis,0,APPLY
1112,2,106,Accesorios Deportivos,tenis,0,APPLY
6234,1,17,Accesorios Deportivos,tenis,0,APPLY
6751,1,17,Accesorios Deportivos,tenis,0,APPLY
6768,1,17,Accesorios Deportivos,tenis,0,APPLY
6946,1,17,Accesorios Deportivos,tenis,0,APPLY
7060,1,17,Accesorios Deportivos,tenis,0,APPLY
7310,1,17,Accesorios Deportivos,tenis,0,APPLY
7883,1,17,Accesorios Deportivos,tenis,0,APPLY
7964,1,17,Accesorios Deportivos,tenis,0,APPLY
7968,1,17,Accesorios Deportivos,tenis,0,APPLY
8006,1,17,Accesorios Deportivos,tenis,0,APPLY
8071,1,17,Accesorios Deportivos,tenis,0,APPLY
827,1,17,Accesorios Deportivos,tenis,0,APPLY
16008,1,17,Accesorios Deportivos,tenis,0,APPLY
16006,2,17,Accesorios Deportivos,tenis,0,APPLY
16020,1,17,Accesorios Deportivos,tenis,0,APPLY
9637,1,17,Accesorios Deportivos,tenis,0,APPLY
9638,2,14;17,Accesorios Deportivos,tenis,0,APPLY
9932,1,17,Accesorios Deportivos,tenis,0,APPLY
ST12105618010,2,17,Accesorios Deportivos,tenis,0,APPLY
18000,4,17,Accesorios Deportivos,tenis,0,APPLY
18004,6,17,Accesorios Deportivos,tenis,0,APPLY
DSHB02,1,17,Accesorios Deportivos,tenis,0,APPLY
DU37952,5,17,Accesorios Deportivos,tenis,0,APPLY
DUTEACPLE,2,17,Accesorios Deportivos,tenis,0,APPLY
DUTEKIF17JNR25,2,17,Accesorios Deportivos,tenis,0,APPLY
19000,2,17,Accesorios Deportivos,tenis,0,APPLY
190002,2,17,Accesorios Deportivos,tenis,0,APPLY
F32346,1,17,Accesorios Deportivos,tenis,0,APPLY
19532,2,17,Accesorios Deportivos,tenis,0,APPLY
19515,5,106,Accesorios Deportivos,tenis,0,APPLY
19533,2,17,Accesorios Deportivos,tenis,0,APPLY
14009,1,17,Accesorios Deportivos,tenis,0,APPLY
G41045,1,17,Accesorios Deportivos,tenis,0,APPLY
G45562,2,1;17,Accesorios Deportivos,tenis,0,APPLY
14030,1,17,Accesorios Deportivos,tenis,0,APPLY
14047,2,1;17,Accesorios Deportivos,tenis,0,APPLY
21014,2,17,Accesorios Deportivos,tenis,0,APPLY
MASTER,2,17,Accesorios Deportivos,tenis,0,APPLY
NA OPMT,1,17,Accesorios Deportivos,tenis,0,APPLY
PRININIRE01,1,17,Accesorios Deportivos,tenis,0,APPLY
PRTE,1,17,Accesorios Deportivos,tenis,0,APPLY
7301,1,17,Accesorios Deportivos,tenis,0,APPLY
Q35129,1,17,Accesorios Deportivos,tenis,0,APPLY
RAQUETA,1,17,Accesorios Deportivos,tenis,0,APPLY
RAQUETA RAFAEL,1,17,Accesorios Deportivos,tenis,0,APPLY
RED FUT,1,17,Accesorios Deportivos,tenis,0,APPLY
ROOKIE,4,17,Accesorios Deportivos,tenis,0,APPLY
TARRO P/TENIS,1,17,Accesorios Deportivos,tenis,0,APPLY
V24660,1,17,Accesorios Deportivos,tenis,0,APPLY
Z0020,1,17,Accesorios Deportivos,tenis,0,APPLY
5240,1,17,Accesorios Deportivos,tenis,0,APPLY
7306,1,17,Accesorios Deportivos,tenis,0,APPLY
14016,1,17,Accesorios Deportivos,tenis,0,APPLY
G41056,1,17,Accesorios Deportivos,tenis,0,APPLY
G41058,1,17,Accesorios Deportivos,tenis,0,APPLY
U42113,1,17,Accesorios Deportivos,tenis,0,APPLY
8153,1,17,Accesorios Deportivos,tenis,0,APPLY
52084000000000,1,17,Accesorios Deportivos,tenis,0,APPLY
532281002,2,17,Accesorios Deportivos,tenis,0,APPLY
532406002,2,17,Accesorios Deportivos,tenis,0,APPLY
532418002,2,17,Accesorios Deportivos,tenis,0,APPLY
534013002,2,17,Accesorios Deportivos,tenis,0,APPLY
8.40.01,3,17,Accesorios Deportivos,tenis,0,APPLY
80000,4,17;45,Accesorios Deportivos,"tenis,pingpong",0,APPLY
80001,4,17;45,Accesorios Deportivos,"tenis,pingpong",0,APPLY
CF6277,2,17,Accesorios Deportivos,tenis,0,APPLY
DSCHALLENGER,2,17,Accesorios Deportivos,tenis,0,APPLY
DSDP244004000,2,17,Accesorios Deportivos,tenis,0,APPLY
DSDP264004000,2,17,Accesorios Deportivos,tenis,0,APPLY
DSKIWOKO,2,17,Accesorios Deportivos,tenis,0,APPLY
DSNET1,1,17,Accesorios Deportivos,tenis,0,APPLY
DSP104,1,17,Accesorios Deportivos,tenis,0,APPLY
DU37872,2,17,Accesorios Deportivos,tenis,0,APPLY
DU37932,2,17,Accesorios Deportivos,tenis,0,APPLY
DU37933,1,17,Accesorios Deportivos,tenis,0,APPLY
DU37947,2,17,Accesorios Deportivos,tenis,0,APPLY
DU37949,2,17,Accesorios Deportivos,tenis,0,APPLY
DU37951,2,17,Accesorios Deportivos,tenis,0,APPLY
DUTEACPLE1,1,17,Accesorios Deportivos,tenis,0,APPLY
DUTERAF,1,17,Accesorios Deportivos,tenis,0,APPLY
ER053N,1,17,Accesorios Deportivos,tenis,0,APPLY
M.00.20,2,17,Accesorios Deportivos,tenis,0,APPLY
M.00.22,2,17,Accesorios Deportivos,tenis,0,APPLY
M2050,3,17,Accesorios Deportivos,tenis,0,APPLY
MA36472,1,17,Accesorios Deportivos,tenis,0,APPLY
MA37229,1,17,Accesorios Deportivos,tenis,0,APPLY
MESA PING PONG-1,2,17,Accesorios Deportivos,tenis,0,APPLY
MSFTTAFHG,3,17,Accesorios Deportivos,tenis,0,APPLY
MSFTTAFHG1,3,17,Accesorios Deportivos,tenis,0,APPLY
NA1401,3,106,Accesorios Deportivos,tenis,0,APPLY
PALA PADEL CHUCAO,2,17,Accesorios Deportivos,tenis,0,APPLY
PALA PADEL MARTIN PESCADOR,2,17,Accesorios Deportivos,tenis,0,APPLY
PELOTA PADEL,2,17,Accesorios Deportivos,tenis,0,APPLY
PKKS02-900000,2,17,Accesorios Deportivos,tenis,0,APPLY
PR01001240000,2,17,Accesorios Deportivos,tenis,0,APPLY
PR0100125,2,17,Accesorios Deportivos,tenis,0,APPLY
PR01001250000,2,17,Accesorios Deportivos,tenis,0,APPLY
PR7H76802,2,17,Accesorios Deportivos,tenis,0,APPLY
PR7H76828,2,17,Accesorios Deportivos,tenis,0,APPLY
PRACACGR09BK,2,17,Accesorios Deportivos,tenis,0,APPLY
PRACACGR09WH,2,17,Accesorios Deportivos,tenis,0,APPLY
PRACPE,2,17,Accesorios Deportivos,tenis,0,APPLY
PRTEAL,1,17,Accesorios Deportivos,tenis,0,APPLY
PRTEAL173/8,1,17,Accesorios Deportivos,tenis,0,APPLY
SET PELOTA TENNIS,2,17,Accesorios Deportivos,tenis,0,APPLY
ST12105718010,2,17,Accesorios Deportivos,tenis,0,APPLY
ST12105818010,2,17,Accesorios Deportivos,tenis,0,APPLY
ST12115918010,2,17,Accesorios Deportivos,tenis,0,APPLY
ST12126218010,2,17,Accesorios Deportivos,tenis,0,APPLY
ST121322117010,2,17,Accesorios Deportivos,tenis,0,APPLY
STT052,2,17,Accesorios Deportivos,tenis,0,APPLY
VIO9544,2,17,Accesorios Deportivos,tenis,0,APPLY
2.10.06,2,16,Accesorios Deportivos,training,0,APPLY
PETOE,10,16,Accesorios Deportivos,training,0,APPLY
ULA60,2,50,Accesorios Deportivos,training,0,APPLY
VIS-62242,4,16,Accesorios Deportivos,training,0,APPLY
ULA70,2,50,Accesorios Deportivos,training,0,APPLY
2.90.14,2,16,Accesorios Deportivos,training,0,APPLY
601063430,2,16,Accesorios Deportivos,training,0,APPLY
2-HY851,2,16,Accesorios Deportivos,training,0,APPLY
HRS-PR19,5,16,Accesorios Deportivos,training,0,APPLY
895,2,98,Accesorios Deportivos,training,0,APPLY
5.20.09,2,16,Accesorios Deportivos,training,0,APPLY
8-ON0150,2,41,Accesorios Deportivos,training,0,APPLY
2.10.21,3,16,Accesorios Deportivos,training,0,APPLY
1.80.04,2,16,Accesorios Deportivos,training,0,APPLY
VALLA SALTO,6,16;41;50,Accesorios Deportivos,training,0,APPLY
MANGA VOLEY,4,50,Accesorios Deportivos,"training,voley",0,APPLY
8-CONO12,2,16,Accesorios Deportivos,training,0,APPLY
D-PX-283313,3,16,Accesorios Deportivos,training,0,APPLY
CLICK ESTACA,2,50,Accesorios Deportivos,training,0,APPLY
5.20.08,2,16,Accesorios Deportivos,training,0,APPLY
D-MD-457323,2,16,Accesorios Deportivos,training,0,APPLY
9-5010E,2,41,Accesorios Deportivos,training,0,APPLY
F-T-46639,2,50,Accesorios Deportivos,training,0,APPLY
2.90.32,3,16,Accesorios Deportivos,training,0,APPLY
PA97164,2,50,Accesorios Deportivos,training,0,APPLY
6-ON05,2,41,Accesorios Deportivos,training,0,APPLY
VIS-61791,3,41;63,Accesorios Deportivos,training,0,APPLY
ALMOHADILLA BALANCE,3,16,Accesorios Deportivos,training,0,APPLY
HRS-PR13,2,16,Accesorios Deportivos,training,0,APPLY
7-ON010,2,41,Accesorios Deportivos,training,0,APPLY
PA97003,2,41,Accesorios Deportivos,training,0,APPLY
5202200183056,2,106,Accesorios Deportivos,training,0,APPLY
D-PX-329674,3,16,Accesorios Deportivos,training,0,APPLY
KFEP-NLR 22MM,3,16,Accesorios Deportivos,training,0,APPLY
6013E2HOGAR,2,16,Accesorios Deportivos,training,0,APPLY
CONO 12,2,41,Accesorios Deportivos,training,0,APPLY
601063010,2,16,Accesorios Deportivos,training,0,APPLY
6013E1HOGAR,2,16,Accesorios Deportivos,training,0,APPLY
MK-809,2,16,Accesorios Deportivos,training,0,APPLY
MK-809 1METRO,2,16,Accesorios Deportivos,training,0,APPLY
9.90.00,2,16,Accesorios Deportivos,training,0,APPLY
VIS-60498,4,50,Accesorios Deportivos,training,0,APPLY
9.55.50,3,108,Accesorios Deportivos,training,0,APPLY
601062905,2,16,Accesorios Deportivos,training,0,APPLY
MK-856,2,16,Accesorios Deportivos,training,0,APPLY
RD-4D,3,50,Accesorios Deportivos,training,0,APPLY
VR-2661,2,16,Accesorios Deportivos,training,0,APPLY
3-OG010,2,41,Accesorios Deportivos,training,0,APPLY
5202200173255,2,106,Accesorios Deportivos,training,0,APPLY
0406341909,2,16,Accesorios Deportivos,"training,basket",0,APPLY
8.00.60,2,16,Accesorios Deportivos,training,0,APPLY
MAT YOGA,3,16,Accesorios Deportivos,training,0,APPLY
MSFSTRAP,2,41,Accesorios Deportivos,training,0,APPLY
MK-806,2,16,Accesorios Deportivos,training,0,APPLY
601062901,2,16,Accesorios Deportivos,training,0,APPLY
601062906,2,16,Accesorios Deportivos,training,0,APPLY
848049031797,2,50,Accesorios Deportivos,training,0,APPLY
BASE ESTACA AGILIDAD GOMA,2,50,Accesorios Deportivos,training,0,APPLY
HRS-W 01,2,106,Accesorios Deportivos,training,0,APPLY
PA3314,3,50,Accesorios Deportivos,training,0,APPLY
5202200183650,2,106,Accesorios Deportivos,training,0,APPLY
1286016-716,2,16,Accesorios Deportivos,training,0,APPLY
5208903006029,2,16,Accesorios Deportivos,training,0,APPLY
601062900,2,16,Accesorios Deportivos,training,0,APPLY
D-RB-227110,2,16,Accesorios Deportivos,"training,futbol",0,APPLY
F-MT-530697,4,16,Accesorios Deportivos,training,0,APPLY
F.50.07,3,16,Accesorios Deportivos,training,0,APPLY
1.80.11,2,16,Accesorios Deportivos,training,0,APPLY
10-ON025,2,41,Accesorios Deportivos,training,0,APPLY
MK-856 30CM,3,16,Accesorios Deportivos,training,0,APPLY
F-CL-990543,2,16,Accesorios Deportivos,training,0,APPLY
HAND GRIP MARCADOR,2,16,Accesorios Deportivos,training,0,APPLY
HRS-PR18,3,16,Accesorios Deportivos,training,0,APPLY
601063014,2,16,Accesorios Deportivos,training,0,APPLY
SY208-22,6,50,Accesorios Deportivos,training,0,APPLY
5.10.41NP,2,16,Accesorios Deportivos,"training,natacion",0,APPLY
5.10.41BZ,2,16,Accesorios Deportivos,"training,natacion",0,APPLY
CONO 9,2,41,Accesorios Deportivos,training,0,APPLY
7807998005210,2,16,Accesorios Deportivos,training,0,APPLY
MANGA VOLEY KAS,2,50,Accesorios Deportivos,"training,voley",0,APPLY
MSFME,2,41,Accesorios Deportivos,training,0,APPLY
SY208-32,4,50,Accesorios Deportivos,training,0,APPLY
0201163920,2,41,Accesorios Deportivos,training,0,APPLY
TD-RC-399843,3,16,Accesorios Deportivos,training,0,APPLY
HRS-PR11,2,50,Accesorios Deportivos,training,0,APPLY
F-SC-225165,2,16,Accesorios Deportivos,training,0,APPLY
CONO 8 CM,2,16,Accesorios Deportivos,training,0,APPLY
CONOS LENTEJA TRIANGU,2,16,Accesorios Deportivos,training,0,APPLY
DEPFUTACC314,2,16,Accesorios Deportivos,training,0,APPLY
VIS-62206,2,50,Accesorios Deportivos,training,0,APPLY
602382102,2,16,Accesorios Deportivos,training,0,APPLY
885652010665,2,16,Accesorios Deportivos,training,0,APPLY
BASTON TRECKING PRO,2,50,Accesorios Deportivos,training,0,APPLY
D-B6-373408,2,16,Accesorios Deportivos,training,0,APPLY
E-RF-310945,2,16,Accesorios Deportivos,training,0,APPLY
F.40.05,2,16,Accesorios Deportivos,training,0,APPLY
IR97742,2,16,Accesorios Deportivos,training,0,APPLY
KFEP-HRB,3,16,Accesorios Deportivos,training,0,APPLY
P3-1,2,16,Accesorios Deportivos,training,0,APPLY
3-MR08,2,41,Accesorios Deportivos,training,0,APPLY
3204020529016,2,50,Accesorios Deportivos,training,0,APPLY
5202200183254,2,106,Accesorios Deportivos,training,0,APPLY
ASIENTO GEL,4,50,Accesorios Deportivos,training,0,APPLY
RUEDA ABS ECO,2,16,Accesorios Deportivos,training,0,APPLY
PIZARRA MAGNETICA,2,16,Accesorios Deportivos,training,0,APPLY
5208902816018,2,16,Accesorios Deportivos,training,0,APPLY
60137086,3,16,Accesorios Deportivos,training,0,APPLY
7807998985001,2,16,Accesorios Deportivos,training,0,APPLY
CINTO YOGA,2,41,Accesorios Deportivos,training,0,APPLY
D-PX-164498,2,16,Accesorios Deportivos,training,0,APPLY
F-SD-422880,2,16,Accesorios Deportivos,training,0,APPLY
HRS-PR12,2,106,Accesorios Deportivos,training,0,APPLY
LADRILLO YOGA,4,16;50,Accesorios Deportivos,training,0,APPLY
OSFM-23052,2,16,Accesorios Deportivos,"training,artesm",0,APPLY
SG GP00,3,41,Accesorios Deportivos,training,0,APPLY
VIS-61099,3,41,Accesorios Deportivos,training,0,APPLY
32MA,2,16,Accesorios Deportivos,training,0,APPLY
R-RB-12396,2,16,Accesorios Deportivos,"training,futbol",0,APPLY
9-CONO15,2,16,Accesorios Deportivos,training,0,APPLY
D-MD-342615,3,16,Accesorios Deportivos,training,0,APPLY
5208891167016,2,50,Accesorios Deportivos,training,0,APPLY
60131125,2,16,Accesorios Deportivos,training,0,APPLY
6013416,2,16,Accesorios Deportivos,training,0,APPLY
CONO 32CM,2,16,Accesorios Deportivos,training,0,APPLY
CONO12,2,41,Accesorios Deportivos,training,0,APPLY
D-FR-71415,2,16,Accesorios Deportivos,training,0,APPLY
D-RB-990426,3,16,Accesorios Deportivos,"training,basket",0,APPLY
F.50.04,2,16,Accesorios Deportivos,training,0,APPLY
MK-812,2,16,Accesorios Deportivos,training,0,APPLY
MUUK2216,2,41,Accesorios Deportivos,training,0,APPLY
TRX,2,16,Accesorios Deportivos,training,0,APPLY
3204021543011,2,50,Accesorios Deportivos,training,0,APPLY
5046013,2,16,Accesorios Deportivos,training,0,APPLY
YOGA MAT 6MM,2,50,Accesorios Deportivos,training,0,APPLY
C25,3,41,Accesorios Deportivos,training,0,APPLY
SET CONOS 23 CM,2,16,Accesorios Deportivos,training,0,APPLY
VIS-60472,2,50,Accesorios Deportivos,training,0,APPLY
D-RC-743446,2,16,Accesorios Deportivos,training,0,APPLY
8.00.00,3,16,Accesorios Deportivos,training,0,APPLY
8.00.01,3,16,Accesorios Deportivos,training,0,APPLY
8.00.02,3,16,Accesorios Deportivos,training,0,APPLY
8.00.03,3,16,Accesorios Deportivos,training,0,APPLY
880919436954,3,16,Accesorios Deportivos,training,0,APPLY
ARPES01160,2,41,Accesorios Deportivos,training,0,APPLY
B073,2,16,Accesorios Deportivos,"training,basket",0,APPLY
BASTON TRECKING ECO,2,50,Accesorios Deportivos,training,0,APPLY
F.10.02,3,50,Accesorios Deportivos,training,0,APPLY
KFEP-NLR 32MM,3,16,Accesorios Deportivos,training,0,APPLY
SET CONGA,2,16,Accesorios Deportivos,training,0,APPLY
SISTEMA SUSPENSION,2,16,Accesorios Deportivos,training,0,APPLY
VALLA 4 NIVEL,2,41,Accesorios Deportivos,training,0,APPLY
1-B073,2,16,Accesorios Deportivos,"training,basket",0,APPLY
5.10.17,2,16,Accesorios Deportivos,training,0,APPLY
CALIPER,5,7;41,Accesorios Deportivos,training,0,APPLY
E-RF-281644,2,16,Accesorios Deportivos,training,0,APPLY
F.30.56,3,50,Accesorios Deportivos,training,0,APPLY
2-OG0150,2,41,Accesorios Deportivos,training,0,APPLY
MUUK3572,2,41,Accesorios Deportivos,training,0,APPLY
601317085,2,16,Accesorios Deportivos,training,0,APPLY
6013241,2,16,Accesorios Deportivos,training,0,APPLY
601358912,2,16,Accesorios Deportivos,training,0,APPLY
620584504864,2,50,Accesorios Deportivos,training,0,APPLY
9-ON020,2,41,Accesorios Deportivos,training,0,APPLY
ARM BLASTER,2,41,Accesorios Deportivos,training,0,APPLY
CARRO PORTA BALON,2,16,Accesorios Deportivos,training,0,APPLY
CHALECO PESO 10KG,2,41,Accesorios Deportivos,training,0,APPLY
CUERDA ONDA,2,16,Accesorios Deportivos,training,0,APPLY
CUERDA TREPAR,2,16,Accesorios Deportivos,training,0,APPLY
D-RV-809172,2,16,Accesorios Deportivos,training,0,APPLY
ESCALERA 4MT,2,41,Accesorios Deportivos,training,0,APPLY
ESTACAS DE AGILIDAD,2,50,Accesorios Deportivos,training,0,APPLY
HRS-PR 09,2,50,Accesorios Deportivos,training,0,APPLY
J.00.10,2,16,Accesorios Deportivos,training,0,APPLY
MANCUERNA2KG,2,16,Accesorios Deportivos,training,0,APPLY
PRES1,2,16,Accesorios Deportivos,training,0,APPLY
RED TENIS FUTBOL,2,16,Accesorios Deportivos,training,0,APPLY
009283612344,2,50,Accesorios Deportivos,training,0,APPLY
450409080088,3,16,Accesorios Deportivos,training,0,APPLY
450409490085,3,16,Accesorios Deportivos,training,0,APPLY
5202200173057,3,106,Accesorios Deportivos,training,0,APPLY
AT-SE,3,16,Accesorios Deportivos,training,0,APPLY
60137085,2,16,Accesorios Deportivos,training,0,APPLY
BALON1,2,41,Accesorios Deportivos,training,0,APPLY
1286016-698,2,16,Accesorios Deportivos,training,0,APPLY
2.10.12,3,16,Accesorios Deportivos,training,0,APPLY
REBOTADOR,2,50,Accesorios Deportivos,training,0,APPLY
VIS-61172,5,50,Accesorios Deportivos,training,0,APPLY
4-PH910,6,1;16,Accesorios Deportivos,training,0,APPLY
601347,2,16,Accesorios Deportivos,training,0,APPLY
ARNES DE CABEZA,2,50,Accesorios Deportivos,training,0,APPLY
CINTILLO KASUP,2,106,Accesorios Deportivos,training,0,APPLY
CUENTA PASOS,2,41,Accesorios Deportivos,training,0,APPLY
D-RF-491319,2,16,Accesorios Deportivos,training,0,APPLY
DEPBASARO063,4,16;25,Accesorios Deportivos,"training,basket",0,APPLY
ESCALERA,2,41,Accesorios Deportivos,training,0,APPLY
ESTACAS AGILIDAD,2,50,Accesorios Deportivos,training,0,APPLY
F.30.45,3,50,Accesorios Deportivos,training,0,APPLY
F.30.54,2,50,Accesorios Deportivos,training,0,APPLY
FIN03,2,41,Accesorios Deportivos,training,0,APPLY
PA97403-58,2,50,Accesorios Deportivos,training,0,APPLY
POWER BAND,4,50,Accesorios Deportivos,training,0,APPLY
PR-11,2,16,Accesorios Deportivos,training,0,APPLY
PUSH UP801,2,16,Accesorios Deportivos,training,0,APPLY
RED DE PRESICION,2,41,Accesorios Deportivos,training,0,APPLY
SACO ARRASTRE,2,16,Accesorios Deportivos,"training,boxeo",0,APPLY
SE 7633,2,41,Accesorios Deportivos,training,0,APPLY
STEPS,2,50,Accesorios Deportivos,training,0,APPLY
218003,2,16,Accesorios Deportivos,training,0,APPLY
1-M12001,2,41,Accesorios Deportivos,training,0,APPLY
1-OG025,2,41,Accesorios Deportivos,training,0,APPLY
1-P88,2,16,Accesorios Deportivos,training,0,APPLY
1-PA97742,3,16,Accesorios Deportivos,training,0,APPLY
1-PB173,3,16;41,Accesorios Deportivos,training,0,APPLY
VR-2516,2,103,Accesorios Deportivos,training,0,APPLY
VR-2517,2,103,Accesorios Deportivos,training,0,APPLY
2321,1,50,Accesorios Deportivos,training,0,APPLY
2359,2,111,Accesorios Deportivos,training,0,APPLY
2366,1,111,Accesorios Deportivos,training,0,APPLY
2370,1,50,Accesorios Deportivos,training,0,APPLY
2373,2,111,Accesorios Deportivos,training,0,APPLY
2569600,1,41,Accesorios Deportivos,training,0,APPLY
VX-SKT714,3,50,Accesorios Deportivos,training,0,APPLY
VX-SKT714 1,2,50,Accesorios Deportivos,training,0,APPLY
VX-SKT714 2,2,50,Accesorios Deportivos,training,0,APPLY
VX-SKT714 3,2,50,Accesorios Deportivos,training,0,APPLY
0092835854419,2,16,Accesorios Deportivos,training,0,APPLY
009283585709,2,16,Accesorios Deportivos,training,0,APPLY
009283585716,3,16,Accesorios Deportivos,training,0,APPLY
29039,3,41,Accesorios Deportivos,training,0,APPLY
2947,1,50,Accesorios Deportivos,training,0,APPLY
2950,1,99,Accesorios Deportivos,training,0,APPLY
3-32MA,2,16,Accesorios Deportivos,training,0,APPLY
3-PR2015,2,16,Accesorios Deportivos,training,0,APPLY
B23852,1,16,Accesorios Deportivos,training,0,APPLY
3202010000000,1,41,Accesorios Deportivos,"training,futbol",0,APPLY
009283612351,2,50,Accesorios Deportivos,training,0,APPLY
V63355,1,16,Accesorios Deportivos,training,0,APPLY
345007-010,1,16,Accesorios Deportivos,training,0,APPLY
345007-111,1,16,Accesorios Deportivos,training,0,APPLY
02-PR2015,2,16,Accesorios Deportivos,training,0,APPLY
0201243099,2,50,Accesorios Deportivos,"training,basket",0,APPLY
0201243199,2,50,Accesorios Deportivos,"training,basket",0,APPLY
3502051126137,2,16,Accesorios Deportivos,training,0,APPLY
1.80.12,2,16,Accesorios Deportivos,training,0,APPLY
369SPR-312,1,41,Accesorios Deportivos,training,0,APPLY
395822-010,1,16,Accesorios Deportivos,training,0,APPLY
395822-111,1,16,Accesorios Deportivos,training,0,APPLY
395822-200,1,16,Accesorios Deportivos,training,0,APPLY
4-JG9110,2,16,Accesorios Deportivos,"training,natacion",0,APPLY
4-MR10,2,41,Accesorios Deportivos,training,0,APPLY
4-TRX3,2,16,Accesorios Deportivos,training,0,APPLY
0299020299,2,50,Accesorios Deportivos,training,0,APPLY
0299030399,2,50,Accesorios Deportivos,training,0,APPLY
406260299,2,16,Accesorios Deportivos,training,0,APPLY
406272699,2,16,Accesorios Deportivos,training,0,APPLY
0406236117,2,41,Accesorios Deportivos,training,0,APPLY
0406371901,2,50,Accesorios Deportivos,training,0,APPLY
416PETL79,1,41,Accesorios Deportivos,training,0,APPLY
145879,1,41,Accesorios Deportivos,training,0,APPLY
432148-100,1,16,Accesorios Deportivos,training,0,APPLY
432148-105,1,16,Accesorios Deportivos,training,0,APPLY
443917-070,3,1;16,Accesorios Deportivos,training,0,APPLY
443917-402,1,16,Accesorios Deportivos,training,0,APPLY
10-BL15115,2,41,Accesorios Deportivos,training,0,APPLY
4504090,1,111,Accesorios Deportivos,training,0,APPLY
450409120081,3,16,Accesorios Deportivos,training,0,APPLY
450409140089,3,16,Accesorios Deportivos,training,0,APPLY
450409210089,3,16,Accesorios Deportivos,training,0,APPLY
450409500081,3,16,Accesorios Deportivos,training,0,APPLY
4511113001014,2,50,Accesorios Deportivos,training,0,APPLY
4512605033865,3,16,Accesorios Deportivos,training,0,APPLY
4512619034872,2,50,Accesorios Deportivos,training,0,APPLY
4512620033840,6,50,Accesorios Deportivos,training,0,APPLY
4512631033839,2,50,Accesorios Deportivos,training,0,APPLY
4512633034889,2,50,Accesorios Deportivos,training,0,APPLY
451309789932,1,41,Accesorios Deportivos,training,0,APPLY
451310000000,2,41,Accesorios Deportivos,training,0,APPLY
454124-006,1,16,Accesorios Deportivos,training,0,APPLY
454125-001,1,16,Accesorios Deportivos,training,0,APPLY
454125-100,1,16,Accesorios Deportivos,training,0,APPLY
454125-103,1,16,Accesorios Deportivos,training,0,APPLY
10-WA702-XL,2,16,Accesorios Deportivos,"training,natacion",0,APPLY
459447-101,1,16,Accesorios Deportivos,training,0,APPLY
472640-101,1,50,Accesorios Deportivos,training,0,APPLY
472640-104,1,50,Accesorios Deportivos,training,0,APPLY
4811,1,41,Accesorios Deportivos,training,0,APPLY
48115000,1,41,Accesorios Deportivos,training,0,APPLY
4817,1,50,Accesorios Deportivos,training,0,APPLY
488004-011,1,16,Accesorios Deportivos,training,0,APPLY
488004-012,1,16,Accesorios Deportivos,training,0,APPLY
488004-013,1,16,Accesorios Deportivos,training,0,APPLY
488004-014,1,16,Accesorios Deportivos,training,0,APPLY
488004-100,1,16,Accesorios Deportivos,training,0,APPLY
488004-104,1,16,Accesorios Deportivos,training,0,APPLY
488111-102,2,16,Accesorios Deportivos,training,0,APPLY
488111-105,1,16,Accesorios Deportivos,training,0,APPLY
49005,2,16,Accesorios Deportivos,training,0,APPLY
5-CB12,2,16,Accesorios Deportivos,training,0,APPLY
5-MC806,2,16,Accesorios Deportivos,"training,natacion",0,APPLY
5-MR15,2,41,Accesorios Deportivos,training,0,APPLY
5-OG020,2,41,Accesorios Deportivos,training,0,APPLY
5-PR2011,2,16,Accesorios Deportivos,training,0,APPLY
5.10.25,2,16,Accesorios Deportivos,"training,natacion",0,APPLY
5.10.27,2,16,Accesorios Deportivos,"training,natacion",0,APPLY
5.10.41NL,2,16,Accesorios Deportivos,"training,natacion",0,APPLY
5.10.18,2,16,Accesorios Deportivos,training,0,APPLY
5.10.41NN,2,16,Accesorios Deportivos,"training,natacion",0,APPLY
5.10.54,2,50,Accesorios Deportivos,training,0,APPLY
5.20.13,2,16,Accesorios Deportivos,training,0,APPLY
5.20.15,2,16,Accesorios Deportivos,training,0,APPLY
5202200173156,3,106,Accesorios Deportivos,training,0,APPLY
52053206,2,50,Accesorios Deportivos,training,0,APPLY
520532061,1,50,Accesorios Deportivos,training,0,APPLY
WELL BALL 10KG,3,16,Accesorios Deportivos,training,0,APPLY
520820,1,106,Accesorios Deportivos,training,0,APPLY
XSF4008,2,41,Accesorios Deportivos,training,0,APPLY
XSF7008,2,41,Accesorios Deportivos,training,0,APPLY
XSF8008,2,41,Accesorios Deportivos,training,0,APPLY
XSF9008,2,41,Accesorios Deportivos,training,0,APPLY
YT-3146S2P,1,41,Accesorios Deportivos,training,0,APPLY
BASCULA,2,50,Accesorios Deportivos,training,0,APPLY
59440000,1,41,Accesorios Deportivos,training,0,APPLY
009283546069,2,16,Accesorios Deportivos,training,0,APPLY
VIS-61217,3,36;50,Accesorios Deportivos,training,0,APPLY
600092,1,41,Accesorios Deportivos,training,0,APPLY
5202200183155,2,106,Accesorios Deportivos,training,0,APPLY
1399,1,50,Accesorios Deportivos,training,0,APPLY
700028,1,41,Accesorios Deportivos,training,0,APPLY
8052,1,41,Accesorios Deportivos,training,0,APPLY
155SA-008,1,41,Accesorios Deportivos,training,0,APPLY
90266,1,16,Accesorios Deportivos,"training,basket",0,APPLY
91055,2,16,Accesorios Deportivos,"training,basket",0,APPLY
9487,1,50,Accesorios Deportivos,training,0,APPLY
1212,1,50,Accesorios Deportivos,training,0,APPLY
9600R1,1,41,Accesorios Deportivos,training,0,APPLY
9805,1,41,Accesorios Deportivos,training,0,APPLY
9841077,1,16,Accesorios Deportivos,"training,basket",0,APPLY
MSPLTFAM-11,2,16,Accesorios Deportivos,training,0,APPLY
9857,2,9;41,Accesorios Deportivos,training,0,APPLY
9994,1,16,Accesorios Deportivos,"training,basket",0,APPLY
1634089228857,2,16,Accesorios Deportivos,training,0,APPLY
PALETA XSF 3008,3,45;50,Accesorios Deportivos,training,0,APPLY
PALETA XSF 4008,3,45;50,Accesorios Deportivos,training,0,APPLY
1216664-001,1,98,Accesorios Deportivos,training,0,APPLY
ARDES01022,1,41,Accesorios Deportivos,training,0,APPLY
ARDES08121,1,41,Accesorios Deportivos,training,0,APPLY
ARPES01061,1,41,Accesorios Deportivos,training,0,APPLY
ARPES01230,2,41,Accesorios Deportivos,training,0,APPLY
1228539-001,1,100,Accesorios Deportivos,training,0,APPLY
B35284,3,16,Accesorios Deportivos,training,0,APPLY
171071,1,16,Accesorios Deportivos,"training,basket",0,APPLY
BAL,1,41,Accesorios Deportivos,training,0,APPLY
BALON2,4,41,Accesorios Deportivos,training,0,APPLY
BALON3,2,41,Accesorios Deportivos,training,0,APPLY
BANCA CURVA,1,41,Accesorios Deportivos,training,0,APPLY
BANCA STD,1,41,Accesorios Deportivos,training,0,APPLY
BANDA CIRCULAR,2,50,Accesorios Deportivos,training,0,APPLY
BASTON,1,41,Accesorios Deportivos,training,0,APPLY
BOX PU 120,3,16,Accesorios Deportivos,"training,boxeo",0,APPLY
1276990-100,2,106,Accesorios Deportivos,training,0,APPLY
1286016-767,2,16,Accesorios Deportivos,training,0,APPLY
1214130-100,2,50,Accesorios Deportivos,training,0,APPLY
037000BK,1,41,Accesorios Deportivos,training,0,APPLY
0406233017,3,41,Accesorios Deportivos,training,0,APPLY
0406235617,2,41,Accesorios Deportivos,training,0,APPLY
DMX-6000,2,50,Accesorios Deportivos,training,0,APPLY
F3025,2,16,Accesorios Deportivos,training,0,APPLY
F4000,4,41,Accesorios Deportivos,training,0,APPLY
F5000,4,16,Accesorios Deportivos,training,0,APPLY
1995,2,41,Accesorios Deportivos,training,0,APPLY
FN1636-EG,1,41,Accesorios Deportivos,training,0,APPLY
FN27501,1,41,Accesorios Deportivos,training,0,APPLY
FN69805,1,41,Accesorios Deportivos,training,0,APPLY
FN69859,1,41,Accesorios Deportivos,training,0,APPLY
G40552,1,16,Accesorios Deportivos,training,0,APPLY
G43860,1,16,Accesorios Deportivos,training,0,APPLY
G43931,1,16,Accesorios Deportivos,training,0,APPLY
G44929,1,16,Accesorios Deportivos,training,0,APPLY
G50159,1,16,Accesorios Deportivos,training,0,APPLY
G50348,1,16,Accesorios Deportivos,training,0,APPLY
G50357,1,16,Accesorios Deportivos,training,0,APPLY
06-PA97164,2,50,Accesorios Deportivos,training,0,APPLY
14012288,2,16,Accesorios Deportivos,training,0,APPLY
2-28MN,2,16,Accesorios Deportivos,training,0,APPLY
2-CF200,2,16,Accesorios Deportivos,training,0,APPLY
2-ES4,2,16,Accesorios Deportivos,training,0,APPLY
2-OG05,2,41,Accesorios Deportivos,training,0,APPLY
2-PB173,1,16,Accesorios Deportivos,training,0,APPLY
130490,1,41,Accesorios Deportivos,training,0,APPLY
HIOPZ,1,41,Accesorios Deportivos,training,0,APPLY
110019,1,41,Accesorios Deportivos,training,0,APPLY
201361999,2,16,Accesorios Deportivos,training,0,APPLY
20569,1,41,Accesorios Deportivos,training,0,APPLY
2072051989,2,41,Accesorios Deportivos,training,0,APPLY
KFBH-65,1,41,Accesorios Deportivos,training,0,APPLY
KFAS-601,2,16,Accesorios Deportivos,training,0,APPLY
KTBH-49,1,41,Accesorios Deportivos,training,0,APPLY
M25303,1,16,Accesorios Deportivos,training,0,APPLY
MACUERNA 2,1,41,Accesorios Deportivos,training,0,APPLY
MACUERNA 5,1,41,Accesorios Deportivos,training,0,APPLY
MASTERFIT,1,41,Accesorios Deportivos,training,0,APPLY
MK-856-A,2,16,Accesorios Deportivos,training,0,APPLY
MSFBRCC-50,1,41,Accesorios Deportivos,training,0,APPLY
MSFTPU-BN,2,41,Accesorios Deportivos,training,0,APPLY
NEVADA,1,41,Accesorios Deportivos,training,0,APPLY
NORDICA,1,41,Accesorios Deportivos,training,0,APPLY
PKKS01-8,2,16,Accesorios Deportivos,training,0,APPLY
PROTEUS,1,41,Accesorios Deportivos,training,0,APPLY
PALETA XSF 2008,3,45;50,Accesorios Deportivos,training,0,APPLY
4-BR101,2,16,Accesorios Deportivos,"training,basket",0,APPLY
4-PA97002,2,41,Accesorios Deportivos,training,0,APPLY
6013274,2,41,Accesorios Deportivos,training,0,APPLY
RECOIL 360,1,41,Accesorios Deportivos,training,0,APPLY
RO043,2,97,Accesorios Deportivos,training,0,APPLY
RO044,2,98,Accesorios Deportivos,training,0,APPLY
SE 0601,1,41,Accesorios Deportivos,training,0,APPLY
SE 1704,1,41,Accesorios Deportivos,training,0,APPLY
SE 1706,1,41,Accesorios Deportivos,training,0,APPLY
SE 1708,1,41,Accesorios Deportivos,training,0,APPLY
SE 1710,1,41,Accesorios Deportivos,training,0,APPLY
SE 1712,1,41,Accesorios Deportivos,training,0,APPLY
SE00H1,1,41,Accesorios Deportivos,training,0,APPLY
SE0801,1,99,Accesorios Deportivos,training,0,APPLY
SENTOA,1,41,Accesorios Deportivos,training,0,APPLY
SIX PACK,1,41,Accesorios Deportivos,training,0,APPLY
SM15,1,41,Accesorios Deportivos,training,0,APPLY
SM20,2,9;41,Accesorios Deportivos,training,0,APPLY
SP EB01,1,50,Accesorios Deportivos,training,0,APPLY
SPEED SAC,2,41,Accesorios Deportivos,training,0,APPLY
SPEED SCHUT,1,41,Accesorios Deportivos,training,0,APPLY
STEP,4,16;41;50,Accesorios Deportivos,training,0,APPLY
TALLI,1,41,Accesorios Deportivos,training,0,APPLY
TALLI213,1,41,Accesorios Deportivos,training,0,APPLY
ULA 70,1,50,Accesorios Deportivos,training,0,APPLY
V21469,1,16,Accesorios Deportivos,training,0,APPLY
V21660,1,16,Accesorios Deportivos,training,0,APPLY
VIGA,1,41,Accesorios Deportivos,training,0,APPLY
VIS-60132,2,50,Accesorios Deportivos,training,0,APPLY
VIS-60604,4,41,Accesorios Deportivos,training,0,APPLY
VIS-60616,4,41,Accesorios Deportivos,training,0,APPLY
VIS-60629,4,50,Accesorios Deportivos,training,0,APPLY
VIS-60641,2,41,Accesorios Deportivos,training,0,APPLY
VIS-60729,4,50,Accesorios Deportivos,training,0,APPLY
VIS-60732,4,50,Accesorios Deportivos,training,0,APPLY
VIS-62214,2,50,Accesorios Deportivos,training,0,APPLY
488004-009,1,16,Accesorios Deportivos,training,0,APPLY
DSDP2640010000,2,16,Accesorios Deportivos,training,0,APPLY
FN5601,1,99,Accesorios Deportivos,training,0,APPLY
BALON MEDICIANL 10KG,3,16,Accesorios Deportivos,training,0,APPLY
G41096,1,16,Accesorios Deportivos,training,0,APPLY
VIS-61409,3,50,Accesorios Deportivos,training,0,APPLY
RACK,2,50,Accesorios Deportivos,training,0,APPLY
C-60,1,41,Accesorios Deportivos,training,0,APPLY
D-MD-908500,2,16,Accesorios Deportivos,training,0,APPLY
CAJON PLIOMETRICO,2,16,Accesorios Deportivos,training,0,APPLY
CAJON 30*40*45,2,50,Accesorios Deportivos,training,0,APPLY
CAJON 50*60*75,2,50,Accesorios Deportivos,training,0,APPLY
0201243299,2,50,Accesorios Deportivos,"training,basket",0,APPLY
2899299,1,50,Accesorios Deportivos,training,0,APPLY
5205340028065,2,50,Accesorios Deportivos,training,0,APPLY
5207340052026,1,41,Accesorios Deportivos,training,0,APPLY
5207340166099,1,41,Accesorios Deportivos,training,0,APPLY
5207340704192,2,50,Accesorios Deportivos,training,0,APPLY
5207340704987,2,50,Accesorios Deportivos,training,0,APPLY
5208890000000,1,50,Accesorios Deportivos,training,0,APPLY
5213900000000,1,50,Accesorios Deportivos,training,0,APPLY
5213900101127,2,50,Accesorios Deportivos,training,0,APPLY
5213900101134,2,50,Accesorios Deportivos,training,0,APPLY
5213900101141,2,50,Accesorios Deportivos,training,0,APPLY
5213900101158,1,50,Accesorios Deportivos,training,0,APPLY
532981002,2,98,Accesorios Deportivos,training,0,APPLY
580683,1,41,Accesorios Deportivos,training,0,APPLY
6-4003,2,16,Accesorios Deportivos,training,0,APPLY
6-CONO7,2,16,Accesorios Deportivos,training,0,APPLY
6-HY802,2,41,Accesorios Deportivos,"training,pool",0,APPLY
6-N4208,2,16,Accesorios Deportivos,training,0,APPLY
6-PA97301,2,50,Accesorios Deportivos,training,0,APPLY
6013044,2,16,Accesorios Deportivos,training,0,APPLY
601310OZ,2,41,Accesorios Deportivos,"training,boxeo",0,APPLY
60131601,2,41,Accesorios Deportivos,training,0,APPLY
601317084,2,16,Accesorios Deportivos,training,0,APPLY
60131802,2,16,Accesorios Deportivos,training,0,APPLY
60132322,2,41,Accesorios Deportivos,training,0,APPLY
6013275,2,41,Accesorios Deportivos,training,0,APPLY
6013289,2,41,Accesorios Deportivos,training,0,APPLY
601340412OZ,2,41,Accesorios Deportivos,"training,boxeo",0,APPLY
601340414OZ,2,41,Accesorios Deportivos,"training,boxeo",0,APPLY
60134212,2,16,Accesorios Deportivos,training,0,APPLY
60134213,2,16,Accesorios Deportivos,training,0,APPLY
601346,2,16,Accesorios Deportivos,training,0,APPLY
601354,3,16,Accesorios Deportivos,training,0,APPLY
6013CD1,2,16,Accesorios Deportivos,training,0,APPLY
6013F-264,2,41,Accesorios Deportivos,training,0,APPLY
6013MC,2,16,Accesorios Deportivos,training,0,APPLY
6013TROTA,2,16,Accesorios Deportivos,training,0,APPLY
7-4015,2,16,Accesorios Deportivos,training,0,APPLY
7-CONO9,2,16,Accesorios Deportivos,training,0,APPLY
7-ON0100,1,41,Accesorios Deportivos,training,0,APPLY
7-PA97900,2,50,Accesorios Deportivos,training,0,APPLY
7-WA701-S,2,16,Accesorios Deportivos,"training,natacion",0,APPLY
7084,1,41,Accesorios Deportivos,training,0,APPLY
7091,1,41,Accesorios Deportivos,training,0,APPLY
738021,1,16,Accesorios Deportivos,"training,basket",0,APPLY
78058570092,2,16,Accesorios Deportivos,training,0,APPLY
7807998005215,1,16,Accesorios Deportivos,training,0,APPLY
7807998005220,2,16,Accesorios Deportivos,training,0,APPLY
7807998005225,2,16,Accesorios Deportivos,training,0,APPLY
7807998005230,2,16,Accesorios Deportivos,training,0,APPLY
7807998005240,2,16,Accesorios Deportivos,training,0,APPLY
7807998005250,2,16,Accesorios Deportivos,training,0,APPLY
7807998985003,2,16,Accesorios Deportivos,training,0,APPLY
8-BB12002,2,16,Accesorios Deportivos,"training,boxeo",0,APPLY
8-WA702-S,2,16,Accesorios Deportivos,"training,natacion",0,APPLY
841212109552,2,41,Accesorios Deportivos,"training,trekking",0,APPLY
8412121096,2,41,Accesorios Deportivos,"training,trekking",0,APPLY
841212110299,1,41,Accesorios Deportivos,"training,trekking",0,APPLY
843297115701,2,16;41,Accesorios Deportivos,training,0,APPLY
8480490453,2,106,Accesorios Deportivos,training,0,APPLY
848049047,2,16,Accesorios Deportivos,training,0,APPLY
868049000000,1,41,Accesorios Deportivos,training,0,APPLY
878049000000,1,41,Accesorios Deportivos,training,0,APPLY
8809194369540,3,50,Accesorios Deportivos,training,0,APPLY
88565201665,2,16,Accesorios Deportivos,training,0,APPLY
9-ON0200,1,41,Accesorios Deportivos,training,0,APPLY
9-S8538,2,16,Accesorios Deportivos,"training,boxeo",0,APPLY
9-WA701-XL,2,16,Accesorios Deportivos,"training,natacion",0,APPLY
9.00.45,2,16,Accesorios Deportivos,training,0,APPLY
9283561284,2,41,Accesorios Deportivos,training,0,APPLY
9283585419,2,16,Accesorios Deportivos,training,0,APPLY
9283612054,2,50,Accesorios Deportivos,training,0,APPLY
96069120,2,16,Accesorios Deportivos,training,0,APPLY
AB-1414,2,36;50,Accesorios Deportivos,training,0,APPLY
AL-BA,2,16,Accesorios Deportivos,training,0,APPLY
ARCO TOUCH BALL,2,41,Accesorios Deportivos,training,0,APPLY
ARO AGILIDAD,2,41,Accesorios Deportivos,"training,basket",0,APPLY
ARPES01010,2,16,Accesorios Deportivos,training,0,APPLY
ARPES01013,1,41,Accesorios Deportivos,training,0,APPLY
ARPES01032,1,111,Accesorios Deportivos,training,0,APPLY
ARPES01035,1,111,Accesorios Deportivos,training,0,APPLY
ARPES01080,2,41,Accesorios Deportivos,training,0,APPLY
ARPES01190,2,41,Accesorios Deportivos,training,0,APPLY
ARPES08130,2,41,Accesorios Deportivos,training,0,APPLY
ARPES08132,1,41,Accesorios Deportivos,training,0,APPLY
ARPES08160,2,41,Accesorios Deportivos,training,0,APPLY
ARPES08603,2,41,Accesorios Deportivos,training,0,APPLY
AU.00CH,4,43;50,Accesorios Deportivos,training,0,APPLY
AV MENT,2,41,Accesorios Deportivos,training,0,APPLY
AV4357,2,106,Accesorios Deportivos,training,0,APPLY
B23853,1,16,Accesorios Deportivos,training,0,APPLY
B34251,3,16,Accesorios Deportivos,training,0,APPLY
BALON MEDICIANL 4KG,3,16,Accesorios Deportivos,training,0,APPLY
BALON4,1,41,Accesorios Deportivos,training,0,APPLY
BANDA TRX,2,50,Accesorios Deportivos,training,0,APPLY
BARRERA INFLABLE,2,41,Accesorios Deportivos,training,0,APPLY
BASE ESTACA,2,50,Accesorios Deportivos,training,0,APPLY
BOTELLA 1.5 LTS,2,50,Accesorios Deportivos,training,0,APPLY
BOTIQUIN PROFESIONAL,2,50,Accesorios Deportivos,training,0,APPLY
BOTIQUIN PROFESIONAL FAENAS,2,50,Accesorios Deportivos,training,0,APPLY
BOZU,1,41,Accesorios Deportivos,training,0,APPLY
CF200,1,50,Accesorios Deportivos,training,0,APPLY
CHALECO PESO,1,41,Accesorios Deportivos,training,0,APPLY
CHALECO PESO 7KG,2,41,Accesorios Deportivos,training,0,APPLY
COED001,1,41,Accesorios Deportivos,training,0,APPLY
COLD80C,2,111,Accesorios Deportivos,training,0,APPLY
CONO 7,2,41,Accesorios Deportivos,training,0,APPLY
CONO7,3,41,Accesorios Deportivos,training,0,APPLY
CONO9,2,41,Accesorios Deportivos,training,0,APPLY
CP50,3,16,Accesorios Deportivos,training,0,APPLY
CUBO,1,41,Accesorios Deportivos,training,0,APPLY
CUERDA CROSSFIT METAL,2,16,Accesorios Deportivos,training,0,APPLY
CUERDA CROSSFIT PVC,2,16,Accesorios Deportivos,training,0,APPLY
CUERDA DE SALTO 9M,2,16,Accesorios Deportivos,training,0,APPLY
D-AM-568752,2,50,Accesorios Deportivos,training,0,APPLY
D-RC-15117,2,16,Accesorios Deportivos,training,0,APPLY
DEPACUMAS005,2,16,Accesorios Deportivos,training,0,APPLY
DEPACUMAS006,2,16,Accesorios Deportivos,training,0,APPLY
DEPBASARO056,2,16,Accesorios Deportivos,"training,basket",0,APPLY
DEPBOMBRP007,2,16,Accesorios Deportivos,training,0,APPLY
DEPFUTACC103,2,16,Accesorios Deportivos,training,0,APPLY
DEPFUTACC116,2,16,Accesorios Deportivos,training,0,APPLY
DEPFUTARC006,2,16,Accesorios Deportivos,training,0,APPLY
DSA6400310000,2,16,Accesorios Deportivos,training,0,APPLY
DSDP264003,2,16,Accesorios Deportivos,training,0,APPLY
DSKIWOKO00000,2,16,Accesorios Deportivos,training,0,APPLY
DSVOGUE,2,16,Accesorios Deportivos,training,0,APPLY
ELASTICO ELONGACION,2,16,Accesorios Deportivos,training,0,APPLY
ESCA,1,41,Accesorios Deportivos,training,0,APPLY
ESCALERA 6MT,2,41,Accesorios Deportivos,training,0,APPLY
ESCALERA 8MT,2,41,Accesorios Deportivos,training,0,APPLY
ESCALERA AGILIDAD,3,16,Accesorios Deportivos,training,0,APPLY
ESTACA,2,16,Accesorios Deportivos,training,0,APPLY
ESTACA AGILIDAD,2,50,Accesorios Deportivos,training,0,APPLY
ESTACA CON RESORTE,2,16,Accesorios Deportivos,training,0,APPLY
F-MT-492683,2,16,Accesorios Deportivos,training,0,APPLY
F.30.28,2,50,Accesorios Deportivos,training,0,APPLY
F3011,2,16,Accesorios Deportivos,training,0,APPLY
F3012,2,16,Accesorios Deportivos,training,0,APPLY
F3013,2,16,Accesorios Deportivos,training,0,APPLY
F3014,2,16,Accesorios Deportivos,training,0,APPLY
F3050,2,50,Accesorios Deportivos,training,0,APPLY
F3052,2,50,Accesorios Deportivos,training,0,APPLY
F3054,3,50,Accesorios Deportivos,training,0,APPLY
F3056,2,50,Accesorios Deportivos,training,0,APPLY
F4005,3,41,Accesorios Deportivos,training,0,APPLY
FIN04,2,41,Accesorios Deportivos,training,0,APPLY
FIN05,2,41,Accesorios Deportivos,training,0,APPLY
FN1637-EG,1,41,Accesorios Deportivos,training,0,APPLY
FN69857,1,41,Accesorios Deportivos,training,0,APPLY
GT-25,2,50,Accesorios Deportivos,training,0,APPLY
HG-7350,2,50,Accesorios Deportivos,training,0,APPLY
HP091,3,16,Accesorios Deportivos,training,0,APPLY
HULA HULA 70CM,2,16,Accesorios Deportivos,training,0,APPLY
KFAS-SB,2,16,Accesorios Deportivos,training,0,APPLY
KFEP-NLR 13MM,3,16,Accesorios Deportivos,training,0,APPLY
LA.0CL2,2,50,Accesorios Deportivos,training,0,APPLY
LADRILLO,1,41,Accesorios Deportivos,training,0,APPLY
LATERAL,1,41,Accesorios Deportivos,training,0,APPLY
LIFTING HOOK,2,50,Accesorios Deportivos,training,0,APPLY
M-2,2,50,Accesorios Deportivos,training,0,APPLY
M1012,2,16,Accesorios Deportivos,training,0,APPLY
MA-AB,2,16,Accesorios Deportivos,training,0,APPLY
MAGNESIO,3,50,Accesorios Deportivos,training,0,APPLY
MAGNESIO 56,2,50,Accesorios Deportivos,training,0,APPLY
MAGNESIO BLOCK,2,50,Accesorios Deportivos,training,0,APPLY
MAHU0001,1,41,Accesorios Deportivos,training,0,APPLY
MANILLA DOBLE,2,50,Accesorios Deportivos,training,0,APPLY
MAT YOGA 15MM,2,41,Accesorios Deportivos,training,0,APPLY
MEDIAS FUTBOL TREINO,3,16,Accesorios Deportivos,training,0,APPLY
MEDIDOR DE PRESION,4,50,Accesorios Deportivos,training,0,APPLY
MK-831,2,16,Accesorios Deportivos,training,0,APPLY
MK-856-B,2,16,Accesorios Deportivos,training,0,APPLY
MSAMPTGE,2,50,Accesorios Deportivos,training,0,APPLY
MSFBRCC-38,2,41,Accesorios Deportivos,training,0,APPLY
MSFFREC,1,41,Accesorios Deportivos,training,0,APPLY
MSFMA,2,41,Accesorios Deportivos,training,0,APPLY
MSFMA-8U,2,16,Accesorios Deportivos,training,0,APPLY
MSFTB,2,41,Accesorios Deportivos,training,0,APPLY
MSFTBABPC,1,41,Accesorios Deportivos,training,0,APPLY
MSMVR-2.3,2,16,Accesorios Deportivos,training,0,APPLY
MSPFBS-10K,2,41,Accesorios Deportivos,training,0,APPLY
MSPLTFGS-10,2,16,Accesorios Deportivos,training,0,APPLY
MSPLTFNE-11,2,16,Accesorios Deportivos,training,0,APPLY
MSPLTFTI-10,4,16;40,Accesorios Deportivos,training,0,APPLY
MUUK3000,2,41,Accesorios Deportivos,training,0,APPLY
MUUK3039,2,41,Accesorios Deportivos,training,0,APPLY
MUUK3168,2,41,Accesorios Deportivos,training,0,APPLY
MUUK3874,2,41,Accesorios Deportivos,training,0,APPLY
MUUK6109,2,41,Accesorios Deportivos,training,0,APPLY
NIOLY,2,98,Accesorios Deportivos,training,0,APPLY
NIOLY L,2,98,Accesorios Deportivos,training,0,APPLY
PA.C002,2,16,Accesorios Deportivos,"training,pingpong",0,APPLY
PAHU0001,1,41,Accesorios Deportivos,training,0,APPLY
PALETA XSF 5008,2,50,Accesorios Deportivos,training,0,APPLY
PALETA XSF 6008,2,50,Accesorios Deportivos,training,0,APPLY
PELOTA BOSU,2,50,Accesorios Deportivos,training,0,APPLY
PESA RUSA 4KG,2,111,Accesorios Deportivos,training,0,APPLY
PFUV,2,97,Accesorios Deportivos,training,0,APPLY
PKKS02-1,2,16,Accesorios Deportivos,training,0,APPLY
POWER BAND 13MM,2,50,Accesorios Deportivos,training,0,APPLY
POWER BAND 22MM,2,50,Accesorios Deportivos,training,0,APPLY
POWER BAND 32MM,2,50,Accesorios Deportivos,training,0,APPLY
POWER BAND 44MM,2,50,Accesorios Deportivos,training,0,APPLY
POWER BAND 64MM,2,50,Accesorios Deportivos,training,0,APPLY
PR7P022280000,2,16,Accesorios Deportivos,training,0,APPLY
PR7T46B852,2,16,Accesorios Deportivos,training,0,APPLY
PR7T49S9063,2,16,Accesorios Deportivos,training,0,APPLY
PR7T49Y9052,2,16,Accesorios Deportivos,training,0,APPLY
PR7T50A9052,2,16,Accesorios Deportivos,training,0,APPLY
PR7T50A9053,2,16,Accesorios Deportivos,training,0,APPLY
PR7T51N0052,2,16,Accesorios Deportivos,training,0,APPLY
PR7T51N0053,2,16,Accesorios Deportivos,training,0,APPLY
R.20.00,2,16,Accesorios Deportivos,training,0,APPLY
RACK BUMPER,2,50,Accesorios Deportivos,training,0,APPLY
RC403026,2,16,Accesorios Deportivos,training,0,APPLY
RD-16CM,3,50,Accesorios Deportivos,training,0,APPLY
RD-18CM,3,50,Accesorios Deportivos,training,0,APPLY
RD-20CM,3,50,Accesorios Deportivos,training,0,APPLY
RED VOLLEY ECO,2,41,Accesorios Deportivos,training,0,APPLY
REDVOLEYBALLPRO,2,16,Accesorios Deportivos,"training,voley",0,APPLY
ROLLER33,1,41,Accesorios Deportivos,training,0,APPLY
ROLLO,3,41,Accesorios Deportivos,training,0,APPLY
RUEDA,1,50,Accesorios Deportivos,training,0,APPLY
RUEDA AD,1,41,Accesorios Deportivos,training,0,APPLY
SA-006,1,41,Accesorios Deportivos,training,0,APPLY
SAUNA,1,50,Accesorios Deportivos,training,0,APPLY
SB.00SP PARED,2,41,Accesorios Deportivos,training,0,APPLY
SE 00H1,1,41,Accesorios Deportivos,training,0,APPLY
SE 00S1,1,41,Accesorios Deportivos,training,0,APPLY
SE 0702,2,41,Accesorios Deportivos,training,0,APPLY
SE 7632,2,41,Accesorios Deportivos,training,0,APPLY
SE 907D,1,41,Accesorios Deportivos,training,0,APPLY
SE C533,1,106,Accesorios Deportivos,training,0,APPLY
SE NT90,2,41,Accesorios Deportivos,training,0,APPLY
SE OOSP,1,50,Accesorios Deportivos,training,0,APPLY
SE T20N,1,41,Accesorios Deportivos,training,0,APPLY
SE.00SP,3,16,Accesorios Deportivos,training,0,APPLY
SE.0702,1,16,Accesorios Deportivos,training,0,APPLY
SE00SP,1,50,Accesorios Deportivos,training,0,APPLY
SE0210,1,41,Accesorios Deportivos,training,0,APPLY
SE1708,1,16,Accesorios Deportivos,training,0,APPLY
SE1710,2,16,Accesorios Deportivos,training,0,APPLY
SE1714,2,16,Accesorios Deportivos,training,0,APPLY
SE1716,2,16,Accesorios Deportivos,training,0,APPLY
SE1718,2,16,Accesorios Deportivos,training,0,APPLY
SEPS0001,1,41,Accesorios Deportivos,training,0,APPLY
SET ARO,2,41,Accesorios Deportivos,training,0,APPLY
SET BANDAS,2,50,Accesorios Deportivos,training,0,APPLY
SET BARRAMUNTIFUNCIONAL,2,41,Accesorios Deportivos,training,0,APPLY
SET LENTEJA 50,2,41,Accesorios Deportivos,training,0,APPLY
SET LENTEJA ECO,2,41,Accesorios Deportivos,training,0,APPLY
SET LENTEJA PRO,2,41,Accesorios Deportivos,training,0,APPLY
SET MULTIPROPOSITO,2,16,Accesorios Deportivos,training,0,APPLY
SET TUBOS,1,41,Accesorios Deportivos,training,0,APPLY
SM10,1,41,Accesorios Deportivos,training,0,APPLY
SP 1007,2,41,Accesorios Deportivos,training,0,APPLY
SP.0TRC,2,16,Accesorios Deportivos,training,0,APPLY
SP.5BGC,2,16,Accesorios Deportivos,training,0,APPLY
ST1210571801,2,16,Accesorios Deportivos,training,0,APPLY
ST1211591801,2,16,Accesorios Deportivos,training,0,APPLY
ST1212611801,2,16,Accesorios Deportivos,training,0,APPLY
ST1212621801,2,16,Accesorios Deportivos,training,0,APPLY
ST187901,3,16,Accesorios Deportivos,training,0,APPLY
SY208-19,1,50,Accesorios Deportivos,training,0,APPLY
SY208-45,1,50,Accesorios Deportivos,training,0,APPLY
T108,1,41,Accesorios Deportivos,training,0,APPLY
TERMOMETRO INFRAROJO,2,50,Accesorios Deportivos,training,0,APPLY
TOALLA 40*80,2,16,Accesorios Deportivos,training,0,APPLY
TOALLA 60*120,2,16,Accesorios Deportivos,training,0,APPLY
TOALLA 75*130,2,16,Accesorios Deportivos,training,0,APPLY
TOALLA 85*150,2,16,Accesorios Deportivos,training,0,APPLY
TOBILLERAS STRAP,2,50,Accesorios Deportivos,training,0,APPLY
TRAMPOLIN,4,50,Accesorios Deportivos,training,0,APPLY
TRAMPOLIN C/ BARRA,2,50,Accesorios Deportivos,training,0,APPLY
TRX FIT,1,41,Accesorios Deportivos,training,0,APPLY
TTRETORNSERPD,2,16,Accesorios Deportivos,training,0,APPLY
TUNEL,3,41;43,Accesorios Deportivos,training,0,APPLY
VALLA,1,41,Accesorios Deportivos,training,0,APPLY
VIS-51123,1,50,Accesorios Deportivos,training,0,APPLY
VIS-60230,2,41,Accesorios Deportivos,training,0,APPLY
VIS-60589,1,41,Accesorios Deportivos,training,0,APPLY
VIS-60627,2,41,Accesorios Deportivos,training,0,APPLY
VIS-60684,1,41,Accesorios Deportivos,training,0,APPLY
VIS-60685,1,41,Accesorios Deportivos,training,0,APPLY
VIS-60686,1,41,Accesorios Deportivos,training,0,APPLY
VIS-60725U,1,50,Accesorios Deportivos,training,0,APPLY
VIS-60726,2,50,Accesorios Deportivos,training,0,APPLY
VIS-60726U,1,50,Accesorios Deportivos,training,0,APPLY
VIS-60864,2,41,Accesorios Deportivos,training,0,APPLY
VIS-61067,2,41,Accesorios Deportivos,training,0,APPLY
VIS-61074,2,41,Accesorios Deportivos,training,0,APPLY
VIS-61171,2,50,Accesorios Deportivos,training,0,APPLY
VIS-61367,4,50,Accesorios Deportivos,training,0,APPLY
VIS-61765,2,41,Accesorios Deportivos,training,0,APPLY
VIS-61916,3,41,Accesorios Deportivos,training,0,APPLY
VIS-62399,2,41,Accesorios Deportivos,training,0,APPLY
MANGA VOLEY ACOL,2,37,Accesorios Deportivos,voley,0,APPLY
D-RV785234,2,37,Accesorios Deportivos,voley,0,APPLY
41002,4,37;60,Accesorios Deportivos,voley,0,APPLY
4.00.03,3,37,Accesorios Deportivos,voley,0,APPLY
DEPBASARO100,2,37,Accesorios Deportivos,"voley,basket",0,APPLY
RED DE VOLLEY,2,37,Accesorios Deportivos,voley,0,APPLY
MO21764,2,37,Accesorios Deportivos,voley,0,APPLY
4.10.01,2,37,Accesorios Deportivos,voley,0,APPLY
21320,1,37,Accesorios Deportivos,voley,0,APPLY
21321,1,37,Accesorios Deportivos,voley,0,APPLY
32779,1,37,Accesorios Deportivos,voley,0,APPLY
4.00.04,2,37,Accesorios Deportivos,voley,0,APPLY
40006,3,37,Accesorios Deportivos,voley,0,APPLY
40010,1,37,Accesorios Deportivos,voley,0,APPLY
459878,1,37,Accesorios Deportivos,voley,0,APPLY
49001,1,37,Accesorios Deportivos,voley,0,APPLY
510274-1450,4,37,Accesorios Deportivos,voley,0,APPLY
5203350310033,2,37,Accesorios Deportivos,voley,0,APPLY
91200,1,37,Accesorios Deportivos,voley,0,APPLY
112LIVI5,1,37,Accesorios Deportivos,voley,0,APPLY
DIS15001,1,37,Accesorios Deportivos,voley,0,APPLY
E43123,1,37,Accesorios Deportivos,voley,0,APPLY
M021778,4,37,Accesorios Deportivos,voley,0,APPLY
M021779,4,37,Accesorios Deportivos,voley,0,APPLY
MALLA VOLLEY,2,37,Accesorios Deportivos,voley,0,APPLY
MO21645,4,37,Accesorios Deportivos,voley,0,APPLY
MO21759,5,37,Accesorios Deportivos,voley,0,APPLY
MOVORERE21200,1,37,Accesorios Deportivos,voley,0,APPLY
MSTTBVC,1,37,Accesorios Deportivos,voley,0,APPLY
RED VOLLEY,1,37,Accesorios Deportivos,voley,0,APPLY
RED VOLLEYBOL,1,37,Accesorios Deportivos,voley,0,APPLY
STAND,1,37,Accesorios Deportivos,voley,0,APPLY
V5312,1,37,Accesorios Deportivos,voley,0,APPLY
115000,1,37,Accesorios Deportivos,voley,0,APPLY
BAL VOLLEYBALL,3,37,Accesorios Deportivos,voley,0,APPLY
BALL PAR,2,37,Accesorios Deportivos,voley,0,APPLY
DEPVOLBAL108,3,37,Accesorios Deportivos,voley,0,APPLY
DEPVOLBAL131,2,37,Accesorios Deportivos,voley,0,APPLY
DEPVOLMAL001,2,37,Accesorios Deportivos,voley,0,APPLY
GE17587,3,37,Accesorios Deportivos,voley,0,APPLY
GE17610,2,37,Accesorios Deportivos,voley,0,APPLY
GE17612,1,37,Accesorios Deportivos,voley,0,APPLY
IV5XC,2,37,Accesorios Deportivos,voley,0,APPLY
M021759,2,37,Accesorios Deportivos,voley,0,APPLY
MIFBTWPAN14,2,99,Accesorios Deportivos,voley,0,APPLY
MO21765,2,37,Accesorios Deportivos,voley,0,APPLY
MO21765 V5M,2,37,Accesorios Deportivos,voley,0,APPLY
MO21772,2,37,Accesorios Deportivos,voley,0,APPLY
MSVR-2.3,2,37,Accesorios Deportivos,voley,0,APPLY
MUUKPSC20,3,37,Accesorios Deportivos,voley,0,APPLY
MUUKPSC23,2,37,Accesorios Deportivos,voley,0,APPLY
MUUKPSC25,4,37,Accesorios Deportivos,"voley,futbol",0,APPLY
PARANTE,1,37,Accesorios Deportivos,voley,0,APPLY
PARANTES VOLEY,3,37,Accesorios Deportivos,voley,0,APPLY
PENPEN01044,3,37,Accesorios Deportivos,voley,0,APPLY
PENPEN01046,3,37,Accesorios Deportivos,voley,0,APPLY
PENPEN01047,3,37,Accesorios Deportivos,voley,0,APPLY
RED VOLE,1,37,Accesorios Deportivos,voley,0,APPLY
RED VOLEY,2,37,Accesorios Deportivos,voley,0,APPLY
RED VOLLEY PRO,2,37,Accesorios Deportivos,voley,0,APPLY
